# https://github.com/mikedh/trimesh
v 0.45066279 -0.99371529 0.24789867
v 0.45066279 -0.99371529 0.24789867
v 0.45066279 -0.99371529 0.24789867
v 0.45066279 -0.99371529 0.24789867
v 0.45066279 -1.06713694 0.24789867
v 0.45066279 -1.06713694 0.24789867
v 0.45066279 -1.06713694 0.24789867
v 0.45066279 -0.92818636 0.24797618
v 0.45066279 -0.92818636 0.24797618
v 0.45066279 -0.92818636 0.24797618
v 0.45066279 -0.92818636 0.24797618
v 0.45798939 -0.92465293 0.24789867
v 0.45798939 -0.92465293 0.24789867
v 0.45798939 -0.92465293 0.24789867
v 0.45185259 -1.06663221 0.24789867
v 0.45185259 -1.06663221 0.24789867
v 0.45185259 -1.06663221 0.24789867
v 0.45066279 -1.06888074 0.25092250
v 0.45066279 -1.06888074 0.25092250
v 0.45066279 -1.06888074 0.25092250
v 0.45066279 -1.06888074 0.25092250
v 0.45066279 -1.06888074 0.25092250
v 0.45066279 -1.06888074 0.25092250
v 0.46587962 -0.91712725 0.24789867
v 0.46587962 -0.91712725 0.24789867
v 0.46587962 -0.91712725 0.24789867
v 0.46587962 -0.91712725 0.24789867
v 0.46587962 -0.91712725 0.24789867
v 0.45066279 -1.15611500 1.00254303
v 0.45066279 -1.15611500 1.00254303
v 0.45066279 -1.15611500 1.00254303
v 0.45066279 -1.15611500 1.00254303
v 0.45066279 -1.15611500 1.00254303
v 0.54158777 -1.02629620 0.24789867
v 0.54158777 -1.02629620 0.24789867
v 0.54158777 -1.02629620 0.24789867
v 0.54158777 -1.02629620 0.24789867
v 0.54158777 -1.02629620 0.24789867
v 0.54158777 -1.02629620 0.24789867
v 0.47909251 -1.06254822 0.26449108
v 0.47909251 -1.06254822 0.26449108
v 0.47909251 -1.06254822 0.26449108
v 0.47909251 -1.06254822 0.26449108
v 0.47909251 -1.06254822 0.26449108
v 0.47909251 -1.06254822 0.26449108
v 0.46531600 -1.07466274 0.27821472
v 0.46531600 -1.07466274 0.27821472
v 0.46531600 -1.07466274 0.27821472
v 0.46531600 -1.07466274 0.27821472
v 0.45066279 -1.08136255 0.27899003
v 0.45066279 -1.08136255 0.27899003
v 0.45066279 -1.08136255 0.27899003
v 0.45066279 -1.08136255 0.27899003
v 0.60245496 -0.83365595 0.24789867
v 0.60245496 -0.83365595 0.24789867
v 0.60245496 -0.83365595 0.24789867
v 0.94580317 -0.80690289 0.98796657
v 0.94580317 -0.80690289 0.98796657
v 0.94580317 -0.80690289 0.98796657
v 0.94580317 -0.80690289 0.98796657
v 0.94580317 -0.80690289 0.98796657
v 0.45066279 -1.16019899 1.00789294
v 0.45066279 -1.16019899 1.00789294
v 0.45066279 -1.16019899 1.00789294
v 0.96527821 -0.80690289 1.01905793
v 0.96527821 -0.80690289 1.01905793
v 0.96527821 -0.80690289 1.01905793
v 0.96527821 -0.80690289 1.01905793
v 0.96527821 -0.80690289 1.01905793
v 0.56406856 -1.01486999 0.24789867
v 0.56406856 -1.01486999 0.24789867
v 0.56406856 -1.01486999 0.24789867
v 0.57108206 -1.01918346 0.26138967
v 0.57108206 -1.01918346 0.26138967
v 0.57108206 -1.01918346 0.26138967
v 0.57108206 -1.01918346 0.26138967
v 0.57108206 -1.01918346 0.26138967
v 0.57108206 -1.01918346 0.26138967
v 0.57108206 -1.01918346 0.26138967
v 0.57108206 -1.01918346 0.26138967
v 0.55611575 -1.03308767 0.27635387
v 0.55611575 -1.03308767 0.27635387
v 0.55611575 -1.03308767 0.27635387
v 0.55611575 -1.03308767 0.27635387
v 0.55611575 -1.03308767 0.27635387
v 0.55611575 -1.03308767 0.27635387
v 0.55611575 -1.03308767 0.27635387
v 0.50977659 -1.05497652 0.27821472
v 0.50977659 -1.05497652 0.27821472
v 0.50977659 -1.05497652 0.27821472
v 0.50977659 -1.05497652 0.27821472
v 0.49380833 -1.06901842 0.29410927
v 0.49380833 -1.06901842 0.29410927
v 0.49380833 -1.06901842 0.29410927
v 0.49380833 -1.06901842 0.29410927
v 0.49380833 -1.06901842 0.29410927
v 0.49380833 -1.06901842 0.29410927
v 0.49380833 -1.06901842 0.29410927
v 0.45066279 -1.09297222 0.30760033
v 0.45066279 -1.09297222 0.30760033
v 0.45066279 -1.09297222 0.30760033
v 0.64647716 -0.80690289 0.24789867
v 0.64647716 -0.80690289 0.24789867
v 0.64647716 -0.80690289 0.24789867
v 0.45066279 -1.17841679 1.02572590
v 0.45066279 -1.17841679 1.02572590
v 0.45066279 -1.17841679 1.02572590
v 0.45066279 -1.17841679 1.02572590
v 0.45066279 -1.17841679 1.02572590
v 0.45066279 -1.17841679 1.02572590
v 0.97254211 -0.80690289 1.02371001
v 0.97254211 -0.80690289 1.02371001
v 0.97254211 -0.80690289 1.02371001
v 0.59844720 -0.99444950 0.24789867
v 0.59844720 -0.99444950 0.24789867
v 0.59844720 -0.99444950 0.24789867
v 0.62531143 -0.97999460 0.25107759
v 0.62531143 -0.97999460 0.25107759
v 0.62531143 -0.97999460 0.25107759
v 0.62531143 -0.97999460 0.25107759
v 0.62531143 -0.97999460 0.25107759
v 0.62531143 -0.97999460 0.25107759
v 0.62531143 -0.97999460 0.25107759
v 0.62531143 -0.97999460 0.25107759
v 0.62531143 -0.97999460 0.25107759
v 0.59944910 -1.00940913 0.27635387
v 0.59944910 -1.00940913 0.27635387
v 0.59944910 -1.00940913 0.27635387
v 0.59944910 -1.00940913 0.27635387
v 0.59944910 -1.00940913 0.27635387
v 0.58404452 -1.02606672 0.29108544
v 0.58404452 -1.02606672 0.29108544
v 0.58404452 -1.02606672 0.29108544
v 0.58404452 -1.02606672 0.29108544
v 0.58404452 -1.02606672 0.29108544
v 0.58404452 -1.02606672 0.29108544
v 0.58404452 -1.02606672 0.29108544
v 0.62005126 -0.98141712 0.24789867
v 0.62005126 -0.98141712 0.24789867
v 0.62005126 -0.98141712 0.24789867
v 0.62005126 -0.98141712 0.24789867
v 0.55317259 -1.05419642 0.32341738
v 0.55317259 -1.05419642 0.32341738
v 0.55317259 -1.05419642 0.32341738
v 0.55317259 -1.05419642 0.32341738
v 0.55317259 -1.05419642 0.32341738
v 0.52349049 -1.06259412 0.31008144
v 0.52349049 -1.06259412 0.31008144
v 0.52349049 -1.06259412 0.31008144
v 0.52349049 -1.06259412 0.31008144
v 0.52349049 -1.06259412 0.31008144
v 0.52349049 -1.06259412 0.31008144
v 0.45066279 -1.09843308 0.32109134
v 0.45066279 -1.09843308 0.32109134
v 0.45066279 -1.09843308 0.32109134
v 0.45066279 -1.09843308 0.32109134
v 0.45066279 -1.09843308 0.32109134
v 0.83158338 -0.80690289 0.24789867
v 0.83158338 -0.80690289 0.24789867
v 0.83158338 -0.80690289 0.24789867
v 0.45066279 -1.19066912 1.03099823
v 0.45066279 -1.19066912 1.03099823
v 0.45066279 -1.19066912 1.03099823
v 1.01606333 -0.80690289 1.03944951
v 1.01606333 -0.80690289 1.03944951
v 1.01606333 -0.80690289 1.03944951
v 1.01606333 -0.80690289 1.03944951
v 1.01606333 -0.80690289 1.03944951
v 1.01606333 -0.80690289 1.03944951
v 1.01606333 -0.80690289 1.03944951
v 1.01606333 -0.80690289 1.03944951
v 1.01606333 -0.80690289 1.03944951
v 1.01606333 -0.80690289 1.03944951
v 1.01606333 -0.80690289 1.03944951
v 1.00009513 -0.80690289 1.03402209
v 1.00009513 -0.80690289 1.03402209
v 1.00009513 -0.80690289 1.03402209
v 0.70565349 -0.92951715 0.26247516
v 0.70565349 -0.92951715 0.26247516
v 0.70565349 -0.92951715 0.26247516
v 0.70565349 -0.92951715 0.26247516
v 0.70565349 -0.92951715 0.26247516
v 0.70565349 -0.92951715 0.26247516
v 0.70565349 -0.92951715 0.26247516
v 0.65687215 -0.97104633 0.27658649
v 0.65687215 -0.97104633 0.27658649
v 0.65687215 -0.97104633 0.27658649
v 0.65687215 -0.97104633 0.27658649
v 0.65687215 -0.97104633 0.27658649
v 0.63464189 -0.98641896 0.27658649
v 0.63464189 -0.98641896 0.27658649
v 0.63464189 -0.98641896 0.27658649
v 0.63464189 -0.98641896 0.27658649
v 0.63464189 -0.98641896 0.27658649
v 0.62380850 -0.97898501 0.24789867
v 0.62380850 -0.97898501 0.24789867
v 0.62380850 -0.97898501 0.24789867
v 0.62850505 -0.97572696 0.24789867
v 0.62850505 -0.97572696 0.24789867
v 0.62850505 -0.97572696 0.24789867
v 0.68217087 -0.93791473 0.24789867
v 0.68217087 -0.93791473 0.24789867
v 0.68217087 -0.93791473 0.24789867
v 0.68217087 -0.93791473 0.24789867
v 0.68217087 -0.93791473 0.24789867
v 0.61366397 -1.01698071 0.31225240
v 0.61366397 -1.01698071 0.31225240
v 0.61366397 -1.01698071 0.31225240
v 0.61366397 -1.01698071 0.31225240
v 0.61366397 -1.01698071 0.31225240
v 0.61366397 -1.01698071 0.31225240
v 0.61366397 -1.01698071 0.31225240
v 0.59944910 -1.03056377 0.32465793
v 0.59944910 -1.03056377 0.32465793
v 0.59944910 -1.03056377 0.32465793
v 0.59944910 -1.03056377 0.32465793
v 0.59944910 -1.03056377 0.32465793
v 0.56832671 -1.06245631 0.36551867
v 0.56832671 -1.06245631 0.36551867
v 0.56832671 -1.06245631 0.36551867
v 0.56832671 -1.06245631 0.36551867
v 0.56832671 -1.06245631 0.36551867
v 0.56832671 -1.06245631 0.36551867
v 0.56832671 -1.06245631 0.36551867
v 0.53651553 -1.06837600 0.33977717
v 0.53651553 -1.06837600 0.33977717
v 0.53651553 -1.06837600 0.33977717
v 0.53651553 -1.06837600 0.33977717
v 0.53651553 -1.06837600 0.33977717
v 0.53651553 -1.06837600 0.33977717
v 0.53651553 -1.06837600 0.33977717
v 0.53651553 -1.06837600 0.33977717
v 0.45066279 -1.10926276 0.35032187
v 0.45066279 -1.10926276 0.35032187
v 0.45066279 -1.10926276 0.35032187
v 0.83202171 -0.80690289 0.24851894
v 0.83202171 -0.80690289 0.24851894
v 0.83202171 -0.80690289 0.24851894
v 0.83101982 -0.80754530 0.24789867
v 0.83101982 -0.80754530 0.24789867
v 0.83101982 -0.80754530 0.24789867
v 0.83101982 -0.80754530 0.24789867
v 0.83101982 -0.80754530 0.24789867
v 0.45066279 -1.22265345 1.03921694
v 0.45066279 -1.22265345 1.03921694
v 0.45066279 -1.22265345 1.03921694
v 0.45066279 -1.22265345 1.03921694
v 0.45066279 -1.22265345 1.03921694
v 1.04706061 -0.80690289 1.03347933
v 1.04706061 -0.80690289 1.03347933
v 1.04706061 -0.80690289 1.03347933
v 0.55586529 -1.17818731 1.03999227
v 0.55586529 -1.17818731 1.03999227
v 0.55586529 -1.17818731 1.03999227
v 0.55586529 -1.17818731 1.03999227
v 0.55586529 -1.17818731 1.03999227
v 0.64478636 -1.13372141 1.03960460
v 0.64478636 -1.13372141 1.03960460
v 0.64478636 -1.13372141 1.03960460
v 0.64478636 -1.13372141 1.03960460
v 0.64478636 -1.13372141 1.03960460
v 0.64478636 -1.13372141 1.03960460
v 0.77816814 -1.04478925 1.03913939
v 0.77816814 -1.04478925 1.03913939
v 0.77816814 -1.04478925 1.03913939
v 0.77816814 -1.04478925 1.03913939
v 0.77816814 -1.04478925 1.03913939
v 0.91154981 -0.95590311 1.03479743
v 0.91154981 -0.95590311 1.03479743
v 0.91154981 -0.95590311 1.03479743
v 0.91154981 -0.95590311 1.03479743
v 0.91154981 -0.95590311 1.03479743
v 0.91154981 -0.95590311 1.03479743
v 0.95601040 -0.91143709 1.03456485
v 0.95601040 -0.91143709 1.03456485
v 0.95601040 -0.91143709 1.03456485
v 0.95601040 -0.91143709 1.03456485
v 1.00047100 -0.86697102 1.03402209
v 1.00047100 -0.86697102 1.03402209
v 1.00047100 -0.86697102 1.03402209
v 1.00047100 -0.86697102 1.03402209
v 1.00047100 -0.86697102 1.03402209
v 1.00047100 -0.86697102 1.03402209
v 1.00047100 -0.86697102 1.03402209
v 1.00047100 -0.86697102 1.03402209
v 0.75556207 -0.88885987 0.25487679
v 0.75556207 -0.88885987 0.25487679
v 0.75556207 -0.88885987 0.25487679
v 0.75556207 -0.88885987 0.25487679
v 0.75556207 -0.88885987 0.25487679
v 0.75556207 -0.88885987 0.25487679
v 0.75556207 -0.88885987 0.25487679
v 0.75556207 -0.88885987 0.25487679
v 0.75556207 -0.88885987 0.25487679
v 0.75556207 -0.88885987 0.25487679
v 0.73583663 -0.91299725 0.27348508
v 0.73583663 -0.91299725 0.27348508
v 0.73583663 -0.91299725 0.27348508
v 0.73583663 -0.91299725 0.27348508
v 0.73583663 -0.91299725 0.27348508
v 0.71604854 -0.93695110 0.29209341
v 0.71604854 -0.93695110 0.29209341
v 0.71604854 -0.93695110 0.29209341
v 0.71604854 -0.93695110 0.29209341
v 0.71604854 -0.93695110 0.29209341
v 0.71604854 -0.93695110 0.29209341
v 0.71604854 -0.93695110 0.29209341
v 0.69024891 -0.94778079 0.27705169
v 0.69024891 -0.94778079 0.27705169
v 0.69024891 -0.94778079 0.27705169
v 0.69024891 -0.94778079 0.27705169
v 0.66557640 -0.97710359 0.30116493
v 0.66557640 -0.97710359 0.30116493
v 0.66557640 -0.97710359 0.30116493
v 0.66557640 -0.97710359 0.30116493
v 0.66557640 -0.97710359 0.30116493
v 0.66557640 -0.97710359 0.30116493
v 0.66557640 -0.97710359 0.30116493
v 0.66557640 -0.97710359 0.30116493
v 0.74554282 -0.89152139 0.24789867
v 0.74554282 -0.89152139 0.24789867
v 0.74554282 -0.89152139 0.24789867
v 0.64447331 -1.00023144 0.32155654
v 0.64447331 -1.00023144 0.32155654
v 0.64447331 -1.00023144 0.32155654
v 0.64447331 -1.00023144 0.32155654
v 0.62343282 -1.02317578 0.34187061
v 0.62343282 -1.02317578 0.34187061
v 0.62343282 -1.02317578 0.34187061
v 0.62343282 -1.02317578 0.34187061
v 0.62343282 -1.02317578 0.34187061
v 0.62343282 -1.02317578 0.34187061
v 0.62343282 -1.02317578 0.34187061
v 0.62343282 -1.02317578 0.34187061
v 0.60032588 -1.04529399 0.36551867
v 0.60032588 -1.04529399 0.36551867
v 0.60032588 -1.04529399 0.36551867
v 0.60032588 -1.04529399 0.36551867
v 0.60032588 -1.04529399 0.36551867
v 0.60032588 -1.04529399 0.36551867
v 0.57696837 -1.06649464 0.38932180
v 0.57696837 -1.06649464 0.38932180
v 0.57696837 -1.06649464 0.38932180
v 0.57696837 -1.06649464 0.38932180
v 0.57696837 -1.06649464 0.38932180
v 0.57696837 -1.06649464 0.38932180
v 0.57696837 -1.06649464 0.38932180
v 0.54609644 -1.07282716 0.36551867
v 0.54609644 -1.07282716 0.36551867
v 0.54609644 -1.07282716 0.36551867
v 0.54609644 -1.07282716 0.36551867
v 0.54609644 -1.07282716 0.36551867
v 0.54609644 -1.07282716 0.36551867
v 0.51140469 -1.08824569 0.36551867
v 0.51140469 -1.08824569 0.36551867
v 0.51140469 -1.08824569 0.36551867
v 0.51140469 -1.08824569 0.36551867
v 0.51140469 -1.08824569 0.36551867
v 0.51140469 -1.08824569 0.36551867
v 0.51140469 -1.08824569 0.36551867
v 0.45066279 -1.11412698 0.36420059
v 0.45066279 -1.11412698 0.36420059
v 0.45066279 -1.11412698 0.36420059
v 0.45066279 -1.11412698 0.36420059
v 0.84047556 -0.80690289 0.26069188
v 0.84047556 -0.80690289 0.26069188
v 0.84047556 -0.80690289 0.26069188
v 0.84047556 -0.80690289 0.26069188
v 0.84047556 -0.80690289 0.26069188
v 0.80039841 -0.84476095 0.25433400
v 0.80039841 -0.84476095 0.25433400
v 0.80039841 -0.84476095 0.25433400
v 0.80039841 -0.84476095 0.25433400
v 0.80039841 -0.84476095 0.25433400
v 0.80039841 -0.84476095 0.25433400
v 0.80039841 -0.84476095 0.25433400
v 0.80039841 -0.84476095 0.25433400
v 0.79789352 -0.84214526 0.24789867
v 0.79789352 -0.84214526 0.24789867
v 0.79789352 -0.84214526 0.24789867
v 0.46694416 -1.22265345 1.03906184
v 0.46694416 -1.22265345 1.03906184
v 0.46694416 -1.22265345 1.03906184
v 0.46694416 -1.22265345 1.03906184
v 0.46694416 -1.22265345 1.03906184
v 0.46694416 -1.22265345 1.03906184
v 0.46694416 -1.22265345 1.03906184
v 0.45066279 -1.23862261 1.03378952
v 0.45066279 -1.23862261 1.03378952
v 0.45066279 -1.23862261 1.03378952
v 0.45066279 -1.23862261 1.03378952
v 1.06528306 -0.80690289 1.02805191
v 1.06528306 -0.80690289 1.02805191
v 1.06528306 -0.80690289 1.02805191
v 1.06528306 -0.80690289 1.02805191
v 0.64478636 -1.17176300 1.02448535
v 0.64478636 -1.17176300 1.02448535
v 0.64478636 -1.17176300 1.02448535
v 0.64478636 -1.17176300 1.02448535
v 0.64478636 -1.17176300 1.02448535
v 0.64478636 -1.17176300 1.02448535
v 0.64478636 -1.17176300 1.02448535
v 0.69181436 -1.13697940 1.02828455
v 0.69181436 -1.13697940 1.02828455
v 0.69181436 -1.13697940 1.02828455
v 0.69181436 -1.13697940 1.02828455
v 0.69181436 -1.13697940 1.02828455
v 0.73370755 -1.08925527 1.03782129
v 0.73370755 -1.08925527 1.03782129
v 0.73370755 -1.08925527 1.03782129
v 0.73370755 -1.08925527 1.03782129
v 0.73370755 -1.08925527 1.03782129
v 0.73370755 -1.08925527 1.03782129
v 0.73370755 -1.08925527 1.03782129
v 0.86708927 -1.00036913 1.03394455
v 0.86708927 -1.00036913 1.03394455
v 0.86708927 -1.00036913 1.03394455
v 0.86708927 -1.00036913 1.03394455
v 0.86708927 -1.00036913 1.03394455
v 0.86708927 -1.00036913 1.03394455
v 0.90710372 -0.99633092 1.01704201
v 0.90710372 -0.99633092 1.01704201
v 0.90710372 -0.99633092 1.01704201
v 0.90710372 -0.99633092 1.01704201
v 0.90710372 -0.99633092 1.01704201
v 0.90710372 -0.99633092 1.01704201
v 0.95200264 -0.95181900 1.01750723
v 0.95200264 -0.95181900 1.01750723
v 0.95200264 -0.95181900 1.01750723
v 0.95200264 -0.95181900 1.01750723
v 0.95200264 -0.95181900 1.01750723
v 0.95200264 -0.95181900 1.01750723
v 0.95200264 -0.95181900 1.01750723
v 1.04843819 -0.82585484 1.02882725
v 1.04843819 -0.82585484 1.02882725
v 1.04843819 -0.82585484 1.02882725
v 1.04843819 -0.82585484 1.02882725
v 1.04843819 -0.82585484 1.02882725
v 0.99640059 -0.90703177 1.01696450
v 0.99640059 -0.90703177 1.01696450
v 0.99640059 -0.90703177 1.01696450
v 0.99640059 -0.90703177 1.01696450
v 0.99640059 -0.90703177 1.01696450
v 1.03272045 -0.86697102 1.01804996
v 1.03272045 -0.86697102 1.01804996
v 1.03272045 -0.86697102 1.01804996
v 1.03272045 -0.86697102 1.01804996
v 1.03272045 -0.86697102 1.01804996
v 0.77885687 -0.87651587 0.27247715
v 0.77885687 -0.87651587 0.27247715
v 0.77885687 -0.87651587 0.27247715
v 0.77885687 -0.87651587 0.27247715
v 0.79413635 -0.88316971 0.31085677
v 0.79413635 -0.88316971 0.31085677
v 0.79413635 -0.88316971 0.31085677
v 0.79413635 -0.88316971 0.31085677
v 0.79413635 -0.88316971 0.31085677
v 0.79413635 -0.88316971 0.31085677
v 0.79413635 -0.88316971 0.31085677
v 0.79413635 -0.88316971 0.31085677
v 0.76457947 -0.89652330 0.28457254
v 0.76457947 -0.89652330 0.28457254
v 0.76457947 -0.89652330 0.28457254
v 0.76457947 -0.89652330 0.28457254
v 0.76457947 -0.89652330 0.28457254
v 0.76457947 -0.89652330 0.28457254
v 0.75236839 -0.88624424 0.24789867
v 0.75236839 -0.88624424 0.24789867
v 0.75236839 -0.88624424 0.24789867
v 0.79150623 -0.84856969 0.24789867
v 0.79150623 -0.84856969 0.24789867
v 0.79150623 -0.84856969 0.24789867
v 0.79150623 -0.84856969 0.24789867
v 0.74723357 -0.92726862 0.32109134
v 0.74723357 -0.92726862 0.32109134
v 0.74723357 -0.92726862 0.32109134
v 0.74723357 -0.92726862 0.32109134
v 0.74723357 -0.92726862 0.32109134
v 0.72500324 -0.94346726 0.32109134
v 0.72500324 -0.94346726 0.32109134
v 0.72500324 -0.94346726 0.32109134
v 0.72500324 -0.94346726 0.32109134
v 0.72500324 -0.94346726 0.32109134
v 0.68943483 -0.96755874 0.31798996
v 0.68943483 -0.96755874 0.31798996
v 0.68943483 -0.96755874 0.31798996
v 0.68943483 -0.96755874 0.31798996
v 0.68943483 -0.96755874 0.31798996
v 0.67465633 -0.98348212 0.33078316
v 0.67465633 -0.98348212 0.33078316
v 0.67465633 -0.98348212 0.33078316
v 0.67465633 -0.98348212 0.33078316
v 0.67465633 -0.98348212 0.33078316
v 0.67465633 -0.98348212 0.33078316
v 0.67465633 -0.98348212 0.33078316
v 0.65242606 -1.01271313 0.36551867
v 0.65242606 -1.01271313 0.36551867
v 0.65242606 -1.01271313 0.36551867
v 0.65242606 -1.01271313 0.36551867
v 0.65242606 -1.01271313 0.36551867
v 0.63019580 -1.02767283 0.36551867
v 0.63019580 -1.02767283 0.36551867
v 0.63019580 -1.02767283 0.36551867
v 0.63019580 -1.02767283 0.36551867
v 0.63019580 -1.02767283 0.36551867
v 0.61660719 -1.06378716 0.44212287
v 0.61660719 -1.06378716 0.44212287
v 0.61660719 -1.06378716 0.44212287
v 0.61660719 -1.06378716 0.44212287
v 0.61660719 -1.06378716 0.44212287
v 0.61660719 -1.06378716 0.44212287
v 0.61660719 -1.06378716 0.44212287
v 0.61660719 -1.06378716 0.44212287
v 0.61660719 -1.06378716 0.44212287
v 0.61660719 -1.06378716 0.44212287
v 0.60120249 -1.05961126 0.40645695
v 0.60120249 -1.05961126 0.40645695
v 0.60120249 -1.05961126 0.40645695
v 0.58698767 -1.07140464 0.41894002
v 0.58698767 -1.07140464 0.41894002
v 0.58698767 -1.07140464 0.41894002
v 0.58698767 -1.07140464 0.41894002
v 0.58698767 -1.07140464 0.41894002
v 0.55962253 -1.08012348 0.40645695
v 0.55962253 -1.08012348 0.40645695
v 0.55962253 -1.08012348 0.40645695
v 0.55962253 -1.08012348 0.40645695
v 0.55962253 -1.08012348 0.40645695
v 0.55962253 -1.08012348 0.40645695
v 0.51077849 -1.10302180 0.40917066
v 0.51077849 -1.10302180 0.40917066
v 0.51077849 -1.10302180 0.40917066
v 0.51077849 -1.10302180 0.40917066
v 0.51077849 -1.10302180 0.40917066
v 0.51077849 -1.10302180 0.40917066
v 0.48460311 -1.10953802 0.39381880
v 0.48460311 -1.10953802 0.39381880
v 0.48460311 -1.10953802 0.39381880
v 0.48460311 -1.10953802 0.39381880
v 0.48460311 -1.10953802 0.39381880
v 0.48460311 -1.10953802 0.39381880
v 0.45498365 -1.11596245 0.37490036
v 0.45498365 -1.11596245 0.37490036
v 0.45498365 -1.11596245 0.37490036
v 0.45498365 -1.11596245 0.37490036
v 0.45066279 -1.11720151 0.37303953
v 0.45066279 -1.11720151 0.37303953
v 0.45066279 -1.11720151 0.37303953
v 0.45066279 -1.11720151 0.37303953
v 0.85124624 -0.80690289 0.27899003
v 0.85124624 -0.80690289 0.27899003
v 0.85124624 -0.80690289 0.27899003
v 0.85299957 -0.80873841 0.28496023
v 0.85299957 -0.80873841 0.28496023
v 0.85299957 -0.80873841 0.28496023
v 0.85299957 -0.80873841 0.28496023
v 0.85299957 -0.80873841 0.28496023
v 0.85299957 -0.80873841 0.28496023
v 0.85299957 -0.80873841 0.28496023
v 0.80691093 -0.85132301 0.27658649
v 0.80691093 -0.85132301 0.27658649
v 0.80691093 -0.85132301 0.27658649
v 0.80691093 -0.85132301 0.27658649
v 0.80691093 -0.85132301 0.27658649
v 0.46694416 -1.25684041 1.02270204
v 0.46694416 -1.25684041 1.02270204
v 0.46694416 -1.25684041 1.02270204
v 0.46694416 -1.25684041 1.02270204
v 0.46694416 -1.25684041 1.02270204
v 0.46694416 -1.25684041 1.02270204
v 0.46694416 -1.25684041 1.02270204
v 0.51372164 -1.22604913 1.02758670
v 0.51372164 -1.22604913 1.02758670
v 0.51372164 -1.22604913 1.02758670
v 0.55586529 -1.21489817 1.02402014
v 0.55586529 -1.21489817 1.02402014
v 0.55586529 -1.21489817 1.02402014
v 0.55586529 -1.21489817 1.02402014
v 0.55586529 -1.21489817 1.02402014
v 0.55586529 -1.21489817 1.02402014
v 0.45066279 -1.26110798 1.02301216
v 0.45066279 -1.26110798 1.02301216
v 0.45066279 -1.26110798 1.02301216
v 1.07943535 -0.80690289 1.02107382
v 1.07943535 -0.80690289 1.02107382
v 1.07943535 -0.80690289 1.02107382
v 1.07943535 -0.80690289 1.02107382
v 0.59155893 -1.20663840 1.01766232
v 0.59155893 -1.20663840 1.01766232
v 0.59155893 -1.20663840 1.01766232
v 0.59155893 -1.20663840 1.01766232
v 0.59155893 -1.20663840 1.01766232
v 0.67866409 -1.16290647 1.01820505
v 0.67866409 -1.16290647 1.01820505
v 0.67866409 -1.16290647 1.01820505
v 0.67866409 -1.16290647 1.01820505
v 0.67866409 -1.16290647 1.01820505
v 0.67866409 -1.16290647 1.01820505
v 0.67866409 -1.16290647 1.01820505
v 0.67866409 -1.16290647 1.01820505
v 0.73370755 -1.12348813 1.02130640
v 0.73370755 -1.12348813 1.02130640
v 0.73370755 -1.12348813 1.02130640
v 0.73370755 -1.12348813 1.02130640
v 0.73370755 -1.12348813 1.02130640
v 0.73370755 -1.12348813 1.02130640
v 0.77628952 -1.08907169 1.02386504
v 0.77628952 -1.08907169 1.02386504
v 0.77628952 -1.08907169 1.02386504
v 0.77628952 -1.08907169 1.02386504
v 0.82419419 -1.04722136 1.02758670
v 0.82419419 -1.04722136 1.02758670
v 0.82419419 -1.04722136 1.02758670
v 0.82419419 -1.04722136 1.02758670
v 0.82419419 -1.04722136 1.02758670
v 0.86708927 -1.03125209 1.01781738
v 0.86708927 -1.03125209 1.01781738
v 0.86708927 -1.03125209 1.01781738
v 0.86708927 -1.03125209 1.01781738
v 0.86708927 -1.03125209 1.01781738
v 0.88931948 -1.02262503 1.01021898
v 0.88931948 -1.02262503 1.01021898
v 0.88931948 -1.02262503 1.01021898
v 0.88931948 -1.02262503 1.01021898
v 0.88931948 -1.02262503 1.01021898
v 0.88931948 -1.02262503 1.01021898
v 0.88931948 -1.02262503 1.01021898
v 0.88931948 -1.02262503 1.01021898
v 0.88931948 -1.02262503 1.01021898
v 0.88931948 -1.02262503 1.01021898
v 0.88931948 -1.02262503 1.01021898
v 0.93446887 -0.97880149 1.01107186
v 0.93446887 -0.97880149 1.01107186
v 0.93446887 -0.97880149 1.01107186
v 0.93446887 -0.97880149 1.01107186
v 0.93446887 -0.97880149 1.01107186
v 0.97886688 -0.93428957 1.01099434
v 0.97886688 -0.93428957 1.01099434
v 0.97886688 -0.93428957 1.01099434
v 0.97886688 -0.93428957 1.01099434
v 0.97886688 -0.93428957 1.01099434
v 0.97886688 -0.93428957 1.01099434
v 0.97886688 -0.93428957 1.01099434
v 1.07693052 -0.81323546 1.01975572
v 1.07693052 -0.81323546 1.01975572
v 1.07693052 -0.81323546 1.01975572
v 1.07693052 -0.81323546 1.01975572
v 1.07693052 -0.81323546 1.01975572
v 1.07693052 -0.81323546 1.01975572
v 1.07693052 -0.81323546 1.01975572
v 1.02276385 -0.88927287 1.01029652
v 1.02276385 -0.88927287 1.01029652
v 1.02276385 -0.88927287 1.01029652
v 1.02276385 -0.88927287 1.01029652
v 1.02276385 -0.88927287 1.01029652
v 1.02276385 -0.88927287 1.01029652
v 1.02276385 -0.88927287 1.01029652
v 1.02276385 -0.88927287 1.01029652
v 1.02276385 -0.88927287 1.01029652
v 0.83865947 -0.83838248 0.31101185
v 0.83865947 -0.83838248 0.31101185
v 0.83865947 -0.83838248 0.31101185
v 0.83865947 -0.83838248 0.31101185
v 0.83865947 -0.83838248 0.31101185
v 0.83865947 -0.83838248 0.31101185
v 0.83865947 -0.83838248 0.31101185
v 0.83865947 -0.83838248 0.31101185
v 0.82024902 -0.86458474 0.32574341
v 0.82024902 -0.86458474 0.32574341
v 0.82024902 -0.86458474 0.32574341
v 0.82024902 -0.86458474 0.32574341
v 0.80177599 -0.89055777 0.34047498
v 0.80177599 -0.89055777 0.34047498
v 0.80177599 -0.89055777 0.34047498
v 0.80177599 -0.89055777 0.34047498
v 0.80177599 -0.89055777 0.34047498
v 0.80177599 -0.89055777 0.34047498
v 0.80177599 -0.89055777 0.34047498
v 0.80177599 -0.89055777 0.34047498
v 0.80177599 -0.89055777 0.34047498
v 0.77885687 -0.90271825 0.32380505
v 0.77885687 -0.90271825 0.32380505
v 0.77885687 -0.90271825 0.32380505
v 0.77885687 -0.90271825 0.32380505
v 0.77885687 -0.90271825 0.32380505
v 0.75462276 -0.93268341 0.34574735
v 0.75462276 -0.93268341 0.34574735
v 0.75462276 -0.93268341 0.34574735
v 0.75462276 -0.93268341 0.34574735
v 0.75462276 -0.93268341 0.34574735
v 0.75462276 -0.93268341 0.34574735
v 0.75462276 -0.93268341 0.34574735
v 0.75462276 -0.93268341 0.34574735
v 0.75462276 -0.93268341 0.34574735
v 0.70433849 -0.97311133 0.35605945
v 0.70433849 -0.97311133 0.35605945
v 0.70433849 -0.97311133 0.35605945
v 0.70433849 -0.97311133 0.35605945
v 0.70433849 -0.97311133 0.35605945
v 0.70433849 -0.97311133 0.35605945
v 0.70433849 -0.97311133 0.35605945
v 0.68943483 -0.98848397 0.36877513
v 0.68943483 -0.98848397 0.36877513
v 0.68943483 -0.98848397 0.36877513
v 0.68943483 -0.98848397 0.36877513
v 0.68943483 -0.98848397 0.36877513
v 0.66150606 -1.01886231 0.39777306
v 0.66150606 -1.01886231 0.39777306
v 0.66150606 -1.01886231 0.39777306
v 0.66150606 -1.01886231 0.39777306
v 0.66150606 -1.01886231 0.39777306
v 0.66150606 -1.01886231 0.39777306
v 0.64591354 -1.03432661 0.41157423
v 0.64591354 -1.03432661 0.41157423
v 0.64591354 -1.03432661 0.41157423
v 0.64591354 -1.03432661 0.41157423
v 0.64591354 -1.03432661 0.41157423
v 0.64178061 -1.05240673 0.45592403
v 0.64178061 -1.05240673 0.45592403
v 0.64178061 -1.05240673 0.45592403
v 0.64178061 -1.05240673 0.45592403
v 0.64178061 -1.05240673 0.45592403
v 0.64178061 -1.05240673 0.45592403
v 0.62499833 -1.06855947 0.47174108
v 0.62499833 -1.06855947 0.47174108
v 0.62499833 -1.06855947 0.47174108
v 0.62499833 -1.06855947 0.47174108
v 0.62499833 -1.06855947 0.47174108
v 0.62499833 -1.06855947 0.47174108
v 0.62499833 -1.06855947 0.47174108
v 0.62499833 -1.06855947 0.47174108
v 0.62499833 -1.06855947 0.47174108
v 0.60120249 -1.07585579 0.45592403
v 0.60120249 -1.07585579 0.45592403
v 0.60120249 -1.07585579 0.45592403
v 0.60120249 -1.07585579 0.45592403
v 0.60120249 -1.07585579 0.45592403
v 0.60120249 -1.07585579 0.45592403
v 0.55248374 -1.09939665 0.45731966
v 0.55248374 -1.09939665 0.45731966
v 0.55248374 -1.09939665 0.45731966
v 0.55248374 -1.09939665 0.45731966
v 0.55248374 -1.09939665 0.45731966
v 0.55248374 -1.09939665 0.45731966
v 0.52524388 -1.10774845 0.44444890
v 0.52524388 -1.10774845 0.44444890
v 0.52524388 -1.10774845 0.44444890
v 0.52524388 -1.10774845 0.44444890
v 0.52524388 -1.10774845 0.44444890
v 0.52524388 -1.10774845 0.44444890
v 0.52524388 -1.10774845 0.44444890
v 0.49556172 -1.11435634 0.42343703
v 0.49556172 -1.11435634 0.42343703
v 0.49556172 -1.11435634 0.42343703
v 0.49556172 -1.11435634 0.42343703
v 0.49556172 -1.11435634 0.42343703
v 0.49556172 -1.11435634 0.42343703
v 0.49556172 -1.11435634 0.42343703
v 0.49556172 -1.11435634 0.42343703
v 0.46863487 -1.12151498 0.40917066
v 0.46863487 -1.12151498 0.40917066
v 0.46863487 -1.12151498 0.40917066
v 0.45066279 -1.12977487 0.41041120
v 0.45066279 -1.12977487 0.41041120
v 0.45066279 -1.12977487 0.41041120
v 0.45066279 -1.12977487 0.41041120
v 0.45066279 -1.12977487 0.41041120
v 0.45066279 -1.12977487 0.41041120
v 0.85412675 -0.80690289 0.28402978
v 0.85412675 -0.80690289 0.28402978
v 0.85412675 -0.80690289 0.28402978
v 0.85638112 -0.80690289 0.28806159
v 0.85638112 -0.80690289 0.28806159
v 0.85638112 -0.80690289 0.28806159
v 0.85638112 -0.80690289 0.28806159
v 0.45066279 -1.26812893 1.00835812
v 0.45066279 -1.26812893 1.00835812
v 0.45066279 -1.26812893 1.00835812
v 0.45066279 -1.26812893 1.00835812
v 0.50044608 -1.24991125 1.01673186
v 0.50044608 -1.24991125 1.01673186
v 0.50044608 -1.24991125 1.01673186
v 0.50044608 -1.24991125 1.01673186
v 0.50044608 -1.24991125 1.01673186
v 0.50044608 -1.24991125 1.01673186
v 0.50044608 -1.24991125 1.01673186
v 0.50044608 -1.24991125 1.01673186
v 1.09039402 -0.80690289 0.98796657
v 1.09039402 -0.80690289 0.98796657
v 1.09039402 -0.80690289 0.98796657
v 1.09039402 -0.80690289 0.98796657
v 1.09039402 -0.80690289 0.98796657
v 0.62117845 -1.19970912 0.99773592
v 0.62117845 -1.19970912 0.99773592
v 0.62117845 -1.19970912 0.99773592
v 0.62117845 -1.19970912 0.99773592
v 0.62117845 -1.19970912 0.99773592
v 0.62117845 -1.19970912 0.99773592
v 0.62117845 -1.19970912 0.99773592
v 0.62117845 -1.19970912 0.99773592
v 0.62117845 -1.19970912 0.99773592
v 0.68548971 -1.16703647 0.98796657
v 0.68548971 -1.16703647 0.98796657
v 0.68548971 -1.16703647 0.98796657
v 0.68548971 -1.16703647 0.98796657
v 0.68548971 -1.16703647 0.98796657
v 0.68548971 -1.16703647 0.98796657
v 0.70772004 -1.15359110 0.98796657
v 0.70772004 -1.15359110 0.98796657
v 0.70772004 -1.15359110 0.98796657
v 0.70772004 -1.15359110 0.98796657
v 0.70772004 -1.15359110 0.98796657
v 0.76032126 -1.11463171 1.01409569
v 0.76032126 -1.11463171 1.01409569
v 0.76032126 -1.11463171 1.01409569
v 0.76032126 -1.11463171 1.01409569
v 0.76032126 -1.11463171 1.01409569
v 0.76032126 -1.11463171 1.01409569
v 0.76032126 -1.11463171 1.01409569
v 0.81048030 -1.07415789 1.01773983
v 0.81048030 -1.07415789 1.01773983
v 0.81048030 -1.07415789 1.01773983
v 0.81048030 -1.07415789 1.01773983
v 0.81048030 -1.07415789 1.01773983
v 0.81048030 -1.07415789 1.01773983
v 0.76326442 -1.11674255 0.98796657
v 0.76326442 -1.11674255 0.98796657
v 0.76326442 -1.11674255 0.98796657
v 0.76326442 -1.11674255 0.98796657
v 0.76326442 -1.11674255 0.98796657
v 0.83865947 -1.06259412 0.98796657
v 0.83865947 -1.06259412 0.98796657
v 0.83865947 -1.06259412 0.98796657
v 0.83865947 -1.06259412 0.98796657
v 0.83865947 -1.06259412 0.98796657
v 0.86708927 -1.04084283 0.98796657
v 0.86708927 -1.04084283 0.98796657
v 0.86708927 -1.04084283 0.98796657
v 0.86708927 -1.04084283 0.98796657
v 0.88975781 -1.02303809 0.98796657
v 0.88975781 -1.02303809 0.98796657
v 0.88975781 -1.02303809 0.98796657
v 0.88975781 -1.02303809 0.98796657
v 0.91198808 -1.00174576 0.98796657
v 0.91198808 -1.00174576 0.98796657
v 0.91198808 -1.00174576 0.98796657
v 0.91198808 -1.00174576 0.98796657
v 0.93515772 -0.97953576 0.98796657
v 0.93515772 -0.97953576 0.98796657
v 0.93515772 -0.97953576 0.98796657
v 0.93515772 -0.97953576 0.98796657
v 0.93515772 -0.97953576 0.98796657
v 0.93515772 -0.97953576 0.98796657
v 0.93515772 -0.97953576 0.98796657
v 0.95738798 -0.95709616 0.98796657
v 0.95738798 -0.95709616 0.98796657
v 0.95738798 -0.95709616 0.98796657
v 0.95738798 -0.95709616 0.98796657
v 0.97936779 -0.93484020 0.98796657
v 0.97936779 -0.93484020 0.98796657
v 0.97936779 -0.93484020 0.98796657
v 0.97936779 -0.93484020 0.98796657
v 0.97936779 -0.93484020 0.98796657
v 0.97936779 -0.93484020 0.98796657
v 0.97936779 -0.93484020 0.98796657
v 1.06490743 -0.84191579 0.98796657
v 1.06490743 -0.84191579 0.98796657
v 1.06490743 -0.84191579 0.98796657
v 1.06490743 -0.84191579 0.98796657
v 1.06490743 -0.84191579 0.98796657
v 1.06490743 -0.84191579 0.98796657
v 1.08125126 -0.81965989 0.98796657
v 1.08125126 -0.81965989 0.98796657
v 1.08125126 -0.81965989 0.98796657
v 1.08125126 -0.81965989 0.98796657
v 1.08125126 -0.81965989 0.98796657
v 1.00166070 -0.91162062 0.98796657
v 1.00166070 -0.91162062 0.98796657
v 1.00166070 -0.91162062 0.98796657
v 1.00166070 -0.91162062 0.98796657
v 1.02288902 -0.88936460 0.98796657
v 1.02288902 -0.88936460 0.98796657
v 1.02288902 -0.88936460 0.98796657
v 1.02288902 -0.88936460 0.98796657
v 1.04286504 -0.86697102 0.98796657
v 1.04286504 -0.86697102 0.98796657
v 1.04286504 -0.86697102 0.98796657
v 1.04286504 -0.86697102 0.98796657
v 0.87303817 -0.80690289 0.31961818
v 0.87303817 -0.80690289 0.31961818
v 0.87303817 -0.80690289 0.31961818
v 0.87303817 -0.80690289 0.31961818
v 0.86439657 -0.81970578 0.32644121
v 0.86439657 -0.81970578 0.32644121
v 0.86439657 -0.81970578 0.32644121
v 0.86439657 -0.81970578 0.32644121
v 0.84611136 -0.84604579 0.34070760
v 0.84611136 -0.84604579 0.34070760
v 0.84611136 -0.84604579 0.34070760
v 0.84611136 -0.84604579 0.34070760
v 0.84611136 -0.84604579 0.34070760
v 0.84611136 -0.84604579 0.34070760
v 0.84611136 -0.84604579 0.34070760
v 0.84611136 -0.84604579 0.34070760
v 0.77772975 -0.92093605 0.36257236
v 0.77772975 -0.92093605 0.36257236
v 0.77772975 -0.92093605 0.36257236
v 0.77772975 -0.92093605 0.36257236
v 0.82970476 -0.87394607 0.36551867
v 0.82970476 -0.87394607 0.36551867
v 0.82970476 -0.87394607 0.36551867
v 0.82970476 -0.87394607 0.36551867
v 0.82970476 -0.87394607 0.36551867
v 0.80747443 -0.89624792 0.36551867
v 0.80747443 -0.89624792 0.36551867
v 0.80747443 -0.89624792 0.36551867
v 0.80747443 -0.89624792 0.36551867
v 0.80747443 -0.89624792 0.36551867
v 0.79964691 -0.93305057 0.43367160
v 0.79964691 -0.93305057 0.43367160
v 0.79964691 -0.93305057 0.43367160
v 0.79964691 -0.93305057 0.43367160
v 0.79964691 -0.93305057 0.43367160
v 0.79964691 -0.93305057 0.43367160
v 0.79964691 -0.93305057 0.43367160
v 0.79964691 -0.93305057 0.43367160
v 0.79964691 -0.93305057 0.43367160
v 0.79964691 -0.93305057 0.43367160
v 0.79964691 -0.93305057 0.43367160
v 0.79964691 -0.93305057 0.43367160
v 0.79964691 -0.93305057 0.43367160
v 0.79369795 -0.92814052 0.41002355
v 0.79369795 -0.92814052 0.41002355
v 0.79369795 -0.92814052 0.41002355
v 0.79369795 -0.92814052 0.41002355
v 0.79369795 -0.92814052 0.41002355
v 0.76263815 -0.93860310 0.37544309
v 0.76263815 -0.93860310 0.37544309
v 0.76263815 -0.93860310 0.37544309
v 0.76263815 -0.93860310 0.37544309
v 0.76263815 -0.93860310 0.37544309
v 0.76263815 -0.93860310 0.37544309
v 0.76263815 -0.93860310 0.37544309
v 0.73364490 -0.95585716 0.36575127
v 0.73364490 -0.95585716 0.36575127
v 0.73364490 -0.95585716 0.36575127
v 0.73364490 -0.95585716 0.36575127
v 0.71260440 -0.97893912 0.38567767
v 0.71260440 -0.97893912 0.38567767
v 0.71260440 -0.97893912 0.38567767
v 0.71260440 -0.97893912 0.38567767
v 0.71260440 -0.97893912 0.38567767
v 0.71260440 -0.97893912 0.38567767
v 0.71260440 -0.97893912 0.38567767
v 0.71260440 -0.97893912 0.38567767
v 0.66958410 -1.02436882 0.42739130
v 0.66958410 -1.02436882 0.42739130
v 0.66958410 -1.02436882 0.42739130
v 0.66958410 -1.02436882 0.42739130
v 0.66958410 -1.02436882 0.42739130
v 0.66958410 -1.02436882 0.42739130
v 0.66958410 -1.02436882 0.42739130
v 0.67628449 -1.02895778 0.45445088
v 0.67628449 -1.02895778 0.45445088
v 0.67628449 -1.02895778 0.45445088
v 0.67628449 -1.02895778 0.45445088
v 0.67628449 -1.02895778 0.45445088
v 0.67628449 -1.02895778 0.45445088
v 0.65392900 -1.05846399 0.49895574
v 0.65392900 -1.05846399 0.49895574
v 0.65392900 -1.05846399 0.49895574
v 0.65392900 -1.05846399 0.49895574
v 0.65392900 -1.05846399 0.49895574
v 0.60032588 -1.08920950 0.49895574
v 0.60032588 -1.08920950 0.49895574
v 0.60032588 -1.08920950 0.49895574
v 0.60032588 -1.08920950 0.49895574
v 0.60032588 -1.08920950 0.49895574
v 0.66194445 -1.06374127 0.53237316
v 0.66194445 -1.06374127 0.53237316
v 0.66194445 -1.06374127 0.53237316
v 0.66194445 -1.06374127 0.53237316
v 0.66194445 -1.06374127 0.53237316
v 0.66194445 -1.06374127 0.53237316
v 0.66194445 -1.06374127 0.53237316
v 0.66194445 -1.06374127 0.53237316
v 0.63169873 -1.07268959 0.49895574
v 0.63169873 -1.07268959 0.49895574
v 0.63169873 -1.07268959 0.49895574
v 0.63169873 -1.07268959 0.49895574
v 0.62211776 -1.11128181 0.61099325
v 0.62211776 -1.11128181 0.61099325
v 0.62211776 -1.11128181 0.61099325
v 0.62211776 -1.11128181 0.61099325
v 0.62211776 -1.11128181 0.61099325
v 0.62211776 -1.11128181 0.61099325
v 0.62211776 -1.11128181 0.61099325
v 0.62211776 -1.11128181 0.61099325
v 0.62211776 -1.11128181 0.61099325
v 0.62211776 -1.11128181 0.61099325
v 0.62211776 -1.11128181 0.61099325
v 0.62211776 -1.11128181 0.61099325
v 0.61535478 -1.10806960 0.58788794
v 0.61535478 -1.10806960 0.58788794
v 0.61535478 -1.10806960 0.58788794
v 0.61535478 -1.10806960 0.58788794
v 0.61535478 -1.10806960 0.58788794
v 0.61535478 -1.10806960 0.58788794
v 0.56557149 -1.10577518 0.49895574
v 0.56557149 -1.10577518 0.49895574
v 0.56557149 -1.10577518 0.49895574
v 0.56557149 -1.10577518 0.49895574
v 0.56557149 -1.10577518 0.49895574
v 0.56557149 -1.10577518 0.49895574
v 0.56557149 -1.10577518 0.49895574
v 0.53538835 -1.11229140 0.47406714
v 0.53538835 -1.11229140 0.47406714
v 0.53538835 -1.11229140 0.47406714
v 0.53538835 -1.11229140 0.47406714
v 0.53538835 -1.11229140 0.47406714
v 0.53538835 -1.11229140 0.47406714
v 0.53538835 -1.11229140 0.47406714
v 0.53538835 -1.11229140 0.47406714
v 0.51077849 -1.11807340 0.45731966
v 0.51077849 -1.11807340 0.45731966
v 0.51077849 -1.11807340 0.45731966
v 0.46694416 -1.13652056 0.45445088
v 0.46694416 -1.13652056 0.45445088
v 0.46694416 -1.13652056 0.45445088
v 0.46694416 -1.13652056 0.45445088
v 0.46694416 -1.13652056 0.45445088
v 0.46694416 -1.13652056 0.45445088
v 0.45066279 -1.14363331 0.45445088
v 0.45066279 -1.14363331 0.45445088
v 0.45066279 -1.14363331 0.45445088
v 0.45066279 -1.14363331 0.45445088
v 0.45066279 -1.13913625 0.44010697
v 0.45066279 -1.13913625 0.44010697
v 0.45066279 -1.13913625 0.44010697
v 0.45066279 -1.27565473 0.98796657
v 0.45066279 -1.27565473 0.98796657
v 0.45066279 -1.27565473 0.98796657
v 0.45066279 -1.27565473 0.98796657
v 0.46694416 -1.26973516 0.98796657
v 0.46694416 -1.26973516 0.98796657
v 0.46694416 -1.26973516 0.98796657
v 0.46694416 -1.26973516 0.98796657
v 0.46694416 -1.26973516 0.98796657
v 0.46694416 -1.26973516 0.98796657
v 0.50689608 -1.25275630 0.98796657
v 0.50689608 -1.25275630 0.98796657
v 0.50689608 -1.25275630 0.98796657
v 0.50689608 -1.25275630 0.98796657
v 0.50689608 -1.25275630 0.98796657
v 1.08087564 -0.80690289 0.95261076
v 1.08087564 -0.80690289 0.95261076
v 1.08087564 -0.80690289 0.95261076
v 1.07511461 -0.81162935 0.94353920
v 1.07511461 -0.81162935 0.94353920
v 1.07511461 -0.81162935 0.94353920
v 1.07511461 -0.81162935 0.94353920
v 1.07511461 -0.81162935 0.94353920
v 0.52912629 -1.24275261 0.98796657
v 0.52912629 -1.24275261 0.98796657
v 0.52912629 -1.24275261 0.98796657
v 0.52912629 -1.24275261 0.98796657
v 0.52912629 -1.24275261 0.98796657
v 0.60395783 -1.20838207 0.98494267
v 0.60395783 -1.20838207 0.98494267
v 0.60395783 -1.20838207 0.98494267
v 0.62280661 -1.20053512 0.96811768
v 0.62280661 -1.20053512 0.96811768
v 0.62280661 -1.20053512 0.96811768
v 0.62280661 -1.20053512 0.96811768
v 0.62280661 -1.20053512 0.96811768
v 0.64052820 -1.19108206 0.98494267
v 0.64052820 -1.19108206 0.98494267
v 0.64052820 -1.19108206 0.98494267
v 0.64052820 -1.19108206 0.98494267
v 0.62280661 -1.20053512 0.96548152
v 0.62280661 -1.20053512 0.96548152
v 0.62280661 -1.20053512 0.96548152
v 0.62280661 -1.20053512 0.96548152
v 0.62280661 -1.20053512 0.96548152
v 0.62280661 -1.20053512 0.96548152
v 0.62280661 -1.20053512 0.96548152
v 0.62280661 -1.20053512 0.96548152
v 0.62280661 -1.20053512 0.96548152
v 0.62280661 -1.20053512 0.96548152
v 0.62280661 -1.20053512 0.96548152
v 0.62280661 -1.20053512 0.96548152
v 0.62280661 -1.20053512 0.96548152
v 0.76138580 -1.11536592 0.95850337
v 0.76138580 -1.11536592 0.95850337
v 0.76138580 -1.11536592 0.95850337
v 0.76138580 -1.11536592 0.95850337
v 0.76138580 -1.11536592 0.95850337
v 0.76138580 -1.11536592 0.95850337
v 0.76138580 -1.11536592 0.95850337
v 0.76138580 -1.11536592 0.95850337
v 0.76138580 -1.11536592 0.95850337
v 0.76138580 -1.11536592 0.95850337
v 0.76138580 -1.11536592 0.95850337
v 0.76138580 -1.11536592 0.95850337
v 0.76138580 -1.11536592 0.95850337
v 0.76138580 -1.11536592 0.95850337
v 0.73370755 -1.13661236 0.98796657
v 0.73370755 -1.13661236 0.98796657
v 0.73370755 -1.13661236 0.98796657
v 0.73370755 -1.13661236 0.98796657
v 0.88994575 -1.02317578 0.96478373
v 0.88994575 -1.02317578 0.96478373
v 0.88994575 -1.02317578 0.96478373
v 0.88994575 -1.02317578 0.96478373
v 0.88994575 -1.02317578 0.96478373
v 0.88994575 -1.02317578 0.96478373
v 0.88994575 -1.02317578 0.96478373
v 0.88994575 -1.02317578 0.96478373
v 0.88994575 -1.02317578 0.96478373
v 0.88994575 -1.02317578 0.96478373
v 0.93496990 -0.97930628 0.96377575
v 0.93496990 -0.97930628 0.96377575
v 0.93496990 -0.97930628 0.96377575
v 0.93496990 -0.97930628 0.96377575
v 0.93496990 -0.97930628 0.96377575
v 0.93496990 -0.97930628 0.96377575
v 0.93496990 -0.97930628 0.96377575
v 0.93496990 -0.97930628 0.96377575
v 0.93496990 -0.97930628 0.96377575
v 0.97911733 -0.93461078 0.96416342
v 0.97911733 -0.93461078 0.96416342
v 0.97911733 -0.93461078 0.96416342
v 0.97911733 -0.93461078 0.96416342
v 0.97911733 -0.93461078 0.96416342
v 1.02282643 -0.88936460 0.96548152
v 1.02282643 -0.88936460 0.96548152
v 1.02282643 -0.88936460 0.96548152
v 1.02282643 -0.88936460 0.96548152
v 1.02282643 -0.88936460 0.96548152
v 1.02282643 -0.88936460 0.96548152
v 1.02282643 -0.88936460 0.96548152
v 1.02282643 -0.88936460 0.96548152
v 1.02282643 -0.88936460 0.96548152
v 1.02282643 -0.88936460 0.96548152
v 1.02282643 -0.88936460 0.96548152
v 1.02282643 -0.88936460 0.96548152
v 1.02282643 -0.88936460 0.96548152
v 1.05902112 -0.83383948 0.94353920
v 1.05902112 -0.83383948 0.94353920
v 1.05902112 -0.83383948 0.94353920
v 1.05902112 -0.83383948 0.94353920
v 1.05902112 -0.83383948 0.94353920
v 0.88193029 -0.80690289 0.33690839
v 0.88193029 -0.80690289 0.33690839
v 0.88193029 -0.80690289 0.33690839
v 0.88193029 -0.80690289 0.33690839
v 0.88193029 -0.80690289 0.33690839
v 0.87391484 -0.82883763 0.36551867
v 0.87391484 -0.82883763 0.36551867
v 0.87391484 -0.82883763 0.36551867
v 0.87391484 -0.82883763 0.36551867
v 0.87391484 -0.82883763 0.36551867
v 0.85168457 -0.85169011 0.36551867
v 0.85168457 -0.85169011 0.36551867
v 0.85168457 -0.85169011 0.36551867
v 0.85168457 -0.85169011 0.36551867
v 0.85168457 -0.85169011 0.36551867
v 0.85168457 -0.85169011 0.36551867
v 0.83941096 -0.88372034 0.41002355
v 0.83941096 -0.88372034 0.41002355
v 0.83941096 -0.88372034 0.41002355
v 0.83941096 -0.88372034 0.41002355
v 0.83941096 -0.88372034 0.41002355
v 0.83941096 -0.88372034 0.41002355
v 0.81718063 -0.90588450 0.41002355
v 0.81718063 -0.90588450 0.41002355
v 0.81718063 -0.90588450 0.41002355
v 0.81718063 -0.90588450 0.41002355
v 0.84435797 -0.88872224 0.43343898
v 0.84435797 -0.88872224 0.43343898
v 0.84435797 -0.88872224 0.43343898
v 0.84435797 -0.88872224 0.43343898
v 0.84435797 -0.88872224 0.43343898
v 0.84435797 -0.88872224 0.43343898
v 0.84435797 -0.88872224 0.43343898
v 0.84435797 -0.88872224 0.43343898
v 0.82507086 -0.91382325 0.44840317
v 0.82507086 -0.91382325 0.44840317
v 0.82507086 -0.91382325 0.44840317
v 0.82507086 -0.91382325 0.44840317
v 0.83490223 -0.92378110 0.49895574
v 0.83490223 -0.92378110 0.49895574
v 0.83490223 -0.92378110 0.49895574
v 0.83490223 -0.92378110 0.49895574
v 0.83490223 -0.92378110 0.49895574
v 0.83490223 -0.92378110 0.49895574
v 0.83490223 -0.92378110 0.49895574
v 0.80578375 -0.93837363 0.46336734
v 0.80578375 -0.93837363 0.46336734
v 0.80578375 -0.93837363 0.46336734
v 0.80578375 -0.93837363 0.46336734
v 0.80578375 -0.93837363 0.46336734
v 0.80578375 -0.93837363 0.46336734
v 0.80578375 -0.93837363 0.46336734
v 0.78449273 -0.96664101 0.49895574
v 0.78449273 -0.96664101 0.49895574
v 0.78449273 -0.96664101 0.49895574
v 0.78449273 -0.96664101 0.49895574
v 0.78449273 -0.96664101 0.49895574
v 0.78449273 -0.96664101 0.49895574
v 0.77823073 -0.95599490 0.45429580
v 0.77823073 -0.95599490 0.45429580
v 0.77823073 -0.95599490 0.45429580
v 0.77823073 -0.95599490 0.45429580
v 0.74980104 -0.97366196 0.44522426
v 0.74980104 -0.97366196 0.44522426
v 0.74980104 -0.97366196 0.44522426
v 0.74980104 -0.97366196 0.44522426
v 0.74980104 -0.97366196 0.44522426
v 0.74980104 -0.97366196 0.44522426
v 0.74980104 -0.97366196 0.44522426
v 0.74980104 -0.97366196 0.44522426
v 0.77146769 -0.94511926 0.41002355
v 0.77146769 -0.94511926 0.41002355
v 0.77146769 -0.94511926 0.41002355
v 0.77146769 -0.94511926 0.41002355
v 0.74103415 -0.96732938 0.41002355
v 0.74103415 -0.96732938 0.41002355
v 0.74103415 -0.96732938 0.41002355
v 0.74103415 -0.96732938 0.41002355
v 0.74103415 -0.96732938 0.41002355
v 0.71880388 -0.98334444 0.41002355
v 0.71880388 -0.98334444 0.41002355
v 0.71880388 -0.98334444 0.41002355
v 0.71880388 -0.98334444 0.41002355
v 0.71880388 -0.98334444 0.41002355
v 0.69851482 -1.01344734 0.45445088
v 0.69851482 -1.01344734 0.45445088
v 0.69851482 -1.01344734 0.45445088
v 0.69851482 -1.01344734 0.45445088
v 0.69851482 -1.01344734 0.45445088
v 0.69851482 -1.01344734 0.45445088
v 0.70646757 -1.01904577 0.48740308
v 0.70646757 -1.01904577 0.48740308
v 0.70646757 -1.01904577 0.48740308
v 0.70646757 -1.01904577 0.48740308
v 0.70646757 -1.01904577 0.48740308
v 0.70646757 -1.01904577 0.48740308
v 0.69068724 -1.03437251 0.50089410
v 0.69068724 -1.03437251 0.50089410
v 0.69068724 -1.03437251 0.50089410
v 0.69068724 -1.03437251 0.50089410
v 0.69068724 -1.03437251 0.50089410
v 0.59926128 -1.10265476 0.54245265
v 0.59926128 -1.10265476 0.54245265
v 0.59926128 -1.10265476 0.54245265
v 0.59926128 -1.10265476 0.54245265
v 0.59926128 -1.10265476 0.54245265
v 0.71341848 -1.02400166 0.51702130
v 0.71341848 -1.02400166 0.51702130
v 0.71341848 -1.02400166 0.51702130
v 0.71341848 -1.02400166 0.51702130
v 0.71341848 -1.02400166 0.51702130
v 0.71341848 -1.02400166 0.51702130
v 0.71341848 -1.02400166 0.51702130
v 0.71341848 -1.02400166 0.51702130
v 0.71341848 -1.02400166 0.51702130
v 0.68580288 -1.05162674 0.54570912
v 0.68580288 -1.05162674 0.54570912
v 0.68580288 -1.05162674 0.54570912
v 0.68580288 -1.05162674 0.54570912
v 0.68580288 -1.05162674 0.54570912
v 0.66864479 -1.06810063 0.56199138
v 0.66864479 -1.06810063 0.56199138
v 0.66864479 -1.06810063 0.56199138
v 0.66864479 -1.06810063 0.56199138
v 0.66864479 -1.06810063 0.56199138
v 0.66864479 -1.06810063 0.56199138
v 0.64616406 -1.07759959 0.54570912
v 0.64616406 -1.07759959 0.54570912
v 0.64616406 -1.07759959 0.54570912
v 0.64616406 -1.07759959 0.54570912
v 0.64616406 -1.07759959 0.54570912
v 0.64397234 -1.10233361 0.62843855
v 0.64397234 -1.10233361 0.62843855
v 0.64397234 -1.10233361 0.62843855
v 0.64397234 -1.10233361 0.62843855
v 0.64397234 -1.10233361 0.62843855
v 0.65850025 -1.10614222 0.67674260
v 0.65850025 -1.10614222 0.67674260
v 0.65850025 -1.10614222 0.67674260
v 0.65850025 -1.10614222 0.67674260
v 0.65850025 -1.10614222 0.67674260
v 0.65850025 -1.10614222 0.67674260
v 0.62856770 -1.11495298 0.64061148
v 0.62856770 -1.11495298 0.64061148
v 0.62856770 -1.11495298 0.64061148
v 0.67778742 -1.16249341 0.94353920
v 0.67778742 -1.16249341 0.94353920
v 0.67778742 -1.16249341 0.94353920
v 0.67778742 -1.16249341 0.94353920
v 0.67778742 -1.16249341 0.94353920
v 0.60452139 -1.12371761 0.62843855
v 0.60452139 -1.12371761 0.62843855
v 0.60452139 -1.12371761 0.62843855
v 0.60452139 -1.12371761 0.62843855
v 0.59312451 -1.11834866 0.58788794
v 0.59312451 -1.11834866 0.58788794
v 0.59312451 -1.11834866 0.58788794
v 0.59312451 -1.11834866 0.58788794
v 0.59312451 -1.11834866 0.58788794
v 0.59312451 -1.11834866 0.58788794
v 0.59312451 -1.11834866 0.58788794
v 0.64478636 -1.09063202 0.58788794
v 0.64478636 -1.09063202 0.58788794
v 0.64478636 -1.09063202 0.58788794
v 0.64478636 -1.09063202 0.58788794
v 0.64478636 -1.09063202 0.58788794
v 0.58379400 -1.11403519 0.55656395
v 0.58379400 -1.11403519 0.55656395
v 0.58379400 -1.11403519 0.55656395
v 0.58379400 -1.11403519 0.55656395
v 0.58379400 -1.11403519 0.55656395
v 0.58379400 -1.11403519 0.55656395
v 0.57446355 -1.10985929 0.52694573
v 0.57446355 -1.10985929 0.52694573
v 0.57446355 -1.10985929 0.52694573
v 0.57446355 -1.10985929 0.52694573
v 0.57446355 -1.10985929 0.52694573
v 0.54334116 -1.11591655 0.49895574
v 0.54334116 -1.11591655 0.49895574
v 0.54334116 -1.11591655 0.49895574
v 0.54334116 -1.11591655 0.49895574
v 0.54334116 -1.11591655 0.49895574
v 0.46706939 -1.14904815 0.49655217
v 0.46706939 -1.14904815 0.49655217
v 0.46706939 -1.14904815 0.49655217
v 0.46706939 -1.14904815 0.49655217
v 0.45066279 -1.15299457 0.48561978
v 0.45066279 -1.15299457 0.48561978
v 0.45066279 -1.15299457 0.48561978
v 0.45066279 -1.15299457 0.48561978
v 0.45066279 -1.15299457 0.48561978
v 0.51140469 -1.13023382 0.49895574
v 0.51140469 -1.13023382 0.49895574
v 0.51140469 -1.13023382 0.49895574
v 0.51140469 -1.13023382 0.49895574
v 0.45066279 -1.27285546 0.97331253
v 0.45066279 -1.27285546 0.97331253
v 0.45066279 -1.27285546 0.97331253
v 0.45066279 -1.27285546 0.97331253
v 0.50151068 -1.25032431 0.95315352
v 0.50151068 -1.25032431 0.95315352
v 0.50151068 -1.25032431 0.95315352
v 0.50151068 -1.25032431 0.95315352
v 0.50151068 -1.25032431 0.95315352
v 0.50151068 -1.25032431 0.95315352
v 0.50151068 -1.25032431 0.95315352
v 0.50151068 -1.25032431 0.95315352
v 1.02082253 -0.80690289 0.73179220
v 1.02082253 -0.80690289 0.73179220
v 1.02082253 -0.80690289 0.73179220
v 1.02082253 -0.80690289 0.73179220
v 1.02082253 -0.80690289 0.73179220
v 0.53826892 -1.15799636 0.64650410
v 0.53826892 -1.15799636 0.64650410
v 0.53826892 -1.15799636 0.64650410
v 0.53826892 -1.15799636 0.64650410
v 0.53826892 -1.15799636 0.64650410
v 0.53826892 -1.15799636 0.64650410
v 0.55423713 -1.14725846 0.63200513
v 0.55423713 -1.14725846 0.63200513
v 0.55423713 -1.14725846 0.63200513
v 0.55423713 -1.14725846 0.63200513
v 0.55423713 -1.14725846 0.63200513
v 0.55423713 -1.14725846 0.63200513
v 0.55423713 -1.14725846 0.63200513
v 0.68354845 -1.07796675 0.63231528
v 0.68354845 -1.07796675 0.63231528
v 0.68354845 -1.07796675 0.63231528
v 0.68354845 -1.07796675 0.63231528
v 0.68354845 -1.07796675 0.63231528
v 0.68354845 -1.07796675 0.63231528
v 0.71072578 -1.06649464 0.65658361
v 0.71072578 -1.06649464 0.65658361
v 0.71072578 -1.06649464 0.65658361
v 0.71072578 -1.06649464 0.65658361
v 0.71072578 -1.06649464 0.65658361
v 0.75531155 -1.02216619 0.61176860
v 0.75531155 -1.02216619 0.61176860
v 0.75531155 -1.02216619 0.61176860
v 0.75531155 -1.02216619 0.61176860
v 0.75531155 -1.02216619 0.61176860
v 0.77672780 -1.01156598 0.62890375
v 0.80547059 -0.98192191 0.59711456
v 0.80547059 -0.98192191 0.59711456
v 0.80547059 -0.98192191 0.59711456
v 0.80547059 -0.98192191 0.59711456
v 0.80547059 -0.98192191 0.59711456
v 0.80547059 -0.98192191 0.59711456
v 0.81223369 -0.98692375 0.63231528
v 0.81223369 -0.98692375 0.63231528
v 0.81223369 -0.98692375 0.63231528
v 0.81223369 -0.98692375 0.63231528
v 0.84072602 -0.97467154 0.66627543
v 0.84072602 -0.97467154 0.66627543
v 0.84072602 -0.97467154 0.66627543
v 0.84072602 -0.97467154 0.66627543
v 0.84072602 -0.97467154 0.66627543
v 0.84072602 -0.97467154 0.66627543
v 0.85838497 -0.94713831 0.63231528
v 0.85838497 -0.94713831 0.63231528
v 0.85838497 -0.94713831 0.63231528
v 0.85838497 -0.94713831 0.63231528
v 0.85838497 -0.94713831 0.63231528
v 0.88061523 -0.92497420 0.63231528
v 0.88061523 -0.92497420 0.63231528
v 0.88061523 -0.92497420 0.63231528
v 0.88061523 -0.92497420 0.63231528
v 0.88061523 -0.92497420 0.63231528
v 0.90278286 -0.90276414 0.63231528
v 0.90278286 -0.90276414 0.63231528
v 0.90278286 -0.90276414 0.63231528
v 0.90278286 -0.90276414 0.63231528
v 0.92501318 -0.88037050 0.63231528
v 0.92501318 -0.88037050 0.63231528
v 0.92501318 -0.88037050 0.63231528
v 0.92501318 -0.88037050 0.63231528
v 0.92501318 -0.88037050 0.63231528
v 0.92501318 -0.88037050 0.63231528
v 0.93935329 -0.85068059 0.58788794
v 0.93935329 -0.85068059 0.58788794
v 0.93935329 -0.85068059 0.58788794
v 0.93935329 -0.85068059 0.58788794
v 0.93935329 -0.85068059 0.58788794
v 0.93935329 -0.85068059 0.58788794
v 1.01499879 -0.80690289 0.71171072
v 1.01499879 -0.80690289 0.71171072
v 1.01499879 -0.80690289 0.71171072
v 0.96859705 -0.83388531 0.63231528
v 0.96859705 -0.83388531 0.63231528
v 0.96859705 -0.83388531 0.63231528
v 0.96859705 -0.83388531 0.63231528
v 0.96859705 -0.83388531 0.63231528
v 0.96859705 -0.83388531 0.63231528
v 0.98807210 -0.81167525 0.63231528
v 0.98807210 -0.81167525 0.63231528
v 0.98807210 -0.81167525 0.63231528
v 0.98807210 -0.81167525 0.63231528
v 0.99508554 -0.80690289 0.64309259
v 0.99508554 -0.80690289 0.64309259
v 0.99508554 -0.80690289 0.64309259
v 0.99508554 -0.80690289 0.64309259
v 0.89489275 -0.80690289 0.36551867
v 0.89489275 -0.80690289 0.36551867
v 0.89489275 -0.80690289 0.36551867
v 0.89489275 -0.80690289 0.36551867
v 0.88355845 -0.83879548 0.41002355
v 0.88355845 -0.83879548 0.41002355
v 0.88355845 -0.83879548 0.41002355
v 0.88355845 -0.83879548 0.41002355
v 0.88355845 -0.83879548 0.41002355
v 0.88355845 -0.83879548 0.41002355
v 0.88355845 -0.83879548 0.41002355
v 0.86132812 -0.86146438 0.41002355
v 0.86132812 -0.86146438 0.41002355
v 0.86132812 -0.86146438 0.41002355
v 0.86132812 -0.86146438 0.41002355
v 0.86132812 -0.86146438 0.41002355
v 0.88856804 -0.84398079 0.43405926
v 0.88856804 -0.84398079 0.43405926
v 0.88856804 -0.84398079 0.43405926
v 0.88856804 -0.84398079 0.43405926
v 0.88856804 -0.84398079 0.43405926
v 0.88856804 -0.84398079 0.43405926
v 0.88856804 -0.84398079 0.43405926
v 0.88856804 -0.84398079 0.43405926
v 0.89445436 -0.84999222 0.46367749
v 0.89445436 -0.84999222 0.46367749
v 0.89445436 -0.84999222 0.46367749
v 0.89445436 -0.84999222 0.46367749
v 0.89445436 -0.84999222 0.46367749
v 0.89445436 -0.84999222 0.46367749
v 0.85024428 -0.89459592 0.46305722
v 0.85024428 -0.89459592 0.46305722
v 0.85024428 -0.89459592 0.46305722
v 0.85024428 -0.89459592 0.46305722
v 0.85024428 -0.89459592 0.46305722
v 0.85024428 -0.89459592 0.46305722
v 0.85024428 -0.89459592 0.46305722
v 0.85713255 -0.90152514 0.49895574
v 0.85713255 -0.90152514 0.49895574
v 0.85713255 -0.90152514 0.49895574
v 0.85713255 -0.90152514 0.49895574
v 0.88549966 -0.88537234 0.53167534
v 0.88549966 -0.88537234 0.53167534
v 0.88549966 -0.88537234 0.53167534
v 0.88549966 -0.88537234 0.53167534
v 0.88549966 -0.88537234 0.53167534
v 0.88549966 -0.88537234 0.53167534
v 0.88549966 -0.88537234 0.53167534
v 0.88549966 -0.88537234 0.53167534
v 0.88549966 -0.88537234 0.53167534
v 0.84103906 -0.92988425 0.53175288
v 0.84103906 -0.92988425 0.53175288
v 0.84103906 -0.92988425 0.53175288
v 0.84103906 -0.92988425 0.53175288
v 0.84103906 -0.92988425 0.53175288
v 0.84103906 -0.92988425 0.53175288
v 0.81267196 -0.94438505 0.49895574
v 0.81267196 -0.94438505 0.49895574
v 0.81267196 -0.94438505 0.49895574
v 0.81267196 -0.94438505 0.49895574
v 0.81267196 -0.94438505 0.49895574
v 0.79958433 -0.97760838 0.56749634
v 0.79958433 -0.97760838 0.56749634
v 0.79958433 -0.97760838 0.56749634
v 0.79958433 -0.97760838 0.56749634
v 0.79958433 -0.97760838 0.56749634
v 0.79958433 -0.97760838 0.56749634
v 0.79958433 -0.97760838 0.56749634
v 0.79958433 -0.97760838 0.56749634
v 0.79958433 -0.97760838 0.56749634
v 0.79438680 -0.97379959 0.54338307
v 0.79438680 -0.97379959 0.54338307
v 0.79438680 -0.97379959 0.54338307
v 0.79438680 -0.97379959 0.54338307
v 0.75681448 -0.97875559 0.47492002
v 0.75681448 -0.97875559 0.47492002
v 0.75681448 -0.97875559 0.47492002
v 0.75681448 -0.97875559 0.47492002
v 0.75681448 -0.97875559 0.47492002
v 0.75681448 -0.97875559 0.47492002
v 0.73445898 -0.98894286 0.45778487
v 0.73445898 -0.98894286 0.45778487
v 0.73445898 -0.98894286 0.45778487
v 0.73445898 -0.98894286 0.45778487
v 0.71911693 -1.02803999 0.54338307
v 0.71911693 -1.02803999 0.54338307
v 0.71911693 -1.02803999 0.54338307
v 0.71911693 -1.02803999 0.54338307
v 0.71911693 -1.02803999 0.54338307
v 0.69644833 -1.05681211 0.58788794
v 0.69644833 -1.05681211 0.58788794
v 0.69644833 -1.05681211 0.58788794
v 0.69644833 -1.05681211 0.58788794
v 0.69644833 -1.05681211 0.58788794
v 0.69644833 -1.05681211 0.58788794
v 0.67421806 -1.07181770 0.58788794
v 0.67421806 -1.07181770 0.58788794
v 0.67421806 -1.07181770 0.58788794
v 0.67421806 -1.07181770 0.58788794
v 0.67421806 -1.07181770 0.58788794
v 0.67421806 -1.07181770 0.58788794
v 0.55586529 -1.13500613 0.58788794
v 0.55586529 -1.13500613 0.58788794
v 0.55586529 -1.13500613 0.58788794
v 0.49136612 -1.15694100 0.56199138
v 0.49136612 -1.15694100 0.56199138
v 0.49136612 -1.15694100 0.56199138
v 0.49136612 -1.15694100 0.56199138
v 0.49136612 -1.15694100 0.56199138
v 0.49136612 -1.15694100 0.56199138
v 0.49136612 -1.15694100 0.56199138
v 0.49136612 -1.15694100 0.56199138
v 0.49136612 -1.15694100 0.56199138
v 0.50827366 -1.14487225 0.54563158
v 0.50827366 -1.14487225 0.54563158
v 0.50827366 -1.14487225 0.54563158
v 0.50827366 -1.14487225 0.54563158
v 0.50827366 -1.14487225 0.54563158
v 0.48197308 -1.15290278 0.53237316
v 0.48197308 -1.15290278 0.53237316
v 0.48197308 -1.15290278 0.53237316
v 0.48197308 -1.15290278 0.53237316
v 0.48197308 -1.15290278 0.53237316
v 0.48197308 -1.15290278 0.53237316
v 0.48197308 -1.15290278 0.53237316
v 0.48197308 -1.15290278 0.53237316
v 0.45066279 -1.15850121 0.50484837
v 0.45066279 -1.15850121 0.50484837
v 0.45066279 -1.15850121 0.50484837
v 0.45066279 -1.15850121 0.50484837
v 0.45066279 -1.15850121 0.50484837
v 0.45066279 -1.26633936 0.94268632
v 0.45066279 -1.26633936 0.94268632
v 0.45066279 -1.26633936 0.94268632
v 0.45066279 -1.20301312 0.67682014
v 0.45066279 -1.20301312 0.67682014
v 0.45066279 -1.20301312 0.67682014
v 0.45066279 -1.19883722 0.65960746
v 0.45066279 -1.19883722 0.65960746
v 0.45066279 -1.19883722 0.65960746
v 0.45066279 -1.19883722 0.65960746
v 0.46694416 -1.18525416 0.63231528
v 0.46694416 -1.18525416 0.63231528
v 0.46694416 -1.18525416 0.63231528
v 0.46694416 -1.18525416 0.63231528
v 0.46694416 -1.18525416 0.63231528
v 0.46694416 -1.18525416 0.63231528
v 0.46694416 -1.18525416 0.63231528
v 0.51340860 -1.16510910 0.63200513
v 0.51340860 -1.16510910 0.63200513
v 0.51340860 -1.16510910 0.63200513
v 0.49894324 -1.16029078 0.58788794
v 0.49894324 -1.16029078 0.58788794
v 0.49894324 -1.16029078 0.58788794
v 0.49894324 -1.16029078 0.58788794
v 0.49894324 -1.16029078 0.58788794
v 0.49894324 -1.16029078 0.58788794
v 0.70577872 -1.06314474 0.63231528
v 0.70577872 -1.06314474 0.63231528
v 0.70577872 -1.06314474 0.63231528
v 0.70577872 -1.06314474 0.63231528
v 0.70577872 -1.06314474 0.63231528
v 0.72832215 -1.03464788 0.58788794
v 0.72832215 -1.03464788 0.58788794
v 0.72832215 -1.03464788 0.58788794
v 0.72832215 -1.03464788 0.58788794
v 0.72832215 -1.03464788 0.58788794
v 0.72832215 -1.03464788 0.58788794
v 0.83452654 -0.96934843 0.63231528
v 0.83452654 -0.96934843 0.63231528
v 0.83452654 -0.96934843 0.63231528
v 0.83452654 -0.96934843 0.63231528
v 0.83452654 -0.96934843 0.63231528
v 0.83452654 -0.96934843 0.63231528
v 0.85093313 -0.93975025 0.58788794
v 0.85093313 -0.93975025 0.58788794
v 0.85093313 -0.93975025 0.58788794
v 0.85093313 -0.93975025 0.58788794
v 0.85093313 -0.93975025 0.58788794
v 0.85093313 -0.93975025 0.58788794
v 0.85093313 -0.93975025 0.58788794
v 0.89539367 -0.89533019 0.58788794
v 0.89539367 -0.89533019 0.58788794
v 0.89539367 -0.89533019 0.58788794
v 0.89539367 -0.89533019 0.58788794
v 0.89539367 -0.89533019 0.58788794
v 0.89539367 -0.89533019 0.58788794
v 0.91762400 -0.87289059 0.58788794
v 0.91762400 -0.87289059 0.58788794
v 0.91762400 -0.87289059 0.58788794
v 0.91762400 -0.87289059 0.58788794
v 0.91762400 -0.87289059 0.58788794
v 0.93509513 -0.84613758 0.56183631
v 0.93509513 -0.84613758 0.56183631
v 0.93509513 -0.84613758 0.56183631
v 0.93509513 -0.84613758 0.56183631
v 0.93509513 -0.84613758 0.56183631
v 0.93509513 -0.84613758 0.56183631
v 0.93509513 -0.84613758 0.56183631
v 0.93509513 -0.84613758 0.56183631
v 0.93509513 -0.84613758 0.56183631
v 0.93509513 -0.84613758 0.56183631
v 0.96458936 -0.82103658 0.58432135
v 0.96458936 -0.82103658 0.58432135
v 0.96458936 -0.82103658 0.58432135
v 0.96458936 -0.82103658 0.58432135
v 0.96458936 -0.82103658 0.58432135
v 0.98400170 -0.80690289 0.60618611
v 0.98400170 -0.80690289 0.60618611
v 0.98400170 -0.80690289 0.60618611
v 0.98400170 -0.80690289 0.60618611
v 0.98400170 -0.80690289 0.60618611
v 0.89551896 -0.80690289 0.36699183
v 0.89551896 -0.80690289 0.36699183
v 0.89551896 -0.80690289 0.36699183
v 0.89551896 -0.80690289 0.36699183
v 0.90453625 -0.81658530 0.41002355
v 0.90453625 -0.81658530 0.41002355
v 0.90453625 -0.81658530 0.41002355
v 0.90453625 -0.81658530 0.41002355
v 0.90453625 -0.81658530 0.41002355
v 0.91925216 -0.80690289 0.42405731
v 0.91925216 -0.80690289 0.42405731
v 0.91925216 -0.80690289 0.42405731
v 0.91925216 -0.80690289 0.42405731
v 0.92601514 -0.80690289 0.44088231
v 0.92601514 -0.80690289 0.44088231
v 0.92601514 -0.80690289 0.44088231
v 0.92601514 -0.80690289 0.44088231
v 0.91330314 -0.82438636 0.45003141
v 0.91330314 -0.82438636 0.45003141
v 0.91330314 -0.82438636 0.45003141
v 0.91330314 -0.82438636 0.45003141
v 0.91330314 -0.82438636 0.45003141
v 0.92351031 -0.83379358 0.49895574
v 0.92351031 -0.83379358 0.49895574
v 0.92351031 -0.83379358 0.49895574
v 0.92351031 -0.83379358 0.49895574
v 0.92351031 -0.83379358 0.49895574
v 0.92351031 -0.83379358 0.49895574
v 0.90128005 -0.85692143 0.49895574
v 0.90128005 -0.85692143 0.49895574
v 0.90128005 -0.85692143 0.49895574
v 0.90128005 -0.85692143 0.49895574
v 0.90128005 -0.85692143 0.49895574
v 0.90128005 -0.85692143 0.49895574
v 0.87936282 -0.87913150 0.49895574
v 0.87936282 -0.87913150 0.49895574
v 0.87936282 -0.87913150 0.49895574
v 0.87936282 -0.87913150 0.49895574
v 0.92977238 -0.84044743 0.53221809
v 0.92977238 -0.84044743 0.53221809
v 0.92977238 -0.84044743 0.53221809
v 0.92977238 -0.84044743 0.53221809
v 0.92977238 -0.84044743 0.53221809
v 0.92977238 -0.84044743 0.53221809
v 0.92977238 -0.84044743 0.53221809
v 0.89088506 -0.89074129 0.56129357
v 0.89088506 -0.89074129 0.56129357
v 0.89088506 -0.89074129 0.56129357
v 0.89088506 -0.89074129 0.56129357
v 0.89088506 -0.89074129 0.56129357
v 0.89088506 -0.89074129 0.56129357
v 0.89088506 -0.89074129 0.56129357
v 0.86596203 -0.91033572 0.54648446
v 0.86596203 -0.91033572 0.54648446
v 0.86596203 -0.91033572 0.54648446
v 0.86596203 -0.91033572 0.54648446
v 0.84636182 -0.93520731 0.56137110
v 0.84636182 -0.93520731 0.56137110
v 0.84636182 -0.93520731 0.56137110
v 0.84636182 -0.93520731 0.56137110
v 0.84636182 -0.93520731 0.56137110
v 0.84636182 -0.93520731 0.56137110
v 0.46706939 -1.16286057 0.54563158
v 0.46706939 -1.16286057 0.54563158
v 0.46706939 -1.16286057 0.54563158
v 0.46706939 -1.16286057 0.54563158
v 0.46706939 -1.16286057 0.54563158
v 0.46706939 -1.16286057 0.54563158
v 0.46706939 -1.16286057 0.54563158
v 0.46694416 -1.17405742 0.58788794
v 0.46694416 -1.17405742 0.58788794
v 0.46694416 -1.17405742 0.58788794
v 0.46694416 -1.17405742 0.58788794
v 0.46694416 -1.17405742 0.58788794
v 0.46694416 -1.17405742 0.58788794
v 0.46694416 -1.17405742 0.58788794
v 0.45235357 -1.15918952 0.50981059
v 0.45235357 -1.15918952 0.50981059
v 0.45235357 -1.15918952 0.50981059
v 0.45235357 -1.15918952 0.50981059
v 0.45066279 -1.15964836 0.50895770
v 0.45066279 -1.15964836 0.50895770
v 0.45066279 -1.15964836 0.50895770
v 0.45066279 -1.15964836 0.50895770
v 0.45066279 -1.15964836 0.50895770
v 0.45066279 -1.19204575 0.63231528
v 0.45066279 -1.19204575 0.63231528
v 0.45066279 -1.19204575 0.63231528
v 0.45066279 -1.19204575 0.63231528
v 0.94874638 -0.82438636 0.54555404
v 0.94874638 -0.82438636 0.54555404
v 0.94874638 -0.82438636 0.54555404
v 0.94874638 -0.82438636 0.54555404
v 0.96928591 -0.80690289 0.56075082
v 0.96928591 -0.80690289 0.56075082
v 0.96928591 -0.80690289 0.56075082
v 0.96928591 -0.80690289 0.56075082
v 0.96928591 -0.80690289 0.56075082
v 0.97329366 -0.80690289 0.57292376
v 0.97329366 -0.80690289 0.57292376
v 0.97329366 -0.80690289 0.57292376
v 0.97329366 -0.80690289 0.57292376
v 0.98055756 -0.80690289 0.59540880
v 0.98055756 -0.80690289 0.59540880
v 0.98055756 -0.80690289 0.59540880
v 0.91342837 -0.80690289 0.41002355
v 0.91342837 -0.80690289 0.41002355
v 0.91342837 -0.80690289 0.41002355
v 0.93509513 -0.80690289 0.46429777
v 0.93509513 -0.80690289 0.46429777
v 0.93509513 -0.80690289 0.46429777
v 0.93509513 -0.80690289 0.46429777
v 0.93972903 -0.80690289 0.47654823
v 0.93972903 -0.80690289 0.47654823
v 0.93972903 -0.80690289 0.47654823
v 0.93972903 -0.80690289 0.47654823
v 0.93972903 -0.80690289 0.47654823
v 0.94379932 -0.81153762 0.49895574
v 0.94379932 -0.81153762 0.49895574
v 0.94379932 -0.81153762 0.49895574
v 0.94379932 -0.81153762 0.49895574
v 0.94379932 -0.81153762 0.49895574
v 0.94379932 -0.81153762 0.49895574
v 0.45066279 -1.17644364 0.57160567
v 0.45066279 -1.17644364 0.57160567
v 0.45066279 -1.17644364 0.57160567
v 0.45066279 -1.17644364 0.57160567
v 0.45066279 -1.16933089 0.54485623
v 0.45066279 -1.16933089 0.54485623
v 0.45066279 -1.16933089 0.54485623
v 0.45066279 -1.18066531 0.58773287
v 0.45066279 -1.18066531 0.58773287
v 0.45066279 -1.18066531 0.58773287
v 0.95206523 -0.80690289 0.51120621
v 0.95206523 -0.80690289 0.51120621
v 0.95206523 -0.80690289 0.51120621
v 0.94774449 -0.80690289 0.49895574
v 0.94774449 -0.80690289 0.49895574
v 0.94774449 -0.80690289 0.49895574
vn 0.00000000 0.00000000 -1.00000000
vn -0.01114984 0.00118285 -0.99993714
vn -1.00000000 0.00000000 0.00000000
vn -1.00000000 0.00000000 0.00000000
vn 0.00000000 0.00000000 -1.00000000
vn 0.34493452 -0.81310940 -0.46890647
vn -1.00000000 0.00000000 0.00000000
vn -0.01114984 0.00118285 -0.99993714
vn -0.02139098 0.02242715 -0.99951961
vn -0.57028686 0.78635375 0.23753037
vn -1.00000000 0.00000000 0.00000000
vn 0.00000000 0.00000000 -1.00000000
vn -0.01114984 0.00118285 -0.99993714
vn -0.02139098 0.02242715 -0.99951961
vn 0.00000000 0.00000000 -1.00000000
vn 0.34493452 -0.81310940 -0.46890647
vn 0.36420527 -0.81024433 -0.45919347
vn 0.34493452 -0.81310940 -0.46890647
vn 0.36420527 -0.81024433 -0.45919347
vn 0.36840470 -0.84945650 -0.37775870
vn 0.36956856 -0.84874011 -0.37823181
vn 0.37747395 -0.83447513 -0.40145320
vn -1.00000000 0.00000000 0.00000000
vn 0.00000000 0.00000000 -1.00000000
vn -0.02139098 0.02242715 -0.99951961
vn -0.51024440 0.83485945 0.20654381
vn -0.55461181 0.79643340 0.24103856
vn -0.57028686 0.78635375 0.23753037
vn -0.48784604 0.69386339 0.52967899
vn -0.53624432 0.77434986 0.33589332
vn -0.55461181 0.79643340 0.24103856
vn -0.57028686 0.78635375 0.23753037
vn -1.00000000 0.00000000 0.00000000
vn 0.00000000 0.00000000 -1.00000000
vn 0.36420527 -0.81024433 -0.45919347
vn 0.37747395 -0.83447513 -0.40145320
vn 0.38066302 -0.83656872 -0.39401578
vn 0.38198988 -0.83573772 -0.39449487
vn 0.40190193 -0.79073210 -0.46175489
vn 0.36956856 -0.84874011 -0.37823181
vn 0.37570879 -0.84876075 -0.37208615
vn 0.37586278 -0.84866791 -0.37214238
vn 0.37747395 -0.83447513 -0.40145320
vn 0.38066302 -0.83656872 -0.39401578
vn 0.38078069 -0.83913962 -0.38839512
vn 0.36840470 -0.84945650 -0.37775870
vn 0.36956856 -0.84874011 -0.37823181
vn 0.37158608 -0.85466043 -0.36260080
vn 0.37570879 -0.84876075 -0.37208615
vn 0.36840470 -0.84945650 -0.37775870
vn 0.36888236 -0.86126768 -0.34949075
vn 0.37158608 -0.85466043 -0.36260080
vn -1.00000000 0.00000000 0.00000000
vn 0.00000000 0.00000000 -1.00000000
vn -0.50824586 0.83631911 0.20556384
vn -0.51024440 0.83485945 0.20654381
vn 0.00000000 1.00000000 -0.00000000
vn -0.50824586 0.83631911 0.20556384
vn -0.51024440 0.83485945 0.20654381
vn -0.53624432 0.77434986 0.33589332
vn -0.55461181 0.79643340 0.24103856
vn -0.44415820 0.62673260 0.64025756
vn -0.48784604 0.69386339 0.52967899
vn -1.00000000 0.00000000 0.00000000
vn 0.00000000 1.00000000 0.00000000
vn -0.42893484 0.60617480 0.66975146
vn -0.44415820 0.62673260 0.64025756
vn -0.48784604 0.69386339 0.52967899
vn -0.53624432 0.77434986 0.33589332
vn 0.00000000 0.00000000 -1.00000000
vn 0.40190193 -0.79073210 -0.46175489
vn 0.44928699 -0.75639115 -0.47540891
vn 0.38198988 -0.83573772 -0.39449487
vn 0.40190193 -0.79073210 -0.46175489
vn 0.40557344 -0.83551738 -0.37070324
vn 0.44928699 -0.75639115 -0.47540891
vn 0.45787877 -0.75903583 -0.46283003
vn 0.47102992 -0.76663127 -0.43635687
vn 0.47733785 -0.78703884 -0.39079206
vn 0.48240534 -0.77498264 -0.40827319
vn 0.38066302 -0.83656872 -0.39401578
vn 0.38078069 -0.83913962 -0.38839512
vn 0.38198988 -0.83573772 -0.39449487
vn 0.38501232 -0.84636507 -0.36801044
vn 0.39857183 -0.84587080 -0.35446168
vn 0.39942495 -0.84555080 -0.35426480
vn 0.40557344 -0.83551738 -0.37070324
vn 0.37586278 -0.84866791 -0.37214238
vn 0.38078069 -0.83913962 -0.38839512
vn 0.38108803 -0.84863563 -0.36686438
vn 0.38501232 -0.84636507 -0.36801044
vn 0.36888236 -0.86126768 -0.34949075
vn 0.36922898 -0.86144258 -0.34869278
vn 0.37158608 -0.85466043 -0.36260080
vn 0.37201561 -0.86185565 -0.34468714
vn 0.37570879 -0.84876075 -0.37208615
vn 0.37586278 -0.84866791 -0.37214238
vn 0.38108803 -0.84863563 -0.36686438
vn 0.36888236 -0.86126768 -0.34949075
vn 0.36922898 -0.86144258 -0.34869278
vn -1.00000000 0.00000000 0.00000000
vn 0.00000000 1.00000000 -0.00000000
vn 0.00000000 0.00000000 -1.00000000
vn -0.50824586 0.83631911 0.20556384
vn -0.27143230 0.38043045 0.88407985
vn -0.29293793 0.41398017 0.86186297
vn -0.31383034 0.44539906 0.83852859
vn -0.42893484 0.60617480 0.66975146
vn -0.44415820 0.62673260 0.64025756
vn -1.00000000 0.00000000 0.00000000
vn 0.00000000 1.00000000 0.00000000
vn -0.31383034 0.44539906 0.83852859
vn -0.42893484 0.60617480 0.66975146
vn 0.00000000 0.00000000 -1.00000000
vn 0.44928699 -0.75639115 -0.47540891
vn 0.45787877 -0.75903583 -0.46283003
vn 0.47102992 -0.76663127 -0.43635687
vn 0.48142052 -0.74372179 -0.46380189
vn 0.48240534 -0.77498264 -0.40827319
vn 0.50353865 -0.72586173 -0.46858678
vn 0.50756215 -0.77311516 -0.38035986
vn 0.51126838 -0.72562854 -0.46050827
vn 0.52494723 -0.74096201 -0.41881465
vn 0.52529525 -0.75962610 -0.38344894
vn 0.52890716 -0.75377797 -0.38996922
vn 0.47733785 -0.78703884 -0.39079206
vn 0.48240534 -0.77498264 -0.40827319
vn 0.50098059 -0.78519613 -0.36398557
vn 0.50756215 -0.77311516 -0.38035986
vn 0.51060053 -0.77790893 -0.36625783
vn 0.39942495 -0.84555080 -0.35426480
vn 0.40557344 -0.83551738 -0.37070324
vn 0.43198097 -0.84287896 -0.32085433
vn 0.44412128 -0.83836067 -0.31608177
vn 0.47733785 -0.78703884 -0.39079206
vn 0.48482554 -0.80959596 -0.33090568
vn 0.50098059 -0.78519613 -0.36398557
vn 0.00000000 0.00000000 -1.00000000
vn 0.45787877 -0.75903583 -0.46283003
vn 0.47102992 -0.76663127 -0.43635687
vn 0.48142052 -0.74372179 -0.46380189
vn 0.39405868 -0.85421767 -0.33916063
vn 0.39857183 -0.84587080 -0.35446168
vn 0.39942495 -0.84555080 -0.35426480
vn 0.41500028 -0.85291761 -0.31671172
vn 0.43198097 -0.84287896 -0.32085433
vn 0.37201561 -0.86185565 -0.34468714
vn 0.37532153 -0.86499573 -0.33304074
vn 0.38108803 -0.84863563 -0.36686438
vn 0.38501232 -0.84636507 -0.36801044
vn 0.39405868 -0.85421767 -0.33916063
vn 0.39857183 -0.84587080 -0.35446168
vn 0.36922898 -0.86144258 -0.34869278
vn 0.37201561 -0.86185565 -0.34468714
vn 0.37451226 -0.86946672 -0.32213069
vn 0.37532153 -0.86499573 -0.33304074
vn -1.00000000 0.00000000 0.00000000
vn 0.00000000 1.00000000 -0.00000000
vn 0.00000000 0.00000000 -1.00000000
vn 0.66387611 -0.58238528 -0.46914379
vn -0.18039271 0.24479239 0.95264640
vn -0.27143230 0.38043045 0.88407985
vn -1.00000000 0.00000000 0.00000000
vn 0.00000000 1.00000000 0.00000000
vn 0.00954351 -0.01036725 0.99990072
vn 0.01307289 -0.01437679 0.99981119
vn 0.09918988 -0.10048416 0.98998197
vn 0.12043178 -0.11525982 0.98600779
vn 0.13616695 -0.12415303 0.98287567
vn 0.18735647 -0.13652650 0.97275797
vn -0.01677082 0.02224830 0.99961180
vn -0.18039271 0.24479239 0.95264640
vn -0.27143230 0.38043045 0.88407985
vn -0.29293793 0.41398017 0.86186297
vn 0.00000000 1.00000000 0.00000000
vn -0.29293793 0.41398017 0.86186297
vn -0.31383034 0.44539906 0.83852859
vn 0.52494723 -0.74096201 -0.41881465
vn 0.52890716 -0.75377797 -0.38996922
vn 0.52923628 -0.73036440 -0.43182960
vn 0.53157351 -0.75491541 -0.38409938
vn 0.53689170 -0.75434703 -0.37776693
vn 0.54686174 -0.74638957 -0.37926884
vn 0.54717136 -0.74352064 -0.38442236
vn 0.52529525 -0.75962610 -0.38344894
vn 0.52733686 -0.76257846 -0.37468644
vn 0.52890716 -0.75377797 -0.38996922
vn 0.53157351 -0.75491541 -0.38409938
vn 0.53347142 -0.75780644 -0.37568290
vn 0.50756215 -0.77311516 -0.38035986
vn 0.51060053 -0.77790893 -0.36625783
vn 0.51902605 -0.77557376 -0.35930113
vn 0.52529525 -0.75962610 -0.38344894
vn 0.52733686 -0.76257846 -0.37468644
vn 0.00000000 0.00000000 -1.00000000
vn 0.48142052 -0.74372179 -0.46380189
vn 0.50353865 -0.72586173 -0.46858678
vn 0.00000000 0.00000000 -1.00000000
vn 0.50353865 -0.72586173 -0.46858678
vn 0.51126838 -0.72562854 -0.46050827
vn 0.00000000 0.00000000 -1.00000000
vn 0.51126838 -0.72562854 -0.46050827
vn 0.51968153 -0.70986997 -0.47541112
vn 0.52494723 -0.74096201 -0.41881465
vn 0.52923628 -0.73036440 -0.43182960
vn 0.48482554 -0.80959596 -0.33090568
vn 0.48589152 -0.80949862 -0.32957764
vn 0.50098059 -0.78519613 -0.36398557
vn 0.51060053 -0.77790893 -0.36625783
vn 0.51902605 -0.77557376 -0.35930113
vn 0.52620122 -0.78078953 -0.33686790
vn 0.52632822 -0.77956984 -0.33948411
vn 0.44412128 -0.83836067 -0.31608177
vn 0.44912850 -0.83740060 -0.31151857
vn 0.47471213 -0.82468334 -0.30748299
vn 0.48482554 -0.80959596 -0.33090568
vn 0.48589152 -0.80949862 -0.32957764
vn 0.40335158 -0.86459770 -0.29963030
vn 0.40413216 -0.86627091 -0.29368676
vn 0.41500028 -0.85291761 -0.31671172
vn 0.43198097 -0.84287896 -0.32085433
vn 0.44412128 -0.83836067 -0.31608177
vn 0.44912850 -0.83740060 -0.31151857
vn 0.45001655 -0.83905637 -0.30572786
vn 0.37451226 -0.86946672 -0.32213069
vn 0.37532153 -0.86499573 -0.33304074
vn 0.37841347 -0.87353903 -0.30615813
vn 0.37892184 -0.87378346 -0.30482899
vn 0.38801574 -0.87303692 -0.29538164
vn 0.39405868 -0.85421767 -0.33916063
vn 0.40335158 -0.86459770 -0.29963030
vn 0.41500028 -0.85291761 -0.31671172
vn 0.37451226 -0.86946672 -0.32213069
vn 0.37841347 -0.87353903 -0.30615813
vn -1.00000000 0.00000000 0.00000000
vn 0.00000000 1.00000000 -0.00000000
vn 0.66333398 -0.58972023 -0.46067133
vn 0.66387611 -0.58238528 -0.46914379
vn 0.00000000 0.00000000 -1.00000000
vn 0.62962674 -0.60280998 -0.49009213
vn 0.65001325 -0.61259561 -0.44967699
vn 0.66333398 -0.58972023 -0.46067133
vn 0.66387611 -0.58238528 -0.46914379
vn 0.00901866 -0.32177839 0.94677206
vn 0.00951766 -0.03993972 0.99915676
vn -0.01677082 0.02224830 0.99961180
vn -0.18039271 0.24479239 0.95264640
vn -1.00000000 0.00000000 0.00000000
vn 0.00000000 1.00000000 0.00000000
vn 0.18735647 -0.13652650 0.97275797
vn 0.27920216 -0.20808254 0.93741550
vn 0.00951766 -0.03993972 0.99915676
vn 0.00954351 -0.01036725 0.99990072
vn 0.18546857 -0.36293105 0.91317165
vn 0.18546689 -0.38976210 0.90204631
vn -0.01677082 0.02224830 0.99961180
vn 0.00954351 -0.01036725 0.99990072
vn 0.01307289 -0.01437679 0.99981119
vn 0.06924796 -0.09866616 0.99270827
vn 0.18546857 -0.36293105 0.91317165
vn 0.19432605 -0.36229829 0.91157958
vn 0.19555728 -0.35439308 0.91441943
vn 0.01307289 -0.01437679 0.99981119
vn 0.06924796 -0.09866616 0.99270827
vn 0.09918988 -0.10048416 0.98998197
vn 0.13306659 -0.15183576 0.97940757
vn 0.14262051 -0.17149910 0.97480636
vn 0.09918988 -0.10048416 0.98998197
vn 0.12043178 -0.11525982 0.98600779
vn 0.13306659 -0.15183576 0.97940757
vn 0.39008171 -0.40588622 0.82649418
vn 0.39356050 -0.40560460 0.82498184
vn 0.39487342 -0.39047547 0.83162726
vn 0.12043178 -0.11525982 0.98600779
vn 0.13616695 -0.12415303 0.98287567
vn 0.39487342 -0.39047547 0.83162726
vn 0.40019058 -0.39001870 0.82929664
vn 0.13616695 -0.12415303 0.98287567
vn 0.18735647 -0.13652650 0.97275797
vn 0.27920216 -0.20808254 0.93741550
vn 0.28695133 -0.21687538 0.93307235
vn 0.40019058 -0.39001870 0.82929664
vn 0.40614592 -0.39261649 0.82516530
vn 0.40821622 -0.39242951 0.82423213
vn 0.41142641 -0.37502375 0.83071385
vn 0.51968153 -0.70986997 -0.47541112
vn 0.52923628 -0.73036440 -0.43182960
vn 0.52990914 -0.68539368 -0.49943149
vn 0.54717136 -0.74352064 -0.38442236
vn 0.56477601 -0.74122583 -0.36278414
vn 0.59796654 -0.62119180 -0.50651433
vn 0.61396228 -0.63008105 -0.47544525
vn 0.63441292 -0.67974232 -0.36806335
vn 0.63790284 -0.67488302 -0.37096209
vn 0.64345717 -0.65901063 -0.38944557
vn 0.54686174 -0.74638957 -0.37926884
vn 0.54717136 -0.74352064 -0.38442236
vn 0.56400234 -0.74409380 -0.35808627
vn 0.56442455 -0.74377145 -0.35809071
vn 0.56477601 -0.74122583 -0.36278414
vn 0.53557648 -0.75754372 -0.37320953
vn 0.53689170 -0.75434703 -0.37776693
vn 0.54673903 -0.76443966 -0.34162618
vn 0.54686174 -0.74638957 -0.37926884
vn 0.54741503 -0.76432594 -0.34079706
vn 0.55348480 -0.75957931 -0.34160481
vn 0.56400234 -0.74409380 -0.35808627
vn 0.53157351 -0.75491541 -0.38409938
vn 0.53347142 -0.75780644 -0.37568290
vn 0.53557648 -0.75754372 -0.37320953
vn 0.53689170 -0.75434703 -0.37776693
vn 0.51902605 -0.77557376 -0.35930113
vn 0.52632822 -0.77956984 -0.33948411
vn 0.52733686 -0.76257846 -0.37468644
vn 0.53321986 -0.77848334 -0.33111972
vn 0.53347142 -0.75780644 -0.37568290
vn 0.53557648 -0.75754372 -0.37320953
vn 0.54298444 -0.77110062 -0.33252328
vn 0.54673903 -0.76443966 -0.34162618
vn 0.00000000 0.00000000 -1.00000000
vn 0.51968153 -0.70986997 -0.47541112
vn 0.52990914 -0.68539368 -0.49943149
vn 0.52620122 -0.78078953 -0.33686790
vn 0.52632822 -0.77956984 -0.33948411
vn 0.53308513 -0.77968747 -0.32849307
vn 0.53321986 -0.77848334 -0.33111972
vn 0.47471213 -0.82468334 -0.30748299
vn 0.48047034 -0.82374687 -0.30098065
vn 0.48589152 -0.80949862 -0.32957764
vn 0.49549689 -0.81628038 -0.29693296
vn 0.52620122 -0.78078953 -0.33686790
vn 0.53213298 -0.79075543 -0.30255635
vn 0.53308513 -0.77968747 -0.32849307
vn 0.53821909 -0.78220844 -0.31379956
vn 0.44912850 -0.83740060 -0.31151857
vn 0.45001655 -0.83905637 -0.30572786
vn 0.45247696 -0.83871816 -0.30301228
vn 0.47029811 -0.82984632 -0.30029115
vn 0.47471213 -0.82468334 -0.30748299
vn 0.48047034 -0.82374687 -0.30098065
vn 0.40002420 -0.87031559 -0.28728281
vn 0.40413216 -0.86627091 -0.29368676
vn 0.40544874 -0.86974684 -0.28133920
vn 0.44554888 -0.84661930 -0.29107035
vn 0.44664051 -0.84574607 -0.29193464
vn 0.45001655 -0.83905637 -0.30572786
vn 0.45247696 -0.83871816 -0.30301228
vn 0.38801574 -0.87303692 -0.29538164
vn 0.38863347 -0.87442680 -0.29041659
vn 0.39370676 -0.87367966 -0.28579509
vn 0.40002420 -0.87031559 -0.28728281
vn 0.40335158 -0.86459770 -0.29963030
vn 0.40413216 -0.86627091 -0.29368676
vn 0.37892184 -0.87378346 -0.30482899
vn 0.37900828 -0.87402749 -0.30402084
vn 0.38002725 -0.87505739 -0.29975633
vn 0.38041874 -0.87537308 -0.29833462
vn 0.38801574 -0.87303692 -0.29538164
vn 0.38811011 -0.87463349 -0.29049406
vn 0.38863347 -0.87442680 -0.29041659
vn 0.37841347 -0.87353903 -0.30615813
vn 0.37892184 -0.87378346 -0.30482899
vn 0.37900828 -0.87402749 -0.30402084
vn -1.00000000 0.00000000 0.00000000
vn 0.00000000 1.00000000 -0.00000000
vn 0.65001325 -0.61259561 -0.44967699
vn 0.66333398 -0.58972023 -0.46067133
vn 0.66406743 -0.63734354 -0.39090621
vn 0.66419648 -0.63717596 -0.39096013
vn 0.61396228 -0.63008105 -0.47544525
vn 0.61805294 -0.61448054 -0.49033074
vn 0.62962674 -0.60280998 -0.49009213
vn 0.64345717 -0.65901063 -0.38944557
vn 0.64749221 -0.65844703 -0.38366828
vn 0.65001325 -0.61259561 -0.44967699
vn 0.66335135 -0.64250288 -0.38360791
vn 0.66406743 -0.63734354 -0.39090621
vn 0.00000000 0.00000000 -1.00000000
vn 0.61805294 -0.61448054 -0.49033074
vn 0.62962674 -0.60280998 -0.49009213
vn 0.00901866 -0.32177839 0.94677206
vn 0.00951766 -0.03993972 0.99915676
vn 0.13016285 -0.42798765 0.89436246
vn 0.18546689 -0.38976210 0.90204631
vn 0.18660996 -0.42407744 0.88619132
vn 0.18660451 -0.39438061 0.89980147
vn 0.18687347 -0.42261684 0.88683330
vn 0.00901866 -0.32177839 0.94677206
vn 0.12937152 -0.42858937 0.89418911
vn 0.13016285 -0.42798765 0.89436246
vn -1.00000000 0.00000000 0.00000000
vn 0.00000000 1.00000000 0.00000000
vn 0.27920216 -0.20808254 0.93741550
vn 0.28695133 -0.21687538 0.93307235
vn 0.41657301 -0.33569480 0.84485261
vn 0.18546857 -0.36293105 0.91317165
vn 0.18546689 -0.38976210 0.90204631
vn 0.18660451 -0.39438061 0.89980147
vn 0.19432605 -0.36229829 0.91157958
vn 0.26955456 -0.56409122 0.78047513
vn 0.27774631 -0.46719944 0.83939364
vn 0.29424027 -0.59534577 0.74765371
vn 0.19432605 -0.36229829 0.91157958
vn 0.19555728 -0.35439308 0.91441943
vn 0.27774631 -0.46719944 0.83939364
vn 0.27848300 -0.41731913 0.86503870
vn 0.29044995 -0.47111138 0.83288228
vn 0.06924796 -0.09866616 0.99270827
vn 0.14262051 -0.17149910 0.97480636
vn 0.19555728 -0.35439308 0.91441943
vn 0.27226448 -0.36981379 0.88831853
vn 0.27848300 -0.41731913 0.86503870
vn 0.28476776 -0.41651763 0.86337731
vn 0.28634124 -0.40498383 0.86832988
vn 0.13306659 -0.15183576 0.97940757
vn 0.14262051 -0.17149910 0.97480636
vn 0.27226448 -0.36981379 0.88831853
vn 0.35047317 -0.43352935 0.83019327
vn 0.38813016 -0.42660073 0.81692521
vn 0.39008171 -0.40588622 0.82649418
vn 0.38813016 -0.42660073 0.81692521
vn 0.39008171 -0.40588622 0.82649418
vn 0.39356050 -0.40560460 0.82498184
vn 0.44688408 -0.49552504 0.74481511
vn 0.46997957 -0.48179563 0.73958920
vn 0.48251079 -0.51095411 0.71141355
vn 0.39356050 -0.40560460 0.82498184
vn 0.39487342 -0.39047547 0.83162726
vn 0.40019058 -0.39001870 0.82929664
vn 0.40614592 -0.39261649 0.82516530
vn 0.46997957 -0.48179563 0.73958920
vn 0.48712442 -0.47400186 0.73350667
vn 0.49485909 -0.49234581 0.71603777
vn 0.28695133 -0.21687538 0.93307235
vn 0.41142641 -0.37502375 0.83071385
vn 0.41657301 -0.33569480 0.84485261
vn 0.41893200 -0.34088268 0.84160263
vn 0.42890873 -0.37890897 0.82003981
vn 0.40614592 -0.39261649 0.82516530
vn 0.40821622 -0.39242951 0.82423213
vn 0.48712442 -0.47400186 0.73350667
vn 0.50285621 -0.47545801 0.72185547
vn 0.50565786 -0.48198840 0.71553987
vn 0.40821622 -0.39242951 0.82423213
vn 0.41142641 -0.37502375 0.83071385
vn 0.42890873 -0.37890897 0.82003981
vn 0.50285621 -0.47545801 0.72185547
vn 0.56260973 -0.48415052 0.67012578
vn 0.63790284 -0.67488302 -0.37096209
vn 0.64345717 -0.65901063 -0.38944557
vn 0.64749221 -0.65844703 -0.38366828
vn 0.64950015 -0.66235671 -0.37340747
vn 0.62009576 -0.70822222 -0.33749449
vn 0.62062764 -0.70812496 -0.33672002
vn 0.63441292 -0.67974232 -0.36806335
vn 0.63790284 -0.67488302 -0.37096209
vn 0.64950015 -0.66235671 -0.37340747
vn 0.66137274 -0.65621481 -0.36327430
vn 0.66594755 -0.66518660 -0.33769905
vn 0.66663881 -0.66151833 -0.34349118
vn 0.56442455 -0.74377145 -0.35809071
vn 0.56477601 -0.74122583 -0.36278414
vn 0.58944536 -0.73378789 -0.33780098
vn 0.59898468 -0.72824836 -0.33297399
vn 0.62009576 -0.70822222 -0.33749449
vn 0.63441292 -0.67974232 -0.36806335
vn 0.00000000 0.00000000 -1.00000000
vn 0.52990914 -0.68539368 -0.49943149
vn 0.59796654 -0.62119180 -0.50651433
vn 0.00000000 0.00000000 -1.00000000
vn 0.59796654 -0.62119180 -0.50651433
vn 0.61396228 -0.63008105 -0.47544525
vn 0.61805294 -0.61448054 -0.49033074
vn 0.55348480 -0.75957931 -0.34160481
vn 0.55515625 -0.76187315 -0.33369274
vn 0.56400234 -0.74409380 -0.35808627
vn 0.56442455 -0.74377145 -0.35809071
vn 0.58944536 -0.73378789 -0.33780098
vn 0.54741503 -0.76432594 -0.34079706
vn 0.54931979 -0.76888895 -0.32719650
vn 0.55092584 -0.76834021 -0.32578219
vn 0.55348480 -0.75957931 -0.34160481
vn 0.55515625 -0.76187315 -0.33369274
vn 0.54298444 -0.77110062 -0.33252328
vn 0.54673903 -0.76443966 -0.34162618
vn 0.54738790 -0.77048752 -0.32667335
vn 0.54741503 -0.76432594 -0.34079706
vn 0.54931979 -0.76888895 -0.32719650
vn 0.53308513 -0.77968747 -0.32849307
vn 0.53321986 -0.77848334 -0.33111972
vn 0.53821909 -0.78220844 -0.31379956
vn 0.53937580 -0.78183420 -0.31274435
vn 0.53948655 -0.78174523 -0.31277572
vn 0.54298444 -0.77110062 -0.33252328
vn 0.54738790 -0.77048752 -0.32667335
vn 0.53213298 -0.79075543 -0.30255635
vn 0.53245424 -0.79123282 -0.30073760
vn 0.53821909 -0.78220844 -0.31379956
vn 0.53937580 -0.78183420 -0.31274435
vn 0.54063772 -0.78521989 -0.30189500
vn 0.49549689 -0.81628038 -0.29693296
vn 0.51019544 -0.80931737 -0.29104298
vn 0.52821026 -0.79611643 -0.29528386
vn 0.53213298 -0.79075543 -0.30255635
vn 0.53245424 -0.79123282 -0.30073760
vn 0.43239777 -0.86038994 -0.26974308
vn 0.43817616 -0.85965940 -0.26265447
vn 0.44554888 -0.84661930 -0.29107035
vn 0.44664051 -0.84574607 -0.29193464
vn 0.47029811 -0.82984632 -0.30029115
vn 0.48047034 -0.82374687 -0.30098065
vn 0.49549689 -0.81628038 -0.29693296
vn 0.51019544 -0.80931737 -0.29104298
vn 0.51782364 -0.80936144 -0.27711504
vn 0.51893969 -0.80737925 -0.28078524
vn 0.44664051 -0.84574607 -0.29193464
vn 0.45247696 -0.83871816 -0.30301228
vn 0.47029811 -0.82984632 -0.30029115
vn 0.40324891 -0.87303759 -0.27421832
vn 0.40544874 -0.86974684 -0.28133920
vn 0.41351993 -0.87143670 -0.26381690
vn 0.43239777 -0.86038994 -0.26974308
vn 0.44554888 -0.84661930 -0.29107035
vn 0.39370676 -0.87367966 -0.28579509
vn 0.39483817 -0.87530837 -0.27917391
vn 0.39842924 -0.87482265 -0.27557118
vn 0.40002420 -0.87031559 -0.28728281
vn 0.40324891 -0.87303759 -0.27421832
vn 0.40544874 -0.86974684 -0.28133920
vn 0.38582729 -0.87729266 -0.28547309
vn 0.38811011 -0.87463349 -0.29049406
vn 0.38863347 -0.87442680 -0.29041659
vn 0.39218696 -0.87678232 -0.27828429
vn 0.39370676 -0.87367966 -0.28579509
vn 0.39483817 -0.87530837 -0.27917391
vn 0.37875174 -0.87718760 -0.29510851
vn 0.38041874 -0.87537308 -0.29833462
vn 0.38382750 -0.87806457 -0.28579548
vn 0.38446950 -0.87801369 -0.28508801
vn 0.38582729 -0.87729266 -0.28547309
vn 0.38811011 -0.87463349 -0.29049406
vn 0.37865644 -0.87722053 -0.29513292
vn 0.37875174 -0.87718760 -0.29510851
vn 0.38002725 -0.87505739 -0.29975633
vn 0.38041874 -0.87537308 -0.29833462
vn 0.37865644 -0.87722053 -0.29513292
vn 0.37900828 -0.87402749 -0.30402084
vn 0.38002725 -0.87505739 -0.29975633
vn -1.00000000 0.00000000 0.00000000
vn 0.00000000 1.00000000 -0.00000000
vn 0.66419648 -0.63717596 -0.39096013
vn 0.68301612 -0.61732445 -0.39038379
vn 0.66335135 -0.64250288 -0.38360791
vn 0.66406743 -0.63734354 -0.39090621
vn 0.66419648 -0.63717596 -0.39096013
vn 0.66575367 -0.64767557 -0.37052449
vn 0.67735260 -0.64252081 -0.35827428
vn 0.68301612 -0.61732445 -0.39038379
vn 0.68709429 -0.61668695 -0.38418569
vn 0.64749221 -0.65844703 -0.38366828
vn 0.64950015 -0.66235671 -0.37340747
vn 0.66137274 -0.65621481 -0.36327430
vn 0.66335135 -0.64250288 -0.38360791
vn 0.66575367 -0.64767557 -0.37052449
vn 0.12937152 -0.42858937 0.89418911
vn 0.13016285 -0.42798765 0.89436246
vn 0.18660996 -0.42407744 0.88619132
vn 0.18745060 -0.42523810 0.88545741
vn 0.23760815 -0.87600711 0.41970694
vn 0.25374592 -0.87898418 0.40373236
vn 0.25691105 -0.56921800 0.78101702
vn 0.18660996 -0.42407744 0.88619132
vn 0.18687347 -0.42261684 0.88683330
vn 0.18745060 -0.42523810 0.88545741
vn 0.18660451 -0.39438061 0.89980147
vn 0.18687347 -0.42261684 0.88683330
vn 0.18745060 -0.42523810 0.88545741
vn 0.25691105 -0.56921800 0.78101702
vn 0.26955456 -0.56409122 0.78047513
vn 0.27183129 -0.58872114 0.76125893
vn 0.12937152 -0.42858937 0.89418911
vn 0.23760815 -0.87600711 0.41970694
vn -1.00000000 0.00000000 0.00000000
vn 0.00000000 1.00000000 0.00000000
vn 0.41657301 -0.33569480 0.84485261
vn 0.41893200 -0.34088268 0.84160263
vn 0.86865533 -0.40344114 0.28752941
vn 0.26955456 -0.56409122 0.78047513
vn 0.27183129 -0.58872114 0.76125893
vn 0.29424027 -0.59534577 0.74765371
vn 0.40616025 -0.86172615 0.30407548
vn 0.42140626 -0.84348968 0.33307946
vn 0.27774631 -0.46719944 0.83939364
vn 0.29044995 -0.47111138 0.83288228
vn 0.29424027 -0.59534577 0.74765371
vn 0.38889947 -0.59818310 0.70066695
vn 0.42140626 -0.84348968 0.33307946
vn 0.46823846 -0.85513244 0.22248878
vn 0.50394863 -0.83321893 0.22755655
vn 0.50401024 -0.83316059 0.22763372
vn 0.27848300 -0.41731913 0.86503870
vn 0.28476776 -0.41651763 0.86337731
vn 0.29044995 -0.47111138 0.83288228
vn 0.36059355 -0.50447150 0.78452584
vn 0.38303581 -0.54204061 0.74798098
vn 0.38889947 -0.59818310 0.70066695
vn 0.28476776 -0.41651763 0.86337731
vn 0.28634124 -0.40498383 0.86832988
vn 0.35140619 -0.47403802 0.80734233
vn 0.36059355 -0.50447150 0.78452584
vn 0.27226448 -0.36981379 0.88831853
vn 0.28634124 -0.40498383 0.86832988
vn 0.35047317 -0.43352935 0.83019327
vn 0.35140619 -0.47403802 0.80734233
vn 0.36006633 -0.47651315 0.80205203
vn 0.35047317 -0.43352935 0.83019327
vn 0.36006633 -0.47651315 0.80205203
vn 0.38813016 -0.42660073 0.81692521
vn 0.44688408 -0.49552504 0.74481511
vn 0.45751351 -0.60481130 0.65183179
vn 0.44688408 -0.49552504 0.74481511
vn 0.45751351 -0.60481130 0.65183179
vn 0.48005406 -0.64815337 0.59113899
vn 0.48251079 -0.51095411 0.71141355
vn 0.57832186 -0.80535166 0.13020184
vn 0.57840768 -0.80536167 0.12975804
vn 0.60707564 -0.79347234 0.04313710
vn 0.61746626 -0.78614220 0.02675574
vn 0.69145502 -0.72191400 0.02702095
vn 0.69173579 -0.72162385 0.02757921
vn 0.69540876 -0.71729491 0.04352772
vn 0.46997957 -0.48179563 0.73958920
vn 0.48251079 -0.51095411 0.71141355
vn 0.49485909 -0.49234581 0.71603777
vn 0.69540876 -0.71729491 0.04352772
vn 0.70737949 -0.70549356 0.04350957
vn 0.48712442 -0.47400186 0.73350667
vn 0.49485909 -0.49234581 0.71603777
vn 0.50565786 -0.48198840 0.71553987
vn 0.70737949 -0.70549356 0.04350957
vn 0.70999275 -0.70336946 0.03437580
vn 0.71113675 -0.70231308 0.03226251
vn 0.71583236 -0.69752703 0.03225021
vn 0.41893200 -0.34088268 0.84160263
vn 0.42890873 -0.37890897 0.82003981
vn 0.56260973 -0.48415052 0.67012578
vn 0.77840272 -0.58335948 0.23190716
vn 0.78564340 -0.57694477 0.22338125
vn 0.79243821 -0.56792880 0.22248271
vn 0.86865533 -0.40344114 0.28752941
vn 0.50285621 -0.47545801 0.72185547
vn 0.50565786 -0.48198840 0.71553987
vn 0.56260973 -0.48415052 0.67012578
vn 0.71583236 -0.69752703 0.03225021
vn 0.72130775 -0.69252098 0.01139382
vn 0.72359921 -0.69018598 0.00689140
vn 0.74622190 -0.66566135 0.00691746
vn 0.75070757 -0.66043664 0.01617354
vn 0.77840272 -0.58335948 0.23190716
vn 0.66137274 -0.65621481 -0.36327430
vn 0.66575367 -0.64767557 -0.37052449
vn 0.66663881 -0.66151833 -0.34349118
vn 0.66970549 -0.66093311 -0.33861775
vn 0.67710179 -0.65339945 -0.33852965
vn 0.67735260 -0.64252081 -0.35827428
vn 0.67776466 -0.64237500 -0.35775609
vn 0.67862894 -0.64514822 -0.35106486
vn 0.66594755 -0.66518660 -0.33769905
vn 0.66663881 -0.66151833 -0.34349118
vn 0.66898324 -0.66458950 -0.33283964
vn 0.66970549 -0.66093311 -0.33861775
vn 0.61527358 -0.72019784 -0.32055185
vn 0.61770377 -0.71963233 -0.31712990
vn 0.62062764 -0.70812496 -0.33672002
vn 0.63854576 -0.70563522 -0.30714533
vn 0.64215650 -0.70292574 -0.30582746
vn 0.66594755 -0.66518660 -0.33769905
vn 0.66898324 -0.66458950 -0.33283964
vn 0.67424115 -0.67207875 -0.30611928
vn 0.67491036 -0.67062380 -0.30783067
vn 0.59898468 -0.72824836 -0.33297399
vn 0.60547695 -0.72692673 -0.32399876
vn 0.61527358 -0.72019784 -0.32055185
vn 0.62009576 -0.70822222 -0.33749449
vn 0.62062764 -0.70812496 -0.33672002
vn 0.55092584 -0.76834021 -0.32578219
vn 0.55515625 -0.76187315 -0.33369274
vn 0.55638261 -0.77103639 -0.30974390
vn 0.56024172 -0.77022761 -0.30475996
vn 0.58944536 -0.73378789 -0.33780098
vn 0.59372678 -0.74321574 -0.30841348
vn 0.59898468 -0.72824836 -0.33297399
vn 0.60192539 -0.73421285 -0.31403393
vn 0.60547695 -0.72692673 -0.32399876
vn 0.53948655 -0.78174523 -0.31277572
vn 0.54470595 -0.78093348 -0.30567685
vn 0.54738790 -0.77048752 -0.32667335
vn 0.54931979 -0.76888895 -0.32719650
vn 0.55092584 -0.76834021 -0.32578219
vn 0.55621013 -0.77219078 -0.30716722
vn 0.55638261 -0.77103639 -0.30974390
vn 0.53937580 -0.78183420 -0.31274435
vn 0.53948655 -0.78174523 -0.31277572
vn 0.54063772 -0.78521989 -0.30189500
vn 0.54219749 -0.78486329 -0.30001916
vn 0.54470595 -0.78093348 -0.30567685
vn 0.52821026 -0.79611643 -0.29528386
vn 0.53025930 -0.79575742 -0.29256659
vn 0.53245424 -0.79123282 -0.30073760
vn 0.54063772 -0.78521989 -0.30189500
vn 0.54219749 -0.78486329 -0.30001916
vn 0.54411738 -0.78563780 -0.29446482
vn 0.51019544 -0.80931737 -0.29104298
vn 0.51893969 -0.80737925 -0.28078524
vn 0.52474568 -0.80425027 -0.27896859
vn 0.52821026 -0.79611643 -0.29528386
vn 0.53025930 -0.79575742 -0.29256659
vn 0.51782364 -0.80936144 -0.27711504
vn 0.51893969 -0.80737925 -0.28078524
vn 0.52474568 -0.80425027 -0.27896859
vn 0.52889253 -0.80694244 -0.26290032
vn 0.53364085 -0.80207107 -0.26815935
vn 0.53442646 -0.80295959 -0.26390198
vn 0.43616305 -0.86191361 -0.25858601
vn 0.43793237 -0.86157311 -0.25672361
vn 0.43817616 -0.85965940 -0.26265447
vn 0.45670747 -0.85309588 -0.25228100
vn 0.48673736 -0.83790134 -0.24699814
vn 0.51782364 -0.80936144 -0.27711504
vn 0.51978549 -0.81632671 -0.25186058
vn 0.52281204 -0.81375532 -0.25390914
vn 0.52889253 -0.80694244 -0.26290032
vn 0.41351993 -0.87143670 -0.26381690
vn 0.41356345 -0.87150863 -0.26351088
vn 0.41525401 -0.87119283 -0.26189150
vn 0.43239777 -0.86038994 -0.26974308
vn 0.43616305 -0.86191361 -0.25858601
vn 0.43817616 -0.85965940 -0.26265447
vn 0.39672798 -0.87719701 -0.27042988
vn 0.39842924 -0.87482265 -0.27557118
vn 0.40324891 -0.87303759 -0.27421832
vn 0.40477687 -0.87623488 -0.26147298
vn 0.41351993 -0.87143670 -0.26381690
vn 0.41356345 -0.87150863 -0.26351088
vn 0.38813135 -0.88076621 -0.27130232
vn 0.38843237 -0.88098200 -0.27016847
vn 0.38974993 -0.88087832 -0.26860450
vn 0.39218696 -0.87678232 -0.27828429
vn 0.39483817 -0.87530837 -0.27917391
vn 0.39672798 -0.87719701 -0.27042988
vn 0.39842924 -0.87482265 -0.27557118
vn 0.38309985 -0.88096902 -0.27771945
vn 0.38374323 -0.88114948 -0.27625483
vn 0.38411710 -0.87845528 -0.28420130
vn 0.38446950 -0.87801369 -0.28508801
vn 0.38494903 -0.88116463 -0.27452349
vn 0.38582729 -0.87729266 -0.28547309
vn 0.38813135 -0.88076621 -0.27130232
vn 0.39218696 -0.87678232 -0.27828429
vn 0.38382750 -0.87806457 -0.28579548
vn 0.38411710 -0.87845528 -0.28420130
vn 0.38446950 -0.87801369 -0.28508801
vn 0.37865644 -0.87722053 -0.29513292
vn 0.37875174 -0.87718760 -0.29510851
vn 0.38309985 -0.88096902 -0.27771945
vn 0.38382750 -0.87806457 -0.28579548
vn 0.38411710 -0.87845528 -0.28420130
vn -1.00000000 0.00000000 0.00000000
vn 0.00000000 1.00000000 -0.00000000
vn 0.68301612 -0.61732445 -0.39038379
vn 0.68709429 -0.61668695 -0.38418569
vn 0.00000000 1.00000000 -0.00000000
vn 0.67735260 -0.64252081 -0.35827428
vn 0.67776466 -0.64237500 -0.35775609
vn 0.68709429 -0.61668695 -0.38418569
vn 0.23760815 -0.87600711 0.41970694
vn 0.25374592 -0.87898418 0.40373236
vn 0.27414550 -0.90220502 0.33297198
vn -1.00000000 0.00000000 0.00000000
vn 0.25374592 -0.87898418 0.40373236
vn 0.25691105 -0.56921800 0.78101702
vn 0.27183129 -0.58872114 0.76125893
vn 0.27414550 -0.90220502 0.33297198
vn 0.33151581 -0.91181035 0.24227907
vn 0.38502561 -0.90598030 0.17594025
vn 0.40161586 -0.89816701 0.17888748
vn 0.40616025 -0.86172615 0.30407548
vn 0.00000000 1.00000000 0.00000000
vn 0.79243821 -0.56792880 0.22248271
vn 0.79422962 -0.56921267 -0.21259409
vn 0.79922603 -0.56119664 -0.21516525
vn 0.86865533 -0.40344114 0.28752941
vn 0.40161586 -0.89816701 0.17888748
vn 0.40575684 -0.90167355 0.14948646
vn 0.40616025 -0.86172615 0.30407548
vn 0.41854642 -0.90674437 0.05131801
vn 0.42038407 -0.90605566 0.04837749
vn 0.42140626 -0.84348968 0.33307946
vn 0.43352717 -0.89981134 0.04892584
vn 0.46324016 -0.87969724 0.10743051
vn 0.46823846 -0.85513244 0.22248878
vn 0.46324016 -0.87969724 0.10743051
vn 0.46823846 -0.85513244 0.22248878
vn 0.47165899 -0.88178024 -0.00118332
vn 0.50394863 -0.83321893 0.22755655
vn 0.51033413 -0.84391925 -0.16540668
vn 0.51041669 -0.84391309 -0.16518322
vn 0.50394863 -0.83321893 0.22755655
vn 0.50401024 -0.83316059 0.22763372
vn 0.51041669 -0.84391309 -0.16518322
vn 0.54112677 -0.82824370 0.14558226
vn 0.54475823 -0.83380199 -0.08951380
vn 0.38303581 -0.54204061 0.74798098
vn 0.38889947 -0.59818310 0.70066695
vn 0.48005406 -0.64815337 0.59113899
vn 0.50401024 -0.83316059 0.22763372
vn 0.54112677 -0.82824370 0.14558226
vn 0.55326049 -0.82298991 0.12880386
vn 0.57832186 -0.80535166 0.13020184
vn 0.35140619 -0.47403802 0.80734233
vn 0.36006633 -0.47651315 0.80205203
vn 0.36059355 -0.50447150 0.78452584
vn 0.38303581 -0.54204061 0.74798098
vn 0.45751351 -0.60481130 0.65183179
vn 0.48005406 -0.64815337 0.59113899
vn 0.55326049 -0.82298991 0.12880386
vn 0.55637217 -0.82761863 -0.07414453
vn 0.57832186 -0.80535166 0.13020184
vn 0.57840768 -0.80536167 0.12975804
vn 0.58169936 -0.80994494 -0.07493365
vn 0.57840768 -0.80536167 0.12975804
vn 0.58169936 -0.80994494 -0.07493365
vn 0.58341354 -0.80791663 -0.08306238
vn 0.60707564 -0.79347234 0.04313710
vn 0.60762972 -0.79419655 -0.00616151
vn 0.60707564 -0.79347234 0.04313710
vn 0.60762972 -0.79419655 -0.00616151
vn 0.61746626 -0.78614220 0.02675574
vn 0.61765846 -0.78638691 0.00967758
vn 0.61746626 -0.78614220 0.02675574
vn 0.61765846 -0.78638691 0.00967758
vn 0.69145502 -0.72191400 0.02702095
vn 0.69167372 -0.72214232 0.00989603
vn 0.69145502 -0.72191400 0.02702095
vn 0.69167372 -0.72214232 0.00989603
vn 0.69173579 -0.72162385 0.02757921
vn 0.69196870 -0.72186681 0.00936088
vn 0.69173579 -0.72162385 0.02757921
vn 0.69196870 -0.72186681 0.00936088
vn 0.69540876 -0.71729491 0.04352772
vn 0.69767084 -0.71631437 -0.01221169
vn 0.70737949 -0.70549356 0.04350957
vn 0.70999275 -0.70336946 0.03437580
vn 0.71035983 -0.70373312 -0.01219086
vn 0.70999275 -0.70336946 0.03437580
vn 0.71035983 -0.70373312 -0.01219086
vn 0.71113675 -0.70231308 0.03226251
vn 0.71143519 -0.70260782 -0.01422058
vn 0.71113675 -0.70231308 0.03226251
vn 0.71144484 -0.70259730 -0.01425762
vn 0.71143519 -0.70260782 -0.01422058
vn 0.71583236 -0.69752703 0.03225021
vn 0.71935216 -0.69449913 -0.01426277
vn 0.72133941 -0.69255139 -0.00648258
vn 0.72130775 -0.69252098 0.01139382
vn 0.75070757 -0.66043664 0.01617354
vn 0.75075802 -0.66048103 -0.01127886
vn 0.77840272 -0.58335948 0.23190716
vn 0.77878445 -0.59088334 -0.21059833
vn 0.78564340 -0.57694477 0.22338125
vn 0.78810192 -0.57875021 -0.20962718
vn 0.78564340 -0.57694477 0.22338125
vn 0.78810192 -0.57875021 -0.20962718
vn 0.79119649 -0.57330235 -0.21291437
vn 0.79243821 -0.56792880 0.22248271
vn 0.79422962 -0.56921267 -0.21259409
vn 0.72133941 -0.69255139 -0.00648258
vn 0.72130775 -0.69252098 0.01139382
vn 0.72359921 -0.69018598 0.00689140
vn 0.72361492 -0.69020097 -0.00201411
vn 0.72359921 -0.69018598 0.00689140
vn 0.72361492 -0.69020097 -0.00201411
vn 0.74622190 -0.66566135 0.00691746
vn 0.74623814 -0.66567584 -0.00207708
vn 0.74622190 -0.66566135 0.00691746
vn 0.74623814 -0.66567584 -0.00207708
vn 0.75070757 -0.66043664 0.01617354
vn 0.75075802 -0.66048103 -0.01127886
vn 0.00000000 1.00000000 -0.00000000
vn 0.67776466 -0.64237500 -0.35775609
vn 0.67862894 -0.64514822 -0.35106486
vn 0.67959832 -0.64497296 -0.34950824
vn 0.67710179 -0.65339945 -0.33852965
vn 0.67809194 -0.65320966 -0.33691017
vn 0.67862894 -0.64514822 -0.35106486
vn 0.67959832 -0.64497296 -0.34950824
vn 0.66898324 -0.66458950 -0.33283964
vn 0.66970549 -0.66093311 -0.33861775
vn 0.67491036 -0.67062380 -0.30783067
vn 0.67710179 -0.65339945 -0.33852965
vn 0.67772012 -0.66931108 -0.30449651
vn 0.67809194 -0.65320966 -0.33691017
vn 0.68276728 -0.66417733 -0.30446235
vn 0.68559296 -0.65766974 -0.31214228
vn 0.60192539 -0.73421285 -0.31403393
vn 0.60547695 -0.72692673 -0.32399876
vn 0.61527358 -0.72019784 -0.32055185
vn 0.61770377 -0.71963233 -0.31712990
vn 0.67424115 -0.67207875 -0.30611928
vn 0.67491036 -0.67062380 -0.30783067
vn 0.67657596 -0.67440607 -0.29567114
vn 0.67772012 -0.66931108 -0.30449651
vn 0.67969755 -0.67126397 -0.29566186
vn 0.64215650 -0.70292574 -0.30582746
vn 0.66609321 -0.68559979 -0.29372224
vn 0.67424115 -0.67207875 -0.30611928
vn 0.67490009 -0.67691471 -0.29376239
vn 0.67657596 -0.67440607 -0.29567114
vn 0.56664246 -0.77504772 -0.27967366
vn 0.56905623 -0.77590904 -0.27228691
vn 0.57230515 -0.76681492 -0.29062294
vn 0.57437401 -0.77446007 -0.26515295
vn 0.58646398 -0.76752455 -0.25877804
vn 0.59014646 -0.74796875 -0.30375961
vn 0.63854576 -0.70563522 -0.30714533
vn 0.64215650 -0.70292574 -0.30582746
vn 0.66609321 -0.68559979 -0.29372224
vn 0.66947601 -0.69475957 -0.26288972
vn 0.67450694 -0.68181631 -0.28313760
vn 0.67489449 -0.68800323 -0.26677516
vn 0.67620694 -0.68348794 -0.27493348
vn 0.59014646 -0.74796875 -0.30375961
vn 0.59372678 -0.74321574 -0.30841348
vn 0.60192539 -0.73421285 -0.31403393
vn 0.61770377 -0.71963233 -0.31712990
vn 0.63854576 -0.70563522 -0.30714533
vn 0.56006052 -0.77138134 -0.30216393
vn 0.56024172 -0.77022761 -0.30475996
vn 0.56402209 -0.77318992 -0.28992487
vn 0.56421412 -0.77311737 -0.28974463
vn 0.57230515 -0.76681492 -0.29062294
vn 0.59014646 -0.74796875 -0.30375961
vn 0.59372678 -0.74321574 -0.30841348
vn 0.55621013 -0.77219078 -0.30716722
vn 0.55638261 -0.77103639 -0.30974390
vn 0.56006052 -0.77138134 -0.30216393
vn 0.56024172 -0.77022761 -0.30475996
vn 0.54219749 -0.78486329 -0.30001916
vn 0.54411738 -0.78563780 -0.29446482
vn 0.54470595 -0.78093348 -0.30567685
vn 0.55332454 -0.78353380 -0.28267781
vn 0.55621013 -0.77219078 -0.30716722
vn 0.56006052 -0.77138134 -0.30216393
vn 0.56054058 -0.77807842 -0.28352818
vn 0.56402209 -0.77318992 -0.28992487
vn 0.52474568 -0.80425027 -0.27896859
vn 0.53025930 -0.79575742 -0.29256659
vn 0.53364085 -0.80207107 -0.26815935
vn 0.54411738 -0.78563780 -0.29446482
vn 0.55090208 -0.78958002 -0.27031519
vn 0.55332454 -0.78353380 -0.28267781
vn 0.55545287 -0.78388626 -0.27747872
vn 0.53364085 -0.80207107 -0.26815935
vn 0.53442646 -0.80295959 -0.26390198
vn 0.53880774 -0.80114173 -0.26049597
vn 0.54744553 -0.79463283 -0.26241582
vn 0.55090208 -0.78958002 -0.27031519
vn 0.55137838 -0.79026268 -0.26733272
vn 0.52281204 -0.81375532 -0.25390914
vn 0.52889253 -0.80694244 -0.26290032
vn 0.53442646 -0.80295959 -0.26390198
vn 0.53880774 -0.80114173 -0.26049597
vn 0.53929707 -0.80224638 -0.25604573
vn 0.41525401 -0.87119283 -0.26189150
vn 0.41555312 -0.87182036 -0.25931616
vn 0.43333389 -0.86397463 -0.25645580
vn 0.43616305 -0.86191361 -0.25858601
vn 0.43793237 -0.86157311 -0.25672361
vn 0.51427240 -0.82176361 -0.24541488
vn 0.51934503 -0.82067282 -0.23827894
vn 0.51978549 -0.81632671 -0.25186058
vn 0.52281204 -0.81375532 -0.25390914
vn 0.53929707 -0.80224638 -0.25604573
vn 0.54319567 -0.80419957 -0.24124990
vn 0.54352366 -0.80098461 -0.25100934
vn 0.54493218 -0.80126784 -0.24701979
vn 0.48673736 -0.83790134 -0.24699814
vn 0.50295251 -0.82953105 -0.24272827
vn 0.51427240 -0.82176361 -0.24541488
vn 0.51978549 -0.81632671 -0.25186058
vn 0.39942747 -0.88750480 -0.22976713
vn 0.40452028 -0.88666422 -0.22403102
vn 0.40725680 -0.88076421 -0.24165325
vn 0.45670747 -0.85309588 -0.25228100
vn 0.48673736 -0.83790134 -0.24699814
vn 0.49711770 -0.84119333 -0.21276226
vn 0.50060346 -0.83905893 -0.21301710
vn 0.50295251 -0.82953105 -0.24272827
vn 0.50404433 -0.83687449 -0.21349565
vn 0.50962993 -0.82660268 -0.23875792
vn 0.51497486 -0.82843909 -0.22020347
vn 0.51889899 -0.82404151 -0.22737507
vn 0.40716391 -0.88056331 -0.24254031
vn 0.40725680 -0.88076421 -0.24165325
vn 0.41452927 -0.87471525 -0.25107511
vn 0.43333389 -0.86397463 -0.25645580
vn 0.43793237 -0.86157311 -0.25672361
vn 0.45670747 -0.85309588 -0.25228100
vn 0.40118468 -0.87941415 -0.25628425
vn 0.40123757 -0.87953010 -0.25580309
vn 0.40477687 -0.87623488 -0.26147298
vn 0.41356345 -0.87150863 -0.26351088
vn 0.41525401 -0.87119283 -0.26189150
vn 0.41540629 -0.87192640 -0.25919483
vn 0.41555312 -0.87182036 -0.25931616
vn 0.38821106 -0.88297934 -0.26389326
vn 0.38862301 -0.88199573 -0.26656274
vn 0.38900882 -0.88323186 -0.26186564
vn 0.38974993 -0.88087832 -0.26860450
vn 0.39556332 -0.88235335 -0.25491613
vn 0.39672798 -0.87719701 -0.27042988
vn 0.40118468 -0.87941415 -0.25628425
vn 0.40477687 -0.87623488 -0.26147298
vn 0.38843237 -0.88098200 -0.27016847
vn 0.38862301 -0.88199573 -0.26656274
vn 0.38974993 -0.88087832 -0.26860450
vn 0.38494903 -0.88116463 -0.27452349
vn 0.38597789 -0.88351974 -0.26535624
vn 0.38813135 -0.88076621 -0.27130232
vn 0.38820851 -0.88297717 -0.26390429
vn 0.38843237 -0.88098200 -0.27016847
vn 0.38862301 -0.88199573 -0.26656274
vn 0.38374323 -0.88114948 -0.27625483
vn 0.38494903 -0.88116463 -0.27452349
vn 0.38597789 -0.88351974 -0.26535624
vn -1.00000000 0.00000000 0.00000000
vn 0.38309985 -0.88096902 -0.27771945
vn 0.38374323 -0.88114948 -0.27625483
vn -1.00000000 0.00000000 0.00000000
vn 0.27414550 -0.90220502 0.33297198
vn 0.33151581 -0.91181035 0.24227907
vn 0.33631934 -0.92502212 -0.17670137
vn -1.00000000 0.00000000 0.00000000
vn 0.33151581 -0.91181035 0.24227907
vn 0.33631934 -0.92502212 -0.17670137
vn 0.33831593 -0.92381719 -0.17917624
vn 0.38502561 -0.90598030 0.17594025
vn 0.38757759 -0.91339745 -0.12445364
vn 0.38828507 -0.91364994 -0.12032657
vn 0.38502561 -0.90598030 0.17594025
vn 0.38828507 -0.91364994 -0.12032657
vn 0.40161586 -0.89816701 0.17888748
vn 0.40575684 -0.90167355 0.14948646
vn 0.41036657 -0.91191730 -0.00247228
vn -0.00000000 1.00000000 -0.00000000
vn 0.79922603 -0.56119664 -0.21516525
vn 0.80072975 -0.55804189 -0.21776390
vn 0.79073136 -0.57296532 -0.21553342
vn 0.79119649 -0.57330235 -0.21291437
vn 0.79422962 -0.56921267 -0.21259409
vn 0.79922603 -0.56119664 -0.21516525
vn 0.80072975 -0.55804189 -0.21776390
vn 0.40575684 -0.90167355 0.14948646
vn 0.41036657 -0.91191730 -0.00247228
vn 0.41086112 -0.91169795 0.00000000
vn 0.41847387 -0.90707522 0.04576200
vn 0.41854642 -0.90674437 0.05131801
vn 0.41847387 -0.90707522 0.04576200
vn 0.41854642 -0.90674437 0.05131801
vn 0.42038407 -0.90605566 0.04837749
vn 0.41086112 -0.91169795 0.00000000
vn 0.41847387 -0.90707522 0.04576200
vn 0.42038407 -0.90605566 0.04837749
vn 0.43352717 -0.89981134 0.04892584
vn 0.47064800 -0.88232107 0.00000000
vn 0.43352717 -0.89981134 0.04892584
vn 0.46324016 -0.87969724 0.10743051
vn 0.47064800 -0.88232107 0.00000000
vn 0.47165899 -0.88178024 -0.00118332
vn 0.38757759 -0.91339745 -0.12445364
vn 0.38828507 -0.91364994 -0.12032657
vn 0.38948010 -0.89377631 -0.22241664
vn 0.39582900 -0.89066531 -0.22368438
vn 0.40010472 -0.88861382 -0.22423581
vn 0.40452028 -0.88666422 -0.22403102
vn 0.41036657 -0.91191730 -0.00247228
vn 0.41086112 -0.91169795 0.00000000
vn 0.47064800 -0.88232107 0.00000000
vn 0.47165899 -0.88178024 -0.00118332
vn 0.49711770 -0.84119333 -0.21276226
vn 0.50758501 -0.84117451 -0.18650174
vn 0.51033413 -0.84391925 -0.16540668
vn 0.50758501 -0.84117451 -0.18650174
vn 0.50846490 -0.83432797 -0.21297954
vn 0.51033413 -0.84391925 -0.16540668
vn 0.51041669 -0.84391309 -0.16518322
vn 0.53012414 -0.81878036 -0.22037949
vn 0.54077396 -0.81132616 -0.22206617
vn 0.54475823 -0.83380199 -0.08951380
vn 0.55637217 -0.82761863 -0.07414453
vn 0.56509892 -0.79420779 -0.22337680
vn 0.56970311 -0.79112271 -0.22262800
vn 0.57136453 -0.79008813 -0.22204353
vn 0.57550895 -0.78753807 -0.22039334
vn 0.58169936 -0.80994494 -0.07493365
vn 0.58341354 -0.80791663 -0.08306238
vn 0.54112677 -0.82824370 0.14558226
vn 0.54475823 -0.83380199 -0.08951380
vn 0.55326049 -0.82298991 0.12880386
vn 0.55637217 -0.82761863 -0.07414453
vn 0.57550895 -0.78753807 -0.22039334
vn 0.58341354 -0.80791663 -0.08306238
vn 0.59765242 -0.76993025 -0.22364928
vn 0.60762972 -0.79419655 -0.00616151
vn 0.61765846 -0.78638691 0.00967758
vn 0.66973730 -0.70756361 -0.22540116
vn 0.67746511 -0.70045470 -0.22450890
vn 0.69167372 -0.72214232 0.00989603
vn 0.69196870 -0.72186681 0.00936088
vn 0.69767084 -0.71631437 -0.01221169
vn 0.67746511 -0.70045470 -0.22450890
vn 0.68780602 -0.68985916 -0.22586991
vn 0.68949173 -0.68817427 -0.22587016
vn 0.69138882 -0.68634653 -0.22563231
vn 0.69419780 -0.68373441 -0.22493702
vn 0.69767084 -0.71631437 -0.01221169
vn 0.71035983 -0.70373312 -0.01219086
vn 0.71144484 -0.70259730 -0.01425762
vn 0.71143519 -0.70260782 -0.01422058
vn 0.69419780 -0.68373441 -0.22493702
vn 0.70208788 -0.67564212 -0.22490073
vn 0.70409415 -0.67363012 -0.22466396
vn 0.71144484 -0.70259730 -0.01425762
vn 0.71935216 -0.69449913 -0.01426277
vn 0.70409415 -0.67363012 -0.22466396
vn 0.71935216 -0.69449913 -0.01426277
vn 0.72045095 -0.65550224 -0.22642271
vn 0.72133941 -0.69255139 -0.00648258
vn 0.72361492 -0.69020097 -0.00201411
vn 0.73240402 -0.64221342 -0.22615544
vn 0.74623814 -0.66567584 -0.00207708
vn 0.75075802 -0.66048103 -0.01127886
vn 0.75827990 -0.61295463 -0.22203198
vn 0.76220972 -0.60836546 -0.22119630
vn 0.76245156 -0.60809195 -0.22111489
vn 0.77693586 -0.59158091 -0.21541286
vn 0.77878445 -0.59088334 -0.21059833
vn 0.77693586 -0.59158091 -0.21541286
vn 0.77878445 -0.59088334 -0.21059833
vn 0.78810192 -0.57875021 -0.20962718
vn 0.79073136 -0.57296532 -0.21553342
vn 0.79119649 -0.57330235 -0.21291437
vn 0.00000000 1.00000000 -0.00000000
vn 0.67809194 -0.65320966 -0.33691017
vn 0.67959832 -0.64497296 -0.34950824
vn 0.68559296 -0.65766974 -0.31214228
vn 0.68681390 -0.65685384 -0.31117470
vn 0.68276728 -0.66417733 -0.30446235
vn 0.68439559 -0.66576130 -0.29726179
vn 0.68559296 -0.65766974 -0.31214228
vn 0.68681390 -0.65685384 -0.31117470
vn 0.69004269 -0.65994178 -0.29718334
vn 0.67772012 -0.66931108 -0.30449651
vn 0.67969755 -0.67126397 -0.29566186
vn 0.68084817 -0.67048391 -0.29478313
vn 0.68225532 -0.66905585 -0.29477440
vn 0.68276728 -0.66417733 -0.30446235
vn 0.68439559 -0.66576130 -0.29726179
vn 0.67490009 -0.67691471 -0.29376239
vn 0.67619294 -0.67821141 -0.28773668
vn 0.67657596 -0.67440607 -0.29567114
vn 0.67969755 -0.67126397 -0.29566186
vn 0.68084817 -0.67048391 -0.29478313
vn 0.68238123 -0.67199363 -0.28771587
vn 0.66609321 -0.68559979 -0.29372224
vn 0.67450694 -0.68181631 -0.28313760
vn 0.67490009 -0.67691471 -0.29376239
vn 0.67619294 -0.67821141 -0.28773668
vn 0.67450694 -0.68181631 -0.28313760
vn 0.67620694 -0.68348794 -0.27493348
vn 0.67619294 -0.67821141 -0.28773668
vn 0.67882382 -0.68273954 -0.27030526
vn 0.68238123 -0.67199363 -0.28771587
vn 0.68353518 -0.67144869 -0.28624519
vn 0.68567238 -0.67586237 -0.27030251
vn 0.68614765 -0.67421092 -0.27320510
vn 0.67489449 -0.68800323 -0.26677516
vn 0.67620694 -0.68348794 -0.27493348
vn 0.67825745 -0.68468777 -0.26677610
vn 0.67882382 -0.68273954 -0.27030526
vn 0.66397431 -0.70291590 -0.25504382
vn 0.66947601 -0.69475957 -0.26288972
vn 0.67489449 -0.68800323 -0.26677516
vn 0.67825745 -0.68468777 -0.26677610
vn 0.68268082 -0.68189465 -0.26261489
vn 0.68387281 -0.68352882 -0.25515943
vn 0.68398916 -0.68320148 -0.25572361
vn 0.58646398 -0.76752455 -0.25877804
vn 0.59053761 -0.76569950 -0.25489135
vn 0.60284784 -0.75779611 -0.24963883
vn 0.61526152 -0.74908320 -0.24561683
vn 0.65219855 -0.71658320 -0.24727632
vn 0.66397431 -0.70291590 -0.25504382
vn 0.66947601 -0.69475957 -0.26288972
vn 0.56634936 -0.78287707 -0.25758862
vn 0.56794540 -0.78331449 -0.25269831
vn 0.57055728 -0.77723324 -0.26527886
vn 0.57437401 -0.77446007 -0.26515295
vn 0.58646398 -0.76752455 -0.25877804
vn 0.59053761 -0.76569950 -0.25489135
vn 0.56873292 -0.77773191 -0.26772361
vn 0.56905623 -0.77590904 -0.27228691
vn 0.57055728 -0.77723324 -0.26527886
vn 0.57437401 -0.77446007 -0.26515295
vn 0.55771249 -0.78288483 -0.27576825
vn 0.55932247 -0.78367232 -0.27021485
vn 0.56116462 -0.77894465 -0.27989195
vn 0.56152657 -0.78321102 -0.26696145
vn 0.56585011 -0.77535909 -0.28041385
vn 0.56664246 -0.77504772 -0.27967366
vn 0.56873292 -0.77773191 -0.26772361
vn 0.56905623 -0.77590904 -0.27228691
vn 0.56421412 -0.77311737 -0.28974463
vn 0.56585011 -0.77535909 -0.28041385
vn 0.56664246 -0.77504772 -0.27967366
vn 0.57230515 -0.76681492 -0.29062294
vn 0.56054058 -0.77807842 -0.28352818
vn 0.56116462 -0.77894465 -0.27989195
vn 0.56402209 -0.77318992 -0.28992487
vn 0.56421412 -0.77311737 -0.28974463
vn 0.56585011 -0.77535909 -0.28041385
vn 0.55332454 -0.78353380 -0.28267781
vn 0.55545287 -0.78388626 -0.27747872
vn 0.55771249 -0.78288483 -0.27576825
vn 0.56054058 -0.77807842 -0.28352818
vn 0.56116462 -0.77894465 -0.27989195
vn 0.55090208 -0.78958002 -0.27031519
vn 0.55137838 -0.79026268 -0.26733272
vn 0.55545287 -0.78388626 -0.27747872
vn 0.55771249 -0.78288483 -0.27576825
vn 0.55932247 -0.78367232 -0.27021485
vn 0.55950781 -0.78420931 -0.26826625
vn 0.54744553 -0.79463283 -0.26241582
vn 0.54804911 -0.79449948 -0.26155832
vn 0.55137838 -0.79026268 -0.26733272
vn 0.55950781 -0.78420931 -0.26826625
vn 0.56117436 -0.78372337 -0.26619734
vn 0.56218603 -0.78403572 -0.26312518
vn 0.53880774 -0.80114173 -0.26049597
vn 0.53929707 -0.80224638 -0.25604573
vn 0.54352366 -0.80098461 -0.25100934
vn 0.54744553 -0.79463283 -0.26241582
vn 0.54804911 -0.79449948 -0.26155832
vn 0.41263156 -0.87495661 -0.25334982
vn 0.41452927 -0.87471525 -0.25107511
vn 0.41540629 -0.87192640 -0.25919483
vn 0.41555312 -0.87182036 -0.25931616
vn 0.43333389 -0.86397463 -0.25645580
vn 0.54352366 -0.80098461 -0.25100934
vn 0.54493218 -0.80126784 -0.24701979
vn 0.54804911 -0.79449948 -0.26155832
vn 0.54948647 -0.79989514 -0.24131387
vn 0.56218603 -0.78403572 -0.26312518
vn 0.56634936 -0.78287707 -0.25758862
vn 0.56638096 -0.78748471 -0.24306470
vn 0.56738789 -0.78571940 -0.24640617
vn 0.56794540 -0.78331449 -0.25269831
vn 0.54319567 -0.80419957 -0.24124990
vn 0.54493218 -0.80126784 -0.24701979
vn 0.54659507 -0.80324670 -0.23670355
vn 0.54948647 -0.79989514 -0.24131387
vn 0.55024733 -0.80057363 -0.23729672
vn 0.51868235 -0.82149530 -0.23688415
vn 0.51934503 -0.82067282 -0.23827894
vn 0.52410728 -0.81987361 -0.23047522
vn 0.54319567 -0.80419957 -0.24124990
vn 0.54410530 -0.80607345 -0.23279824
vn 0.54659507 -0.80324670 -0.23670355
vn 0.50295251 -0.82953105 -0.24272827
vn 0.50962993 -0.82660268 -0.23875792
vn 0.51427240 -0.82176361 -0.24541488
vn 0.51868235 -0.82149530 -0.23688415
vn 0.51934503 -0.82067282 -0.23827894
vn 0.51497486 -0.82843909 -0.22020347
vn 0.51889899 -0.82404151 -0.22737507
vn 0.52463538 -0.82069972 -0.22629558
vn 0.52682820 -0.82016538 -0.22311612
vn 0.52677816 -0.81992527 -0.22411452
vn 0.50378553 -0.83709891 -0.21322652
vn 0.50404433 -0.83687449 -0.21349565
vn 0.50846490 -0.83432797 -0.21297954
vn 0.51497486 -0.82843909 -0.22020347
vn 0.52682820 -0.82016538 -0.22311612
vn 0.53012414 -0.81878036 -0.22037949
vn 0.50060346 -0.83905893 -0.21301710
vn 0.50378553 -0.83709891 -0.21322652
vn 0.50404433 -0.83687449 -0.21349565
vn 0.49711770 -0.84119333 -0.21276226
vn 0.50060346 -0.83905893 -0.21301710
vn 0.50378553 -0.83709891 -0.21322652
vn 0.50758501 -0.84117451 -0.18650174
vn 0.50846490 -0.83432797 -0.21297954
vn 0.39924032 -0.88759937 -0.22972705
vn 0.39942747 -0.88750480 -0.22976713
vn 0.40010472 -0.88861382 -0.22423581
vn 0.40452028 -0.88666422 -0.22403102
vn 0.39657294 -0.88704931 -0.23637563
vn 0.39700597 -0.88801791 -0.23197080
vn 0.39707871 -0.88578001 -0.24025459
vn 0.39924032 -0.88759937 -0.22972705
vn 0.39942747 -0.88750480 -0.22976713
vn 0.40716391 -0.88056331 -0.24254031
vn 0.40725680 -0.88076421 -0.24165325
vn 0.50962993 -0.82660268 -0.23875792
vn 0.51868235 -0.82149530 -0.23688415
vn 0.51889899 -0.82404151 -0.22737507
vn 0.52410728 -0.81987361 -0.23047522
vn 0.52463538 -0.82069972 -0.22629558
vn 0.39664258 -0.88519994 -0.24309612
vn 0.39681167 -0.88332730 -0.24954636
vn 0.39707871 -0.88578001 -0.24025459
vn 0.40716391 -0.88056331 -0.24254031
vn 0.41263156 -0.87495661 -0.25334982
vn 0.41452927 -0.87471525 -0.25107511
vn 0.39667991 -0.88327973 -0.24992393
vn 0.39681167 -0.88332730 -0.24954636
vn 0.40123757 -0.87953010 -0.25580309
vn 0.41263156 -0.87495661 -0.25334982
vn 0.41540629 -0.87192640 -0.25919483
vn 0.39556332 -0.88235335 -0.25491613
vn 0.39603649 -0.88340882 -0.25048742
vn 0.39667991 -0.88327973 -0.24992393
vn 0.40118468 -0.87941415 -0.25628425
vn 0.40123757 -0.87953010 -0.25580309
vn 0.38346941 -0.88763394 -0.25506313
vn 0.38821721 -0.88298459 -0.26386666
vn 0.38900882 -0.88323186 -0.26186564
vn 0.38928868 -0.88449423 -0.25714643
vn 0.38245155 -0.88826882 -0.25438023
vn 0.38346941 -0.88763394 -0.25506313
vn 0.38597789 -0.88351974 -0.26535624
vn 0.38821250 -0.88298057 -0.26388702
vn -1.00000000 0.00000000 0.00000000
vn 0.38900882 -0.88323186 -0.26186564
vn 0.38928868 -0.88449423 -0.25714643
vn 0.39556332 -0.88235335 -0.25491613
vn 0.39603092 -0.88341102 -0.25048848
vn 0.33110975 -0.92293388 -0.19636543
vn 0.33631934 -0.92502212 -0.17670137
vn 0.33831593 -0.92381719 -0.17917624
vn -1.00000000 0.00000000 0.00000000
vn 0.33110975 -0.92293388 -0.19636543
vn 0.33377969 -0.91699761 -0.21841820
vn 0.33831593 -0.92381719 -0.17917624
vn 0.35281396 -0.90931596 -0.22060550
vn 0.37648161 -0.89920148 -0.22293115
vn 0.38640053 -0.89493339 -0.22313417
vn 0.38757759 -0.91339745 -0.12445364
vn 0.38948010 -0.89377631 -0.22241664
vn 0.00000000 1.00000000 -0.00000000
vn 0.76245156 -0.60809195 -0.22111489
vn 0.77693586 -0.59158091 -0.21541286
vn 0.79073136 -0.57296532 -0.21553342
vn 0.80072975 -0.55804189 -0.21776390
vn 0.38644735 -0.89478163 -0.22366106
vn 0.38640053 -0.89493339 -0.22313417
vn 0.38683906 -0.89439680 -0.22452149
vn 0.38948010 -0.89377631 -0.22241664
vn 0.39209623 -0.89117727 -0.22817456
vn 0.39582900 -0.89066531 -0.22368438
vn 0.39209623 -0.89117727 -0.22817456
vn 0.39348779 -0.89002721 -0.23025838
vn 0.39544394 -0.88865345 -0.23220495
vn 0.39582900 -0.89066531 -0.22368438
vn 0.39700597 -0.88801791 -0.23197080
vn 0.39924032 -0.88759937 -0.22972705
vn 0.40010472 -0.88861382 -0.22423581
vn 0.52682820 -0.82016538 -0.22311612
vn 0.52677816 -0.81992527 -0.22411452
vn 0.53012414 -0.81878036 -0.22037949
vn 0.54043519 -0.81055281 -0.22568549
vn 0.54077396 -0.81132616 -0.22206617
vn 0.54087529 -0.81121288 -0.22223319
vn 0.54077396 -0.81132616 -0.22206617
vn 0.54087529 -0.81121288 -0.22223319
vn 0.56293857 -0.79541040 -0.22454945
vn 0.56503152 -0.79423055 -0.22346637
vn 0.56509892 -0.79420779 -0.22337680
vn 0.56503152 -0.79423055 -0.22346637
vn 0.56509892 -0.79420779 -0.22337680
vn 0.56774854 -0.79092085 -0.22826697
vn 0.56791420 -0.79086571 -0.22804581
vn 0.56970147 -0.79112341 -0.22262971
vn 0.56970289 -0.79112262 -0.22262890
vn 0.56791420 -0.79086571 -0.22804581
vn 0.56970381 -0.79112191 -0.22262906
vn 0.57136453 -0.79008813 -0.22204353
vn 0.59812813 -0.76938761 -0.22424417
vn 0.60767033 -0.76013193 -0.23007870
vn 0.60881150 -0.75878559 -0.23150157
vn 0.57136453 -0.79008813 -0.22204353
vn 0.57550895 -0.78753807 -0.22039334
vn 0.59765242 -0.76993025 -0.22364928
vn 0.59812813 -0.76938761 -0.22424417
vn 0.59765242 -0.76993025 -0.22364928
vn 0.59812813 -0.76938761 -0.22424417
vn 0.60767033 -0.76013193 -0.23007870
vn 0.65975401 -0.71462571 -0.23245375
vn 0.66549466 -0.71017221 -0.22972222
vn 0.66973730 -0.70756361 -0.22540116
vn 0.66549466 -0.71017221 -0.22972222
vn 0.66973730 -0.70756361 -0.22540116
vn 0.67746511 -0.70045470 -0.22450890
vn 0.68714578 -0.68919695 -0.22986570
vn 0.68780602 -0.68985916 -0.22586991
vn 0.68714578 -0.68919695 -0.22986570
vn 0.68774583 -0.68837244 -0.23054081
vn 0.68780602 -0.68985916 -0.22586991
vn 0.68887082 -0.68755454 -0.22962085
vn 0.68949173 -0.68817427 -0.22587016
vn 0.68887082 -0.68755454 -0.22962085
vn 0.68949173 -0.68817427 -0.22587016
vn 0.69072765 -0.68569018 -0.22961772
vn 0.69138882 -0.68634653 -0.22563231
vn 0.69072765 -0.68569018 -0.22961772
vn 0.69131774 -0.68487051 -0.23028713
vn 0.69138882 -0.68634653 -0.22563231
vn 0.69419780 -0.68373441 -0.22493702
vn 0.69559134 -0.68053602 -0.23026815
vn 0.70208788 -0.67564212 -0.22490073
vn 0.69525340 -0.68020540 -0.23225703
vn 0.69559134 -0.68053602 -0.23026815
vn 0.70208788 -0.67564212 -0.22490073
vn 0.70409415 -0.67363012 -0.22466396
vn 0.72045095 -0.65550224 -0.22642271
vn 0.72463987 -0.64903548 -0.23162471
vn 0.00000000 1.00000000 -0.00000000
vn 0.76220972 -0.60836546 -0.22119630
vn 0.76245156 -0.60809195 -0.22111489
vn 0.72045095 -0.65550224 -0.22642271
vn 0.72463987 -0.64903548 -0.23162471
vn 0.72728124 -0.64539410 -0.23351330
vn 0.73010091 -0.64240745 -0.23294918
vn 0.73152835 -0.64144558 -0.23111435
vn 0.73240402 -0.64221342 -0.22615544
vn 0.73152835 -0.64144558 -0.23111435
vn 0.73240402 -0.64221342 -0.22615544
vn 0.75827990 -0.61295463 -0.22203198
vn 0.76327382 -0.60404265 -0.22922819
vn 0.00000000 1.00000000 -0.00000000
vn 0.75827990 -0.61295463 -0.22203198
vn 0.76220972 -0.60836546 -0.22119630
vn 0.76327382 -0.60404265 -0.22922819
vn 0.00000000 1.00000000 -0.00000000
vn 0.68681390 -0.65685384 -0.31117470
vn 0.69004269 -0.65994178 -0.29718334
vn 0.69329641 -0.65763917 -0.29470462
vn 0.68225532 -0.66905585 -0.29477440
vn 0.68389504 -0.67066385 -0.28722392
vn 0.68439559 -0.66576130 -0.29726179
vn 0.69004269 -0.65994178 -0.29718334
vn 0.69329641 -0.65763917 -0.29470462
vn 0.69500638 -0.65644227 -0.29334227
vn 0.69639486 -0.65775370 -0.28704402
vn 0.68084817 -0.67048391 -0.29478313
vn 0.68225532 -0.66905585 -0.29477440
vn 0.68238123 -0.67199363 -0.28771587
vn 0.68353518 -0.67144869 -0.28624519
vn 0.68389504 -0.67066385 -0.28722392
vn 0.68353518 -0.67144869 -0.28624519
vn 0.68389504 -0.67066385 -0.28722392
vn 0.68614765 -0.67421092 -0.27320510
vn 0.69639486 -0.65775370 -0.28704402
vn 0.69948780 -0.66042138 -0.27305754
vn 0.70037841 -0.65568546 -0.28204019
vn 0.70054417 -0.65570146 -0.28159095
vn 0.70070469 -0.65611490 -0.28022522
vn 0.68567238 -0.67586237 -0.27030251
vn 0.68614765 -0.67421092 -0.27320510
vn 0.68653781 -0.67678328 -0.26576349
vn 0.69504458 -0.66807007 -0.26569797
vn 0.69948780 -0.66042138 -0.27305754
vn 0.69955383 -0.66040323 -0.27293226
vn 0.67825745 -0.68468777 -0.26677610
vn 0.67882382 -0.68273954 -0.27030526
vn 0.68268082 -0.68189465 -0.26261489
vn 0.68478198 -0.67978605 -0.26261106
vn 0.68567238 -0.67586237 -0.27030251
vn 0.68634562 -0.67729621 -0.26495195
vn 0.68653781 -0.67678328 -0.26576349
vn 0.68268082 -0.68189465 -0.26261489
vn 0.68398916 -0.68320148 -0.25572361
vn 0.68478198 -0.67978605 -0.26261106
vn 0.68558818 -0.68058637 -0.25840093
vn 0.68387281 -0.68352882 -0.25515943
vn 0.68398916 -0.68320148 -0.25572361
vn 0.68477659 -0.68442308 -0.25029196
vn 0.68558818 -0.68058637 -0.25840093
vn 0.68563985 -0.68414488 -0.24868411
vn 0.68761170 -0.67854560 -0.25839121
vn 0.68943329 -0.68032305 -0.24868107
vn 0.69009725 -0.67698796 -0.25583802
vn 0.69039620 -0.67730244 -0.25419379
vn 0.65138168 -0.71774534 -0.24605597
vn 0.65219855 -0.71658320 -0.24727632
vn 0.66397431 -0.70291590 -0.25504382
vn 0.68387281 -0.68352882 -0.25515943
vn 0.68409400 -0.68654103 -0.24632666
vn 0.68477659 -0.68442308 -0.25029196
vn 0.61526152 -0.74908320 -0.24561683
vn 0.62353953 -0.74359651 -0.24137663
vn 0.64482621 -0.72519988 -0.24142139
vn 0.65138168 -0.71774534 -0.24605597
vn 0.65219855 -0.71658320 -0.24727632
vn 0.56572276 -0.79058033 -0.23439392
vn 0.56638096 -0.78748471 -0.24306470
vn 0.56738789 -0.78571940 -0.24640617
vn 0.56774854 -0.79092085 -0.22826697
vn 0.56791420 -0.79086571 -0.22804581
vn 0.60284784 -0.75779611 -0.24963883
vn 0.60881150 -0.75878559 -0.23150157
vn 0.61526152 -0.74908320 -0.24561683
vn 0.62353953 -0.74359651 -0.24137663
vn 0.56738789 -0.78571940 -0.24640617
vn 0.56794540 -0.78331449 -0.25269831
vn 0.59053761 -0.76569950 -0.25489135
vn 0.60284784 -0.75779611 -0.24963883
vn 0.56117436 -0.78372337 -0.26619734
vn 0.56152657 -0.78321102 -0.26696145
vn 0.56218603 -0.78403572 -0.26312518
vn 0.56634936 -0.78287707 -0.25758862
vn 0.56873292 -0.77773191 -0.26772361
vn 0.57055728 -0.77723324 -0.26527886
vn 0.55932247 -0.78367232 -0.27021485
vn 0.55950781 -0.78420931 -0.26826625
vn 0.56117436 -0.78372337 -0.26619734
vn 0.56152657 -0.78321102 -0.26696145
vn 0.54948647 -0.79989514 -0.24131387
vn 0.55024733 -0.80057363 -0.23729672
vn 0.55514801 -0.79834456 -0.23335948
vn 0.56572276 -0.79058033 -0.23439392
vn 0.56638096 -0.78748471 -0.24306470
vn 0.54410530 -0.80607345 -0.23279824
vn 0.54456223 -0.80675037 -0.22935959
vn 0.54659507 -0.80324670 -0.23670355
vn 0.55024733 -0.80057363 -0.23729672
vn 0.55514801 -0.79834456 -0.23335948
vn 0.55553134 -0.79889582 -0.23054368
vn 0.52410728 -0.81987361 -0.23047522
vn 0.52463538 -0.82069972 -0.22629558
vn 0.52677816 -0.81992527 -0.22411452
vn 0.54043519 -0.81055281 -0.22568549
vn 0.54410530 -0.80607345 -0.23279824
vn 0.54456223 -0.80675037 -0.22935959
vn 0.39544394 -0.88865345 -0.23220495
vn 0.39657294 -0.88704931 -0.23637563
vn 0.39700597 -0.88801791 -0.23197080
vn 0.37720097 -0.89551278 -0.23617004
vn 0.38062497 -0.89239880 -0.24238194
vn 0.38476477 -0.89434411 -0.22826450
vn 0.39348779 -0.89002721 -0.23025838
vn 0.39427811 -0.88551687 -0.24577356
vn 0.39544394 -0.88865345 -0.23220495
vn 0.39657294 -0.88704931 -0.23637563
vn 0.39664258 -0.88519994 -0.24309612
vn 0.39707871 -0.88578001 -0.24025459
vn 0.39427811 -0.88551687 -0.24577356
vn 0.39602172 -0.88341465 -0.25049024
vn 0.39664258 -0.88519994 -0.24309612
vn 0.39667991 -0.88327973 -0.24992393
vn 0.39681167 -0.88332730 -0.24954636
vn 0.37721966 -0.89272844 -0.24645740
vn 0.38062497 -0.89239880 -0.24238194
vn 0.38165317 -0.88890873 -0.25334190
vn 0.38245155 -0.88826882 -0.25438023
vn 0.38346941 -0.88763394 -0.25506313
vn 0.38928868 -0.88449423 -0.25714643
vn 0.39427811 -0.88551687 -0.24577356
vn 0.39601534 -0.88341716 -0.25049146
vn 0.36899726 -0.89520366 -0.24990283
vn 0.38165317 -0.88890873 -0.25334190
vn 0.38245155 -0.88826882 -0.25438023
vn -1.00000000 0.00000000 0.00000000
vn -1.00000000 0.00000000 0.00000000
vn 0.33110975 -0.92293388 -0.19636543
vn 0.33377969 -0.91699761 -0.21841820
vn -1.00000000 0.00000000 0.00000000
vn 0.33377969 -0.91699761 -0.21841820
vn 0.35281396 -0.90931596 -0.22060550
vn -1.00000000 0.00000000 0.00000000
vn 0.35281396 -0.90931596 -0.22060550
vn 0.37521843 -0.89950472 -0.22383562
vn 0.37648161 -0.89920148 -0.22293115
vn -1.00000000 0.00000000 0.00000000
vn 0.37497687 -0.89892562 -0.22655038
vn 0.37521843 -0.89950472 -0.22383562
vn 0.37648161 -0.89920148 -0.22293115
vn 0.38501539 -0.89492665 -0.22554255
vn 0.38637611 -0.89462862 -0.22439502
vn 0.38644735 -0.89478163 -0.22366106
vn 0.38640053 -0.89493339 -0.22313417
vn 0.38637611 -0.89462862 -0.22439502
vn 0.38644735 -0.89478163 -0.22366106
vn 0.38683906 -0.89439680 -0.22452149
vn 0.38476477 -0.89434411 -0.22826450
vn 0.38501539 -0.89492665 -0.22554255
vn 0.38637611 -0.89462862 -0.22439502
vn 0.38683906 -0.89439680 -0.22452149
vn 0.39209623 -0.89117727 -0.22817456
vn 0.39348779 -0.89002721 -0.23025838
vn 0.54043519 -0.81055281 -0.22568549
vn 0.54087529 -0.81121288 -0.22223319
vn 0.54456223 -0.80675037 -0.22935959
vn 0.55553134 -0.79889582 -0.23054368
vn 0.56293857 -0.79541040 -0.22454945
vn 0.55514801 -0.79834456 -0.23335948
vn 0.55553134 -0.79889582 -0.23054368
vn 0.56293857 -0.79541040 -0.22454945
vn 0.56503152 -0.79423055 -0.22346637
vn 0.56572276 -0.79058033 -0.23439392
vn 0.56774854 -0.79092085 -0.22826697
vn 0.60767033 -0.76013193 -0.23007870
vn 0.60881150 -0.75878559 -0.23150157
vn 0.62353953 -0.74359651 -0.24137663
vn 0.64482621 -0.72519988 -0.24142139
vn 0.65546304 -0.71743598 -0.23591061
vn 0.65975401 -0.71462571 -0.23245375
vn 0.65546304 -0.71743598 -0.23591061
vn 0.65975401 -0.71462571 -0.23245375
vn 0.66549466 -0.71017221 -0.22972222
vn 0.68645642 -0.68775158 -0.23616803
vn 0.68697260 -0.68759850 -0.23511051
vn 0.68714578 -0.68919695 -0.22986570
vn 0.68774583 -0.68837244 -0.23054081
vn 0.68697260 -0.68759850 -0.23511051
vn 0.68774583 -0.68837244 -0.23054081
vn 0.68887082 -0.68755454 -0.22962085
vn 0.69050002 -0.68406041 -0.23509802
vn 0.69072765 -0.68569018 -0.22961772
vn 0.69131774 -0.68487051 -0.23028713
vn 0.69050002 -0.68406041 -0.23509802
vn 0.69131774 -0.68487051 -0.23028713
vn 0.69141998 -0.68243294 -0.23711537
vn 0.69525340 -0.68020540 -0.23225703
vn 0.69559134 -0.68053602 -0.23026815
vn 0.68943329 -0.68032305 -0.24868107
vn 0.69039620 -0.67730244 -0.25419379
vn 0.69141998 -0.68243294 -0.23711537
vn 0.69525340 -0.68020540 -0.23225703
vn 0.72255870 -0.64318549 -0.25341934
vn 0.72463987 -0.64903548 -0.23162471
vn 0.72728124 -0.64539410 -0.23351330
vn 0.72735229 -0.64065192 -0.24601578
vn 0.72859560 -0.64156562 -0.23987915
vn 0.72861843 -0.64173758 -0.23934925
vn 0.72728124 -0.64539410 -0.23351330
vn 0.72861843 -0.64173758 -0.23934925
vn 0.73010091 -0.64240745 -0.23294918
vn 0.73030704 -0.64201438 -0.23338628
vn 0.73080563 -0.64045649 -0.23609026
vn 0.00000000 1.00000000 -0.00000000
vn 0.73010091 -0.64240745 -0.23294918
vn 0.73030704 -0.64201438 -0.23338628
vn 0.73152835 -0.64144558 -0.23111435
vn 0.76327382 -0.60404265 -0.22922819
vn 0.00000000 1.00000000 -0.00000000
vn 0.69329641 -0.65763917 -0.29470462
vn 0.69500638 -0.65644227 -0.29334227
vn 0.70418466 -0.64670772 -0.29307524
vn 0.69500638 -0.65644227 -0.29334227
vn 0.69639486 -0.65775370 -0.28704402
vn 0.70037841 -0.65568546 -0.28204019
vn 0.70418466 -0.64670772 -0.29307524
vn 0.70435983 -0.64686859 -0.29229822
vn 0.00000000 1.00000000 -0.00000000
vn 0.70037841 -0.65568546 -0.28204019
vn 0.70054417 -0.65570146 -0.28159095
vn 0.70435983 -0.64686859 -0.29229822
vn 0.00000000 1.00000000 -0.00000000
vn 0.70054417 -0.65570146 -0.28159095
vn 0.70070469 -0.65611490 -0.28022522
vn 0.70441901 -0.65511723 -0.27315796
vn 0.69948780 -0.66042138 -0.27305754
vn 0.69955383 -0.66040323 -0.27293226
vn 0.70070469 -0.65611490 -0.28022522
vn 0.70441901 -0.65511723 -0.27315796
vn 0.70438285 -0.65524375 -0.27294768
vn 0.69504458 -0.66807007 -0.26569797
vn 0.69526676 -0.66828363 -0.26457724
vn 0.69955383 -0.66040323 -0.27293226
vn 0.70438285 -0.65524375 -0.27294768
vn 0.70951918 -0.65157642 -0.26838537
vn 0.71260783 -0.64992648 -0.26416973
vn 0.68634562 -0.67729621 -0.26495195
vn 0.68653781 -0.67678328 -0.26576349
vn 0.68761170 -0.67854560 -0.25839121
vn 0.69009725 -0.67698796 -0.25583802
vn 0.69504458 -0.66807007 -0.26569797
vn 0.69526676 -0.66828363 -0.26457724
vn 0.68478198 -0.67978605 -0.26261106
vn 0.68558818 -0.68058637 -0.25840093
vn 0.68634562 -0.67729621 -0.26495195
vn 0.68761170 -0.67854560 -0.25839121
vn 0.69009725 -0.67698796 -0.25583802
vn 0.69039620 -0.67730244 -0.25419379
vn 0.69526676 -0.66828363 -0.26457724
vn 0.71260783 -0.64992648 -0.26416973
vn 0.71303924 -0.64957147 -0.26387865
vn 0.72255870 -0.64318549 -0.25341934
vn 0.72266391 -0.64284766 -0.25397590
vn 0.68495067 -0.68625881 -0.24472723
vn 0.68563985 -0.68414488 -0.24868411
vn 0.68645642 -0.68775158 -0.23616803
vn 0.68697260 -0.68759850 -0.23511051
vn 0.68943329 -0.68032305 -0.24868107
vn 0.69050002 -0.68406041 -0.23509802
vn 0.69141998 -0.68243294 -0.23711537
vn 0.68409400 -0.68654103 -0.24632666
vn 0.68477659 -0.68442308 -0.25029196
vn 0.68495067 -0.68625881 -0.24472723
vn 0.68563985 -0.68414488 -0.24868411
vn 0.64482621 -0.72519988 -0.24142139
vn 0.65138168 -0.71774534 -0.24605597
vn 0.65546304 -0.71743598 -0.23591061
vn 0.68409400 -0.68654103 -0.24632666
vn 0.68495067 -0.68625881 -0.24472723
vn 0.68645642 -0.68775158 -0.23616803
vn 0.36582643 -0.89857190 -0.24236246
vn 0.36598827 -0.89936794 -0.23914409
vn 0.36612656 -0.89841708 -0.24248317
vn 0.36879682 -0.89877254 -0.23705870
vn 0.37720097 -0.89551278 -0.23617004
vn 0.37721966 -0.89272844 -0.24645740
vn 0.38062497 -0.89239880 -0.24238194
vn 0.36740915 -0.89974253 -0.23552895
vn 0.36786219 -0.90098869 -0.22999303
vn 0.36879682 -0.89877254 -0.23705870
vn 0.37497687 -0.89892562 -0.22655038
vn 0.37720097 -0.89551278 -0.23617004
vn 0.38476477 -0.89434411 -0.22826450
vn 0.38501539 -0.89492665 -0.22554255
vn 0.36612656 -0.89841708 -0.24248317
vn 0.36899726 -0.89520366 -0.24990283
vn 0.37721966 -0.89272844 -0.24645740
vn 0.38165317 -0.88890873 -0.25334190
vn 0.36582643 -0.89857190 -0.24236246
vn 0.36612656 -0.89841708 -0.24248317
vn 0.36899726 -0.89520366 -0.24990283
vn -1.00000000 0.00000000 0.00000000
vn -1.00000000 0.00000000 0.00000000
vn 0.36786219 -0.90098869 -0.22999303
vn 0.37497687 -0.89892562 -0.22655038
vn 0.37521843 -0.89950472 -0.22383562
vn -1.00000000 0.00000000 0.00000000
vn 0.72255870 -0.64318549 -0.25341934
vn 0.72266391 -0.64284766 -0.25397590
vn 0.72735229 -0.64065192 -0.24601578
vn 0.72876291 -0.63637790 -0.25283947
vn 0.00000000 1.00000000 -0.00000000
vn 0.72735229 -0.64065192 -0.24601578
vn 0.72859560 -0.64156562 -0.23987915
vn 0.72876291 -0.63637790 -0.25283947
vn 0.73154445 -0.63260547 -0.25426961
vn 0.00000000 1.00000000 -0.00000000
vn 0.72859560 -0.64156562 -0.23987915
vn 0.72861843 -0.64173758 -0.23934925
vn 0.73080563 -0.64045649 -0.23609026
vn 0.00000000 1.00000000 -0.00000000
vn 0.73030704 -0.64201438 -0.23338628
vn 0.73080563 -0.64045649 -0.23609026
vn 0.00000000 1.00000000 -0.00000000
vn 0.70418466 -0.64670772 -0.29307524
vn 0.70435983 -0.64686859 -0.29229822
vn 0.00000000 1.00000000 -0.00000000
vn 0.70441901 -0.65511723 -0.27315796
vn 0.70438285 -0.65524375 -0.27294768
vn 0.70951918 -0.65157642 -0.26838537
vn 0.00000000 1.00000000 -0.00000000
vn 0.70951918 -0.65157642 -0.26838537
vn 0.71260783 -0.64992648 -0.26416973
vn 0.71303924 -0.64957147 -0.26387865
vn 0.73471235 -0.62540029 -0.26281600
vn 0.71303924 -0.64957147 -0.26387865
vn 0.72266391 -0.64284766 -0.25397590
vn 0.72876291 -0.63637790 -0.25283947
vn 0.73154445 -0.63260547 -0.25426961
vn 0.73471235 -0.62540029 -0.26281600
vn 0.73541953 -0.62600226 -0.25938250
vn 0.36598827 -0.89936794 -0.23914409
vn 0.36740915 -0.89974253 -0.23552895
vn 0.36879682 -0.89877254 -0.23705870
vn -1.00000000 0.00000000 0.00000000
vn 0.36582643 -0.89857190 -0.24236246
vn 0.36598827 -0.89936794 -0.23914409
vn -1.00000000 0.00000000 0.00000000
vn 0.36740915 -0.89974253 -0.23552895
vn 0.36786219 -0.90098869 -0.22999303
vn -1.00000000 0.00000000 0.00000000
vn 0.00000000 1.00000000 -0.00000000
vn 0.73154445 -0.63260547 -0.25426961
vn 0.73541953 -0.62600226 -0.25938250
vn 0.00000000 1.00000000 -0.00000000
vn 0.73471235 -0.62540029 -0.26281600
vn 0.73541953 -0.62600226 -0.25938250
f 3//3 7//7 23//23
f 3//3 23//23 53//53
f 3//3 53//53 101//101
f 3//3 101//101 157//157
f 3//3 157//157 235//235
f 3//3 235//235 364//364
f 3//3 364//364 549//549
f 3//3 549//549 768//768
f 3//3 768//768 1039//1039
f 3//3 1039//1039 1036//1036
f 3//3 1036//1036 1343//1343
f 3//3 1343//1343 1583//1583
f 4//4 1584//1584 1750//1750
f 3//3 1749//1749 1795//1795
f 3//3 1795//1795 1792//1792
f 3//3 1792//1792 1798//1798
f 3//3 1798//1798 1754//1754
f 3//3 1754//1754 1594//1594
f 3//3 1594//1594 1590//1590
f 3//3 1590//1590 1587//1587
f 3//3 1587//1587 1351//1351
f 3//3 1351//1351 1043//1043
f 3//3 1043//1043 779//779
f 3//3 779//779 583//583
f 3//3 583//583 391//391
f 3//3 391//391 248//248
f 3//3 248//248 163//163
f 3//3 163//163 110//110
f 3//3 110//110 64//64
f 3//3 64//64 33//33
f 3//3 33//33 11//11
f 2//2 8//8 13//13
f 1//1 12//12 24//24
f 1//1 24//24 54//54
f 1//1 54//54 103//103
f 1//1 103//103 159//159
f 1//1 159//159 239//239
f 1//1 239//239 378//378
f 1//1 378//378 470//470
f 1//1 470//470 467//467
f 1//1 467//467 320//320
f 1//1 320//320 201//201
f 1//1 201//201 198//198
f 1//1 198//198 195//195
f 1//1 195//195 138//138
f 1//1 138//138 114//114
f 1//1 114//114 70//70
f 1//1 70//70 34//34
f 1//1 34//34 15//15
f 1//1 15//15 5//5
f 6//6 16//16 18//18
f 9//9 25//25 14//14
f 10//10 32//32 28//28
f 17//17 35//35 19//19
f 21//21 40//40 47//47
f 20//20 46//46 50//50
f 22//22 36//36 43//43
f 27//27 31//31 61//61
f 26//26 59//59 56//56
f 29//29 63//63 68//68
f 30//30 69//69 60//60
f 39//39 71//71 74//74
f 38//38 73//73 83//83
f 37//37 81//81 44//44
f 45//45 82//82 89//89
f 42//42 88//88 97//97
f 41//41 96//96 49//49
f 48//48 94//94 52//52
f 51//51 92//92 99//99
f 55//55 58//58 104//104
f 57//57 65//65 111//111
f 57//57 111//111 175//175
f 57//57 175//175 164//164
f 57//57 164//164 249//249
f 57//57 249//249 392//392
f 57//57 392//392 584//584
f 57//57 584//584 788//788
f 57//57 788//788 1055//1055
f 57//57 1055//1055 1360//1360
f 57//57 1360//1360 1437//1437
f 57//57 1437//1437 1450//1450
f 57//57 1450//1450 1661//1661
f 57//57 1661//1661 1768//1768
f 57//57 1768//1768 1764//1764
f 57//57 1764//1764 1759//1759
f 57//57 1759//1759 1799//1799
f 57//57 1799//1799 1802//1802
f 57//57 1802//1802 1778//1778
f 57//57 1778//1778 1774//1774
f 57//57 1774//1774 1679//1679
f 57//57 1679//1679 1675//1675
f 57//57 1675//1675 1771//1771
f 57//57 1771//1771 1666//1666
f 57//57 1666//1666 1454//1454
f 57//57 1454//1454 1153//1153
f 57//57 1153//1153 889//889
f 57//57 889//889 772//772
f 57//57 772//772 769//769
f 57//57 769//769 550//550
f 57//57 550//550 365//365
f 57//57 365//365 236//236
f 57//57 236//236 158//158
f 57//57 158//158 102//102
f 62//62 109//109 67//67
f 66//66 108//108 113//113
f 72//72 115//115 76//76
f 80//80 119//119 127//127
f 79//79 126//126 135//135
f 75//75 132//132 87//87
f 77//77 116//116 139//139
f 78//78 140//140 117//117
f 86//86 131//131 144//144
f 85//85 143//143 152//152
f 84//84 150//150 91//91
f 90//90 149//149 98//98
f 95//95 147//147 154//154
f 93//93 153//153 100//100
f 105//105 162//162 173//173
f 106//106 174//174 176//176
f 107//107 177//177 112//112
f 125//125 179//179 187//187
f 124//124 185//185 193//193
f 121//121 190//190 129//129
f 118//118 141//141 196//196
f 120//120 197//197 199//199
f 122//122 200//200 202//202
f 123//123 204//204 178//178
f 130//130 191//191 209//209
f 128//128 208//208 137//137
f 136//136 206//206 216//216
f 134//134 213//213 222//222
f 133//133 221//221 146//146
f 145//145 220//220 232//232
f 142//142 230//230 151//151
f 148//148 226//226 156//156
f 155//155 225//225 233//233
f 160//160 238//238 243//243
f 161//161 247//247 172//172
f 171//171 246//246 256//256
f 165//165 253//253 257//257
f 166//166 258//258 263//263
f 167//167 265//265 268//268
f 168//168 269//269 274//274
f 169//169 275//275 278//278
f 170//170 279//279 250//250
f 180//180 205//205 287//287
f 184//184 289//289 297//297
f 183//183 296//296 304//304
f 182//182 302//302 311//311
f 181//181 308//308 188//188
f 189//189 309//309 316//316
f 186//186 314//314 194//194
f 192//192 312//312 210//210
f 203//203 321//321 286//286
f 212//212 313//313 324//324
f 211//211 323//323 331//331
f 207//207 329//329 217//217
f 215//215 327//327 339//339
f 214//214 335//335 223//223
f 224//224 336//336 346//346
f 219//219 342//342 353//353
f 218//218 352//352 231//231
f 229//229 348//348 358//358
f 228//228 354//354 362//362
f 227//227 361//361 234//234
f 237//237 367//367 242//242
f 241//241 366//366 375//375
f 240//240 372//372 380//380
f 245//245 382//382 252//252
f 244//244 388//388 381//381
f 251//251 280//280 393//393
f 255//255 384//384 397//397
f 254//254 396//396 260//260
f 262//262 404//404 410//410
f 259//259 408//408 264//264
f 261//261 399//399 403//403
f 267//267 409//409 416//416
f 266//266 415//415 270//270
f 271//271 420//420 422//422
f 272//272 423//423 427//427
f 273//273 428//428 276//276
f 277//277 429//429 282//282
f 281//281 434//434 394//394
f 283//283 430//430 439//439
f 284//284 440//440 444//444
f 285//285 445//445 435//435
f 295//295 373//373 450//450
f 294//294 449//449 456//456
f 293//293 455//455 466//466
f 290//290 462//462 300//300
f 288//288 322//322 468//468
f 291//291 469//469 471//471
f 292//292 472//472 370//370
f 299//299 461//461 477//477
f 298//298 476//476 307//307
f 306//306 474//474 482//482
f 305//305 479//479 487//487
f 303//303 485//485 319//319
f 301//301 317//317 310//310
f 318//318 484//484 494//494
f 315//315 490//490 326//326
f 325//325 489//489 333//333
f 334//334 491//491 498//498
f 332//332 496//496 504//504
f 330//330 501//501 512//512
f 328//328 511//511 340//340
f 338//338 510//510 518//518
f 337//337 517//517 347//347
f 345//345 516//516 509//509
f 344//344 508//508 523//523
f 343//343 520//520 529//529
f 341//341 527//527 351//351
f 350//350 524//524 534//534
f 349//349 532//532 360//360
f 359//359 531//531 541//541
f 357//357 537//537 545//545
f 356//356 544//544 548//548
f 355//355 547//547 363//363
f 369//369 551//551 555//555
f 368//368 554//554 377//377
f 371//371 473//473 379//379
f 376//376 553//553 563//563
f 374//374 560//560 451//451
f 383//383 390//390 566//566
f 385//385 567//567 572//572
f 387//387 573//573 576//576
f 386//386 575//575 398//398
f 389//389 581//581 565//565
f 395//395 436//436 585//585
f 400//400 579//579 588//588
f 402//402 590//590 595//595
f 401//401 593//593 405//405
f 407//407 594//594 603//603
f 406//406 601//601 412//412
f 413//413 602//602 607//607
f 414//414 608//608 612//612
f 411//411 611//611 417//417
f 418//418 613//613 616//616
f 419//419 618//618 421//421
f 424//424 619//619 621//621
f 426//426 624//624 633//633
f 425//425 632//632 431//431
f 433//433 634//634 638//638
f 432//432 637//637 441//441
f 438//438 446//446 645//645
f 437//437 644//644 586//586
f 443//443 639//639 652//652
f 442//442 651//651 447//447
f 448//448 653//653 646//646
f 452//452 561//561 457//457
f 460//460 662//662 669//669
f 459//459 668//668 677//677
f 454//454 674//674 685//685
f 453//453 684//684 465//465
f 458//458 562//562 660//660
f 464//464 681//681 692//692
f 463//463 690//690 478//478
f 475//475 687//687 483//483
f 481//481 686//686 699//699
f 480//480 698//698 488//488
f 486//486 697//697 495//495
f 493//493 695//695 703//703
f 492//492 702//702 499//499
f 500//500 704//704 710//710
f 497//497 709//709 505//505
f 503//503 707//707 716//716
f 502//502 713//713 513//513
f 514//514 718//718 729//729
f 507//507 726//726 738//738
f 506//506 736//736 522//522
f 515//515 714//714 719//719
f 521//521 733//733 743//743
f 519//519 741//741 528//528
f 526//526 740//740 751//751
f 525//525 749//749 535//535
f 533//533 748//748 759//759
f 530//530 757//757 540//540
f 539//539 755//755 762//762
f 538//538 760//760 766//766
f 536//536 764//764 543//543
f 542//542 763//763 546//546
f 552//552 770//770 558//558
f 559//559 771//771 775//775
f 557//557 773//773 665//665
f 556//556 661//661 564//564
f 568//568 577//577 574//574
f 569//569 582//582 776//776
f 570//570 777//777 780//780
f 571//571 781//781 578//578
f 580//580 782//782 589//589
f 587//587 650//650 792//792
f 591//591 787//787 795//795
f 592//592 798//798 597//597
f 598//598 801//801 803//803
f 599//599 805//805 808//808
f 600//600 809//809 816//816
f 596//596 814//814 606//606
f 605//605 813//813 823//823
f 604//604 822//822 610//610
f 609//609 820//820 614//614
f 615//615 821//821 617//617
f 620//620 824//824 622//622
f 623//623 825//825 815//815
f 625//625 819//819 828//828
f 626//626 829//829 831//831
f 627//627 834//834 836//836
f 628//628 838//838 840//840
f 629//629 842//842 844//844
f 630//630 846//846 848//848
f 631//631 850//850 635//635
f 636//636 852//852 640//640
f 641//641 853//853 855//855
f 642//642 857//857 859//859
f 643//643 862//862 654//654
f 647//647 659//659 868//868
f 648//648 870//870 872//872
f 649//649 875//875 789//789
f 655//655 865//865 878//878
f 656//656 879//879 881//881
f 657//657 883//883 885//885
f 658//658 887//887 866//866
f 667//667 891//891 895//895
f 664//664 893//893 900//900
f 663//663 898//898 671//671
f 666//666 774//774 890//890
f 670//670 897//897 678//678
f 672//672 907//907 683//683
f 680//680 899//899 910//910
f 679//679 909//909 916//916
f 676//676 914//914 926//926
f 675//675 925//925 936//936
f 673//673 935//935 908//908
f 682//682 906//906 694//694
f 693//693 905//905 934//934
f 691//691 933//933 943//943
f 689//689 938//938 947//947
f 688//688 945//945 701//701
f 700//700 944//944 952//952
f 696//696 950//950 706//706
f 705//705 948//948 711//711
f 712//712 949//949 959//959
f 708//708 957//957 717//717
f 715//715 956//956 720//720
f 722//722 958//958 963//963
f 723//723 964//964 971//971
f 721//721 970//970 732//732
f 724//724 977//977 737//737
f 731//731 969//969 982//982
f 730//730 981//981 990//990
f 728//728 987//987 995//995
f 727//727 994//994 1008//1008
f 725//725 1007//1007 978//978
f 735//735 974//974 1013//1013
f 734//734 1012//1012 744//744
f 742//742 1011//1011 1023//1023
f 739//739 1021//1021 750//750
f 747//747 1019//1019 1026//1026
f 746//746 1024//1024 1031//1031
f 745//745 1029//1029 758//758
f 754//754 767//767 761//761
f 756//756 1027//1027 1034//1034
f 753//753 1033//1033 1038//1038
f 752//752 1037//1037 765//765
f 778//778 1040//1040 783//783
f 784//784 1041//1041 1044//1044
f 785//785 1047//1047 1050//1050
f 786//786 1052//1052 793//793
f 790//790 876//876 1060//1060
f 791//791 1061//1061 1056//1056
f 794//794 1053//1053 1063//1063
f 796//796 1067//1067 1069//1069
f 797//797 1070//1070 1073//1073
f 799//799 1074//1074 1076//1076
f 800//800 1077//1077 802//802
f 804//804 1079//1079 1089//1089
f 806//806 1092//1092 1095//1095
f 807//807 1096//1096 810//810
f 811//811 1107//1107 817//817
f 812//812 1099//1099 1108//1108
f 818//818 1109//1109 826//826
f 827//827 1110//1110 1100//1100
f 830//830 1105//1105 832//832
f 833//833 1106//1106 1112//1112
f 835//835 1114//1114 837//837
f 839//839 1115//1115 841//841
f 843//843 1118//1118 845//845
f 847//847 1119//1119 849//849
f 851//851 1120//1120 1126//1126
f 854//854 1127//1127 856//856
f 858//858 1129//1129 861//861
f 860//860 1128//1128 1133//1133
f 863//863 1134//1134 1136//1136
f 864//864 1138//1138 877//877
f 867//867 888//888 1142//1142
f 869//869 1147//1147 1149//1149
f 871//871 1150//1150 873//873
f 874//874 1152//1152 1059//1059
f 880//880 1139//1139 882//882
f 884//884 1141//1141 886//886
f 892//892 1155//1155 896//896
f 894//894 1154//1154 902//902
f 904//904 1156//1156 1160//1160
f 903//903 1158//1158 1167//1167
f 901//901 1163//1163 912//912
f 913//913 1164//1164 1172//1172
f 911//911 1171//1171 918//918
f 917//917 1169//1169 1177//1177
f 915//915 1175//1175 927//927
f 931//931 1180//1180 1188//1188
f 930//930 1187//1187 1193//1193
f 928//928 1192//1192 1204//1204
f 923//923 1198//1198 1209//1209
f 922//922 1208//1208 1214//1214
f 920//920 1212//1212 1222//1222
f 919//919 1220//1220 1225//1225
f 921//921 1226//1226 941//941
f 924//924 942//942 932//932
f 929//929 1176//1176 1179//1179
f 940//940 1223//1223 1230//1230
f 939//939 1229//1229 955//955
f 937//937 953//953 946//946
f 954//954 1227//1227 1235//1235
f 951//951 1232//1232 961//961
f 960//960 1237//1237 967//967
f 962//962 1233//1233 1239//1239
f 968//968 1238//1238 1245//1245
f 966//966 1243//1243 1252//1252
f 965//965 1249//1249 972//972
f 973//973 1250//1250 983//983
f 975//975 1257//1257 1015//1015
f 976//976 1006//1006 1258//1258
f 985//985 1251//1251 1259//1259
f 986//986 1260//1260 1269//1269
f 984//984 1268//1268 1276//1276
f 980//980 1274//1274 1283//1283
f 979//979 1281//1281 989//989
f 988//988 1279//1279 998//998
f 1001//1001 1284//1284 1292//1292
f 999//999 1290//1290 1297//1297
f 997//997 1295//1295 1299//1299
f 996//996 1298//1298 1090//1090
f 992//992 1085//1085 1306//1306
f 991//991 1304//1304 1311//1311
f 993//993 1313//1313 1004//1004
f 1000//1000 1280//1280 1314//1314
f 1002//1002 1316//1316 1285//1285
f 1003//1003 1312//1312 1322//1322
f 1005//1005 1324//1324 1255//1255
f 1014//1014 1256//1256 1329//1329
f 1010//1010 1327//1327 1334//1334
f 1009//1009 1333//1333 1022//1022
f 1016//1016 1336//1336 1342//1342
f 1016//1016 1342//1342 1030//1030
f 1017//1017 1032//1032 1025//1025
f 1020//1020 1330//1330 1346//1346
f 1018//1018 1344//1344 1337//1337
f 1028//1028 1341//1341 1035//1035
f 1042//1042 1349//1349 1045//1045
f 1046//1046 1350//1350 1354//1354
f 1048//1048 1358//1358 1080//1080
f 1049//1049 1081//1081 1051//1051
f 1054//1054 1086//1086 1064//1064
f 1057//1057 1062//1062 1364//1364
f 1058//1058 1151//1151 1363//1363
f 1065//1065 1087//1087 1071//1071
f 1066//1066 1072//1072 1068//1068
f 1075//1075 1088//1088 1078//1078
f 1091//1091 1301//1301 1093//1093
f 1082//1082 1359//1359 1368//1368
f 1083//1083 1370//1370 1374//1374
f 1084//1084 1377//1377 1305//1305
f 1094//1094 1302//1302 1291//1291
f 1097//1097 1294//1294 1380//1380
f 1098//1098 1382//1382 1384//1384
f 1101//1101 1388//1388 1390//1390
f 1102//1102 1393//1393 1394//1394
f 1102//1102 1394//1394 1396//1396
f 1103//1103 1397//1397 1401//1401
f 1104//1104 1402//1402 1111//1111
f 1116//1116 1410//1410 1412//1412
f 1117//1117 1413//1413 1121//1121
f 1113//1113 1403//1403 1405//1405
f 1122//1122 1415//1415 1418//1418
f 1123//1123 1420//1420 1422//1422
f 1124//1124 1424//1424 1427//1427
f 1125//1125 1428//1428 1130//1130
f 1131//1131 1430//1430 1433//1433
f 1132//1132 1434//1434 1135//1135
f 1145//1145 1439//1439 1361//1361
f 1146//1146 1362//1362 1148//1148
f 1137//1137 1435//1435 1440//1440
f 1140//1140 1445//1445 1447//1447
f 1143//1143 1448//1448 1451//1451
f 1144//1144 1452//1452 1438//1438
f 1157//1157 1455//1455 1161//1161
f 1162//1162 1456//1456 1461//1461
f 1159//1159 1460//1460 1168//1168
f 1166//1166 1458//1458 1466//1466
f 1165//1165 1465//1465 1173//1173
f 1174//1174 1467//1467 1183//1183
f 1170//1170 1181//1181 1178//1178
f 1186//1186 1472//1472 1479//1479
f 1185//1185 1478//1478 1488//1488
f 1182//1182 1485//1485 1190//1190
f 1184//1184 1468//1468 1470//1470
f 1189//1189 1484//1484 1194//1194
f 1197//1197 1492//1492 1496//1496
f 1196//1196 1495//1495 1507//1507
f 1191//1191 1506//1506 1203//1203
f 1195//1195 1486//1486 1491//1491
f 1202//1202 1505//1505 1514//1514
f 1201//1201 1510//1510 1522//1522
f 1200//1200 1520//1520 1527//1527
f 1199//1199 1526//1526 1210//1210
f 1205//1205 1264//1264 1531//1531
f 1207//1207 1533//1533 1213//1213
f 1206//1206 1525//1525 1267//1267
f 1211//1211 1532//1532 1221//1221
f 1218//1218 1529//1529 1537//1537
f 1216//1216 1534//1534 1241//1241
f 1215//1215 1240//1240 1234//1234
f 1217//1217 1236//1236 1228//1228
f 1219//1219 1231//1231 1224//1224
f 1242//1242 1535//1535 1246//1246
f 1247//1247 1536//1536 1528//1528
f 1248//1248 1530//1530 1263//1263
f 1244//1244 1261//1261 1253//1253
f 1254//1254 1323//1323 1328//1328
f 1262//1262 1538//1538 1271//1271
f 1266//1266 1524//1524 1517//1517
f 1265//1265 1516//1516 1542//1542
f 1270//1270 1545//1545 1278//1278
f 1272//1272 1539//1539 1546//1546
f 1277//1277 1543//1543 1553//1553
f 1275//1275 1549//1549 1317//1317
f 1273//1273 1315//1315 1282//1282
f 1286//1286 1318//1318 1550//1550
f 1288//1288 1551//1551 1379//1379
f 1287//1287 1378//1378 1293//1293
f 1289//1289 1300//1300 1296//1296
f 1303//1303 1376//1376 1310//1310
f 1307//1307 1556//1556 1564//1564
f 1309//1309 1566//1566 1321//1321
f 1308//1308 1375//1375 1557//1557
f 1319//1319 1565//1565 1569//1569
f 1320//1320 1571//1571 1326//1326
f 1325//1325 1570//1570 1332//1332
f 1331//1331 1568//1568 1347//1347
f 1338//1338 1345//1345 1577//1577
f 1335//1335 1576//1576 1340//1340
f 1339//1339 1575//1575 1582//1582
f 1347//1347 1568//1568 1579//1579
f 1348//1348 1585//1585 1352//1352
f 1353//1353 1586//1586 1588//1588
f 1355//1355 1589//1589 1591//1591
f 1356//1356 1593//1593 1597//1597
f 1357//1357 1601//1601 1366//1366
f 1365//1365 1600//1600 1603//1603
f 1367//1367 1604//1604 1608//1608
f 1369//1369 1609//1609 1371//1371
f 1372//1372 1610//1610 1561//1561
f 1373//1373 1563//1563 1555//1555
f 1383//1383 1612//1612 1385//1385
f 1381//1381 1552//1552 1611//1611
f 1386//1386 1615//1615 1618//1618
f 1387//1387 1619//1619 1389//1389
f 1393//1393 1396//1396 1394//1394
f 1391//1391 1621//1621 1518//1518
f 1392//1392 1519//1519 1395//1395
f 1399//1399 1622//1622 1407//1407
f 1398//1398 1406//1406 1404//1404
f 1400//1400 1521//1521 1623//1623
f 1408//1408 1627//1627 1629//1629
f 1409//1409 1630//1630 1411//1411
f 1414//1414 1633//1633 1416//1416
f 1417//1417 1634//1634 1636//1636
f 1419//1419 1637//1637 1421//1421
f 1423//1423 1639//1639 1425//1425
f 1426//1426 1640//1640 1642//1642
f 1429//1429 1645//1645 1432//1432
f 1431//1431 1644//1644 1649//1649
f 1436//1436 1651//1651 1441//1441
f 1442//1442 1652//1652 1656//1656
f 1443//1443 1658//1658 1662//1662
f 1444//1444 1664//1664 1446//1446
f 1449//1449 1665//1665 1453//1453
f 1457//1457 1667//1667 1462//1462
f 1463//1463 1668//1668 1670//1670
f 1464//1464 1671//1671 1473//1473
f 1459//1459 1471//1471 1469//1469
f 1475//1475 1672//1672 1676//1676
f 1476//1476 1677//1677 1680//1680
f 1477//1477 1681//1681 1685//1685
f 1474//1474 1683//1683 1482//1482
f 1483//1483 1684//1684 1690//1690
f 1481//1481 1688//1688 1698//1698
f 1480//1480 1695//1695 1490//1490
f 1489//1489 1694//1694 1702//1702
f 1487//1487 1700//1700 1493//1493
f 1494//1494 1701//1701 1498//1498
f 1500//1500 1703//1703 1696//1696
f 1502//1502 1697//1697 1704//1704
f 1503//1503 1705//1705 1647//1647
f 1501//1501 1646//1646 1715//1715
f 1499//1499 1712//1712 1721//1721
f 1497//1497 1719//1719 1509//1509
f 1508//1508 1718//1718 1725//1725
f 1504//1504 1723//1723 1513//1513
f 1512//1512 1722//1722 1625//1625
f 1511//1511 1624//1624 1523//1523
f 1515//1515 1620//1620 1541//1541
f 1540//1540 1616//1616 1547//1547
f 1548//1548 1617//1617 1614//1614
f 1544//1544 1613//1613 1554//1554
f 1559//1559 1734//1734 1573//1573
f 1562//1562 1578//1578 1567//1567
f 1560//1560 1605//1605 1740//1740
f 1558//1558 1739//1739 1732//1732
f 1574//1574 1745//1745 1581//1581
f 1572//1572 1733//1733 1744//1744
f 1580//1580 1743//1743 1748//1748
f 1592//1592 1753//1753 1596//1596
f 1595//1595 1752//1752 1738//1738
f 1598//1598 1741//1741 1606//1606
f 1599//1599 1607//1607 1602//1602
f 1626//1626 1724//1724 1628//1628
f 1631//1631 1727//1727 1713//1713
f 1632//1632 1714//1714 1635//1635
f 1638//1638 1716//1716 1641//1641
f 1643//1643 1717//1717 1648//1648
f 1653//1653 1757//1757 1760//1760
f 1654//1654 1761//1761 1765//1765
f 1655//1655 1766//1766 1657//1657
f 1650//1650 1709//1709 1755//1755
f 1660//1660 1767//1767 1770//1770
f 1659//1659 1769//1769 1663//1663
f 1669//1669 1772//1772 1673//1673
f 1674//1674 1773//1773 1678//1678
f 1682//1682 1775//1775 1686//1686
f 1687//1687 1776//1776 1691//1691
f 1689//1689 1706//1706 1699//1699
f 1692//1692 1777//1777 1779//1779
f 1693//1693 1780//1780 1707//1707
f 1708//1708 1781//1781 1783//1783
f 1710//1710 1784//1784 1756//1756
f 1711//1711 1726//1726 1720//1720
f 1731//1731 1737//1737 1791//1791
f 1729//1729 1789//1789 1794//1794
f 1728//1728 1793//1793 1746//1746
f 1730//1730 1747//1747 1742//1742
f 1735//1735 1796//1796 1790//1790
f 1736//1736 1751//1751 1797//1797
f 1758//1758 1785//1785 1762//1762
f 1763//1763 1786//1786 1800//1800
f 1782//1782 1803//1803 1787//1787
f 1788//1788 1804//1804 1801//1801

