# https://github.com/mikedh/trimesh
v -0.53391844 1.00586885 0.25599924
v -0.53391844 1.00586885 0.25599924
v -0.53391844 1.00586885 0.25599924
v -0.53391844 0.93976730 0.25599924
v -0.53391844 0.93976730 0.25599924
v -0.53391844 0.93976730 0.25599924
v -0.53391844 1.03281897 0.25615272
v -0.53391844 1.03281897 0.25615272
v -0.53391844 1.03281897 0.25615272
v -0.53391844 1.03281897 0.25615272
v -0.53391844 1.03281897 0.25615272
v -0.53376168 1.03277427 0.25599924
v -0.53376168 1.03277427 0.25599924
v -0.53376168 1.03277427 0.25599924
v -0.51218510 0.90584499 0.25599924
v -0.51218510 0.90584499 0.25599924
v -0.51218510 0.90584499 0.25599924
v -0.53391844 0.89771086 0.25615272
v -0.53391844 0.89771086 0.25615272
v -0.53391844 0.89771086 0.25615272
v -0.53391844 0.89771086 0.25615272
v -0.53391844 0.89771086 0.25615272
v -0.53391844 0.89771086 0.25615272
v -0.53391844 1.04372412 0.27749076
v -0.53391844 1.04372412 0.27749076
v -0.53391844 1.04372412 0.27749076
v -0.53391844 1.04372412 0.27749076
v -0.53391844 1.04372412 0.27749076
v -0.53391844 1.04372412 0.27749076
v -0.47895810 1.06280833 0.26421207
v -0.47895810 1.06280833 0.26421207
v -0.47895810 1.06280833 0.26421207
v -0.47895810 1.06280833 0.26421207
v -0.47895810 1.06280833 0.26421207
v -0.47895810 1.06280833 0.26421207
v -0.47895810 1.06280833 0.26421207
v -0.47895810 1.06280833 0.26421207
v -0.50967735 1.04412645 0.25599924
v -0.50967735 1.04412645 0.25599924
v -0.50967735 1.04412645 0.25599924
v -0.50967735 1.04412645 0.25599924
v -0.00019715 1.03657335 0.25599924
v -0.00019715 1.03657335 0.25599924
v -0.00019715 1.03657335 0.25599924
v -0.00019715 1.03657335 0.25599924
v -0.00019715 1.23796171 0.98801631
v -0.00019715 1.23796171 0.98801631
v -0.00019715 1.23796171 0.98801631
v -0.00019715 1.24466568 1.01111969
v -0.00019715 1.24466568 1.01111969
v -0.00019715 1.24466568 1.01111969
v -0.00019715 1.24466568 1.01111969
v -0.00019715 1.24466568 1.01111969
v -0.00019715 1.24466568 1.01111969
v -0.00019715 1.24466568 1.01111969
v -0.53391844 1.11545712 0.98486933
v -0.53391844 1.11545712 0.98486933
v -0.53391844 1.11545712 0.98486933
v -0.50999087 1.05521041 0.27802806
v -0.50999087 1.05521041 0.27802806
v -0.50999087 1.05521041 0.27802806
v -0.53391844 1.05999261 0.31510095
v -0.53391844 1.05999261 0.31510095
v -0.53391844 1.05999261 0.31510095
v -0.52383542 1.06298703 0.31064914
v -0.52383542 1.06298703 0.31064914
v -0.52383542 1.06298703 0.31064914
v -0.52383542 1.06298703 0.31064914
v -0.52383542 1.06298703 0.31064914
v -0.49421325 1.06969100 0.29383968
v -0.49421325 1.06969100 0.29383968
v -0.49421325 1.06969100 0.29383968
v -0.49421325 1.06969100 0.29383968
v -0.49421325 1.06969100 0.29383968
v -0.49421325 1.06969100 0.29383968
v -0.49421325 1.06969100 0.29383968
v -0.49421325 1.06969100 0.29383968
v -0.49421325 1.06969100 0.29383968
v -0.46527025 1.07523304 0.27802806
v -0.46527025 1.07523304 0.27802806
v -0.46527025 1.07523304 0.27802806
v -0.46527025 1.07523304 0.27802806
v -0.46527025 1.07523304 0.27802806
v -0.45247060 1.07067436 0.25599924
v -0.45247060 1.07067436 0.25599924
v -0.45247060 1.07067436 0.25599924
v -0.45247060 1.07067436 0.25599924
v -0.45247060 1.07067436 0.25599924
v -0.45247060 1.07067436 0.25599924
v -0.46119523 1.06683069 0.25599924
v -0.46119523 1.06683069 0.25599924
v -0.46119523 1.06683069 0.25599924
v -0.00019715 1.16095501 0.25599924
v -0.00019715 1.16095501 0.25599924
v -0.00019715 1.16095501 0.25599924
v -0.00019715 1.26750404 1.02831292
v -0.00019715 1.26750404 1.02831292
v -0.00019715 1.26750404 1.02831292
v -0.00019715 1.26750404 1.02831292
v -0.00019715 1.26750404 1.02831292
v -0.53391844 1.13851887 1.02317035
v -0.53391844 1.13851887 1.02317035
v -0.53391844 1.13851887 1.02317035
v -0.53391844 1.13851887 1.02317035
v -0.53391844 1.12385947 1.00405818
v -0.53391844 1.12385947 1.00405818
v -0.53391844 1.12385947 1.00405818
v -0.53391844 1.11849636 0.99369621
v -0.53391844 1.11849636 0.99369621
v -0.53391844 1.11849636 0.99369621
v -0.53391844 1.06754583 0.33490388
v -0.53391844 1.06754583 0.33490388
v -0.53391844 1.06754583 0.33490388
v -0.53391844 1.06754583 0.33490388
v -0.50999087 1.07407099 0.32369757
v -0.50999087 1.07407099 0.32369757
v -0.50999087 1.07407099 0.32369757
v -0.50999087 1.07407099 0.32369757
v -0.50999087 1.07407099 0.32369757
v -0.50999087 1.07407099 0.32369757
v -0.46688983 1.09212714 0.32108788
v -0.46688983 1.09212714 0.32108788
v -0.46688983 1.09212714 0.32108788
v -0.46688983 1.09212714 0.32108788
v -0.42619199 1.10790390 0.31663607
v -0.42619199 1.10790390 0.31663607
v -0.42619199 1.10790390 0.31663607
v -0.42619199 1.10790390 0.31663607
v -0.40017465 1.11192638 0.29882878
v -0.40017465 1.11192638 0.29882878
v -0.40017465 1.11192638 0.29882878
v -0.40017465 1.11192638 0.29882878
v -0.40017465 1.11192638 0.29882878
v -0.40017465 1.11192638 0.29882878
v -0.40017465 1.11192638 0.29882878
v -0.40017465 1.11192638 0.29882878
v -0.40017465 1.11192638 0.29882878
v -0.42243046 1.09275287 0.27656971
v -0.42243046 1.09275287 0.27656971
v -0.42243046 1.09275287 0.27656971
v -0.42243046 1.09275287 0.27656971
v -0.38241181 1.10732287 0.27349947
v -0.38241181 1.10732287 0.27349947
v -0.38241181 1.10732287 0.27349947
v -0.38241181 1.10732287 0.27349947
v -0.38241181 1.10732287 0.27349947
v -0.38241181 1.10732287 0.27349947
v -0.42243046 1.08265215 0.25599924
v -0.42243046 1.08265215 0.25599924
v -0.42243046 1.08265215 0.25599924
v -0.42243046 1.08265215 0.25599924
v -0.02229621 1.16095501 0.25599924
v -0.02229621 1.16095501 0.25599924
v -0.02229621 1.16095501 0.25599924
v -0.02229621 1.16095501 0.25599924
v -0.00019715 1.16980428 0.27656971
v -0.00019715 1.16980428 0.27656971
v -0.00019715 1.16980428 0.27656971
v -0.00019715 1.16980428 0.27656971
v -0.00019715 1.31197399 1.03944248
v -0.00019715 1.31197399 1.03944248
v -0.00019715 1.31197399 1.03944248
v -0.00019715 1.31197399 1.03944248
v -0.00019715 1.31197399 1.03944248
v -0.00019715 1.31197399 1.03944248
v -0.00019715 1.31197399 1.03944248
v -0.51140141 1.17856413 1.03829116
v -0.51140141 1.17856413 1.03829116
v -0.51140141 1.17856413 1.03829116
v -0.51140141 1.17856413 1.03829116
v -0.53391844 1.15545768 1.03161347
v -0.53391844 1.15545768 1.03161347
v -0.53391844 1.15545768 1.03161347
v -0.53391844 1.15545768 1.03161347
v -0.53391844 1.06902069 0.33889517
v -0.53391844 1.06902069 0.33889517
v -0.53391844 1.06902069 0.33889517
v -0.53391844 1.06902069 0.33889517
v -0.44348466 1.11143476 0.34472856
v -0.44348466 1.11143476 0.34472856
v -0.44348466 1.11143476 0.34472856
v -0.44348466 1.11143476 0.34472856
v -0.44348466 1.11143476 0.34472856
v -0.44348466 1.11143476 0.34472856
v -0.44348466 1.11143476 0.34472856
v -0.44348466 1.11143476 0.34472856
v -0.44348466 1.11143476 0.34472856
v -0.44348466 1.11143476 0.34472856
v -0.37055251 1.11711079 0.28624089
v -0.37055251 1.11711079 0.28624089
v -0.37055251 1.11711079 0.28624089
v -0.37055251 1.11711079 0.28624089
v -0.37055251 1.11711079 0.28624089
v -0.41381025 1.11742359 0.32845643
v -0.41381025 1.11742359 0.32845643
v -0.41381025 1.11742359 0.32845643
v -0.41381025 1.11742359 0.32845643
v -0.41381025 1.11742359 0.32845643
v -0.41381025 1.11742359 0.32845643
v -0.41381025 1.11742359 0.32845643
v -0.38241181 1.12461931 0.31663607
v -0.38241181 1.12461931 0.31663607
v -0.38241181 1.12461931 0.31663607
v -0.38241181 1.12461931 0.31663607
v -0.38241181 1.12461931 0.31663607
v -0.38241181 1.12461931 0.31663607
v -0.35132682 1.11089844 0.25661328
v -0.35132682 1.11089844 0.25661328
v -0.35132682 1.11089844 0.25661328
v -0.35132682 1.11089844 0.25661328
v -0.35132682 1.11089844 0.25661328
v -0.35132682 1.11089844 0.25661328
v -0.35132682 1.11089844 0.25661328
v -0.35132682 1.11089844 0.25661328
v -0.35132682 1.11089844 0.25661328
v -0.35090885 1.11067492 0.25599924
v -0.35090885 1.11067492 0.25599924
v -0.35090885 1.11067492 0.25599924
v -0.03211802 1.16073161 0.25599924
v -0.03211802 1.16073161 0.25599924
v -0.03211802 1.16073161 0.25599924
v -0.02229621 1.16975957 0.27656971
v -0.02229621 1.16975957 0.27656971
v -0.02229621 1.16975957 0.27656971
v -0.02229621 1.16975957 0.27656971
v -0.02229621 1.16975957 0.27656971
v -0.02229621 1.16975957 0.27656971
v -0.02229621 1.16975957 0.27656971
v -0.00019715 1.17851943 0.29898232
v -0.00019715 1.17851943 0.29898232
v -0.00019715 1.17851943 0.29898232
v -0.00019715 1.17851943 0.29898232
v -0.00019715 1.34370631 1.02217251
v -0.00019715 1.34370631 1.02217251
v -0.00019715 1.34370631 1.02217251
v -0.02229621 1.34375101 1.02224928
v -0.02229621 1.34375101 1.02224928
v -0.02229621 1.34375101 1.02224928
v -0.02229621 1.34375101 1.02224928
v -0.02229621 1.34375101 1.02224928
v -0.02229621 1.34375101 1.02224928
v -0.02229621 1.34375101 1.02224928
v -0.02229621 1.34375101 1.02224928
v -0.02229621 1.31197399 1.03944248
v -0.02229621 1.31197399 1.03944248
v -0.02229621 1.31197399 1.03944248
v -0.02229621 1.31197399 1.03944248
v -0.28905237 1.26750404 1.04013330
v -0.28905237 1.26750404 1.04013330
v -0.28905237 1.26750404 1.04013330
v -0.28905237 1.26750404 1.04013330
v -0.28905237 1.26750404 1.04013330
v -0.28905237 1.26750404 1.04013330
v -0.28905237 1.26750404 1.04013330
v -0.28905237 1.26750404 1.04013330
v -0.53391844 1.17856413 1.03913546
v -0.53391844 1.17856413 1.03913546
v -0.53391844 1.17856413 1.03913546
v -0.53391844 1.17856413 1.03913546
v -0.53391844 1.17856413 1.03913546
v -0.53391844 1.17856413 1.03913546
v -0.53391844 1.07840627 0.36552931
v -0.53391844 1.07840627 0.36552931
v -0.53391844 1.07840627 0.36552931
v -0.53391844 1.07840627 0.36552931
v -0.53391844 1.07840627 0.36552931
v -0.46866608 1.10616094 0.36192182
v -0.46866608 1.10616094 0.36192182
v -0.46866608 1.10616094 0.36192182
v -0.46866608 1.10616094 0.36192182
v -0.45497826 1.11644036 0.37435621
v -0.45497826 1.11644036 0.37435621
v -0.45497826 1.11644036 0.37435621
v -0.45497826 1.11644036 0.37435621
v -0.45497826 1.11644036 0.37435621
v -0.45497826 1.11644036 0.37435621
v -0.42619199 1.12417227 0.36192182
v -0.42619199 1.12417227 0.36192182
v -0.42619199 1.12417227 0.36192182
v -0.42619199 1.12417227 0.36192182
v -0.42619199 1.12417227 0.36192182
v -0.33351174 1.14044076 0.32108788
v -0.33351174 1.14044076 0.32108788
v -0.33351174 1.14044076 0.32108788
v -0.33351174 1.14044076 0.32108788
v -0.33351174 1.14044076 0.32108788
v -0.33351174 1.14044076 0.32108788
v -0.33351174 1.14044076 0.32108788
v -0.33351174 1.14044076 0.32108788
v -0.33351174 1.14044076 0.32108788
v -0.33351174 1.14044076 0.32108788
v -0.40111503 1.15670913 0.43107851
v -0.40111503 1.15670913 0.43107851
v -0.40111503 1.15670913 0.43107851
v -0.40111503 1.15670913 0.43107851
v -0.40111503 1.15670913 0.43107851
v -0.40111503 1.15670913 0.43107851
v -0.40111503 1.15670913 0.43107851
v -0.40111503 1.15670913 0.43107851
v -0.40111503 1.15670913 0.43107851
v -0.40111503 1.15670913 0.43107851
v -0.40111503 1.15670913 0.43107851
v -0.38664356 1.15192693 0.40145089
v -0.38664356 1.15192693 0.40145089
v -0.38664356 1.15192693 0.40145089
v -0.38664356 1.15192693 0.40145089
v -0.37426183 1.14549106 0.36921360
v -0.37426183 1.14549106 0.36921360
v -0.37426183 1.14549106 0.36921360
v -0.37426183 1.14549106 0.36921360
v -0.35702139 1.15670913 0.38656034
v -0.35702139 1.15670913 0.38656034
v -0.35702139 1.15670913 0.38656034
v -0.35702139 1.15670913 0.38656034
v -0.35702139 1.15670913 0.38656034
v -0.35702139 1.15670913 0.38656034
v -0.35702139 1.15670913 0.38656034
v -0.35702139 1.15670913 0.38656034
v -0.35702139 1.15670913 0.38656034
v -0.35702139 1.15670913 0.38656034
v -0.35702139 1.15670913 0.38656034
v -0.33528805 1.12149078 0.27349947
v -0.33528805 1.12149078 0.27349947
v -0.33528805 1.12149078 0.27349947
v -0.33528805 1.12149078 0.27349947
v -0.33528805 1.12149078 0.27349947
v -0.28905237 1.13288754 0.27656971
v -0.28905237 1.13288754 0.27656971
v -0.28905237 1.13288754 0.27656971
v -0.28905237 1.13288754 0.27656971
v -0.28905237 1.13288754 0.27656971
v -0.20013367 1.14960283 0.27042927
v -0.20013367 1.14960283 0.27042927
v -0.20013367 1.14960283 0.27042927
v -0.20013367 1.14960283 0.27042927
v -0.20013367 1.14960283 0.27042927
v -0.20013367 1.14960283 0.27042927
v -0.20013367 1.14960283 0.27042927
v -0.34866241 1.11116654 0.25599924
v -0.34866241 1.11116654 0.25599924
v -0.34866241 1.11116654 0.25599924
v -0.34866241 1.11116654 0.25599924
v -0.06675556 1.15992707 0.25599924
v -0.06675556 1.15992707 0.25599924
v -0.06675556 1.15992707 0.25599924
v -0.06675556 1.15992707 0.25599924
v -0.06675556 1.16868693 0.27656971
v -0.06675556 1.16868693 0.27656971
v -0.06675556 1.16868693 0.27656971
v -0.06675556 1.16868693 0.27656971
v -0.06675556 1.16868693 0.27656971
v -0.06675556 1.16868693 0.27656971
v -0.02229621 1.18705601 0.32108788
v -0.02229621 1.18705601 0.32108788
v -0.02229621 1.18705601 0.32108788
v -0.02229621 1.18705601 0.32108788
v -0.02229621 1.18705601 0.32108788
v -0.02229621 1.18705601 0.32108788
v -0.00019715 1.18710071 0.32108788
v -0.00019715 1.18710071 0.32108788
v -0.00019715 1.18710071 0.32108788
v -0.00019715 1.18710071 0.32108788
v -0.00019715 1.34893543 1.00528631
v -0.00019715 1.34893543 1.00528631
v -0.00019715 1.34893543 1.00528631
v -0.00019715 1.34893543 1.00528631
v -0.02229621 1.35425407 0.98801631
v -0.02229621 1.35425407 0.98801631
v -0.02229621 1.35425407 0.98801631
v -0.02229621 1.35425407 0.98801631
v -0.02229621 1.35425407 0.98801631
v -0.02229621 1.35425407 0.98801631
v -0.02229621 1.35425407 0.98801631
v -0.02229621 1.35425407 0.98801631
v -0.06675556 1.34276778 1.02102113
v -0.06675556 1.34276778 1.02102113
v -0.06675556 1.34276778 1.02102113
v -0.06675556 1.34276778 1.02102113
v -0.06675556 1.34276778 1.02102113
v -0.06675556 1.34276778 1.02102113
v -0.11121493 1.31197399 1.03667927
v -0.11121493 1.31197399 1.03667927
v -0.11121493 1.31197399 1.03667927
v -0.11121493 1.31197399 1.03667927
v -0.11121493 1.31197399 1.03667927
v -0.06675556 1.31197399 1.03821439
v -0.06675556 1.31197399 1.03821439
v -0.06675556 1.31197399 1.03821439
v -0.06675556 1.31197399 1.03821439
v -0.15567429 1.31197399 1.03476042
v -0.15567429 1.31197399 1.03476042
v -0.15567429 1.31197399 1.03476042
v -0.15567429 1.31197399 1.03476042
v -0.15567429 1.31197399 1.03476042
v -0.15567429 1.31197399 1.03476042
v -0.15567429 1.31197399 1.03476042
v -0.33351174 1.26750404 1.03752363
v -0.33351174 1.26750404 1.03752363
v -0.33351174 1.26750404 1.03752363
v -0.33351174 1.26750404 1.03752363
v -0.33351174 1.26750404 1.03752363
v -0.33351174 1.26750404 1.03752363
v -0.46688983 1.22303408 1.03844470
v -0.46688983 1.22303408 1.03844470
v -0.46688983 1.22303408 1.03844470
v -0.46688983 1.22303408 1.03844470
v -0.46688983 1.22303408 1.03844470
v -0.46688983 1.22303408 1.03844470
v -0.46688983 1.22303408 1.03844470
v -0.53391844 1.20350319 1.03322530
v -0.53391844 1.20350319 1.03322530
v -0.53391844 1.20350319 1.03322530
v -0.53391844 1.08475274 0.38425766
v -0.53391844 1.08475274 0.38425766
v -0.53391844 1.08475274 0.38425766
v -0.48465267 1.10991508 0.39385208
v -0.48465267 1.10991508 0.39385208
v -0.48465267 1.10991508 0.39385208
v -0.48465267 1.10991508 0.39385208
v -0.48465267 1.10991508 0.39385208
v -0.48465267 1.10991508 0.39385208
v -0.48465267 1.10991508 0.39385208
v -0.46866608 1.12184829 0.40920320
v -0.46866608 1.12184829 0.40920320
v -0.46866608 1.12184829 0.40920320
v -0.46866608 1.12184829 0.40920320
v -0.46866608 1.12184829 0.40920320
v -0.46866608 1.12184829 0.40920320
v -0.41851220 1.14415032 0.41373176
v -0.41851220 1.14415032 0.41373176
v -0.41851220 1.14415032 0.41373176
v -0.41851220 1.14415032 0.41373176
v -0.41851220 1.14415032 0.41373176
v -0.33351174 1.15237385 0.35562785
v -0.33351174 1.15237385 0.35562785
v -0.33351174 1.15237385 0.35562785
v -0.33351174 1.15237385 0.35562785
v -0.30702421 1.15541297 0.34611018
v -0.30702421 1.15541297 0.34611018
v -0.30702421 1.15541297 0.34611018
v -0.30702421 1.15541297 0.34611018
v -0.30702421 1.15541297 0.34611018
v -0.30702421 1.15541297 0.34611018
v -0.30702421 1.15541297 0.34611018
v -0.27740204 1.15867561 0.33682278
v -0.27740204 1.15867561 0.33682278
v -0.27740204 1.15867561 0.33682278
v -0.27740204 1.15867561 0.33682278
v -0.27740204 1.15867561 0.33682278
v -0.27740204 1.15867561 0.33682278
v -0.27740204 1.15867561 0.33682278
v -0.29093313 1.15013915 0.32162517
v -0.29093313 1.15013915 0.32162517
v -0.29093313 1.15013915 0.32162517
v -0.25242957 1.15326768 0.30719516
v -0.25242957 1.15326768 0.30719516
v -0.25242957 1.15326768 0.30719516
v -0.25242957 1.15326768 0.30719516
v -0.25242957 1.15326768 0.30719516
v -0.25242957 1.15326768 0.30719516
v -0.37426183 1.15970355 0.41373176
v -0.37426183 1.15970355 0.41373176
v -0.37426183 1.15970355 0.41373176
v -0.43188655 1.15116721 0.45448893
v -0.43188655 1.15116721 0.45448893
v -0.43188655 1.15116721 0.45448893
v -0.43188655 1.15116721 0.45448893
v -0.43188655 1.15116721 0.45448893
v -0.43188655 1.15116721 0.45448893
v -0.40963078 1.16015059 0.45448893
v -0.40963078 1.16015059 0.45448893
v -0.40963078 1.16015059 0.45448893
v -0.40963078 1.16015059 0.45448893
v -0.40963078 1.16015059 0.45448893
v -0.40963078 1.16015059 0.45448893
v -0.39322627 1.19881028 0.57369020
v -0.39322627 1.19881028 0.57369020
v -0.39322627 1.19881028 0.57369020
v -0.39322627 1.19881028 0.57369020
v -0.39322627 1.19881028 0.57369020
v -0.39322627 1.19881028 0.57369020
v -0.39322627 1.19881028 0.57369020
v -0.39322627 1.19881028 0.57369020
v -0.39322627 1.19881028 0.57369020
v -0.39322627 1.19881028 0.57369020
v -0.39322627 1.19881028 0.57369020
v -0.37797111 1.18298882 0.49893036
v -0.37797111 1.18298882 0.49893036
v -0.37797111 1.18298882 0.49893036
v -0.37797111 1.18298882 0.49893036
v -0.37797111 1.18298882 0.49893036
v -0.37797111 1.18298882 0.49893036
v -0.37797111 1.17056412 0.45448893
v -0.37797111 1.17056412 0.45448893
v -0.37797111 1.17056412 0.45448893
v -0.37797111 1.17056412 0.45448893
v -0.37797111 1.17056412 0.45448893
v -0.37797111 1.17056412 0.45448893
v -0.33351174 1.15952486 0.37781020
v -0.33351174 1.15952486 0.37781020
v -0.33351174 1.15952486 0.37781020
v -0.33351174 1.15952486 0.37781020
v -0.33351174 1.15952486 0.37781020
v -0.33351174 1.15952486 0.37781020
v -0.33351174 1.18222910 0.45448893
v -0.33351174 1.18222910 0.45448893
v -0.33351174 1.18222910 0.45448893
v -0.33351174 1.18222910 0.45448893
v -0.33351174 1.18222910 0.45448893
v -0.33351174 1.18222910 0.45448893
v -0.33351174 1.18222910 0.45448893
v -0.33351174 1.16935736 0.40997074
v -0.33351174 1.16935736 0.40997074
v -0.33351174 1.16935736 0.40997074
v -0.33351174 1.16935736 0.40997074
v -0.33351174 1.16935736 0.40997074
v -0.33351174 1.16935736 0.40997074
v -0.33351174 1.16935736 0.40997074
v -0.22275516 1.15639633 0.29859854
v -0.22275516 1.15639633 0.29859854
v -0.22275516 1.15639633 0.29859854
v -0.22275516 1.15639633 0.29859854
v -0.22275516 1.15639633 0.29859854
v -0.22275516 1.15639633 0.29859854
v -0.22275516 1.15639633 0.29859854
v -0.24041352 1.14526767 0.28094475
v -0.24041352 1.14526767 0.28094475
v -0.24041352 1.14526767 0.28094475
v -0.24041352 1.14526767 0.28094475
v -0.15567429 1.15384871 0.26014403
v -0.15567429 1.15384871 0.26014403
v -0.15567429 1.15384871 0.26014403
v -0.15567429 1.15384871 0.26014403
v -0.15567429 1.15384871 0.26014403
v -0.15567429 1.15384871 0.26014403
v -0.20013367 1.14249665 0.25599924
v -0.20013367 1.14249665 0.25599924
v -0.20013367 1.14249665 0.25599924
v -0.20013367 1.14249665 0.25599924
v -0.20013367 1.15885442 0.29268834
v -0.20013367 1.15885442 0.29268834
v -0.20013367 1.15885442 0.29268834
v -0.20013367 1.15885442 0.29268834
v -0.20013367 1.15885442 0.29268834
v -0.20013367 1.15885442 0.29268834
v -0.20013367 1.15885442 0.29268834
v -0.10128864 1.15827340 0.25599924
v -0.10128864 1.15827340 0.25599924
v -0.10128864 1.15827340 0.25599924
v -0.10128864 1.15827340 0.25599924
v -0.11283448 1.16435176 0.27265517
v -0.11283448 1.16435176 0.27265517
v -0.11283448 1.16435176 0.27265517
v -0.11283448 1.16435176 0.27265517
v -0.11283448 1.16435176 0.27265517
v -0.06675556 1.18575984 0.32108788
v -0.06675556 1.18575984 0.32108788
v -0.06675556 1.18575984 0.32108788
v -0.06675556 1.18575984 0.32108788
v -0.06675556 1.18575984 0.32108788
v -0.06675556 1.18575984 0.32108788
v -0.02229621 1.19800586 0.35286467
v -0.02229621 1.19800586 0.35286467
v -0.02229621 1.19800586 0.35286467
v -0.02229621 1.19800586 0.35286467
v -0.02229621 1.19800586 0.35286467
v -0.02229621 1.19800586 0.35286467
v -0.02229621 1.19800586 0.35286467
v -0.02229621 1.19800586 0.35286467
v -0.02229621 1.19800586 0.35286467
v -0.00019715 1.19800586 0.35286467
v -0.00019715 1.19800586 0.35286467
v -0.00019715 1.19800586 0.35286467
v -0.00019715 1.35420936 0.98801631
v -0.00019715 1.35420936 0.98801631
v -0.00019715 1.35420936 0.98801631
v -0.06675556 1.34424263 0.94457272
v -0.06675556 1.34424263 0.94457272
v -0.06675556 1.34424263 0.94457272
v -0.06675556 1.34424263 0.94457272
v -0.06675556 1.34424263 0.94457272
v -0.06675556 1.35282367 0.98801631
v -0.06675556 1.35282367 0.98801631
v -0.06675556 1.35282367 0.98801631
v -0.06675556 1.35282367 0.98801631
v -0.06675556 1.35282367 0.98801631
v -0.06675556 1.35282367 0.98801631
v -0.06675556 1.35282367 0.98801631
v -0.00019715 1.28372782 0.67669606
v -0.00019715 1.28372782 0.67669606
v -0.00019715 1.28372782 0.67669606
v -0.00019715 1.28372782 0.67669606
v -0.02229621 1.28372782 0.67669606
v -0.02229621 1.28372782 0.67669606
v -0.02229621 1.28372782 0.67669606
v -0.02229621 1.28372782 0.67669606
v -0.02229621 1.28372782 0.67669606
v -0.11121493 1.34151632 1.01963958
v -0.11121493 1.34151632 1.01963958
v -0.11121493 1.34151632 1.01963958
v -0.11121493 1.34151632 1.01963958
v -0.20013367 1.31197399 1.03053886
v -0.20013367 1.31197399 1.03053886
v -0.20013367 1.31197399 1.03053886
v -0.20013367 1.31197399 1.03053886
v -0.15567429 1.33981806 1.01779744
v -0.15567429 1.33981806 1.01779744
v -0.15567429 1.33981806 1.01779744
v -0.15567429 1.33981806 1.01779744
v -0.15567429 1.33981806 1.01779744
v -0.15567429 1.33981806 1.01779744
v -0.15567429 1.33981806 1.01779744
v -0.15567429 1.33981806 1.01779744
v -0.28905237 1.30464429 1.02493566
v -0.28905237 1.30464429 1.02493566
v -0.28905237 1.30464429 1.02493566
v -0.28905237 1.30464429 1.02493566
v -0.28905237 1.30464429 1.02493566
v -0.28905237 1.30464429 1.02493566
v -0.37797111 1.26750404 1.03230423
v -0.37797111 1.26750404 1.03230423
v -0.37797111 1.26750404 1.03230423
v -0.37797111 1.26750404 1.03230423
v -0.37797111 1.26750404 1.03230423
v -0.37797111 1.26750404 1.03230423
v -0.53391844 1.22129112 1.02578002
v -0.53391844 1.22129112 1.02578002
v -0.53391844 1.22129112 1.02578002
v -0.53391844 1.22129112 1.02578002
v -0.53391844 1.22129112 1.02578002
v -0.46688983 1.25682241 1.02201897
v -0.46688983 1.25682241 1.02201897
v -0.46688983 1.25682241 1.02201897
v -0.46688983 1.25682241 1.02201897
v -0.46688983 1.25682241 1.02201897
v -0.46688983 1.25682241 1.02201897
v -0.53391844 1.09266347 0.40766808
v -0.53391844 1.09266347 0.40766808
v -0.53391844 1.09266347 0.40766808
v -0.53391844 1.09266347 0.40766808
v -0.53391844 1.09266347 0.40766808
v -0.49557161 1.11474198 0.42347972
v -0.49557161 1.11474198 0.42347972
v -0.49557161 1.11474198 0.42347972
v -0.49557161 1.11474198 0.42347972
v -0.49557161 1.11474198 0.42347972
v -0.49557161 1.11474198 0.42347972
v -0.46688983 1.13650769 0.45448893
v -0.46688983 1.13650769 0.45448893
v -0.46688983 1.13650769 0.45448893
v -0.46688983 1.13650769 0.45448893
v -0.46688983 1.13650769 0.45448893
v -0.46688983 1.13650769 0.45448893
v -0.46688983 1.13650769 0.45448893
v -0.29093313 1.16426235 0.36276613
v -0.29093313 1.16426235 0.36276613
v -0.29093313 1.16426235 0.36276613
v -0.29093313 1.16426235 0.36276613
v -0.29093313 1.16426235 0.36276613
v -0.24464525 1.17516750 0.36552931
v -0.24464525 1.17516750 0.36552931
v -0.24464525 1.17516750 0.36552931
v -0.24464525 1.17516750 0.36552931
v -0.20013367 1.18468720 0.36552931
v -0.20013367 1.18468720 0.36552931
v -0.20013367 1.18468720 0.36552931
v -0.20013367 1.18468720 0.36552931
v -0.20013367 1.18468720 0.36552931
v -0.20013367 1.18468720 0.36552931
v -0.20013367 1.16935736 0.32108788
v -0.20013367 1.16935736 0.32108788
v -0.20013367 1.16935736 0.32108788
v -0.20013367 1.16935736 0.32108788
v -0.20013367 1.16935736 0.32108788
v -0.20013367 1.16935736 0.32108788
v -0.20013367 1.16935736 0.32108788
v -0.24041352 1.16108900 0.32162517
v -0.24041352 1.16108900 0.32162517
v -0.24041352 1.16108900 0.32162517
v -0.24041352 1.16108900 0.32162517
v -0.44155166 1.15505546 0.48112308
v -0.44155166 1.15505546 0.48112308
v -0.44155166 1.15505546 0.48112308
v -0.44155166 1.15505546 0.48112308
v -0.44155166 1.15505546 0.48112308
v -0.44155166 1.15505546 0.48112308
v -0.44155166 1.15505546 0.48112308
v -0.42504263 1.16618413 0.49716498
v -0.42504263 1.16618413 0.49716498
v -0.42504263 1.16618413 0.49716498
v -0.42504263 1.16618413 0.49716498
v -0.42243046 1.18003911 0.54337178
v -0.42243046 1.18003911 0.54337178
v -0.42243046 1.18003911 0.54337178
v -0.42243046 1.18003911 0.54337178
v -0.42243046 1.18003911 0.54337178
v -0.42243046 1.18003911 0.54337178
v -0.42243046 1.18003911 0.54337178
v -0.42060193 1.19255322 0.58827374
v -0.42060193 1.19255322 0.58827374
v -0.42060193 1.19255322 0.58827374
v -0.42060193 1.19255322 0.58827374
v -0.42060193 1.19255322 0.58827374
v -0.42060193 1.19255322 0.58827374
v -0.40456313 1.20243043 0.60339458
v -0.40456313 1.20243043 0.60339458
v -0.40456313 1.20243043 0.60339458
v -0.40560800 1.29141504 0.96176592
v -0.40560800 1.29141504 0.96176592
v -0.40560800 1.29141504 0.96176592
v -0.40560800 1.29141504 0.96176592
v -0.40560800 1.29141504 0.96176592
v -0.40560800 1.29141504 0.96176592
v -0.40560800 1.29141504 0.96176592
v -0.40560800 1.29141504 0.96176592
v -0.40560800 1.29141504 0.96176592
v -0.40560800 1.29141504 0.96176592
v -0.40560800 1.29141504 0.96176592
v -0.40560800 1.29141504 0.96176592
v -0.40560800 1.29141504 0.96176592
v -0.40560800 1.29141504 0.96176592
v -0.40560800 1.29141504 0.96176592
v -0.40560800 1.29141504 0.96176592
v -0.37797111 1.21767086 0.63233139
v -0.37797111 1.21767086 0.63233139
v -0.37797111 1.21767086 0.63233139
v -0.37797111 1.21767086 0.63233139
v -0.37797111 1.21767086 0.63233139
v -0.37823233 1.20663172 0.58827374
v -0.37823233 1.20663172 0.58827374
v -0.37823233 1.20663172 0.58827374
v -0.36355186 1.20296687 0.55757155
v -0.36355186 1.20296687 0.55757155
v -0.36355186 1.20296687 0.55757155
v -0.36355186 1.20296687 0.55757155
v -0.36355186 1.20296687 0.55757155
v -0.36355186 1.20296687 0.55757155
v -0.36355186 1.20296687 0.55757155
v -0.37823233 1.19487733 0.54298801
v -0.37823233 1.19487733 0.54298801
v -0.37823233 1.19487733 0.54298801
v -0.34798321 1.19898909 0.52794394
v -0.34798321 1.19898909 0.52794394
v -0.34798321 1.19898909 0.52794394
v -0.34798321 1.19898909 0.52794394
v -0.34798321 1.19898909 0.52794394
v -0.34798321 1.19898909 0.52794394
v -0.34798321 1.19898909 0.52794394
v -0.28905237 1.17927939 0.40997074
v -0.28905237 1.17927939 0.40997074
v -0.28905237 1.17927939 0.40997074
v -0.28905237 1.17927939 0.40997074
v -0.28905237 1.17927939 0.40997074
v -0.30080718 1.19840807 0.48549814
v -0.30080718 1.19840807 0.48549814
v -0.30080718 1.19840807 0.48549814
v -0.30080718 1.19840807 0.48549814
v -0.30080718 1.19840807 0.48549814
v -0.27118504 1.20180482 0.47329402
v -0.27118504 1.20180482 0.47329402
v -0.27118504 1.20180482 0.47329402
v -0.27118504 1.20180482 0.47329402
v -0.27118504 1.20180482 0.47329402
v -0.27118504 1.20180482 0.47329402
v -0.33330277 1.19478792 0.49977467
v -0.33330277 1.19478792 0.49977467
v -0.33330277 1.19478792 0.49977467
v -0.33330277 1.19478792 0.49977467
v -0.33330277 1.19478792 0.49977467
v -0.24464525 1.20475453 0.46308555
v -0.24464525 1.20475453 0.46308555
v -0.24464525 1.20475453 0.46308555
v -0.24464525 1.20475453 0.46308555
v -0.24464525 1.20475453 0.46308555
v -0.22218049 1.20077676 0.43238335
v -0.22218049 1.20077676 0.43238335
v -0.22218049 1.20077676 0.43238335
v -0.22218049 1.20077676 0.43238335
v -0.22218049 1.20077676 0.43238335
v -0.22218049 1.20077676 0.43238335
v -0.13300054 1.15559179 0.25599924
v -0.13300054 1.15559179 0.25599924
v -0.13300054 1.15559179 0.25599924
v -0.13300054 1.15559179 0.25599924
v -0.15567429 1.15174812 0.25599924
v -0.15567429 1.15174812 0.25599924
v -0.15567429 1.15174812 0.25599924
v -0.15567429 1.16301090 0.28240314
v -0.15567429 1.16301090 0.28240314
v -0.15567429 1.16301090 0.28240314
v -0.15567429 1.16301090 0.28240314
v -0.15567429 1.16301090 0.28240314
v -0.15567429 1.16301090 0.28240314
v -0.15567429 1.16301090 0.28240314
v -0.15567429 1.17735749 0.32108788
v -0.15567429 1.17735749 0.32108788
v -0.15567429 1.17735749 0.32108788
v -0.15567429 1.17735749 0.32108788
v -0.15567429 1.17735749 0.32108788
v -0.15567429 1.17735749 0.32108788
v -0.15567429 1.17735749 0.32108788
v -0.12798515 1.15630680 0.25599924
v -0.12798515 1.15630680 0.25599924
v -0.12798515 1.15630680 0.25599924
v -0.12798515 1.15630680 0.25599924
v -0.12798515 1.15630680 0.25599924
v -0.11121493 1.18285483 0.32108788
v -0.11121493 1.18285483 0.32108788
v -0.11121493 1.18285483 0.32108788
v -0.11121493 1.18285483 0.32108788
v -0.11121493 1.18285483 0.32108788
v -0.11121493 1.18285483 0.32108788
v -0.11121493 1.18285483 0.32108788
v -0.11121493 1.18285483 0.32108788
v -0.06675556 1.19724602 0.35509057
v -0.06675556 1.19724602 0.35509057
v -0.06675556 1.19724602 0.35509057
v -0.06675556 1.19724602 0.35509057
v -0.06675556 1.19724602 0.35509057
v -0.06675556 1.19724602 0.35509057
v -0.06675556 1.19724602 0.35509057
v -0.06675556 1.20390540 0.37727290
v -0.06675556 1.20390540 0.37727290
v -0.06675556 1.20390540 0.37727290
v -0.06675556 1.20390540 0.37727290
v -0.06675556 1.21364850 0.40997074
v -0.06675556 1.21364850 0.40997074
v -0.06675556 1.21364850 0.40997074
v -0.06675556 1.21364850 0.40997074
v -0.06675556 1.21364850 0.40997074
v -0.02229621 1.21463174 0.40997074
v -0.02229621 1.21463174 0.40997074
v -0.02229621 1.21463174 0.40997074
v -0.02229621 1.21463174 0.40997074
v -0.00019715 1.22120172 0.43238335
v -0.00019715 1.22120172 0.43238335
v -0.00019715 1.22120172 0.43238335
v -0.00019715 1.22120172 0.43238335
v -0.00019715 1.22120172 0.43238335
v -0.11121493 1.34303588 0.94718242
v -0.11121493 1.34303588 0.94718242
v -0.11121493 1.34303588 0.94718242
v -0.11121493 1.34303588 0.94718242
v -0.11121493 1.34303588 0.94718242
v -0.11121493 1.34303588 0.94718242
v -0.11121493 1.34303588 0.94718242
v -0.06675556 1.28265518 0.67669606
v -0.06675556 1.28265518 0.67669606
v -0.06675556 1.28265518 0.67669606
v -0.06675556 1.28265518 0.67669606
v -0.11121493 1.35036570 0.98801631
v -0.11121493 1.35036570 0.98801631
v -0.11121493 1.35036570 0.98801631
v -0.11121493 1.35036570 0.98801631
v -0.11121493 1.35036570 0.98801631
v -0.00019715 1.27340358 0.63233139
v -0.00019715 1.27340358 0.63233139
v -0.00019715 1.27340358 0.63233139
v -0.00019715 1.27340358 0.63233139
v -0.02229621 1.27340358 0.63233139
v -0.02229621 1.27340358 0.63233139
v -0.02229621 1.27340358 0.63233139
v -0.02229621 1.27340358 0.63233139
v -0.15567429 1.34661132 0.98801631
v -0.15567429 1.34661132 0.98801631
v -0.15567429 1.34661132 0.98801631
v -0.15567429 1.34661132 0.98801631
v -0.15567429 1.34661132 0.98801631
v -0.15567429 1.34661132 0.98801631
v -0.15567429 1.34661132 0.98801631
v -0.15567429 1.34661132 0.98801631
v -0.20013367 1.33664483 1.01365265
v -0.20013367 1.33664483 1.01365265
v -0.20013367 1.33664483 1.01365265
v -0.20013367 1.33664483 1.01365265
v -0.20013367 1.33664483 1.01365265
v -0.33351174 1.29905766 1.02109790
v -0.33351174 1.29905766 1.02109790
v -0.33351174 1.29905766 1.02109790
v -0.33351174 1.29905766 1.02109790
v -0.33351174 1.29905766 1.02109790
v -0.33351174 1.29905766 1.02109790
v -0.41981825 1.26951534 1.02378440
v -0.41981825 1.26951534 1.02378440
v -0.41981825 1.26951534 1.02378440
v -0.41981825 1.26951534 1.02378440
v -0.41981825 1.26951534 1.02378440
v -0.50032574 1.24993962 1.01595533
v -0.50032574 1.24993962 1.01595533
v -0.50032574 1.24993962 1.01595533
v -0.50032574 1.24993962 1.01595533
v -0.50032574 1.24993962 1.01595533
v -0.50032574 1.24993962 1.01595533
v -0.50032574 1.24993962 1.01595533
v -0.50032574 1.24993962 1.01595533
v -0.53391844 1.23800641 0.99477080
v -0.53391844 1.23800641 0.99477080
v -0.53391844 1.23800641 0.99477080
v -0.40325701 1.29065531 1.01165703
v -0.40325701 1.29065531 1.01165703
v -0.40325701 1.29065531 1.01165703
v -0.40325701 1.29065531 1.01165703
v -0.40325701 1.29065531 1.01165703
v -0.40325701 1.29065531 1.01165703
v -0.40325701 1.29065531 1.01165703
v -0.40325701 1.29065531 1.01165703
v -0.40325701 1.29065531 1.01165703
v -0.53391844 1.10562450 0.44834850
v -0.53391844 1.10562450 0.44834850
v -0.53391844 1.10562450 0.44834850
v -0.52524602 1.10821682 0.44420369
v -0.52524602 1.10821682 0.44420369
v -0.52524602 1.10821682 0.44420369
v -0.52524602 1.10821682 0.44420369
v -0.52524602 1.10821682 0.44420369
v -0.51077449 1.11849636 0.45717537
v -0.51077449 1.11849636 0.45717537
v -0.51077449 1.11849636 0.45717537
v -0.51077449 1.11849636 0.45717537
v -0.51077449 1.11849636 0.45717537
v -0.51077449 1.11849636 0.45717537
v -0.51140141 1.13056356 0.49893036
v -0.51140141 1.13056356 0.49893036
v -0.51140141 1.13056356 0.49893036
v -0.51140141 1.13056356 0.49893036
v -0.51140141 1.13056356 0.49893036
v -0.51140141 1.13056356 0.49893036
v -0.51140141 1.13056356 0.49893036
v -0.51140141 1.13056356 0.49893036
v -0.46673307 1.14911121 0.49716498
v -0.46673307 1.14911121 0.49716498
v -0.46673307 1.14911121 0.49716498
v -0.46673307 1.14911121 0.49716498
v -0.20446989 1.19724602 0.40805186
v -0.20446989 1.19724602 0.40805186
v -0.20446989 1.19724602 0.40805186
v -0.20446989 1.19724602 0.40805186
v -0.20446989 1.19724602 0.40805186
v -0.20446989 1.19724602 0.40805186
v -0.20446989 1.19724602 0.40805186
v -0.16857848 1.19952542 0.39200996
v -0.16857848 1.19952542 0.39200996
v -0.16857848 1.19952542 0.39200996
v -0.16857848 1.19952542 0.39200996
v -0.16857848 1.19952542 0.39200996
v -0.16857848 1.19952542 0.39200996
v -0.16857848 1.19952542 0.39200996
v -0.16857848 1.19952542 0.39200996
v -0.16857848 1.19952542 0.39200996
v -0.48146579 1.15313369 0.53254926
v -0.48146579 1.15313369 0.53254926
v -0.48146579 1.15313369 0.53254926
v -0.48146579 1.15313369 0.53254926
v -0.48146579 1.15313369 0.53254926
v -0.48146579 1.15313369 0.53254926
v -0.45179138 1.15925664 0.51082746
v -0.45179138 1.15925664 0.51082746
v -0.45179138 1.15925664 0.51082746
v -0.45179138 1.15925664 0.51082746
v -0.45179138 1.15925664 0.51082746
v -0.46673307 1.16292149 0.54582796
v -0.46673307 1.16292149 0.54582796
v -0.46673307 1.16292149 0.54582796
v -0.46673307 1.16292149 0.54582796
v -0.46673307 1.16292149 0.54582796
v -0.46688983 1.17413956 0.58788996
v -0.46688983 1.17413956 0.58788996
v -0.46688983 1.17413956 0.58788996
v -0.46688983 1.17413956 0.58788996
v -0.46688983 1.17413956 0.58788996
v -0.46688983 1.17413956 0.58788996
v -0.46688983 1.17413956 0.58788996
v -0.46688983 1.17413956 0.58788996
v -0.43611830 1.19751424 0.63233139
v -0.43611830 1.19751424 0.63233139
v -0.43611830 1.19751424 0.63233139
v -0.43611830 1.19751424 0.63233139
v -0.44369364 1.20041925 0.65604883
v -0.44369364 1.20041925 0.65604883
v -0.44369364 1.20041925 0.65604883
v -0.44369364 1.20041925 0.65604883
v -0.46688983 1.18522352 0.63233139
v -0.46688983 1.18522352 0.63233139
v -0.46688983 1.18522352 0.63233139
v -0.46688983 1.18522352 0.63233139
v -0.46688983 1.18522352 0.63233139
v -0.46688983 1.18522352 0.63233139
v -0.50131840 1.25065464 0.95393687
v -0.50131840 1.25065464 0.95393687
v -0.50131840 1.25065464 0.95393687
v -0.50131840 1.25065464 0.95393687
v -0.50131840 1.25065464 0.95393687
v -0.50131840 1.25065464 0.95393687
v -0.50131840 1.25065464 0.95393687
v -0.50131840 1.25065464 0.95393687
v -0.50131840 1.25065464 0.95393687
v -0.50131840 1.25065464 0.95393687
v -0.50131840 1.25065464 0.95393687
v -0.46688983 1.26969403 0.98801631
v -0.46688983 1.26969403 0.98801631
v -0.46688983 1.26969403 0.98801631
v -0.46688983 1.26969403 0.98801631
v -0.46688983 1.26969403 0.98801631
v -0.46688983 1.26969403 0.98801631
v -0.42880419 1.28435344 0.98801631
v -0.42880419 1.28435344 0.98801631
v -0.42880419 1.28435344 0.98801631
v -0.42880419 1.28435344 0.98801631
v -0.40654838 1.29168314 0.98801631
v -0.40654838 1.29168314 0.98801631
v -0.40654838 1.29168314 0.98801631
v -0.40654838 1.29168314 0.98801631
v -0.37797111 1.29887897 0.98801631
v -0.37797111 1.29887897 0.98801631
v -0.37797111 1.29887897 0.98801631
v -0.37797111 1.29887897 0.98801631
v -0.37797111 1.29887897 0.98801631
v -0.28905237 1.32042104 0.98801631
v -0.28905237 1.32042104 0.98801631
v -0.28905237 1.32042104 0.98801631
v -0.28905237 1.32042104 0.98801631
v -0.28905237 1.32042104 0.98801631
v -0.22526285 1.33481222 0.96429887
v -0.22526285 1.33481222 0.96429887
v -0.22526285 1.33481222 0.96429887
v -0.22526285 1.33481222 0.96429887
v -0.22526285 1.33481222 0.96429887
v -0.22526285 1.33481222 0.96429887
v -0.22526285 1.33481222 0.96429887
v -0.22526285 1.33481222 0.96429887
v -0.22526285 1.33481222 0.96429887
v -0.22526285 1.33481222 0.96429887
v -0.22526285 1.33481222 0.96429887
v -0.33351174 1.22933596 0.63233139
v -0.33351174 1.22933596 0.63233139
v -0.33351174 1.22933596 0.63233139
v -0.33351174 1.22933596 0.63233139
v -0.33351174 1.21843070 0.58788996
v -0.33351174 1.21843070 0.58788996
v -0.33351174 1.21843070 0.58788996
v -0.33351174 1.21843070 0.58788996
v -0.33351174 1.21843070 0.58788996
v -0.33351174 1.21843070 0.58788996
v -0.33351174 1.21843070 0.58788996
v -0.33351174 1.21843070 0.58788996
v -0.33330277 1.20654231 0.54298801
v -0.33330277 1.20654231 0.54298801
v -0.33330277 1.20654231 0.54298801
v -0.33330277 1.20654231 0.54298801
v -0.33330277 1.20654231 0.54298801
v -0.31830883 1.20247513 0.51512577
v -0.31830883 1.20247513 0.51512577
v -0.31830883 1.20247513 0.51512577
v -0.31830883 1.20247513 0.51512577
v -0.31830883 1.20247513 0.51512577
v -0.28722385 1.20542496 0.49977467
v -0.28722385 1.20542496 0.49977467
v -0.28722385 1.20542496 0.49977467
v -0.28722385 1.20542496 0.49977467
v -0.28722385 1.20542496 0.49977467
v -0.24464525 1.21472126 0.49893036
v -0.24464525 1.21472126 0.49893036
v -0.24464525 1.21472126 0.49893036
v -0.24464525 1.21472126 0.49893036
v -0.24464525 1.21472126 0.49893036
v -0.24464525 1.21472126 0.49893036
v -0.24464525 1.21472126 0.49893036
v -0.20446989 1.20962614 0.45011387
v -0.20446989 1.20962614 0.45011387
v -0.20446989 1.20962614 0.45011387
v -0.20446989 1.20962614 0.45011387
v -0.20446989 1.20962614 0.45011387
v -0.19255832 1.20395011 0.42163757
v -0.19255832 1.20395011 0.42163757
v -0.19255832 1.20395011 0.42163757
v -0.19255832 1.20395011 0.42163757
v -0.19255832 1.20395011 0.42163757
v -0.19255832 1.20395011 0.42163757
v -0.12944798 1.15612811 0.25599924
v -0.12944798 1.15612811 0.25599924
v -0.12944798 1.15612811 0.25599924
v -0.15452492 1.19375998 0.36859953
v -0.15452492 1.19375998 0.36859953
v -0.15452492 1.19375998 0.36859953
v -0.13895631 1.20153660 0.38548574
v -0.13895631 1.20153660 0.38548574
v -0.13895631 1.20153660 0.38548574
v -0.13895631 1.20153660 0.38548574
v -0.13895631 1.20153660 0.38548574
v -0.13895631 1.20153660 0.38548574
v -0.13895631 1.20153660 0.38548574
v -0.13895631 1.20153660 0.38548574
v -0.13895631 1.20153660 0.38548574
v -0.13895631 1.20153660 0.38548574
v -0.11121493 1.19568175 0.35931213
v -0.11121493 1.19568175 0.35931213
v -0.11121493 1.19568175 0.35931213
v -0.11121493 1.19568175 0.35931213
v -0.11121493 1.20274335 0.38149446
v -0.11121493 1.20274335 0.38149446
v -0.11121493 1.20274335 0.38149446
v -0.11121493 1.20274335 0.38149446
v -0.11121493 1.21141392 0.40997074
v -0.11121493 1.21141392 0.40997074
v -0.11121493 1.21141392 0.40997074
v -0.11121493 1.21141392 0.40997074
v -0.11121493 1.21141392 0.40997074
v -0.11121493 1.21141392 0.40997074
v -0.11121493 1.21141392 0.40997074
v -0.06675556 1.22656494 0.45448893
v -0.06675556 1.22656494 0.45448893
v -0.06675556 1.22656494 0.45448893
v -0.06675556 1.22656494 0.45448893
v -0.06675556 1.22656494 0.45448893
v -0.06675556 1.22656494 0.45448893
v -0.06675556 1.22656494 0.45448893
v -0.06675556 1.22656494 0.45448893
v -0.02229621 1.22754818 0.45448893
v -0.02229621 1.22754818 0.45448893
v -0.02229621 1.22754818 0.45448893
v -0.02229621 1.22754818 0.45448893
v -0.02229621 1.22754818 0.45448893
v -0.02229621 1.22754818 0.45448893
v -0.00019715 1.22754818 0.45448893
v -0.00019715 1.22754818 0.45448893
v -0.00019715 1.22754818 0.45448893
v -0.15567429 1.34098011 0.95125043
v -0.15567429 1.34098011 0.95125043
v -0.15567429 1.34098011 0.95125043
v -0.15567429 1.34098011 0.95125043
v -0.15567429 1.34098011 0.95125043
v -0.15567429 1.34098011 0.95125043
v -0.15567429 1.34098011 0.95125043
v -0.06675556 1.27233094 0.63233139
v -0.06675556 1.27233094 0.63233139
v -0.06675556 1.27233094 0.63233139
v -0.06675556 1.27233094 0.63233139
v -0.06675556 1.27233094 0.63233139
v -0.06675556 1.27233094 0.63233139
v -0.06675556 1.27233094 0.63233139
v -0.06675556 1.27233094 0.63233139
v -0.11121493 1.28006297 0.67669606
v -0.11121493 1.28006297 0.67669606
v -0.11121493 1.28006297 0.67669606
v -0.11121493 1.28006297 0.67669606
v -0.00019715 1.26258785 0.58788996
v -0.00019715 1.26258785 0.58788996
v -0.00019715 1.26258785 0.58788996
v -0.02229621 1.26263255 0.58788996
v -0.02229621 1.26263255 0.58788996
v -0.02229621 1.26263255 0.58788996
v -0.02229621 1.26263255 0.58788996
v -0.02229621 1.26263255 0.58788996
v -0.02229621 1.26263255 0.58788996
v -0.02229621 1.26263255 0.58788996
v -0.20013367 1.33995217 0.98801631
v -0.20013367 1.33995217 0.98801631
v -0.20013367 1.33995217 0.98801631
v -0.20013367 1.33995217 0.98801631
v -0.22332984 1.33441013 1.01050568
v -0.22332984 1.33441013 1.01050568
v -0.22332984 1.33441013 1.01050568
v -0.22332984 1.33441013 1.01050568
v -0.22332984 1.33441013 1.01050568
v -0.22332984 1.33441013 1.01050568
v -0.22332984 1.33441013 1.01050568
v -0.22332984 1.33441013 1.01050568
v -0.22332984 1.33441013 1.01050568
v -0.22332984 1.33441013 1.01050568
v -0.20013367 1.33749396 0.95861894
v -0.20013367 1.33749396 0.95861894
v -0.20013367 1.33749396 0.95861894
v -0.20013367 1.33749396 0.95861894
v -0.20013367 1.33749396 0.95861894
v -0.37797111 1.29364973 1.01549476
v -0.37797111 1.29364973 1.01549476
v -0.37797111 1.29364973 1.01549476
v -0.37797111 1.29364973 1.01549476
v -0.50664729 1.25279993 0.98801631
v -0.50664729 1.25279993 0.98801631
v -0.50664729 1.25279993 0.98801631
v -0.50664729 1.25279993 0.98801631
v -0.52885085 1.24310154 0.98801631
v -0.52885085 1.24310154 0.98801631
v -0.52885085 1.24310154 0.98801631
v -0.52885085 1.24310154 0.98801631
v -0.53391844 1.24086684 0.98801631
v -0.53391844 1.24086684 0.98801631
v -0.53391844 1.24086684 0.98801631
v -0.53391844 1.24086684 0.98801631
v -0.53391844 1.24086684 0.98801631
v -0.53391844 1.11206037 0.46907246
v -0.53391844 1.11206037 0.46907246
v -0.53391844 1.11206037 0.46907246
v -0.53391844 1.11206037 0.46907246
v -0.53391844 1.11317772 0.47275674
v -0.53391844 1.11317772 0.47275674
v -0.53391844 1.11317772 0.47275674
v -0.53391844 1.11317772 0.47275674
v -0.53391844 1.12068623 0.49893036
v -0.53391844 1.12068623 0.49893036
v -0.53391844 1.12068623 0.49893036
v -0.53391844 1.12068623 0.49893036
v -0.53391844 1.12068623 0.49893036
v -0.50821453 1.14522296 0.54582796
v -0.50821453 1.14522296 0.54582796
v -0.50821453 1.14522296 0.54582796
v -0.50821453 1.14522296 0.54582796
v -0.49128762 1.15729016 0.56225363
v -0.49128762 1.15729016 0.56225363
v -0.49128762 1.15729016 0.56225363
v -0.49128762 1.15729016 0.56225363
v -0.49128762 1.15729016 0.56225363
v -0.49128762 1.15729016 0.56225363
v -0.49128762 1.15729016 0.56225363
v -0.15567429 1.21954805 0.45448893
v -0.15567429 1.21954805 0.45448893
v -0.15567429 1.21954805 0.45448893
v -0.15567429 1.21954805 0.45448893
v -0.15567429 1.21954805 0.45448893
v -0.15567429 1.21954805 0.45448893
v -0.15567429 1.21954805 0.45448893
v -0.15567429 1.21954805 0.45448893
v -0.15567429 1.21954805 0.45448893
v -0.15452492 1.20631880 0.40805186
v -0.15452492 1.20631880 0.40805186
v -0.15452492 1.20631880 0.40805186
v -0.49928090 1.16068691 0.58788996
v -0.49928090 1.16068691 0.58788996
v -0.49928090 1.16068691 0.58788996
v -0.49928090 1.16068691 0.58788996
v -0.49928090 1.16068691 0.58788996
v -0.49928090 1.16068691 0.58788996
v -0.51375240 1.16551381 0.63164060
v -0.51375240 1.16551381 0.63164060
v -0.51375240 1.16551381 0.63164060
v -0.51375240 1.16551381 0.63164060
v -0.53391844 1.23090011 0.94211653
v -0.53391844 1.23090011 0.94211653
v -0.53391844 1.23090011 0.94211653
v -0.53015685 1.15483207 0.61628950
v -0.53015685 1.15483207 0.61628950
v -0.53015685 1.15483207 0.61628950
v -0.53015685 1.15483207 0.61628950
v -0.53015685 1.15483207 0.61628950
v -0.53015685 1.15483207 0.61628950
v -0.53391844 1.15371472 0.61866892
v -0.53391844 1.15371472 0.61866892
v -0.53391844 1.15371472 0.61866892
v -0.53391844 1.15371472 0.61866892
v -0.53391844 1.15648574 0.63010548
v -0.53391844 1.15648574 0.63010548
v -0.53391844 1.15648574 0.63010548
v -0.24746642 1.32994074 0.98801631
v -0.24746642 1.32994074 0.98801631
v -0.24746642 1.32994074 0.98801631
v -0.24746642 1.32994074 0.98801631
v -0.22526285 1.33481222 0.98801631
v -0.22526285 1.33481222 0.98801631
v -0.22526285 1.33481222 0.98801631
v -0.22526285 1.33481222 0.98801631
v -0.17918393 1.24551493 0.56463305
v -0.17918393 1.24551493 0.56463305
v -0.17918393 1.24551493 0.56463305
v -0.17918393 1.24551493 0.56463305
v -0.17918393 1.24551493 0.56463305
v -0.17918393 1.24551493 0.56463305
v -0.17918393 1.24551493 0.56463305
v -0.17918393 1.24551493 0.56463305
v -0.17918393 1.24551493 0.56463305
v -0.17918393 1.24551493 0.56463305
v -0.17918393 1.24551493 0.56463305
v -0.20885834 1.24256521 0.57745122
v -0.20885834 1.24256521 0.57745122
v -0.20885834 1.24256521 0.57745122
v -0.20885834 1.24256521 0.57745122
v -0.28905237 1.22853142 0.58788996
v -0.28905237 1.22853142 0.58788996
v -0.28905237 1.22853142 0.58788996
v -0.28905237 1.22853142 0.58788996
v -0.28905237 1.22853142 0.58788996
v -0.28905237 1.22853142 0.58788996
v -0.28905237 1.21686643 0.54337178
v -0.28905237 1.21686643 0.54337178
v -0.28905237 1.21686643 0.54337178
v -0.28905237 1.21686643 0.54337178
v -0.28905237 1.21686643 0.54337178
v -0.28905237 1.21686643 0.54337178
v -0.28905237 1.21686643 0.54337178
v -0.24464525 1.22660965 0.54337178
v -0.24464525 1.22660965 0.54337178
v -0.24464525 1.22660965 0.54337178
v -0.24464525 1.22660965 0.54337178
v -0.24464525 1.22660965 0.54337178
v -0.24464525 1.22660965 0.54337178
v -0.24464525 1.22660965 0.54337178
v -0.20013367 1.22410673 0.49893036
v -0.20013367 1.22410673 0.49893036
v -0.20013367 1.22410673 0.49893036
v -0.20013367 1.22410673 0.49893036
v -0.20013367 1.22410673 0.49893036
v -0.20013367 1.22410673 0.49893036
v -0.20013367 1.22410673 0.49893036
v -0.11121493 1.22424084 0.45448893
v -0.11121493 1.22424084 0.45448893
v -0.11121493 1.22424084 0.45448893
v -0.11121493 1.22424084 0.45448893
v -0.11121493 1.22424084 0.45448893
v -0.11121493 1.22424084 0.45448893
v -0.07636841 1.24484462 0.52272456
v -0.07636841 1.24484462 0.52272456
v -0.07636841 1.24484462 0.52272456
v -0.07636841 1.24484462 0.52272456
v -0.07636841 1.24484462 0.52272456
v -0.07636841 1.24484462 0.52272456
v -0.07636841 1.24484462 0.52272456
v -0.07636841 1.24484462 0.52272456
v -0.07636841 1.24484462 0.52272456
v -0.07636841 1.24484462 0.52272456
v -0.06362095 1.24001771 0.50322866
v -0.06362095 1.24001771 0.50322866
v -0.06362095 1.24001771 0.50322866
v -0.04669400 1.24533612 0.52088243
v -0.04669400 1.24533612 0.52088243
v -0.04669400 1.24533612 0.52088243
v -0.04669400 1.24533612 0.52088243
v -0.04669400 1.24533612 0.52088243
v -0.04669400 1.24533612 0.52088243
v -0.04669400 1.24533612 0.52088243
v -0.02229621 1.23957068 0.49770227
v -0.02229621 1.23957068 0.49770227
v -0.02229621 1.23957068 0.49770227
v -0.02229621 1.23957068 0.49770227
v -0.02229621 1.23957068 0.49770227
v -0.02229621 1.23957068 0.49770227
v -0.02229621 1.23957068 0.49770227
v -0.00019715 1.23362654 0.47628749
v -0.00019715 1.23362654 0.47628749
v -0.00019715 1.23362654 0.47628749
v -0.00019715 1.23362654 0.47628749
v -0.11121493 1.26964945 0.63233139
v -0.11121493 1.26964945 0.63233139
v -0.11121493 1.26964945 0.63233139
v -0.11121493 1.26964945 0.63233139
v -0.11121493 1.26964945 0.63233139
v -0.15567429 1.25431949 0.58788996
v -0.15567429 1.25431949 0.58788996
v -0.15567429 1.25431949 0.58788996
v -0.15567429 1.25431949 0.58788996
v -0.15567429 1.25431949 0.58788996
v -0.15567429 1.25431949 0.58788996
v -0.06675556 1.26151520 0.58788996
v -0.06675556 1.26151520 0.58788996
v -0.06675556 1.26151520 0.58788996
v -0.06675556 1.26151520 0.58788996
v -0.06675556 1.26151520 0.58788996
v -0.06675556 1.26151520 0.58788996
v -0.11121493 1.25896770 0.58788996
v -0.11121493 1.25896770 0.58788996
v -0.11121493 1.25896770 0.58788996
v -0.11121493 1.25896770 0.58788996
v -0.11121493 1.25896770 0.58788996
v -0.11121493 1.25896770 0.58788996
v -0.11121493 1.25896770 0.58788996
v -0.00019715 1.25713521 0.56578438
v -0.00019715 1.25713521 0.56578438
v -0.00019715 1.25713521 0.56578438
v -0.00019715 1.25713521 0.56578438
v -0.02229621 1.25163800 0.54337178
v -0.02229621 1.25163800 0.54337178
v -0.02229621 1.25163800 0.54337178
v -0.02229621 1.25163800 0.54337178
v -0.02229621 1.25163800 0.54337178
v -0.02229621 1.25163800 0.54337178
v -0.02229621 1.25163800 0.54337178
v -0.02229621 1.25163800 0.54337178
v -0.02229621 1.25163800 0.54337178
v -0.53391844 1.13324505 0.54413934
v -0.53391844 1.13324505 0.54413934
v -0.53391844 1.13324505 0.54413934
v -0.52153671 1.15098840 0.58788996
v -0.52153671 1.15098840 0.58788996
v -0.52153671 1.15098840 0.58788996
v -0.52153671 1.15098840 0.58788996
v -0.52153671 1.15098840 0.58788996
v -0.52153671 1.15098840 0.58788996
v -0.52153671 1.15098840 0.58788996
v -0.15567429 1.23152596 0.49893036
v -0.15567429 1.23152596 0.49893036
v -0.15567429 1.23152596 0.49893036
v -0.15567429 1.23152596 0.49893036
v -0.15567429 1.23152596 0.49893036
v -0.11121493 1.23626333 0.49893036
v -0.11121493 1.23626333 0.49893036
v -0.11121493 1.23626333 0.49893036
v -0.11121493 1.23626333 0.49893036
v -0.11121493 1.23626333 0.49893036
v -0.53391844 1.14535695 0.58788996
v -0.53391844 1.14535695 0.58788996
v -0.53391844 1.14535695 0.58788996
v -0.53391844 1.14535695 0.58788996
v -0.15567429 1.24703449 0.55856936
v -0.15567429 1.24703449 0.55856936
v -0.15567429 1.24703449 0.55856936
v -0.15567429 1.24703449 0.55856936
v -0.15567429 1.24703449 0.55856936
v -0.15567429 1.24703449 0.55856936
v -0.15567429 1.24135846 0.53638703
v -0.15567429 1.24135846 0.53638703
v -0.15567429 1.24135846 0.53638703
v -0.15567429 1.24135846 0.53638703
v -0.19647661 1.23755950 0.54728631
v -0.19647661 1.23755950 0.54728631
v -0.19647661 1.23755950 0.54728631
v -0.11121493 1.24372727 0.52717638
v -0.11121493 1.24372727 0.52717638
v -0.11121493 1.24372727 0.52717638
v -0.11121493 1.24372727 0.52717638
v -0.11121493 1.24372727 0.52717638
v -0.11121493 1.24372727 0.52717638
v -0.11121493 1.24940330 0.54943546
v -0.11121493 1.24940330 0.54943546
v -0.11121493 1.24940330 0.54943546
v -0.11121493 1.24940330 0.54943546
v -0.06362095 1.24967140 0.53991779
v -0.06362095 1.24967140 0.53991779
v -0.06362095 1.24967140 0.53991779
v -0.06362095 1.24967140 0.53991779
v -0.02229621 1.24560434 0.51996136
v -0.02229621 1.24560434 0.51996136
v -0.02229621 1.24560434 0.51996136
v -0.02229621 1.24560434 0.51996136
v -0.00019715 1.23957068 0.49777903
v -0.00019715 1.23957068 0.49777903
v -0.00019715 1.23957068 0.49777903
v -0.00019715 1.24560434 0.51996136
v -0.00019715 1.24560434 0.51996136
v -0.00019715 1.24560434 0.51996136
v -0.00019715 1.24560434 0.51996136
v -0.00019715 1.24560434 0.51996136
v -0.00019715 1.25159329 0.54337178
v -0.00019715 1.25159329 0.54337178
v -0.00019715 1.25159329 0.54337178
v -0.00019715 1.24864346 0.53178170
v -0.00019715 1.24864346 0.53178170
v -0.00019715 1.24864346 0.53178170
vn 0.00000000 0.00000000 -1.00000000
vn -0.69899689 0.00407260 -0.71511311
vn -1.00000000 0.00000000 0.00000000
vn 0.00000000 0.00000000 -1.00000000
vn -0.00569605 -0.00364934 -0.99997712
vn -1.00000000 0.00000000 0.00000000
vn -0.34946489 0.74141059 -0.57287401
vn -0.38499383 0.81959436 -0.42431690
vn -0.38656298 0.82123003 -0.41970263
vn -0.69899689 0.00407260 -0.71511311
vn -1.00000000 0.00000000 0.00000000
vn 0.00000000 0.00000000 -1.00000000
vn -0.34946489 0.74141059 -0.57287401
vn -0.69899689 0.00407260 -0.71511311
vn 0.00000000 0.00000000 -1.00000000
vn 0.01513278 -0.05926640 -0.99812749
vn -0.00569605 -0.00364934 -0.99997712
vn 0.01513278 -0.05926640 -0.99812749
vn 0.21288074 -0.93617778 0.27973729
vn 0.22425510 -0.93592421 0.27157969
vn 0.24338806 -0.93518343 0.25728233
vn -0.00569605 -0.00364934 -0.99997712
vn -1.00000000 0.00000000 0.00000000
vn -0.38626668 0.82403450 -0.41444565
vn -0.38656298 0.82123003 -0.41970263
vn -0.39434699 0.83901659 -0.37488879
vn -0.39852436 0.84049154 -0.36708624
vn -0.40873535 0.83764739 -0.36232894
vn -1.00000000 0.00000000 0.00000000
vn -0.37118843 0.84265923 -0.39005714
vn -0.37120737 0.84259342 -0.39018127
vn -0.37331007 0.84268264 -0.38797622
vn -0.37912734 0.83908119 -0.39013487
vn -0.38327144 0.81842903 -0.42810854
vn -0.38499383 0.81959436 -0.42431690
vn -0.38626668 0.82403450 -0.41444565
vn -0.38656298 0.82123003 -0.41970263
vn 0.00000000 0.00000000 -1.00000000
vn -0.34946489 0.74141059 -0.57287401
vn -0.38327144 0.81842903 -0.42810854
vn -0.38499383 0.81959436 -0.42431690
vn 0.00000000 0.00000000 -1.00000000
vn 0.01513278 -0.05926640 -0.99812749
vn 0.24338806 -0.93518343 0.25728233
vn 1.00000000 0.00000000 0.00000000
vn 0.22425510 -0.93592421 0.27157969
vn 0.24338806 -0.93518343 0.25728233
vn 1.00000000 0.00000000 0.00000000
vn 0.13636765 -0.59582372 0.79145307
vn 0.16907770 -0.78204738 0.59984550
vn 0.19133487 -0.87168860 0.45116510
vn 0.20822293 -0.92479729 0.31842295
vn 0.21288074 -0.93617778 0.27973729
vn 0.22425510 -0.93592421 0.27157969
vn 1.00000000 0.00000000 0.00000000
vn 0.20822293 -0.92479729 0.31842295
vn 0.21288074 -0.93617778 0.27973729
vn -1.00000000 0.00000000 0.00000000
vn -0.37912734 0.83908119 -0.39013487
vn -0.38626668 0.82403450 -0.41444565
vn -0.39434699 0.83901659 -0.37488879
vn -0.39875752 0.85684478 -0.32681717
vn -0.40873535 0.83764739 -0.36232894
vn -1.00000000 0.00000000 0.00000000
vn -0.38193085 0.86382328 -0.32853945
vn -0.38687077 0.86365578 -0.32315585
vn -0.39852436 0.84049154 -0.36708624
vn -0.39875752 0.85684478 -0.32681717
vn -0.40873535 0.83764739 -0.36232894
vn -0.36469186 0.85543828 -0.36772978
vn -0.36932417 0.86302625 -0.34465249
vn -0.37206942 0.86426594 -0.33853910
vn -0.37331007 0.84268264 -0.38797622
vn -0.37912734 0.83908119 -0.39013487
vn -0.38180041 0.86390272 -0.32848217
vn -0.38193085 0.86382328 -0.32853945
vn -0.39434699 0.83901659 -0.37488879
vn -0.39852436 0.84049154 -0.36708624
vn -0.36051572 0.84946989 -0.38526527
vn -0.36197624 0.85400402 -0.37369819
vn -0.36469186 0.85543828 -0.36772978
vn -0.37118843 0.84265923 -0.39005714
vn -0.37331007 0.84268264 -0.38797622
vn 0.00000000 0.00000000 -1.00000000
vn -0.33615339 0.84306829 -0.41980563
vn -0.33948084 0.84564249 -0.41187563
vn -0.36051572 0.84946989 -0.38526527
vn -0.37118843 0.84265923 -0.39005714
vn -0.37120737 0.84259342 -0.39018127
vn 0.00000000 0.00000000 -1.00000000
vn -0.37120737 0.84259342 -0.39018127
vn -0.38327144 0.81842903 -0.42810854
vn 0.00000000 0.91860500 -0.39517700
vn 0.00000000 0.00000000 -1.00000000
vn 1.00000000 0.00000000 0.00000000
vn 0.06106067 -0.24233041 0.96827040
vn 0.07855961 -0.34667748 0.93468878
vn 0.09870238 -0.44392387 0.89061184
vn 0.13636765 -0.59582372 0.79145307
vn 1.00000000 0.00000000 0.00000000
vn 0.09870238 -0.44392387 0.89061184
vn 0.13636765 -0.59582372 0.79145307
vn 0.16907770 -0.78204738 0.59984550
vn -1.00000000 0.00000000 0.00000000
vn 0.16907770 -0.78204738 0.59984550
vn 0.19133487 -0.87168860 0.45116510
vn -1.00000000 0.00000000 0.00000000
vn 0.19133487 -0.87168860 0.45116510
vn 0.20822293 -0.92479729 0.31842295
vn -1.00000000 0.00000000 0.00000000
vn -0.38576749 0.86540305 -0.31978276
vn -0.38687077 0.86365578 -0.32315585
vn -0.39875752 0.85684478 -0.32681717
vn -1.00000000 0.00000000 0.00000000
vn -0.38180041 0.86390272 -0.32848217
vn -0.38186425 0.86416608 -0.32771434
vn -0.38193085 0.86382328 -0.32853945
vn -0.38546018 0.86576264 -0.31917942
vn -0.38576749 0.86540305 -0.31978276
vn -0.38687077 0.86365578 -0.32315585
vn -0.37206942 0.86426594 -0.33853910
vn -0.37209922 0.86457505 -0.33771609
vn -0.38180041 0.86390272 -0.32848217
vn -0.38186425 0.86416608 -0.32771434
vn -0.36212678 0.87085945 -0.33236730
vn -0.36932417 0.86302625 -0.34465249
vn -0.37206942 0.86426594 -0.33853910
vn -0.37209922 0.86457505 -0.33771609
vn -0.29954679 0.89245467 -0.33733720
vn -0.31308723 0.87129582 -0.37791532
vn -0.32289636 0.89274027 -0.31424950
vn -0.34096068 0.85342858 -0.39421501
vn -0.35562863 0.87586154 -0.32618222
vn -0.36197624 0.85400402 -0.37369819
vn -0.36212678 0.87085945 -0.33236730
vn -0.36469186 0.85543828 -0.36772978
vn -0.36932417 0.86302625 -0.34465249
vn -0.33948084 0.84564249 -0.41187563
vn -0.34096068 0.85342858 -0.39421501
vn -0.36051572 0.84946989 -0.38526527
vn -0.36197624 0.85400402 -0.37369819
vn -0.30799063 0.87110588 -0.38251316
vn -0.31308723 0.87129582 -0.37791532
vn -0.33014381 0.84040571 -0.42979449
vn -0.33615339 0.84306829 -0.41980563
vn -0.33948084 0.84564249 -0.41187563
vn -0.34096068 0.85342858 -0.39421501
vn 0.00000000 0.00000000 -1.00000000
vn -0.31457549 0.80288098 -0.50638365
vn -0.33014381 0.84040571 -0.42979449
vn -0.33615339 0.84306829 -0.41980563
vn 0.00000000 0.91860500 -0.39517700
vn 0.00000000 0.00000000 -1.00000000
vn -0.00185968 0.91932711 -0.39348978
vn -0.02090567 0.91912778 -0.39340446
vn 0.00000000 0.91860500 -0.39517700
vn 1.00000000 0.00000000 0.00000000
vn -0.00188534 0.93201514 -0.36241443
vn -0.00185968 0.91932711 -0.39348978
vn 0.00000000 0.47586888 0.87951624
vn 0.00000000 0.01553261 0.99987936
vn 0.00401827 0.47802526 0.87833690
vn 0.00714532 -0.03088588 0.99949738
vn 0.03704313 -0.15046880 0.98792052
vn 0.06106067 -0.24233041 0.96827040
vn 1.00000000 0.00000000 0.00000000
vn 0.03563177 -0.30935059 0.95028027
vn 0.03704313 -0.15046880 0.98792052
vn 0.06106067 -0.24233041 0.96827040
vn 0.07855961 -0.34667748 0.93468878
vn 0.03563177 -0.30935059 0.95028027
vn 0.07855961 -0.34667748 0.93468878
vn 0.09870238 -0.44392387 0.89061184
vn -1.00000000 0.00000000 0.00000000
vn -0.38546018 0.86576264 -0.31917942
vn -0.38576749 0.86540305 -0.31978276
vn -0.38794302 0.86928897 -0.30632810
vn -1.00000000 0.00000000 0.00000000
vn -0.34725152 0.88604171 -0.30715870
vn -0.35562863 0.87586154 -0.32618222
vn -0.36212678 0.87085945 -0.33236730
vn -0.36325096 0.88525110 -0.29048101
vn -0.37209922 0.86457505 -0.33771609
vn -0.38186425 0.86416608 -0.32771434
vn -0.38546018 0.86576264 -0.31917942
vn -0.38586088 0.87336010 -0.29724320
vn -0.38737973 0.87175765 -0.29995925
vn -0.38794302 0.86928897 -0.30632810
vn -0.24322456 0.90550919 -0.34769946
vn -0.26381479 0.90742060 -0.32709267
vn -0.29954679 0.89245467 -0.33733720
vn -0.30799063 0.87110588 -0.38251316
vn -0.31308723 0.87129582 -0.37791532
vn -0.32066661 0.89636023 -0.30612295
vn -0.32289636 0.89274027 -0.31424950
vn -0.32360271 0.89628990 -0.30322549
vn -0.32413632 0.89618156 -0.30297568
vn -0.32839803 0.89496440 -0.30198253
vn -0.34725152 0.88604171 -0.30715870
vn -0.35562863 0.87586154 -0.32618222
vn -0.26381479 0.90742060 -0.32709267
vn -0.26495254 0.90924060 -0.32106337
vn -0.27044160 0.90845262 -0.31870860
vn -0.29954679 0.89245467 -0.33733720
vn -0.32066661 0.89636023 -0.30612295
vn -0.32289636 0.89274027 -0.31424950
vn -0.18742721 0.88459452 -0.42704049
vn -0.19112926 0.87335971 -0.44800940
vn -0.19614212 0.90281090 -0.38270190
vn -0.19762271 0.90392097 -0.37930483
vn -0.22782280 0.90751177 -0.35287273
vn -0.24322456 0.90550919 -0.34769946
vn -0.30799063 0.87110588 -0.38251316
vn -0.31457549 0.80288098 -0.50638365
vn -0.33014381 0.84040571 -0.42979449
vn 0.00000000 0.00000000 -1.00000000
vn -0.19112926 0.87335971 -0.44800940
vn -0.31457549 0.80288098 -0.50638365
vn 0.00000000 0.00000000 -1.00000000
vn -0.02090567 0.91912778 -0.39340446
vn -0.02135062 0.91919571 -0.39322183
vn -0.00188534 0.93201514 -0.36241443
vn -0.00185968 0.91932711 -0.39348978
vn -0.00219291 0.93211689 -0.36215093
vn -0.02090567 0.91912778 -0.39340446
vn -0.02135062 0.91919571 -0.39322183
vn -0.02219206 0.91982385 -0.39170345
vn -0.02248302 0.93188351 -0.36206026
vn 1.00000000 0.00000000 0.00000000
vn -0.00188576 0.93222117 -0.36188414
vn -0.00188534 0.93201514 -0.36241443
vn -0.00219291 0.93211689 -0.36215093
vn 0.00295995 0.95524282 0.29580804
vn 0.00401827 0.47802526 0.87833690
vn 1.00000000 0.00000000 0.00000000
vn 0.00000000 0.47586888 0.87951624
vn 0.00086589 0.95601516 0.29331599
vn 0.00295995 0.95524282 0.29580804
vn 0.00401827 0.47802526 0.87833690
vn -0.02428758 0.47572851 0.87925679
vn -0.02923283 0.95560694 0.29319074
vn -0.03023145 0.48218194 0.87554934
vn -0.03491464 0.49257178 0.86957116
vn 0.00000000 0.47586888 0.87951624
vn 0.00000000 0.01553261 0.99987936
vn -0.02428758 0.47572851 0.87925679
vn -0.02717006 0.17826136 0.98360799
vn 0.00000000 0.01553261 0.99987936
vn 0.00714532 -0.03088588 0.99949738
vn -0.02144311 0.04783254 0.99862518
vn -0.02717006 0.17826136 0.98360799
vn -0.03373272 0.21077962 0.97695141
vn -0.04183175 0.24256845 0.96923199
vn -0.05618169 0.28414626 0.95713349
vn -0.05749827 0.19274265 0.97956328
vn 0.00714532 -0.03088588 0.99949738
vn 0.03563177 -0.30935059 0.95028027
vn 0.03704313 -0.15046880 0.98792052
vn -0.02144311 0.04783254 0.99862518
vn -0.14152245 0.22827617 0.96325562
vn -1.00000000 0.00000000 0.00000000
vn -0.38737973 0.87175765 -0.29995925
vn -0.38762785 0.87276616 -0.29668820
vn -0.38794302 0.86928897 -0.30632810
vn -0.38819160 0.87282588 -0.29577402
vn -1.00000000 0.00000000 0.00000000
vn -0.38586088 0.87336010 -0.29724320
vn -0.38669653 0.87331558 -0.29628651
vn -0.38737973 0.87175765 -0.29995925
vn -0.38762785 0.87276616 -0.29668820
vn -0.36249638 0.88635480 -0.28804781
vn -0.36325096 0.88525110 -0.29048101
vn -0.36841278 0.88580271 -0.28218006
vn -0.38132454 0.87902296 -0.28619962
vn -0.38586088 0.87336010 -0.29724320
vn -0.38669653 0.87331558 -0.29628651
vn -0.32839803 0.89496440 -0.30198253
vn -0.34725152 0.88604171 -0.30715870
vn -0.35220791 0.88959136 -0.29082090
vn -0.36249638 0.88635480 -0.28804781
vn -0.36325096 0.88525110 -0.29048101
vn -0.20418759 0.91562583 -0.34631887
vn -0.20516436 0.91189524 -0.35546401
vn -0.20533198 0.91996343 -0.33392524
vn -0.20572345 0.92025807 -0.33287075
vn -0.22024099 0.92197247 -0.31852893
vn -0.22782280 0.90751177 -0.35287273
vn -0.24322456 0.90550919 -0.34769946
vn -0.24741507 0.91579485 -0.31639465
vn -0.26381479 0.90742060 -0.32709267
vn -0.26495254 0.90924060 -0.32106337
vn -0.27775780 0.92167062 -0.27087612
vn -0.28382394 0.91674261 -0.28111734
vn -0.29101992 0.92138566 -0.25759633
vn -0.29292425 0.91105404 -0.29013087
vn -0.29656325 0.92026453 -0.25527130
vn -0.32270350 0.91246823 -0.25152373
vn -0.32413632 0.89618156 -0.30297568
vn -0.32839803 0.89496440 -0.30198253
vn -0.35220791 0.88959136 -0.29082090
vn -0.36113480 0.89469017 -0.26288999
vn -0.36833201 0.88845403 -0.27382653
vn -0.29292425 0.91105404 -0.29013087
vn -0.29489238 0.90894228 -0.29472432
vn -0.32360271 0.89628990 -0.30322549
vn -0.32413632 0.89618156 -0.30297568
vn -0.27044160 0.90845262 -0.31870860
vn -0.29489238 0.90894228 -0.29472432
vn -0.32066661 0.89636023 -0.30612295
vn -0.32360271 0.89628990 -0.30322549
vn -0.21798356 0.93330766 -0.28534185
vn -0.22247139 0.92791411 -0.29913523
vn -0.23359999 0.93407272 -0.27007257
vn -0.24466530 0.93250562 -0.26565420
vn -0.24741507 0.91579485 -0.31639465
vn -0.26495254 0.90924060 -0.32106337
vn -0.26600382 0.92517146 -0.27073926
vn -0.27044160 0.90845262 -0.31870860
vn -0.28382394 0.91674261 -0.28111734
vn -0.29292425 0.91105404 -0.29013087
vn -0.29489238 0.90894228 -0.29472432
vn -0.19762271 0.90392097 -0.37930483
vn -0.19925041 0.90777715 -0.36910691
vn -0.20115172 0.90971013 -0.36327050
vn -0.20516436 0.91189524 -0.35546401
vn -0.22782280 0.90751177 -0.35287273
vn -0.19614212 0.90281090 -0.38270190
vn -0.19618230 0.90454224 -0.37857079
vn -0.19699329 0.90618354 -0.37419919
vn -0.19762271 0.90392097 -0.37930483
vn -0.19925041 0.90777715 -0.36910691
vn -0.17426710 0.90928587 -0.37792880
vn -0.18464860 0.88169094 -0.43419580
vn -0.18593477 0.88147337 -0.43408865
vn -0.18742721 0.88459452 -0.42704049
vn -0.19571926 0.90555670 -0.37637884
vn -0.19614212 0.90281090 -0.38270190
vn -0.19618230 0.90454224 -0.37857079
vn 0.00000000 0.00000000 -1.00000000
vn -0.18593477 0.88147337 -0.43408865
vn -0.18742721 0.88459452 -0.42704049
vn -0.19112926 0.87335971 -0.44800940
vn 0.00000000 0.00000000 -1.00000000
vn -0.02135062 0.91919571 -0.39322183
vn -0.02219206 0.91982385 -0.39170345
vn -0.04401538 0.91915878 -0.39142022
vn -0.02219206 0.91982385 -0.39170345
vn -0.02248302 0.93188351 -0.36206026
vn -0.02721069 0.93334699 -0.35794270
vn -0.04401538 0.91915878 -0.39142022
vn -0.05510688 0.92506490 -0.37579005
vn -0.05732908 0.93215711 -0.35748637
vn -0.00188576 0.93222117 -0.36188414
vn -0.00191250 0.94544149 -0.32578633
vn -0.00219291 0.93211689 -0.36215093
vn -0.02248302 0.93188351 -0.36206026
vn -0.02721069 0.93334699 -0.35794270
vn -0.02755287 0.94508428 -0.32566324
vn 0.00000000 0.94585232 -0.32459728
vn 1.00000000 0.00000000 0.00000000
vn -0.00188576 0.93222117 -0.36188414
vn -0.00191250 0.94544149 -0.32578633
vn 0.00086589 0.95601516 0.29331599
vn 0.00193466 0.95639629 0.29206574
vn 0.00295995 0.95524282 0.29580804
vn 1.00000000 0.00000000 0.00000000
vn 0.00000000 0.97528722 -0.22094080
vn 0.00086589 0.95601516 0.29331599
vn 0.00193466 0.95639629 0.29206574
vn 0.00197293 0.97531549 -0.22080715
vn -0.00372389 0.97528046 -0.22093926
vn -0.02923283 0.95560694 0.29319074
vn -0.03076169 0.95613269 0.29131425
vn -0.03154750 0.98055718 -0.19368111
vn -0.02923283 0.95560694 0.29319074
vn -0.03076169 0.95613269 0.29131425
vn -0.03491464 0.49257178 0.86957116
vn -0.03595975 0.95596672 0.29126368
vn -0.03745700 0.49537734 0.86786996
vn -0.04098991 0.50343331 0.86306126
vn -0.03023145 0.48218194 0.87554934
vn -0.03373272 0.21077962 0.97695141
vn -0.03491464 0.49257178 0.86957116
vn -0.03745700 0.49537734 0.86786996
vn -0.04183175 0.24256845 0.96923199
vn -0.02428758 0.47572851 0.87925679
vn -0.02717006 0.17826136 0.98360799
vn -0.03023145 0.48218194 0.87554934
vn -0.03373272 0.21077962 0.97695141
vn -0.03745700 0.49537734 0.86786996
vn -0.04098991 0.50343331 0.86306126
vn -0.04183175 0.24256845 0.96923199
vn -0.05517399 0.51947690 0.85270134
vn -0.05618169 0.28414626 0.95713349
vn -0.08082492 0.51856724 0.85120817
vn -0.08652671 0.40264681 0.91125665
vn -0.05618169 0.28414626 0.95713349
vn -0.05749827 0.19274265 0.97956328
vn -0.08652671 0.40264681 0.91125665
vn -0.09130305 0.41595663 0.90478939
vn -0.10527016 0.42993504 0.89670176
vn -0.10934142 0.34723709 0.93138116
vn -0.02144311 0.04783254 0.99862518
vn -0.05749827 0.19274265 0.97956328
vn -0.10934142 0.34723709 0.93138116
vn -0.14152245 0.22827617 0.96325562
vn -0.15466663 0.43194991 0.88853672
vn -0.17838963 0.43019810 0.88493318
vn -0.18127871 0.37970419 0.90717295
vn -0.14152245 0.22827617 0.96325562
vn -0.18127871 0.37970419 0.90717295
vn -1.00000000 0.00000000 0.00000000
vn -0.38819160 0.87282588 -0.29577402
vn -0.38842498 0.87298572 -0.29499487
vn -1.00000000 0.00000000 0.00000000
vn -0.38132454 0.87902296 -0.28619962
vn -0.38301044 0.87889264 -0.28434262
vn -0.38669653 0.87331558 -0.29628651
vn -0.38707328 0.87673846 -0.28548898
vn -0.38762785 0.87276616 -0.29668820
vn -0.38819160 0.87282588 -0.29577402
vn -0.38842498 0.87298572 -0.29499487
vn -0.36841278 0.88580271 -0.28218006
vn -0.36995585 0.88765696 -0.27422216
vn -0.37165518 0.88741957 -0.27268834
vn -0.37792656 0.88507597 -0.27168371
vn -0.38132454 0.87902296 -0.28619962
vn -0.38301044 0.87889264 -0.28434262
vn -0.35220791 0.88959136 -0.29082090
vn -0.36249638 0.88635480 -0.28804781
vn -0.36833201 0.88845403 -0.27382653
vn -0.36841278 0.88580271 -0.28218006
vn -0.36995585 0.88765696 -0.27422216
vn -0.21435281 0.92964355 -0.29969275
vn -0.22024099 0.92197247 -0.31852893
vn -0.22247139 0.92791411 -0.29913523
vn -0.24741507 0.91579485 -0.31639465
vn -0.19893894 0.93047240 -0.30764331
vn -0.19901841 0.93055754 -0.30733425
vn -0.20169248 0.93222987 -0.30044570
vn -0.20572345 0.92025807 -0.33287075
vn -0.20790070 0.93270056 -0.29469810
vn -0.21435281 0.92964355 -0.29969275
vn -0.22024099 0.92197247 -0.31852893
vn -0.19337052 0.92749634 -0.31993498
vn -0.19427147 0.92522907 -0.32589840
vn -0.19766588 0.92133129 -0.33477880
vn -0.19893894 0.93047240 -0.30764331
vn -0.20117707 0.91960500 -0.33742321
vn -0.20533198 0.91996343 -0.33392524
vn -0.20572345 0.92025807 -0.33287075
vn -0.20117707 0.91960500 -0.33742321
vn -0.20418759 0.91562583 -0.34631887
vn -0.20533198 0.91996343 -0.33392524
vn -0.19476512 0.92111172 -0.33707529
vn -0.19766588 0.92133129 -0.33477880
vn -0.20115172 0.90971013 -0.36327050
vn -0.20117707 0.91960500 -0.33742321
vn -0.20418759 0.91562583 -0.34631887
vn -0.20516436 0.91189524 -0.35546401
vn -0.26600382 0.92517146 -0.27073926
vn -0.27775780 0.92167062 -0.27087612
vn -0.28382394 0.91674261 -0.28111734
vn -0.36113480 0.89469017 -0.26288999
vn -0.36125103 0.89497813 -0.26174766
vn -0.36833201 0.88845403 -0.27382653
vn -0.36995585 0.88765696 -0.27422216
vn -0.37165518 0.88741957 -0.27268834
vn -0.37248323 0.88939674 -0.26500883
vn -0.32270350 0.91246823 -0.25152373
vn -0.32552585 0.91164570 -0.25086855
vn -0.34329621 0.90481726 -0.25189966
vn -0.35692912 0.89839261 -0.25591467
vn -0.36113480 0.89469017 -0.26288999
vn -0.36125103 0.89497813 -0.26174766
vn -0.25925387 0.93659131 -0.23576290
vn -0.26181026 0.93654439 -0.23310941
vn -0.26574955 0.93130789 -0.24908388
vn -0.26593291 0.93571486 -0.23177013
vn -0.27277654 0.92844697 -0.25214915
vn -0.29656325 0.92026453 -0.25527130
vn -0.30814419 0.92309206 -0.23010477
vn -0.32270350 0.91246823 -0.25152373
vn -0.32552585 0.91164570 -0.25086855
vn -0.33564556 0.91112724 -0.23914266
vn -0.33607491 0.91070979 -0.24012773
vn -0.24559186 0.93357459 -0.26100405
vn -0.24985270 0.93365295 -0.25664334
vn -0.26201213 0.93134712 -0.25286790
vn -0.27277654 0.92844697 -0.25214915
vn -0.29101992 0.92138566 -0.25759633
vn -0.29656325 0.92026453 -0.25527130
vn -0.24466530 0.93250562 -0.26565420
vn -0.24496771 0.93365824 -0.26129123
vn -0.24559186 0.93357459 -0.26100405
vn -0.26600382 0.92517146 -0.27073926
vn -0.27775780 0.92167062 -0.27087612
vn -0.29101992 0.92138566 -0.25759633
vn -0.20618297 0.93480898 -0.28917253
vn -0.20790070 0.93270056 -0.29469810
vn -0.20871869 0.93524253 -0.28593340
vn -0.21435281 0.92964355 -0.29969275
vn -0.21798356 0.93330766 -0.28534185
vn -0.22247139 0.92791411 -0.29913523
vn -0.21292212 0.93862274 -0.27138814
vn -0.21607743 0.94036080 -0.26273961
vn -0.21892459 0.94051433 -0.25981690
vn -0.22877234 0.93834642 -0.25917024
vn -0.23359999 0.93407272 -0.27007257
vn -0.24466530 0.93250562 -0.26565420
vn -0.24496771 0.93365824 -0.26129123
vn -0.20871869 0.93524253 -0.28593340
vn -0.20940203 0.93830448 -0.27520083
vn -0.20949247 0.93838350 -0.27486234
vn -0.20983031 0.93845875 -0.27434725
vn -0.21292212 0.93862274 -0.27138814
vn -0.21798356 0.93330766 -0.28534185
vn -0.23359999 0.93407272 -0.27007257
vn -0.18906706 0.92099840 -0.34061063
vn -0.19366841 0.92161292 -0.33633640
vn -0.19476512 0.92111172 -0.33707529
vn -0.19636927 0.90608635 -0.37476211
vn -0.19699329 0.90618354 -0.37419919
vn -0.19925041 0.90777715 -0.36910691
vn -0.20115172 0.90971013 -0.36327050
vn -0.19571926 0.90555670 -0.37637884
vn -0.19618230 0.90454224 -0.37857079
vn -0.19636927 0.90608635 -0.37476211
vn -0.19699329 0.90618354 -0.37419919
vn -0.13929813 0.91571117 -0.37692052
vn -0.14951047 0.88196128 -0.44697977
vn -0.17190904 0.91096024 -0.37496496
vn -0.17426710 0.90928587 -0.37792880
vn -0.18249505 0.87700775 -0.44446931
vn -0.18464860 0.88169094 -0.43419580
vn 0.00000000 0.00000000 -1.00000000
vn -0.18249505 0.87700775 -0.44446931
vn -0.18464860 0.88169094 -0.43419580
vn -0.18593477 0.88147337 -0.43408865
vn -0.16577040 0.92462707 -0.34290664
vn -0.16641733 0.92483562 -0.34202974
vn -0.17190904 0.91096024 -0.37496496
vn -0.17426710 0.90928587 -0.37792880
vn -0.18906706 0.92099840 -0.34061063
vn -0.19571926 0.90555670 -0.37637884
vn -0.19636927 0.90608635 -0.37476211
vn 0.00000000 0.00000000 -1.00000000
vn -0.04401538 0.91915878 -0.39142022
vn -0.05510688 0.92506490 -0.37579005
vn -0.06785766 0.92116680 -0.38320628
vn -0.05510688 0.92506490 -0.37579005
vn -0.05732908 0.93215711 -0.35748637
vn -0.06096889 0.93309051 -0.35443602
vn -0.06785766 0.92116680 -0.38320628
vn -0.10716866 0.92995990 -0.35169513
vn -0.02721069 0.93334699 -0.35794270
vn -0.02755287 0.94508428 -0.32566324
vn -0.03219801 0.94691437 -0.31986944
vn -0.05732908 0.93215711 -0.35748637
vn -0.06096889 0.93309051 -0.35443602
vn -0.06178598 0.94559550 -0.31942393
vn 0.00000000 0.95999054 -0.28003242
vn 0.00000000 0.94585232 -0.32459728
vn -0.00191250 0.94544149 -0.32578633
vn -0.00194492 0.96013391 -0.27953372
vn -0.02122904 0.95991934 -0.27947125
vn -0.02755287 0.94508428 -0.32566324
vn -0.02959321 0.95793937 -0.28544073
vn -0.03075007 0.95731761 -0.28739766
vn -0.03219801 0.94691437 -0.31986944
vn 0.00000000 0.95999054 -0.28003242
vn 0.00000000 0.94585232 -0.32459728
vn 1.00000000 0.00000000 0.00000000
vn 0.00193466 0.95639629 0.29206574
vn 0.00197293 0.97531549 -0.22080715
vn 1.00000000 0.00000000 0.00000000
vn -0.00372389 0.97528046 -0.22093926
vn -0.02350650 0.97430511 -0.22400224
vn -0.03154750 0.98055718 -0.19368111
vn -0.03797546 0.98033784 -0.19363778
vn -0.03957398 0.97381096 -0.22388863
vn -0.03076169 0.95613269 0.29131425
vn -0.03154750 0.98055718 -0.19368111
vn -0.03595975 0.95596672 0.29126368
vn -0.03797546 0.98033784 -0.19363778
vn -0.04809387 0.96005009 0.27566430
vn -0.05327681 0.96365982 0.26176579
vn -0.05433579 0.98281439 -0.17641851
vn 0.00000000 0.97528722 -0.22094080
vn 0.00000000 0.97397472 -0.22665668
vn 0.00197293 0.97531549 -0.22080715
vn 1.00000000 0.00000000 0.00000000
vn 0.00000000 0.97528722 -0.22094080
vn 0.00000000 0.97397472 -0.22665668
vn -0.00372389 0.97528046 -0.22093926
vn -0.02349204 0.97370592 -0.22659413
vn -0.02350650 0.97430511 -0.22400224
vn -0.03595975 0.95596672 0.29126368
vn -0.04098991 0.50343331 0.86306126
vn -0.04809387 0.96005009 0.27566430
vn -0.05517399 0.51947690 0.85270134
vn -0.08082492 0.51856724 0.85120817
vn -0.08652671 0.40264681 0.91125665
vn -0.09130305 0.41595663 0.90478939
vn -0.09712006 0.53818244 0.83721405
vn -0.04809387 0.96005009 0.27566430
vn -0.05327681 0.96365982 0.26176579
vn -0.05517399 0.51947690 0.85270134
vn -0.08082492 0.51856724 0.85120817
vn -0.08205276 0.97166937 0.22164379
vn -0.08995314 0.97100447 0.22149212
vn -0.09712006 0.53818244 0.83721405
vn -0.11660997 0.60242685 0.78961004
vn -0.09130305 0.41595663 0.90478939
vn -0.09712006 0.53818244 0.83721405
vn -0.10527016 0.42993504 0.89670176
vn -0.11660997 0.60242685 0.78961004
vn -0.13639606 0.49661498 0.85718707
vn -0.14681241 0.66585737 0.73149168
vn -0.10527016 0.42993504 0.89670176
vn -0.10934142 0.34723709 0.93138116
vn -0.13639606 0.49661498 0.85718707
vn -0.14806288 0.50963320 0.84755613
vn -0.15466663 0.43194991 0.88853672
vn -0.15621937 0.45758971 0.87533260
vn -0.17838963 0.43019810 0.88493318
vn -0.18127871 0.37970419 0.90717295
vn -0.25880860 0.57072336 0.77929003
vn -0.52195653 0.75083514 0.40473198
vn -1.00000000 0.00000000 0.00000000
vn -0.15466663 0.43194991 0.88853672
vn -0.15621937 0.45758971 0.87533260
vn -0.17838963 0.43019810 0.88493318
vn -0.19004742 0.59630942 0.77993400
vn -0.25880860 0.57072336 0.77929003
vn -0.26440710 0.70035648 0.66301560
vn -0.38707328 0.87673846 -0.28548898
vn -0.38842498 0.87298572 -0.29499487
vn -0.38918416 0.87723423 -0.28106189
vn -0.39494680 0.87534935 -0.27889162
vn -1.00000000 0.00000000 0.00000000
vn -0.37792656 0.88507597 -0.27168371
vn -0.37969246 0.88486516 -0.26990237
vn -0.38301044 0.87889264 -0.28434262
vn -0.38366896 0.88267310 -0.27145225
vn -0.38707328 0.87673846 -0.28548898
vn -0.38918416 0.87723423 -0.28106189
vn -0.37165518 0.88741957 -0.27268834
vn -0.37248323 0.88939674 -0.26500883
vn -0.37621681 0.88896479 -0.26115611
vn -0.37792656 0.88507597 -0.27168371
vn -0.37898512 0.88788487 -0.26082701
vn -0.37969246 0.88486516 -0.26990237
vn -0.38010582 0.88704168 -0.26206226
vn -0.20169248 0.93222987 -0.30044570
vn -0.20256029 0.93419751 -0.29367387
vn -0.20517115 0.93500028 -0.28927370
vn -0.20618297 0.93480898 -0.28917253
vn -0.20790070 0.93270056 -0.29469810
vn -0.19901841 0.93055754 -0.30733425
vn -0.19975410 0.93399745 -0.29622129
vn -0.20169248 0.93222987 -0.30044570
vn -0.20256029 0.93419751 -0.29367387
vn -0.16843635 0.93183235 -0.32143066
vn -0.19169542 0.93577828 -0.29592546
vn -0.19337052 0.92749634 -0.31993498
vn -0.19893894 0.93047240 -0.30764331
vn -0.19901841 0.93055754 -0.30733425
vn -0.19975410 0.93399745 -0.29622129
vn -0.16641733 0.92483562 -0.34202974
vn -0.16767952 0.93185003 -0.32177491
vn -0.16843635 0.93183235 -0.32143066
vn -0.18906706 0.92099840 -0.34061063
vn -0.19337052 0.92749634 -0.31993498
vn -0.19366841 0.92161292 -0.33633640
vn -0.19427147 0.92522907 -0.32589840
vn -0.19366841 0.92161292 -0.33633640
vn -0.19427147 0.92522907 -0.32589840
vn -0.19476512 0.92111172 -0.33707529
vn -0.19766588 0.92133129 -0.33477880
vn -0.35692912 0.89839261 -0.25591467
vn -0.36100976 0.89802072 -0.25145722
vn -0.36125103 0.89497813 -0.26174766
vn -0.37030919 0.89350048 -0.25402362
vn -0.37248323 0.88939674 -0.26500883
vn -0.37409692 0.89105233 -0.25705493
vn -0.37621681 0.88896479 -0.26115611
vn -0.34329621 0.90481726 -0.25189966
vn -0.35692912 0.89839261 -0.25591467
vn -0.36011550 0.89900664 -0.24920652
vn -0.36100976 0.89802072 -0.25145722
vn -0.32552585 0.91164570 -0.25086855
vn -0.33607491 0.91070979 -0.24012773
vn -0.34329621 0.90481726 -0.25189966
vn -0.35738563 0.90333262 -0.23720389
vn -0.36011550 0.89900664 -0.24920652
vn -0.36107398 0.89888323 -0.24826300
vn -0.36136345 0.90059725 -0.24153894
vn -0.33564556 0.91112724 -0.23914266
vn -0.33607491 0.91070979 -0.24012773
vn -0.34649591 0.91016923 -0.22700782
vn -0.35208280 0.90820818 -0.22626445
vn -0.35738563 0.90333262 -0.23720389
vn -0.35825457 0.90532747 -0.22811367
vn -0.30814419 0.92309206 -0.23010477
vn -0.33564556 0.91112724 -0.23914266
vn -0.34649591 0.91016923 -0.22700782
vn -0.22478406 0.94742404 -0.22772749
vn -0.23328566 0.97167138 -0.03784886
vn -0.23536040 0.97149201 -0.02843851
vn -0.24413802 0.96956117 -0.01864826
vn -0.24499905 0.94158932 -0.23105200
vn -0.24735832 0.94089385 -0.23137119
vn -0.26593291 0.93571486 -0.23177013
vn -0.30814419 0.92309206 -0.23010477
vn -0.31274276 0.94960785 -0.02090214
vn -0.34649591 0.91016923 -0.22700782
vn -0.35208280 0.90820818 -0.22626445
vn -0.35757211 0.90632163 -0.22521833
vn -0.35842713 0.93120605 -0.06622144
vn -0.36349195 0.90429653 -0.22387808
vn -0.36645452 0.90331468 -0.22301048
vn -0.37968279 0.91618022 -0.12827621
vn -0.24735832 0.94089385 -0.23137119
vn -0.24888005 0.94011335 -0.23290688
vn -0.25433728 0.93847037 -0.23363629
vn -0.26181026 0.93654439 -0.23310941
vn -0.26593291 0.93571486 -0.23177013
vn -0.25433728 0.93847037 -0.23363629
vn -0.25925387 0.93659131 -0.23576290
vn -0.26181026 0.93654439 -0.23310941
vn -0.23299964 0.94014871 -0.24865955
vn -0.24888005 0.94011335 -0.23290688
vn -0.24985270 0.93365295 -0.25664334
vn -0.25433728 0.93847037 -0.23363629
vn -0.25925387 0.93659131 -0.23576290
vn -0.26201213 0.93134712 -0.25286790
vn -0.26574955 0.93130789 -0.24908388
vn -0.26201213 0.93134712 -0.25286790
vn -0.26574955 0.93130789 -0.24908388
vn -0.27277654 0.92844697 -0.25214915
vn -0.22182907 0.94089876 -0.25593240
vn -0.22775864 0.94102178 -0.25020792
vn -0.22877234 0.93834642 -0.25917024
vn -0.23299964 0.94014871 -0.24865955
vn -0.24496771 0.93365824 -0.26129123
vn -0.24559186 0.93357459 -0.26100405
vn -0.24985270 0.93365295 -0.25664334
vn -0.20517115 0.93500028 -0.28927370
vn -0.20533233 0.93618259 -0.28530824
vn -0.20618297 0.93480898 -0.28917253
vn -0.20871869 0.93524253 -0.28593340
vn -0.20940203 0.93830448 -0.27520083
vn -0.21459114 0.94181232 -0.25872805
vn -0.21607743 0.94036080 -0.26273961
vn -0.21633990 0.94186128 -0.25708826
vn -0.21824692 0.94114002 -0.25811577
vn -0.21892459 0.94051433 -0.25981690
vn -0.20563335 0.94285989 -0.26216438
vn -0.20983031 0.93845875 -0.27434725
vn -0.21101421 0.94316194 -0.25674608
vn -0.21292212 0.93862274 -0.27138814
vn -0.21459114 0.94181232 -0.25872805
vn -0.21607743 0.94036080 -0.26273961
vn -0.21824692 0.94114002 -0.25811577
vn -0.21892459 0.94051433 -0.25981690
vn -0.22043028 0.94120480 -0.25601565
vn -0.22182907 0.94089876 -0.25593240
vn -0.22877234 0.93834642 -0.25917024
vn -0.19924506 0.94413221 -0.26251815
vn -0.20112206 0.94185355 -0.26918730
vn -0.20563335 0.94285989 -0.26216438
vn -0.20949247 0.93838350 -0.27486234
vn -0.20983031 0.93845875 -0.27434725
vn -0.19920736 0.94172969 -0.27103803
vn -0.20112206 0.94185355 -0.26918730
vn -0.20341183 0.93699090 -0.28402762
vn -0.20533233 0.93618259 -0.28530824
vn -0.20940203 0.93830448 -0.27520083
vn -0.20949247 0.93838350 -0.27486234
vn 0.00000000 0.00000000 -1.00000000
vn -0.13831060 0.91615786 -0.37619801
vn -0.13929813 0.91571117 -0.37692052
vn -0.14951047 0.88196128 -0.44697977
vn 0.00000000 0.00000000 -1.00000000
vn -0.14951047 0.88196128 -0.44697977
vn -0.18249505 0.87700775 -0.44446931
vn -0.10960442 0.92991938 -0.35105102
vn -0.11337799 0.92813571 -0.35455540
vn -0.11516148 0.93136129 -0.34540409
vn -0.13831060 0.91615786 -0.37619801
vn -0.13929813 0.91571117 -0.37692052
vn -0.16577040 0.92462707 -0.34290664
vn -0.17190904 0.91096024 -0.37496496
vn -0.11516148 0.93136129 -0.34540409
vn -0.11615503 0.93939657 -0.32255556
vn -0.12062584 0.93924978 -0.32133980
vn -0.14829666 0.93590484 -0.31951563
vn -0.16577040 0.92462707 -0.34290664
vn -0.16641733 0.92483562 -0.34202974
vn -0.16767952 0.93185003 -0.32177491
vn 0.00000000 0.00000000 -1.00000000
vn -0.06785766 0.92116680 -0.38320628
vn -0.10716866 0.92995990 -0.35169513
vn -0.10960442 0.92991938 -0.35105102
vn -0.11337799 0.92813571 -0.35455540
vn -0.06096889 0.93309051 -0.35443602
vn -0.06178598 0.94559550 -0.31942393
vn -0.06343613 0.94613572 -0.31749496
vn -0.09957345 0.94333360 -0.31655465
vn -0.10716866 0.92995990 -0.35169513
vn -0.10960442 0.92991938 -0.35105102
vn -0.11516148 0.93136129 -0.34540409
vn -0.11615503 0.93939657 -0.32255556
vn -0.03075007 0.95731761 -0.28739766
vn -0.03219801 0.94691437 -0.31986944
vn -0.04965354 0.95658913 -0.28717896
vn -0.05461968 0.95520956 -0.29084597
vn -0.06178598 0.94559550 -0.31942393
vn -0.06220902 0.95103566 -0.30275602
vn -0.06343613 0.94613572 -0.31749496
vn -0.02959321 0.95793937 -0.28544073
vn -0.03075007 0.95731761 -0.28739766
vn -0.04811243 0.95724925 -0.28523510
vn -0.04965354 0.95658913 -0.28717896
vn -0.02123474 0.96017698 -0.27858438
vn -0.02122904 0.95991934 -0.27947125
vn -0.02959321 0.95793937 -0.28544073
vn -0.04811243 0.95724925 -0.28523510
vn -0.04821433 0.95927660 -0.27832315
vn -0.00194492 0.96013391 -0.27953372
vn -0.00292118 0.96038943 -0.27864602
vn -0.02123474 0.96017698 -0.27858438
vn -0.02122904 0.95991934 -0.27947125
vn 0.00000000 0.96117189 -0.27595034
vn 0.00000000 0.95999054 -0.28003242
vn 1.00000000 0.00000000 0.00000000
vn -0.00194492 0.96013391 -0.27953372
vn -0.00292118 0.96038943 -0.27864602
vn -0.03797546 0.98033784 -0.19363778
vn -0.03957398 0.97381096 -0.22388863
vn -0.05433579 0.98281439 -0.17641851
vn -0.05610363 0.97244066 -0.22629968
vn -0.05679226 0.97238116 -0.22638356
vn -0.06156089 0.98240160 -0.17634441
vn -0.06564042 0.97185262 -0.22626051
vn -0.02349204 0.97370592 -0.22659413
vn -0.02350650 0.97430511 -0.22400224
vn -0.03957398 0.97381096 -0.22388863
vn -0.05610363 0.97244066 -0.22629968
vn -0.05327681 0.96365982 0.26176579
vn -0.05433579 0.98281439 -0.17641851
vn -0.06156089 0.98240160 -0.17634441
vn -0.08205276 0.97166937 0.22164379
vn -0.08318244 0.98504710 -0.15087376
vn 0.00000000 0.97397472 -0.22665668
vn 0.00000000 0.97186334 -0.23554541
vn 0.00196549 0.97163729 -0.23646799
vn 1.00000000 0.00000000 0.00000000
vn 0.00000000 0.97397472 -0.22665668
vn 0.00000000 0.97186334 -0.23554541
vn -0.02344114 0.97159629 -0.23548069
vn -0.02349204 0.97370592 -0.22659413
vn -0.08205276 0.97166937 0.22164379
vn -0.08318244 0.98504710 -0.15087376
vn -0.08995314 0.97100447 0.22149212
vn -0.10206464 0.98331078 -0.15060782
vn -0.11795959 0.97740312 0.17541002
vn -0.12986252 0.98549544 -0.10924499
vn -0.14751964 0.98490508 0.09055353
vn -0.14788496 0.98734411 -0.05728562
vn -0.08995314 0.97100447 0.22149212
vn -0.11660997 0.60242685 0.78961004
vn -0.11795959 0.97740312 0.17541002
vn -0.14681241 0.66585737 0.73149168
vn -0.16144288 0.70888193 0.68660221
vn -0.13639606 0.49661498 0.85718707
vn -0.14681241 0.66585737 0.73149168
vn -0.14806288 0.50963320 0.84755613
vn -0.16144288 0.70888193 0.68660221
vn -0.17067665 0.57160819 0.80257932
vn -0.17209196 0.73339864 0.65765553
vn -0.14806288 0.50963320 0.84755613
vn -0.15621937 0.45758971 0.87533260
vn -0.17067665 0.57160819 0.80257932
vn -0.18902640 0.59585222 0.78053133
vn -0.19004742 0.59630942 0.77993400
vn -0.25880860 0.57072336 0.77929003
vn -0.26440710 0.70035648 0.66301560
vn -0.37185328 0.90726221 0.19646988
vn -0.38471655 0.90536643 0.17973540
vn -0.39364045 0.90120322 0.18132833
vn -0.39654108 0.89922977 0.18477281
vn -0.49718517 0.79895497 0.33834576
vn -0.52195653 0.75083514 0.40473198
vn -0.49718517 0.79895497 0.33834576
vn -0.52195653 0.75083514 0.40473198
vn -1.00000000 0.00000000 0.00000000
vn -0.18378803 0.77178564 0.60874370
vn -0.18902640 0.59585222 0.78053133
vn -0.19004742 0.59630942 0.77993400
vn -0.23491090 0.96824443 0.08555461
vn -0.24347545 0.96692984 0.07593675
vn -0.26440710 0.70035648 0.66301560
vn -0.31169121 0.94641493 0.08454214
vn -0.35577513 0.92431606 0.13807198
vn -0.37185328 0.90726221 0.19646988
vn -0.39286273 0.87822269 -0.27273391
vn -0.39494680 0.87534935 -0.27889162
vn -1.00000000 0.00000000 0.00000000
vn -0.38366896 0.88267310 -0.27145225
vn -0.38448690 0.88261215 -0.27049144
vn -0.38918416 0.87723423 -0.28106189
vn -0.39286273 0.87822269 -0.27273391
vn -0.39494680 0.87534935 -0.27889162
vn -0.37969246 0.88486516 -0.26990237
vn -0.38010582 0.88704168 -0.26206226
vn -0.38025475 0.88698226 -0.26204732
vn -0.38354297 0.88377402 -0.26802662
vn -0.38366896 0.88267310 -0.27145225
vn -0.38448690 0.88261215 -0.27049144
vn -0.37898512 0.88788487 -0.26082701
vn -0.37912299 0.88840539 -0.25884670
vn -0.38010582 0.88704168 -0.26206226
vn -0.38025475 0.88698226 -0.26204732
vn -0.38618687 0.88736996 -0.25186159
vn -0.38852683 0.88571242 -0.25408741
vn -0.38875238 0.88657513 -0.25071122
vn -0.38888317 0.88652474 -0.25068658
vn -0.37409692 0.89105233 -0.25705493
vn -0.37621681 0.88896479 -0.26115611
vn -0.37898512 0.88788487 -0.26082701
vn -0.37912299 0.88840539 -0.25884670
vn -0.19109762 0.93634785 -0.29450705
vn -0.19169542 0.93577828 -0.29592546
vn -0.19975410 0.93399745 -0.29622129
vn -0.20256029 0.93419751 -0.29367387
vn -0.20341183 0.93699090 -0.28402762
vn -0.20517115 0.93500028 -0.28927370
vn -0.20533233 0.93618259 -0.28530824
vn -0.12815083 0.94858029 -0.28943532
vn -0.13244796 0.94104720 -0.31126790
vn -0.14622796 0.95043687 -0.27438501
vn -0.14829666 0.93590484 -0.31951563
vn -0.15988303 0.94916356 -0.27115669
vn -0.16767952 0.93185003 -0.32177491
vn -0.16843635 0.93183235 -0.32143066
vn -0.19109762 0.93634785 -0.29450705
vn -0.19169542 0.93577828 -0.29592546
vn -0.36844074 0.89512199 -0.25101404
vn -0.37030919 0.89350048 -0.25402362
vn -0.37107917 0.89489461 -0.24791910
vn -0.37409692 0.89105233 -0.25705493
vn -0.37912299 0.88840539 -0.25884670
vn -0.38618687 0.88736996 -0.25186159
vn -0.36011550 0.89900664 -0.24920652
vn -0.36100976 0.89802072 -0.25145722
vn -0.36107398 0.89888323 -0.24826300
vn -0.36844074 0.89512199 -0.25101404
vn -0.37030919 0.89350048 -0.25402362
vn -0.36107398 0.89888323 -0.24826300
vn -0.36136345 0.90059725 -0.24153894
vn -0.36722765 0.89837530 -0.24096820
vn -0.36844074 0.89512199 -0.25101404
vn -0.37107917 0.89489461 -0.24791910
vn -0.35738563 0.90333262 -0.23720389
vn -0.35825457 0.90532747 -0.22811367
vn -0.36081911 0.90482108 -0.22607162
vn -0.36136345 0.90059725 -0.24153894
vn -0.36188346 0.90451576 -0.22559167
vn -0.36722765 0.89837530 -0.24096820
vn -0.37279821 0.89761750 -0.23516870
vn -0.37376865 0.89995412 -0.22445397
vn -0.35208280 0.90820818 -0.22626445
vn -0.35757211 0.90632163 -0.22521833
vn -0.35825457 0.90532747 -0.22811367
vn -0.36081911 0.90482108 -0.22607162
vn -0.35757211 0.90632163 -0.22521833
vn -0.36081911 0.90482108 -0.22607162
vn -0.36188346 0.90451576 -0.22559167
vn -0.36349195 0.90429653 -0.22387808
vn -0.36188346 0.90451576 -0.22559167
vn -0.36349195 0.90429653 -0.22387808
vn -0.36645452 0.90331468 -0.22301048
vn -0.37376865 0.89995412 -0.22445397
vn -0.37509975 0.89967936 -0.22333211
vn -0.37511282 0.89970591 -0.22320316
vn -0.36645452 0.90331468 -0.22301048
vn -0.37511282 0.89970591 -0.22320316
vn -0.37677465 0.89906891 -0.22297077
vn -0.37968279 0.91618022 -0.12827621
vn -0.38834131 0.91389671 -0.11825324
vn -0.39741172 0.90983720 -0.11941601
vn -0.40046169 0.90812048 -0.12226053
vn -0.40206757 0.88927190 -0.21803016
vn -0.42405258 0.88017003 -0.21326071
vn -0.45100581 0.86817091 -0.20705803
vn -0.45800971 0.86870326 -0.18863123
vn -0.35577513 0.92431606 0.13807198
vn -0.35842713 0.93120605 -0.06622144
vn -0.37185328 0.90726221 0.19646988
vn -0.37968279 0.91618022 -0.12827621
vn -0.38471655 0.90536643 0.17973540
vn -0.38834131 0.91389671 -0.11825324
vn -0.31169121 0.94641493 0.08454214
vn -0.31274276 0.94960785 -0.02090214
vn -0.35577513 0.92431606 0.13807198
vn -0.35842713 0.93120605 -0.06622144
vn -0.24347545 0.96692984 0.07593675
vn -0.24413802 0.96956117 -0.01864826
vn -0.31169121 0.94641493 0.08454214
vn -0.31274276 0.94960785 -0.02090214
vn -0.23463813 0.96851072 0.08325826
vn -0.23491090 0.96824443 0.08555461
vn -0.23536040 0.97149201 -0.02843851
vn -0.24347545 0.96692984 0.07593675
vn -0.24413802 0.96956117 -0.01864826
vn -0.22291082 0.97376623 0.04571750
vn -0.22313573 0.97474871 -0.00868274
vn -0.23328566 0.97167138 -0.03784886
vn -0.23463813 0.96851072 0.08325826
vn -0.23536040 0.97149201 -0.02843851
vn -0.12986252 0.98549544 -0.10924499
vn -0.14788496 0.98734411 -0.05728562
vn -0.15499975 0.96018894 -0.23240540
vn -0.19626593 0.95189738 -0.23531055
vn -0.19717673 0.95171060 -0.23530463
vn -0.20039199 0.97971580 0.00000000
vn -0.21430381 0.97676705 0.00000000
vn -0.21433875 0.94890390 -0.23160372
vn -0.22313573 0.97474871 -0.00868274
vn -0.22478406 0.94742404 -0.22772749
vn -0.23328566 0.97167138 -0.03784886
vn -0.21433875 0.94890390 -0.23160372
vn -0.21546170 0.94837692 -0.23271758
vn -0.22478406 0.94742404 -0.22772749
vn -0.24499905 0.94158932 -0.23105200
vn -0.21464809 0.94479576 -0.24756243
vn -0.21546170 0.94837692 -0.23271758
vn -0.21788797 0.94321421 -0.25074246
vn -0.22775864 0.94102178 -0.25020792
vn -0.23299964 0.94014871 -0.24865955
vn -0.24499905 0.94158932 -0.23105200
vn -0.24735832 0.94089385 -0.23137119
vn -0.24888005 0.94011335 -0.23290688
vn -0.21762364 0.94222666 -0.25465443
vn -0.21788797 0.94321421 -0.25074246
vn -0.22043028 0.94120480 -0.25601565
vn -0.22182907 0.94089876 -0.25593240
vn -0.22775864 0.94102178 -0.25020792
vn -0.21598534 0.94215360 -0.25631412
vn -0.21633990 0.94186128 -0.25708826
vn -0.21762364 0.94222666 -0.25465443
vn -0.21824692 0.94114002 -0.25811577
vn -0.22043028 0.94120480 -0.25601565
vn -0.21102745 0.94325446 -0.25639508
vn -0.21101421 0.94316194 -0.25674608
vn -0.21459114 0.94181232 -0.25872805
vn -0.21598534 0.94215360 -0.25631412
vn -0.21633990 0.94186128 -0.25708826
vn -0.19908859 0.94419907 -0.26239636
vn -0.19924506 0.94413221 -0.26251815
vn -0.19959373 0.94659478 -0.25322059
vn -0.20563335 0.94285989 -0.26216438
vn -0.20734759 0.94503811 -0.25280417
vn -0.21102745 0.94325446 -0.25639508
vn -0.21101421 0.94316194 -0.25674608
vn -0.18171907 0.94703217 -0.26477963
vn -0.19908859 0.94419907 -0.26239636
vn -0.19920736 0.94172969 -0.27103803
vn -0.19924506 0.94413221 -0.26251815
vn -0.20112206 0.94185355 -0.26918730
vn -0.15988303 0.94916356 -0.27115669
vn -0.16655372 0.95001391 -0.26407088
vn -0.18171907 0.94703217 -0.26477963
vn -0.19109762 0.93634785 -0.29450705
vn -0.19920736 0.94172969 -0.27103803
vn -0.20341183 0.93699090 -0.28402762
vn 0.00000000 0.00000000 -1.00000000
vn -0.11337799 0.92813571 -0.35455540
vn -0.13831060 0.91615786 -0.37619801
vn -0.12062584 0.93924978 -0.32133980
vn -0.13244796 0.94104720 -0.31126790
vn -0.14829666 0.93590484 -0.31951563
vn -0.08323199 0.95331826 -0.29027010
vn -0.08478750 0.94944999 -0.30225123
vn -0.09730286 0.95634932 -0.27555061
vn -0.09957345 0.94333360 -0.31655465
vn -0.10094915 0.95638889 -0.27409771
vn -0.10484258 0.95574714 -0.27487350
vn -0.11615503 0.93939657 -0.32255556
vn -0.12062584 0.93924978 -0.32133980
vn -0.12815083 0.94858029 -0.28943532
vn -0.13244796 0.94104720 -0.31126790
vn -0.06220902 0.95103566 -0.30275602
vn -0.06343613 0.94613572 -0.31749496
vn -0.08478750 0.94944999 -0.30225123
vn -0.09957345 0.94333360 -0.31655465
vn -0.05461968 0.95520956 -0.29084597
vn -0.06220902 0.95103566 -0.30275602
vn -0.08323199 0.95331826 -0.29027010
vn -0.08478750 0.94944999 -0.30225123
vn -0.04811243 0.95724925 -0.28523510
vn -0.04821433 0.95927660 -0.27832315
vn -0.04965354 0.95658913 -0.28717896
vn -0.05016807 0.95969902 -0.27651575
vn -0.05461968 0.95520956 -0.29084597
vn -0.08323199 0.95331826 -0.29027010
vn -0.09730286 0.95634932 -0.27555061
vn -0.02123474 0.96017698 -0.27858438
vn -0.02130140 0.96319119 -0.26797197
vn -0.02419387 0.96388822 -0.26520587
vn -0.02721199 0.96404598 -0.26433852
vn -0.03815274 0.96388025 -0.26358914
vn -0.04821433 0.95927660 -0.27832315
vn -0.05016807 0.95969902 -0.27651575
vn -0.05033647 0.96292034 -0.26504840
vn 0.00000000 0.96325297 -0.26859582
vn 0.00000000 0.96117189 -0.27595034
vn -0.00059851 0.96340962 -0.26803274
vn -0.00292118 0.96038943 -0.27864602
vn -0.02123474 0.96017698 -0.27858438
vn -0.02130140 0.96319119 -0.26797197
vn 0.00000000 0.96325297 -0.26859582
vn 0.00000000 0.96117189 -0.27595034
vn 1.00000000 0.00000000 0.00000000
vn -0.06156089 0.98240160 -0.17634441
vn -0.06564042 0.97185262 -0.22626051
vn -0.07702042 0.97064852 -0.22783614
vn -0.08318244 0.98504710 -0.15087376
vn -0.10206464 0.98331078 -0.15060782
vn -0.10295381 0.96754905 -0.23075819
vn -0.11397455 0.96637939 -0.23047923
vn -0.02344114 0.97159629 -0.23548069
vn -0.02349204 0.97370592 -0.22659413
vn -0.02441188 0.97134961 -0.23639797
vn -0.05558842 0.97013679 -0.23610281
vn -0.05610363 0.97244066 -0.22629968
vn -0.05679226 0.97238116 -0.22638356
vn -0.05854263 0.97064118 -0.23329907
vn -0.05861653 0.97186647 -0.22812203
vn -0.05679226 0.97238116 -0.22638356
vn -0.05861653 0.97186647 -0.22812203
vn -0.06564042 0.97185262 -0.22626051
vn -0.07702042 0.97064852 -0.22783614
vn 0.00196400 0.97089812 -0.23948485
vn 0.00196549 0.97163729 -0.23646799
vn 1.00000000 0.00000000 0.00000000
vn 0.00000000 0.97186334 -0.23554541
vn 0.00166816 0.97082986 -0.23976362
vn 0.00196400 0.97089812 -0.23948485
vn 0.00196549 0.97163729 -0.23646799
vn -0.02344114 0.97159629 -0.23548069
vn -0.02441188 0.97134961 -0.23639797
vn -0.02439159 0.97054237 -0.23969262
vn -0.14751964 0.98490508 0.09055353
vn -0.14788496 0.98734411 -0.05728562
vn -0.20027117 0.97912512 0.03471975
vn -0.20039199 0.97971580 0.00000000
vn -0.11795959 0.97740312 0.17541002
vn -0.14751964 0.98490508 0.09055353
vn -0.16144288 0.70888193 0.68660221
vn -0.17209196 0.73339864 0.65765553
vn -0.18378803 0.77178564 0.60874370
vn -0.20027117 0.97912512 0.03471975
vn -0.21416597 0.97613880 0.03586064
vn -0.22291082 0.97376623 0.04571750
vn -0.23463813 0.96851072 0.08325826
vn -0.23491090 0.96824443 0.08555461
vn -0.10206464 0.98331078 -0.15060782
vn -0.11397455 0.96637939 -0.23047923
vn -0.12986252 0.98549544 -0.10924499
vn -0.13144834 0.96379445 -0.23199481
vn -0.15499975 0.96018894 -0.23240540
vn -0.17067665 0.57160819 0.80257932
vn -0.17209196 0.73339864 0.65765553
vn -0.18378803 0.77178564 0.60874370
vn -0.18902640 0.59585222 0.78053133
vn -0.38471655 0.90536643 0.17973540
vn -0.38834131 0.91389671 -0.11825324
vn -0.39364045 0.90120322 0.18132833
vn -0.39741172 0.90983720 -0.11941601
vn -0.39364045 0.90120322 0.18132833
vn -0.39654108 0.89922977 0.18477281
vn -0.39741172 0.90983720 -0.11941601
vn -0.40046169 0.90812048 -0.12226053
vn -0.39654108 0.89922977 0.18477281
vn -0.40046169 0.90812048 -0.12226053
vn -0.45800971 0.86870326 -0.18863123
vn -0.49718517 0.79895497 0.33834576
vn -1.00000000 0.00000000 0.00000000
vn -0.38354297 0.88377402 -0.26802662
vn -0.38448690 0.88261215 -0.27049144
vn -0.39286273 0.87822269 -0.27273391
vn -1.00000000 0.00000000 0.00000000
vn -0.38025475 0.88698226 -0.26204732
vn -0.38354297 0.88377402 -0.26802662
vn -0.38852683 0.88571242 -0.25408741
vn -1.00000000 0.00000000 0.00000000
vn -0.38852683 0.88571242 -0.25408741
vn -0.38888317 0.88652474 -0.25068658
vn -0.39512079 0.88495417 -0.24644611
vn -0.39887236 0.88354828 -0.24544507
vn -1.00000000 0.00000000 0.00000000
vn -0.38875238 0.88657513 -0.25071122
vn -0.38888317 0.88652474 -0.25068658
vn -0.39301181 0.88603715 -0.24592658
vn -0.39512079 0.88495417 -0.24644611
vn -0.36722765 0.89837530 -0.24096820
vn -0.37107917 0.89489461 -0.24791910
vn -0.37279821 0.89761750 -0.23516870
vn -0.38618687 0.88736996 -0.25186159
vn -0.38792294 0.89019225 -0.23890070
vn -0.38875238 0.88657513 -0.25071122
vn -0.39301181 0.88603715 -0.24592658
vn -0.10094915 0.95638889 -0.27409771
vn -0.10136509 0.96032956 -0.25979271
vn -0.10234365 0.96047532 -0.25886858
vn -0.10484258 0.95574714 -0.27487350
vn -0.14622796 0.95043687 -0.27438501
vn -0.15100106 0.95447397 -0.25725109
vn -0.15988303 0.94916356 -0.27115669
vn -0.16116649 0.95235751 -0.25892188
vn -0.16655372 0.95001391 -0.26407088
vn -0.10484258 0.95574714 -0.27487350
vn -0.12815083 0.94858029 -0.28943532
vn -0.14622796 0.95043687 -0.27438501
vn -0.37279821 0.89761750 -0.23516870
vn -0.37376865 0.89995412 -0.22445397
vn -0.37509975 0.89967936 -0.22333211
vn -0.37620010 0.89914402 -0.22363701
vn -0.38792294 0.89019225 -0.23890070
vn -0.38798525 0.89033524 -0.23826584
vn -0.37509975 0.89967936 -0.22333211
vn -0.37511282 0.89970591 -0.22320316
vn -0.37620010 0.89914402 -0.22363701
vn -0.37677465 0.89906891 -0.22297077
vn -0.45100581 0.86817091 -0.20705803
vn -0.45800971 0.86870326 -0.18863123
vn -1.00000000 0.00000000 0.00000000
vn -0.37620010 0.89914402 -0.22363701
vn -0.37677465 0.89906891 -0.22297077
vn -0.38798525 0.89033524 -0.23826584
vn -0.40175522 0.88332994 -0.24149733
vn -0.40206757 0.88927190 -0.21803016
vn -0.41220071 0.87925376 -0.23875384
vn -0.40206757 0.88927190 -0.21803016
vn -0.41220071 0.87925376 -0.23875384
vn -0.42405258 0.88017003 -0.21326071
vn -1.00000000 0.00000000 0.00000000
vn -0.42405258 0.88017003 -0.21326071
vn -0.45100581 0.86817091 -0.20705803
vn -1.00000000 0.00000000 0.00000000
vn -0.21416597 0.97613880 0.03586064
vn -0.21430381 0.97676705 0.00000000
vn -0.22291082 0.97376623 0.04571750
vn -0.22313573 0.97474871 -0.00868274
vn -0.20027117 0.97912512 0.03471975
vn -0.20039199 0.97971580 0.00000000
vn -0.21416597 0.97613880 0.03586064
vn -0.21430381 0.97676705 0.00000000
vn -0.12395777 0.96300818 -0.23926912
vn -0.12555437 0.96112091 -0.24593229
vn -0.13144834 0.96379445 -0.23199481
vn -0.13286018 0.95865548 -0.25165025
vn -0.15100106 0.95447397 -0.25725109
vn -0.15499975 0.96018894 -0.23240540
vn -0.16116649 0.95235751 -0.25892188
vn -0.18606446 0.95013210 -0.25025788
vn -0.19626593 0.95189738 -0.23531055
vn -0.19660300 0.95065791 -0.23999333
vn -0.19734493 0.95100159 -0.23801460
vn -0.19626593 0.95189738 -0.23531055
vn -0.19717673 0.95171060 -0.23530463
vn -0.19734493 0.95100159 -0.23801460
vn -0.19739869 0.95100425 -0.23795940
vn -0.19717673 0.95171060 -0.23530463
vn -0.19739869 0.95100425 -0.23795940
vn -0.20761677 0.94626495 -0.24794740
vn -0.21433875 0.94890390 -0.23160372
vn -0.21464809 0.94479576 -0.24756243
vn -0.21546170 0.94837692 -0.23271758
vn -0.20734759 0.94503811 -0.25280417
vn -0.20761677 0.94626495 -0.24794740
vn -0.21102745 0.94325446 -0.25639508
vn -0.21464809 0.94479576 -0.24756243
vn -0.21598534 0.94215360 -0.25631412
vn -0.21762364 0.94222666 -0.25465443
vn -0.21788797 0.94321421 -0.25074246
vn -0.19538477 0.94856006 -0.24911566
vn -0.19660300 0.95065791 -0.23999333
vn -0.19734493 0.95100159 -0.23801460
vn -0.19739869 0.95100425 -0.23795940
vn -0.19959373 0.94659478 -0.25322059
vn -0.20734759 0.94503811 -0.25280417
vn -0.20761677 0.94626495 -0.24794740
vn -0.16116649 0.95235751 -0.25892188
vn -0.16655372 0.95001391 -0.26407088
vn -0.18171907 0.94703217 -0.26477963
vn -0.18606446 0.95013210 -0.25025788
vn -0.19538477 0.94856006 -0.24911566
vn -0.19908859 0.94419907 -0.26239636
vn -0.19959373 0.94659478 -0.25322059
vn -0.05016807 0.95969902 -0.27651575
vn -0.05033647 0.96292034 -0.26504840
vn -0.05929761 0.96360295 -0.26067824
vn -0.09730286 0.95634932 -0.27555061
vn -0.10094915 0.95638889 -0.27409771
vn -0.10136509 0.96032956 -0.25979271
vn -0.03145953 0.96812974 -0.24846551
vn -0.03212180 0.96508899 -0.25994506
vn -0.03815274 0.96388025 -0.26358914
vn -0.04067301 0.96942395 -0.24199776
vn -0.05033647 0.96292034 -0.26504840
vn -0.05553719 0.96924269 -0.23975871
vn -0.05796298 0.96880253 -0.24096048
vn -0.05929761 0.96360295 -0.26067824
vn -0.06251521 0.96709683 -0.24660813
vn -0.06351088 0.96486298 -0.25496235
vn -0.02721199 0.96404598 -0.26433852
vn -0.03212180 0.96508899 -0.25994506
vn -0.03815274 0.96388025 -0.26358914
vn -0.02006377 0.96815980 -0.24952765
vn -0.02048325 0.96496747 -0.26156877
vn -0.02419387 0.96388822 -0.26520587
vn -0.02576732 0.96950409 -0.24371679
vn -0.02721199 0.96404598 -0.26433852
vn -0.03145953 0.96812974 -0.24846551
vn -0.03212180 0.96508899 -0.25994506
vn 0.00000000 0.96516996 -0.26162366
vn 0.00092594 0.96381457 -0.26657197
vn 0.00091168 0.96494064 -0.26246663
vn -0.00059851 0.96340962 -0.26803274
vn -0.02048325 0.96496747 -0.26156877
vn -0.02130140 0.96319119 -0.26797197
vn -0.02419387 0.96388822 -0.26520587
vn 0.00000000 0.96325297 -0.26859582
vn 0.00092594 0.96381457 -0.26657197
vn 1.00000000 0.00000000 0.00000000
vn -0.00059851 0.96340962 -0.26803274
vn -0.05854263 0.97064118 -0.23329907
vn -0.05861653 0.97186647 -0.22812203
vn -0.07702042 0.97064852 -0.22783614
vn -0.10113329 0.96732364 -0.23250168
vn -0.10295381 0.96754905 -0.23075819
vn -0.10094637 0.96553571 -0.23989711
vn -0.10113329 0.96732364 -0.23250168
vn -0.10295381 0.96754905 -0.23075819
vn -0.11397455 0.96637939 -0.23047923
vn -0.12395777 0.96300818 -0.23926912
vn -0.13144834 0.96379445 -0.23199481
vn -0.02441188 0.97134961 -0.23639797
vn -0.02439159 0.97054237 -0.23969262
vn -0.02600615 0.97012389 -0.24121220
vn -0.04067301 0.96942395 -0.24199776
vn -0.05553719 0.96924269 -0.23975871
vn -0.05558842 0.97013679 -0.23610281
vn -0.05553719 0.96924269 -0.23975871
vn -0.05558842 0.97013679 -0.23610281
vn -0.05796298 0.96880253 -0.24096048
vn -0.05854263 0.97064118 -0.23329907
vn -0.10077655 0.96549369 -0.24013751
vn -0.10094637 0.96553571 -0.23989711
vn -0.10113329 0.96732364 -0.23250168
vn 0.00166816 0.97082986 -0.23976362
vn 0.00196372 0.97076144 -0.24003826
vn 0.00196400 0.97089812 -0.23948485
vn 1.00000000 0.00000000 0.00000000
vn 0.00000000 0.96835473 -0.24957789
vn 0.00064070 0.96850053 -0.24901065
vn 0.00166816 0.97082986 -0.23976362
vn 0.00196372 0.97076144 -0.24003826
vn 0.00196037 0.96910265 -0.24664999
vn -0.02006377 0.96815980 -0.24952765
vn -0.02439159 0.97054237 -0.23969262
vn -0.02576732 0.96950409 -0.24371679
vn -0.02600615 0.97012389 -0.24121220
vn -0.39887236 0.88354828 -0.24544507
vn -0.40145841 0.88267737 -0.24435999
vn -1.00000000 0.00000000 0.00000000
vn -0.38792294 0.89019225 -0.23890070
vn -0.38798525 0.89033524 -0.23826584
vn -0.39301181 0.88603715 -0.24592658
vn -0.39512079 0.88495417 -0.24644611
vn -0.39887236 0.88354828 -0.24544507
vn -0.40145841 0.88267737 -0.24435999
vn -0.40175522 0.88332994 -0.24149733
vn -0.10234365 0.96047532 -0.25886858
vn -0.10247681 0.96172494 -0.25413313
vn -0.10357497 0.96202807 -0.25253556
vn -0.13286018 0.95865548 -0.25165025
vn -0.15100106 0.95447397 -0.25725109
vn -0.05929761 0.96360295 -0.26067824
vn -0.06351088 0.96486298 -0.25496235
vn -0.10136509 0.96032956 -0.25979271
vn -0.10234365 0.96047532 -0.25886858
vn -0.10247681 0.96172494 -0.25413313
vn -0.40145841 0.88267737 -0.24435999
vn -0.40175522 0.88332994 -0.24149733
vn -0.41220071 0.87925376 -0.23875384
vn -1.00000000 0.00000000 0.00000000
vn -0.10077655 0.96549369 -0.24013751
vn -0.10094637 0.96553571 -0.23989711
vn -0.10185903 0.96395229 -0.24580627
vn -0.10243185 0.96369138 -0.24659002
vn -0.12395777 0.96300818 -0.23926912
vn -0.12555437 0.96112091 -0.24593229
vn -0.10243185 0.96369138 -0.24659002
vn -0.10357497 0.96202807 -0.25253556
vn -0.12555437 0.96112091 -0.24593229
vn -0.13286018 0.95865548 -0.25165025
vn -0.18606446 0.95013210 -0.25025788
vn -0.19538477 0.94856006 -0.24911566
vn -0.19660300 0.95065791 -0.23999333
vn -0.06251521 0.96709683 -0.24660813
vn -0.06351088 0.96486298 -0.25496235
vn -0.10185903 0.96395229 -0.24580627
vn -0.10243185 0.96369138 -0.24659002
vn -0.10247681 0.96172494 -0.25413313
vn -0.10357497 0.96202807 -0.25253556
vn -0.05796298 0.96880253 -0.24096048
vn -0.06251521 0.96709683 -0.24660813
vn -0.10077655 0.96549369 -0.24013751
vn -0.10185903 0.96395229 -0.24580627
vn -0.02576732 0.96950409 -0.24371679
vn -0.02600615 0.97012389 -0.24121220
vn -0.03145953 0.96812974 -0.24846551
vn -0.04067301 0.96942395 -0.24199776
vn 0.00000000 0.96835473 -0.24957789
vn 0.00000000 0.96516996 -0.26162366
vn -0.02006377 0.96815980 -0.24952765
vn -0.02048325 0.96496747 -0.26156877
vn 0.00092594 0.96381457 -0.26657197
vn 0.00091168 0.96494064 -0.26246663
vn 1.00000000 0.00000000 0.00000000
vn 0.00000000 0.96835473 -0.24957789
vn 0.00000000 0.96516996 -0.26162366
vn 0.00064070 0.96850053 -0.24901065
vn 0.00091168 0.96494064 -0.26246663
vn 1.00000000 0.00000000 0.00000000
vn 0.00196372 0.97076144 -0.24003826
vn 0.00196037 0.96910265 -0.24664999
vn 1.00000000 0.00000000 0.00000000
vn 0.00064070 0.96850053 -0.24901065
vn 0.00196037 0.96910265 -0.24664999
vn 1.00000000 0.00000000 0.00000000
f 3//3 6//6 23//23
f 3//3 23//23 58//58
f 3//3 58//58 110//110
f 3//3 110//110 107//107
f 3//3 107//107 104//104
f 3//3 104//104 174//174
f 3//3 174//174 261//261
f 3//3 261//261 412//412
f 3//3 412//412 630//630
f 3//3 630//630 898//898
f 3//3 898//898 1191//1191
f 3//3 1191//1191 1240//1240
f 3//3 1240//1240 1253//1253
f 3//3 1253//1253 1250//1250
f 3//3 1250//1250 1401//1401
f 3//3 1401//1401 1380//1380
f 3//3 1380//1380 1204//1204
f 3//3 1204//1204 1199//1199
f 3//3 1199//1199 1195//1195
f 3//3 1195//1195 910//910
f 3//3 910//910 641//641
f 3//3 641//641 415//415
f 3//3 415//415 266//266
f 3//3 266//266 178//178
f 3//3 178//178 114//114
f 3//3 114//114 64//64
f 3//3 64//64 29//29
f 3//3 29//29 11//11
f 2//2 10//10 14//14
f 1//1 12//12 38//38
f 1//1 38//38 90//90
f 1//1 90//90 84//84
f 1//1 84//84 148//148
f 1//1 148//148 216//216
f 1//1 216//216 339//339
f 1//1 339//339 536//536
f 1//1 536//536 785//785
f 1//1 785//785 781//781
f 1//1 781//781 1079//1079
f 1//1 1079//1079 802//802
f 1//1 802//802 547//547
f 1//1 547//547 343//343
f 1//1 343//343 219//219
f 1//1 219//219 153//153
f 1//1 153//153 94//94
f 1//1 94//94 42//42
f 1//1 42//42 15//15
f 1//1 15//15 4//4
f 5//5 17//17 22//22
f 9//9 25//25 37//37
f 8//8 35//35 41//41
f 7//7 39//39 13//13
f 16//16 43//43 18//18
f 21//21 44//44 47//47
f 20//20 46//46 54//54
f 19//19 53//53 57//57
f 24//24 60//60 36//36
f 28//28 63//63 69//69
f 27//27 67//67 78//78
f 26//26 77//77 61//61
f 33//33 59//59 74//74
f 32//32 73//73 83//83
f 30//30 82//82 88//88
f 31//31 89//89 91//91
f 34//34 92//92 40//40
f 45//45 95//95 157//157
f 45//45 157//157 229//229
f 45//45 229//229 360//360
f 45//45 360//360 573//573
f 45//45 573//573 837//837
f 45//45 837//837 1126//1126
f 45//45 1126//1126 1339//1339
f 45//45 1339//1339 1435//1435
f 45//45 1435//1435 1440//1440
f 45//45 1440//1440 1446//1446
f 45//45 1446//1446 1443//1443
f 45//45 1443//1443 1368//1368
f 45//45 1368//1368 1148//1148
f 45//45 1148//1148 859//859
f 45//45 859//859 592//592
f 45//45 592//592 576//576
f 45//45 576//576 366//366
f 45//45 366//366 235//235
f 45//45 235//235 166//166
f 45//45 166//166 100//100
f 45//45 100//100 55//55
f 45//45 55//55 48//48
f 49//49 99//99 102//102
f 50//50 103//103 105//105
f 51//51 106//106 108//108
f 52//52 109//109 56//56
f 62//62 113//113 68//68
f 66//66 112//112 120//120
f 65//65 117//117 76//76
f 75//75 115//115 123//123
f 72//72 121//121 127//127
f 71//71 126//126 137//137
f 70//70 136//136 81//81
f 79//79 140//140 87//87
f 80//80 134//134 141//141
f 86//86 138//138 146//146
f 85//85 145//145 151//151
f 93//93 152//152 156//156
f 96//96 165//165 169//169
f 97//97 170//170 172//172
f 98//98 173//173 101//101
f 111//111 176//176 119//119
f 118//118 175//175 185//185
f 116//116 184//184 124//124
f 122//122 183//183 128//128
f 125//125 181//181 135//135
f 130//130 193//193 143//143
f 132//132 147//147 139//139
f 133//133 180//180 200//200
f 131//131 195//195 206//206
f 129//129 204//204 191//191
f 144//144 215//215 150//150
f 142//142 192//192 213//213
f 149//149 214//214 218//218
f 155//155 220//220 225//225
f 154//154 223//223 159//159
f 158//158 222//222 231//231
f 162//162 234//234 239//239
f 160//160 236//236 244//244
f 161//161 245//245 248//248
f 163//163 249//249 256//256
f 164//164 258//258 168//168
f 167//167 257//257 171//171
f 177//177 264//264 188//188
f 187//187 262//262 269//269
f 186//186 267//267 275//275
f 182//182 272//272 281//281
f 179//179 278//278 199//199
f 190//190 201//201 290//290
f 189//189 288//288 212//212
f 198//198 277//277 299//299
f 197//197 298//298 306//306
f 196//196 305//305 310//310
f 194//194 309//309 205//205
f 203//203 307//307 318//318
f 202//202 316//316 291//291
f 211//211 287//287 326//326
f 210//210 322//322 330//330
f 209//209 327//327 337//337
f 207//207 335//335 341//341
f 208//208 342//342 217//217
f 221//221 344//344 226//226
f 227//227 345//345 347//347
f 228//228 348//348 356//356
f 224//224 355//355 232//232
f 230//230 353//353 361//361
f 233//233 365//365 238//238
f 237//237 363//363 368//368
f 241//241 372//372 375//375
f 243//243 377//377 383//383
f 242//242 381//381 388//388
f 240//240 386//386 246//246
f 247//247 387//387 251//251
f 252//252 389//389 382//382
f 253//253 385//385 392//392
f 254//254 394//394 397//397
f 255//255 398//398 404//404
f 250//250 403//403 259//259
f 260//260 406//406 410//410
f 265//265 413//413 421//421
f 263//263 420//420 270//270
f 268//268 418//418 276//276
f 274//274 416//416 427//427
f 273//273 423//423 432//432
f 271//271 430//430 280//280
f 279//279 429//429 300//300
f 289//289 315//315 437//437
f 286//286 435//435 444//444
f 285//285 441//441 451//451
f 284//284 450//450 454//454
f 282//282 453//453 459//459
f 283//283 460//460 325//325
f 293//293 463//463 319//319
f 295//295 320//320 303//303
f 302//302 431//431 466//466
f 301//301 464//464 474//474
f 297//297 470//470 483//483
f 296//296 481//481 492//492
f 294//294 491//491 498//498
f 292//292 497//497 462//462
f 304//304 321//321 308//308
f 312//312 504//504 436//436
f 317//317 461//461 496//496
f 314//314 493//493 510//510
f 313//313 509//509 518//518
f 311//311 517//517 503//503
f 324//324 457//457 525//525
f 323//323 524//524 331//331
f 329//329 523//523 529//529
f 328//328 527//527 338//338
f 333//333 535//535 538//538
f 334//334 539//539 340//340
f 336//336 526//526 545//545
f 332//332 543//543 533//533
f 346//346 548//548 350//350
f 351//351 549//549 551//551
f 352//352 552//552 559//559
f 349//349 556//556 357//357
f 358//358 557//557 567//567
f 354//354 564//564 362//362
f 359//359 563//563 572//572
f 364//364 574//574 369//369
f 374//374 579//579 583//583
f 373//373 582//582 376//376
f 370//370 575//575 591//591
f 367//367 589//589 593//593
f 371//371 595//595 577//577
f 380//380 599//599 391//391
f 379//379 390//390 384//384
f 378//378 584//584 598//598
f 396//396 603//603 399//399
f 393//393 601//601 608//608
f 395//395 609//609 602//602
f 400//400 604//604 614//614
f 401//401 616//616 620//620
f 402//402 621//621 405//405
f 409//409 627//627 411//411
f 407//407 624//624 631//631
f 408//408 633//633 626//626
f 414//414 638//638 422//422
f 419//419 637//637 646//646
f 417//417 644//644 428//428
f 426//426 642//642 651//651
f 425//425 648//648 468//468
f 424//424 467//467 433//433
f 434//434 502//502 443//443
f 442//442 500//500 659//659
f 440//440 655//655 662//662
f 439//439 660//660 668//668
f 438//438 667//667 448//448
f 445//445 666//666 674//674
f 446//446 676//676 678//678
f 447//447 680//680 456//456
f 449//449 458//458 452//452
f 455//455 679//679 521//521
f 469//469 649//649 685//685
f 465//465 683//683 475//475
f 473//473 681//681 689//689
f 472//472 688//688 694//694
f 471//471 692//692 484//484
f 485//485 699//699 706//706
f 482//482 705//705 715//715
f 479//479 714//714 728//728
f 477//477 727//727 731//731
f 476//476 730//730 736//736
f 478//478 738//738 740//740
f 480//480 741//741 490//490
f 486//486 693//693 700//700
f 489//489 739//739 737//737
f 488//488 734//734 748//748
f 487//487 747//747 495//495
f 494//494 746//746 511//511
f 501//501 512//512 752//752
f 499//499 751//751 658//658
f 506//506 755//755 764//764
f 505//505 762//762 516//516
f 508//508 744//744 769//769
f 507//507 766//766 758//758
f 515//515 760//760 774//774
f 514//514 773//773 780//780
f 513//513 779//779 753//753
f 520//520 677//677 675//675
f 519//519 673//673 544//544
f 522//522 546//546 528//528
f 531//531 784//784 786//786
f 534//534 787//787 537//537
f 532//532 542//542 794//794
f 530//530 792//792 783//783
f 541//541 670//670 800//800
f 540//540 799//799 793//793
f 550//550 803//803 554//554
f 555//555 804//804 811//811
f 553//553 807//807 560//560
f 561//561 808//808 819//819
f 558//558 816//816 570//570
f 569//569 815//815 823//823
f 568//568 822//822 828//828
f 566//566 827//827 834//834
f 565//565 831//831 838//838
f 562//562 836//836 571//571
f 580//580 840//840 585//585
f 578//578 597//597 848//848
f 581//581 849//849 841//841
f 588//588 842//842 852//852
f 587//587 851//851 607//607
f 586//586 606//606 600//600
f 590//590 856//856 860//860
f 590//590 860//860 594//594
f 596//596 863//863 1135//1135
f 596//596 1135//1135 847//847
f 605//605 612//612 615//615
f 610//610 854//854 864//864
f 611//611 866//866 872//872
f 613//613 873//873 617//617
f 619//619 875//875 878//878
f 618//618 877//877 622//622
f 623//623 879//879 883//883
f 625//625 884//884 632//632
f 628//628 635//635 888//888
f 629//629 895//895 897//897
f 634//634 887//887 901//901
f 636//636 904//904 889//889
f 640//640 909//909 915//915
f 639//639 913//913 647//647
f 645//645 911//911 920//920
f 643//643 916//916 653//653
f 654//654 917//917 924//924
f 652//652 922//922 932//932
f 650//650 931//931 687//687
f 657//657 749//749 939//939
f 656//656 937//937 663//663
f 661//661 936//936 669//669
f 665//665 935//935 949//949
f 664//664 947//947 672//672
f 671//671 946//946 801//801
f 686//686 930//930 953//953
f 684//684 951//951 960//960
f 682//682 957//957 691//691
f 690//690 956//956 696//696
f 697//697 958//958 961//961
f 698//698 962//962 969//969
f 695//695 966//966 703//703
f 704//704 967//967 976//976
f 702//702 974//974 718//718
f 701//701 717//717 707//707
f 719//719 975//975 978//978
f 721//721 981//981 983//983
f 722//722 984//984 988//988
f 723//723 991//991 1002//1002
f 720//720 1000//1000 1008//1008
f 716//716 1006//1006 1012//1012
f 711//711 1010//1010 1017//1017
f 710//710 1015//1015 1022//1022
f 709//709 1020//1020 1033//1033
f 708//708 1032//1032 1036//1036
f 712//712 1037//1037 1043//1043
f 713//713 1044//1044 724//724
f 725//725 1045//1045 733//733
f 726//726 735//735 729//729
f 732//732 1042//1042 745//745
f 743//743 1041//1041 1050//1050
f 742//742 1049//1049 768//768
f 750//750 778//778 940//940
f 757//757 765//765 1054//1054
f 756//756 1052//1052 1060//1060
f 754//754 1058//1058 763//763
f 761//761 1057//1057 1067//1067
f 759//759 1064//1064 772//772
f 767//767 1048//1048 1055//1055
f 771//771 1072//1072 776//776
f 770//770 1062//1062 1071//1071
f 777//777 1078//1078 938//938
f 775//775 1070//1070 1077//1077
f 782//782 791//791 1081//1081
f 790//790 795//795 813//813
f 788//788 812//812 805//805
f 789//789 806//806 1080//1080
f 797//797 1082//1082 1092//1092
f 796//796 1091//1091 814//814
f 798//798 944//944 1084//1084
f 810//810 1088//1088 1098//1098
f 809//809 1096//1096 821//821
f 820//820 1095//1095 1100//1100
f 818//818 1099//1099 1107//1107
f 817//817 1105//1105 825//825
f 824//824 1103//1103 829//829
f 830//830 1104//1104 1115//1115
f 826//826 1110//1110 1122//1122
f 826//826 1122//1122 833//833
f 832//832 1121//1121 839//839
f 835//835 1119//1119 1125//1125
f 845//845 1127//1127 853//853
f 843//843 850//850 1138//1138
f 844//844 1139//1139 1142//1142
f 846//846 1144//1144 1128//1128
f 855//855 1130//1130 865//865
f 858//858 1147//1147 1152//1152
f 857//857 1149//1149 861//861
f 862//862 1153//1153 1134//1134
f 870//870 1156//1156 1161//1161
f 868//868 1160//1160 874//874
f 867//867 1131//1131 1170//1170
f 869//869 1172//1172 1023//1023
f 871//871 1024//1024 1157//1157
f 876//876 1162//1162 880//880
f 882//882 1163//1163 1176//1176
f 881//881 1175//1175 885//885
f 886//886 1178//1178 900//900
f 890//890 907//907 1001//1001
f 891//891 1003//1003 1179//1179
f 892//892 1181//1181 1183//1183
f 893//893 1184//1184 1187//1187
f 894//894 1190//1190 896//896
f 899//899 1177//1177 1164//1164
f 902//902 1169//1169 1014//1014
f 903//903 1016//1016 1009//1009
f 905//905 1011//1011 1005//1005
f 906//906 1007//1007 999//999
f 908//908 1194//1194 914//914
f 912//912 1193//1193 921//921
f 919//919 1192//1192 1197//1197
f 918//918 1196//1196 925//925
f 927//927 1198//1198 1200//1200
f 929//929 1201//1201 1206//1206
f 928//928 1205//1205 1214//1214
f 926//926 1212//1212 955//955
f 923//923 954//954 933//933
f 934//934 1076//1076 948//948
f 945//945 1073//1073 1222//1222
f 943//943 1220//1220 1227//1227
f 941//941 1226//1226 1093//1093
f 942//942 1094//1094 1083//1083
f 952//952 1210//1210 965//965
f 950//950 964//964 959//959
f 963//963 1209//1209 971//971
f 972//972 1211//1211 1228//1228
f 973//973 1229//1229 985//985
f 970//970 982//982 980//980
f 968//968 979//979 977//977
f 987//987 1235//1235 989//989
f 986//986 1230//1230 1234//1234
f 998//998 1239//1239 1189//1189
f 994//994 1188//1188 1186//1186
f 993//993 1185//1185 1182//1182
f 992//992 1180//1180 1004//1004
f 990//990 1237//1237 1242//1242
f 995//995 1245//1245 1247//1247
f 996//996 1249//1249 1251//1251
f 997//997 1252//1252 1238//1238
f 1013//1013 1168//1168 1021//1021
f 1018//1018 1167//1167 1256//1256
f 1019//1019 1257//1257 1031//1031
f 1029//1029 1255//1255 1261//1261
f 1028//1028 1259//1259 1159//1159
f 1025//1025 1174//1174 1267//1267
f 1026//1026 1270//1270 1273//1273
f 1027//1027 1274//1274 1277//1277
f 1030//1030 1280//1280 1034//1034
f 1035//1035 1282//1282 1039//1039
f 1038//1038 1281//1281 1286//1286
f 1040//1040 1289//1289 1047//1047
f 1046//1046 1288//1288 1053//1053
f 1051//1051 1287//1287 1059//1059
f 1056//1056 1285//1285 1066//1066
f 1065//1065 1283//1283 1295//1295
f 1063//1063 1294//1294 1303//1303
f 1061//1061 1302//1302 1069//1069
f 1068//1068 1299//1299 1075//1075
f 1074//1074 1298//1298 1224//1224
f 1086//1086 1102//1102 1097//1097
f 1090//1090 1225//1225 1219//1219
f 1089//1089 1216//1216 1308//1308
f 1087//1087 1307//1307 1109//1109
f 1085//1085 1108//1108 1101//1101
f 1106//1106 1304//1304 1116//1116
f 1117//1117 1305//1305 1314//1314
f 1114//1114 1312//1312 1322//1322
f 1113//1113 1320//1320 1327//1327
f 1112//1112 1325//1325 1336//1336
f 1111//1111 1335//1335 1123//1123
f 1120//1120 1333//1333 1340//1340
f 1118//1118 1337//1337 1124//1124
f 1129//1129 1145//1145 1343//1343
f 1132//1132 1345//1345 1348//1348
f 1133//1133 1349//1349 1171//1171
f 1141//1141 1342//1342 1143//1143
f 1136//1136 1154//1154 1352//1352
f 1137//1137 1357//1357 1359//1359
f 1140//1140 1361//1361 1341//1341
f 1146//1146 1367//1367 1151//1151
f 1150//1150 1365//1365 1371//1371
f 1155//1155 1375//1375 1353//1353
f 1158//1158 1258//1258 1165//1165
f 1166//1166 1260//1260 1254//1254
f 1173//1173 1351//1351 1264//1264
f 1203//1203 1378//1378 1385//1385
f 1202//1202 1384//1384 1208//1208
f 1207//1207 1383//1383 1215//1215
f 1213//1213 1381//1381 1232//1232
f 1223//1223 1297//1297 1268//1268
f 1221//1221 1266//1266 1392//1392
f 1218//1218 1388//1388 1396//1396
f 1217//1217 1395//1395 1309//1309
f 1233//1233 1382//1382 1243//1243
f 1231//1231 1241//1241 1236//1236
f 1244//1244 1387//1387 1399//1399
f 1246//1246 1400//1400 1248//1248
f 1262//1262 1350//1350 1406//1406
f 1263//1263 1407//1407 1410//1410
f 1265//1265 1411//1411 1391//1391
f 1269//1269 1300//1300 1412//1412
f 1271//1271 1414//1414 1291//1291
f 1272//1272 1292//1292 1275//1275
f 1276//1276 1293//1293 1278//1278
f 1279//1279 1296//1296 1284//1284
f 1290//1290 1413//1413 1301//1301
f 1306//1306 1393//1393 1317//1317
f 1311//1311 1329//1329 1321//1321
f 1319//1319 1394//1394 1416//1416
f 1318//1318 1415//1415 1422//1422
f 1316//1316 1421//1421 1360//1360
f 1315//1315 1358//1358 1356//1356
f 1313//1313 1355//1355 1428//1428
f 1310//1310 1427//1427 1328//1328
f 1326//1326 1425//1425 1376//1376
f 1323//1323 1374//1374 1431//1431
f 1324//1324 1432//1432 1334//1334
f 1331//1331 1433//1433 1338//1338
f 1330//1330 1430//1430 1437//1437
f 1332//1332 1439//1439 1434//1434
f 1344//1344 1364//1364 1347//1347
f 1346//1346 1363//1363 1403//1403
f 1354//1354 1377//1377 1426//1426
f 1362//1362 1423//1423 1402//1402
f 1366//1366 1441//1441 1372//1372
f 1373//1373 1442//1442 1445//1445
f 1370//1370 1444//1444 1438//1438
f 1369//1369 1436//1436 1429//1429
f 1379//1379 1398//1398 1386//1386
f 1390//1390 1409//1409 1420//1420
f 1389//1389 1419//1419 1397//1397
f 1404//1404 1424//1424 1417//1417
f 1405//1405 1418//1418 1408//1408

