# https://github.com/mikedh/trimesh
v 1.15483987 -0.00003053 0.25143403
v 1.15483987 -0.00003053 0.25143403
v 1.15483987 -0.00003053 0.25143403
v 1.15483987 -0.00003053 0.25143403
v 1.15483987 -0.00003053 0.25143403
v 1.14567482 -0.00003053 0.23629242
v 1.14567482 -0.00003053 0.23629242
v 1.14567482 -0.00003053 0.23629242
v 1.14567482 -0.00003053 0.23629242
v 1.15483987 0.00877839 0.25143403
v 1.15483987 0.00877839 0.25143403
v 1.15483987 0.00877839 0.25143403
v 1.15483987 0.00877839 0.25143403
v 1.03007686 -0.00003053 0.25143403
v 1.03007686 -0.00003053 0.25143403
v 1.03007686 -0.00003053 0.25143403
v 1.13337588 -0.00003053 0.21734083
v 1.13337588 -0.00003053 0.21734083
v 1.13337588 -0.00003053 0.21734083
v 1.14561570 0.02189167 0.23629242
v 1.14561570 0.02189167 0.23629242
v 1.14561570 0.02189167 0.23629242
v 1.14561570 0.02189167 0.23629242
v 1.14561570 0.02189167 0.23629242
v 1.14561570 0.02189167 0.23629242
v 1.14561570 0.02189167 0.23629242
v 1.14561570 0.02189167 0.23629242
v 1.15395296 0.03360349 0.25143403
v 1.15395296 0.03360349 0.25143403
v 1.15395296 0.03360349 0.25143403
v 1.15395296 0.03360349 0.25143403
v 1.15395296 0.03360349 0.25143403
v 0.55077428 -0.00003053 0.15451303
v 0.55077428 -0.00003053 0.15451303
v 0.55077428 -0.00003053 0.15451303
v 0.55077428 0.88015974 0.25143403
v 0.55077428 0.88015974 0.25143403
v 0.55077428 0.88015974 0.25143403
v 1.12101781 -0.00003053 0.19834009
v 1.12101781 -0.00003053 0.19834009
v 1.12101781 -0.00003053 0.19834009
v 1.12101781 -0.00003053 0.19834009
v 1.12095869 0.02249225 0.19841385
v 1.12095869 0.02249225 0.19841385
v 1.12095869 0.02249225 0.19841385
v 1.12095869 0.02249225 0.19841385
v 1.11977613 0.06693723 0.19971660
v 1.11977613 0.06693723 0.19971660
v 1.11977613 0.06693723 0.19971660
v 1.11977613 0.06693723 0.19971660
v 1.11977613 0.06693723 0.19971660
v 1.11977613 0.06693723 0.19971660
v 1.14076710 0.06693723 0.23206457
v 1.14076710 0.06693723 0.23206457
v 1.14076710 0.06693723 0.23206457
v 1.14076710 0.06693723 0.23206457
v 1.14076710 0.06693723 0.23206457
v 1.14076710 0.06693723 0.23206457
v 1.15164685 0.06693723 0.25143403
v 1.15164685 0.06693723 0.25143403
v 1.15164685 0.06693723 0.25143403
v 1.15164685 0.06693723 0.25143403
v 0.55077428 -0.00003053 0.04444140
v 0.55077428 -0.00003053 0.04444140
v 0.55077428 -0.00003053 0.04444140
v 0.55077428 1.02260381 0.25143403
v 0.55077428 1.02260381 0.25143403
v 0.55077428 1.02260381 0.25143403
v 1.09884441 -0.00003053 0.17611927
v 1.09884441 -0.00003053 0.17611927
v 1.09884441 -0.00003053 0.17611927
v 1.09878516 0.02249225 0.17619303
v 1.09878516 0.02249225 0.17619303
v 1.09878516 0.02249225 0.17619303
v 1.09878516 0.02249225 0.17619303
v 1.09878516 0.02249225 0.17619303
v 1.09878516 0.02249225 0.17619303
v 1.09878516 0.02249225 0.17619303
v 1.09754348 0.06693723 0.17747122
v 1.09754348 0.06693723 0.17747122
v 1.09754348 0.06693723 0.17747122
v 1.09754348 0.06693723 0.17747122
v 1.09754348 0.06693723 0.17747122
v 1.09754348 0.06693723 0.17747122
v 1.09754348 0.06693723 0.17747122
v 1.11800230 0.11138217 0.20173222
v 1.11800230 0.11138217 0.20173222
v 1.11800230 0.11138217 0.20173222
v 1.11800230 0.11138217 0.20173222
v 1.11800230 0.11138217 0.20173222
v 1.11800230 0.11138217 0.20173222
v 1.13716018 0.11138217 0.23206457
v 1.13716018 0.11138217 0.23206457
v 1.13716018 0.11138217 0.23206457
v 1.13716018 0.11138217 0.23206457
v 1.13716018 0.11138217 0.23206457
v 1.13716018 0.11138217 0.23206457
v 1.14768517 0.11138217 0.25143403
v 1.14768517 0.11138217 0.25143403
v 1.14768517 0.11138217 0.25143403
v 1.14768517 0.11138217 0.25143403
v 0.77818578 -0.00003053 0.00152379
v 0.77818578 -0.00003053 0.00152379
v 0.77818578 -0.00003053 0.00152379
v 0.77818578 -0.00003053 0.00152379
v 0.55077428 0.56103694 0.00036848
v 0.55077428 0.56103694 0.00036848
v 0.55077428 0.56103694 0.00036848
v 0.55077428 0.56103694 0.00036848
v 0.55077428 0.56103694 0.00036848
v 0.55077428 0.56103694 0.00036848
v 0.55077428 0.56103694 0.00036848
v 0.56502444 1.01559669 0.25143403
v 0.56502444 1.01559669 0.25143403
v 0.56502444 1.01559669 0.25143403
v 0.56502444 1.01559669 0.25143403
v 0.56502444 1.01559669 0.25143403
v 0.56502444 1.01559669 0.25143403
v 0.55077428 1.01639742 0.23970911
v 0.55077428 1.01639742 0.23970911
v 0.55077428 1.01639742 0.23970911
v 1.08766890 -0.00003053 0.16758984
v 1.08766890 -0.00003053 0.16758984
v 1.08766890 -0.00003053 0.16758984
v 1.08766890 -0.00003053 0.16758984
v 1.07655263 0.02249225 0.15923250
v 1.07655263 0.02249225 0.15923250
v 1.07655263 0.02249225 0.15923250
v 1.07655263 0.02249225 0.15923250
v 1.07655263 0.02249225 0.15923250
v 1.07655263 0.02249225 0.15923250
v 1.07531095 0.06693723 0.15996987
v 1.07531095 0.06693723 0.15996987
v 1.07531095 0.06693723 0.15996987
v 1.07531095 0.06693723 0.15996987
v 1.07531095 0.06693723 0.15996987
v 1.07531095 0.06693723 0.15996987
v 1.07347786 0.11138217 0.16112518
v 1.07347786 0.11138217 0.16112518
v 1.07347786 0.11138217 0.16112518
v 1.07347786 0.11138217 0.16112518
v 1.07347786 0.11138217 0.16112518
v 1.07111263 0.15582711 0.16267374
v 1.07111263 0.15582711 0.16267374
v 1.07111263 0.15582711 0.16267374
v 1.07111263 0.15582711 0.16267374
v 1.07111263 0.15582711 0.16267374
v 1.07111263 0.15582711 0.16267374
v 1.09571052 0.11138217 0.17948681
v 1.09571052 0.11138217 0.17948681
v 1.09571052 0.11138217 0.17948681
v 1.09571052 0.11138217 0.17948681
v 1.09571052 0.11138217 0.17948681
v 1.11575532 0.15582711 0.20443606
v 1.11575532 0.15582711 0.20443606
v 1.11575532 0.15582711 0.20443606
v 1.11575532 0.15582711 0.20443606
v 1.11575532 0.15582711 0.20443606
v 1.11575532 0.15582711 0.20443606
v 1.13272548 0.15582711 0.23206457
v 1.13272548 0.15582711 0.23206457
v 1.13272548 0.15582711 0.23206457
v 1.13272548 0.15582711 0.23206457
v 1.13272548 0.15582711 0.23206457
v 1.13272548 0.15582711 0.23206457
v 1.14301395 0.15582711 0.25143403
v 1.14301395 0.15582711 0.25143403
v 1.14301395 0.15582711 0.25143403
v 1.14301395 0.15582711 0.25143403
v 0.77818578 0.02249225 0.00127798
v 0.77818578 0.02249225 0.00127798
v 0.77818578 0.02249225 0.00127798
v 0.77818578 0.02249225 0.00127798
v 0.80491221 -0.00003053 0.01123309
v 0.80491221 -0.00003053 0.01123309
v 0.80491221 -0.00003053 0.01123309
v 0.80491221 -0.00003053 0.01123309
v 0.80491221 -0.00003053 0.01123309
v 0.55077428 0.60047680 0.00789016
v 0.55077428 0.60047680 0.00789016
v 0.55077428 0.60047680 0.00789016
v 0.55585939 0.60047680 0.00879961
v 0.55585939 0.60047680 0.00879961
v 0.55585939 0.60047680 0.00879961
v 0.55585939 0.60047680 0.00879961
v 0.55585939 0.60047680 0.00879961
v 0.55585939 0.60047680 0.00879961
v 0.55585939 0.60047680 0.00879961
v 0.55585939 0.60047680 0.00879961
v 0.55585939 0.60047680 0.00879961
v 0.55585939 0.55603188 0.00034392
v 0.55585939 0.55603188 0.00034392
v 0.55585939 0.55603188 0.00034392
v 0.55585939 0.55603188 0.00034392
v 0.55585939 0.55603188 0.00034392
v 0.55585939 0.55603188 0.00034392
v 0.77818578 0.06693723 0.00083554
v 0.77818578 0.06693723 0.00083554
v 0.77818578 0.06693723 0.00083554
v 0.77818578 0.06693723 0.00083554
v 0.77818578 0.06693723 0.00083554
v 0.77818578 0.06693723 0.00083554
v 0.77818578 0.06693723 0.00083554
v 0.55077428 1.01529628 0.23766896
v 0.55077428 1.01529628 0.23766896
v 0.55077428 1.01529628 0.23766896
v 0.55077428 1.01529628 0.23766896
v 0.58122587 1.00648743 0.25143403
v 0.58122587 1.00648743 0.25143403
v 0.58122587 1.00648743 0.25143403
v 0.59778208 0.98736805 0.23439974
v 0.59778208 0.98736805 0.23439974
v 0.59778208 0.98736805 0.23439974
v 0.59778208 0.98736805 0.23439974
v 0.59778208 0.98736805 0.23439974
v 0.59778208 0.98736805 0.23439974
v 0.59778208 0.98736805 0.23439974
v 0.55574113 1.00989085 0.23265451
v 0.55574113 1.00989085 0.23265451
v 0.55574113 1.00989085 0.23265451
v 0.55574113 1.00989085 0.23265451
v 0.55574113 1.00989085 0.23265451
v 1.07661164 -0.00003053 0.15920788
v 1.07661164 -0.00003053 0.15920788
v 1.07661164 -0.00003053 0.15920788
v 1.07661164 -0.00003053 0.15920788
v 0.82673103 0.01888862 0.01932007
v 0.82673103 0.01888862 0.01932007
v 0.82673103 0.01888862 0.01932007
v 0.82673103 0.01888862 0.01932007
v 0.82058156 0.06693723 0.01654249
v 0.82058156 0.06693723 0.01654249
v 0.82058156 0.06693723 0.01654249
v 0.82058156 0.06693723 0.01654249
v 0.82058156 0.06693723 0.01654249
v 0.82058156 0.06693723 0.01654249
v 0.82058156 0.06693723 0.01654249
v 0.82058156 0.06693723 0.01654249
v 0.82058156 0.06693723 0.01654249
v 0.82058156 0.06693723 0.01654249
v 1.04497743 0.11138217 0.14507407
v 1.04497743 0.11138217 0.14507407
v 1.04497743 0.11138217 0.14507407
v 1.04497743 0.11138217 0.14507407
v 1.04497743 0.11138217 0.14507407
v 1.04497743 0.15582711 0.14777794
v 1.04497743 0.15582711 0.14777794
v 1.04497743 0.15582711 0.14777794
v 1.04497743 0.15582711 0.14777794
v 1.04497743 0.15582711 0.14777794
v 1.04497743 0.15582711 0.14777794
v 1.04497743 0.15582711 0.14777794
v 1.06886578 0.18685851 0.16419774
v 1.06886578 0.18685851 0.16419774
v 1.06886578 0.18685851 0.16419774
v 1.06886578 0.18685851 0.16419774
v 1.06886578 0.18685851 0.16419774
v 1.09334528 0.15582711 0.18221527
v 1.09334528 0.15582711 0.18221527
v 1.09334528 0.15582711 0.18221527
v 1.09334528 0.15582711 0.18221527
v 1.09334528 0.15582711 0.18221527
v 1.09334528 0.15582711 0.18221527
v 1.09334528 0.15582711 0.18221527
v 1.11356759 0.18805972 0.20728743
v 1.11356759 0.18805972 0.20728743
v 1.11356759 0.18805972 0.20728743
v 1.11356759 0.18805972 0.20728743
v 1.11356759 0.18805972 0.20728743
v 1.11356759 0.18805972 0.20728743
v 1.11356759 0.18805972 0.20728743
v 1.11356759 0.18805972 0.20728743
v 1.12385607 0.20187369 0.22850040
v 1.12385607 0.20187369 0.22850040
v 1.12385607 0.20187369 0.22850040
v 1.12385607 0.20187369 0.22850040
v 1.12385607 0.20187369 0.22850040
v 1.12385607 0.20187369 0.22850040
v 1.13562286 0.20267451 0.25143403
v 1.13562286 0.20267451 0.25143403
v 1.13562286 0.20267451 0.25143403
v 1.13562286 0.20267451 0.25143403
v 0.82667190 -0.00003053 0.01934469
v 0.82667190 -0.00003053 0.01934469
v 0.82667190 -0.00003053 0.01934469
v 0.82667190 -0.00003053 0.01934469
v 0.55077428 0.60648286 0.00956160
v 0.55077428 0.60648286 0.00956160
v 0.55077428 0.60648286 0.00956160
v 0.55077428 0.60648286 0.00956160
v 0.55077428 0.60648286 0.00956160
v 0.55077428 0.60648286 0.00956160
v 0.60032469 0.55603188 0.00919294
v 0.60032469 0.55603188 0.00919294
v 0.60032469 0.55603188 0.00919294
v 0.60032469 0.55603188 0.00919294
v 0.60032469 0.55603188 0.00919294
v 0.60032469 0.55603188 0.00919294
v 0.60032469 0.55603188 0.00919294
v 0.60032469 0.55603188 0.00919294
v 0.60032469 0.51148683 0.00071263
v 0.60032469 0.51148683 0.00071263
v 0.60032469 0.51148683 0.00071263
v 0.60032469 0.51148683 0.00071263
v 0.60032469 0.51148683 0.00071263
v 0.64141959 0.81919801 0.13229221
v 0.64141959 0.81919801 0.13229221
v 0.64141959 0.81919801 0.13229221
v 0.64141959 0.81919801 0.13229221
v 0.69138390 0.82520413 0.15257114
v 0.69138390 0.82520413 0.15257114
v 0.69138390 0.82520413 0.15257114
v 0.69138390 0.82520413 0.15257114
v 0.69138390 0.82520413 0.15257114
v 0.69138390 0.82520413 0.15257114
v 0.69138390 0.82520413 0.15257114
v 0.73661786 0.78115958 0.15185830
v 0.73661786 0.78115958 0.15185830
v 0.73661786 0.78115958 0.15185830
v 0.73661786 0.78115958 0.15185830
v 0.73661786 0.78115958 0.15185830
v 0.73661786 0.78115958 0.15185830
v 0.73661786 0.78115958 0.15185830
v 0.68925524 0.37825209 0.00073719
v 0.68925524 0.37825209 0.00073719
v 0.68925524 0.37825209 0.00073719
v 0.68925524 0.37825209 0.00073719
v 0.68925524 0.37825209 0.00073719
v 0.68925524 0.37825209 0.00073719
v 0.68925524 0.37825209 0.00073719
v 0.73372054 0.24481712 0.00058973
v 0.73372054 0.24481712 0.00058973
v 0.73372054 0.24481712 0.00058973
v 0.73372054 0.24481712 0.00058973
v 0.73372054 0.24481712 0.00058973
v 0.77818578 0.11138217 0.00127798
v 0.77818578 0.11138217 0.00127798
v 0.77818578 0.11138217 0.00127798
v 0.77818578 0.11138217 0.00127798
v 0.77818578 0.11138217 0.00127798
v 0.55077428 1.01109213 0.23049146
v 0.55077428 1.01109213 0.23049146
v 0.55077428 1.01109213 0.23049146
v 0.55077428 1.01109213 0.23049146
v 0.62498164 0.98126191 0.25143403
v 0.62498164 0.98126191 0.25143403
v 0.62498164 0.98126191 0.25143403
v 0.62498164 0.98126191 0.25143403
v 0.62563205 0.98046106 0.25077036
v 0.62563205 0.98046106 0.25077036
v 0.62563205 0.98046106 0.25077036
v 0.62563205 0.98046106 0.25077036
v 0.62563205 0.98046106 0.25077036
v 0.62563205 0.98046106 0.25077036
v 0.61096793 0.97105157 0.22112626
v 0.61096793 0.97105157 0.22112626
v 0.61096793 0.97105157 0.22112626
v 0.61096793 0.97105157 0.22112626
v 0.61096793 0.97105157 0.22112626
v 0.61096793 0.97105157 0.22112626
v 0.58128500 0.98036104 0.20750862
v 0.58128500 0.98036104 0.20750862
v 0.58128500 0.98036104 0.20750862
v 0.58128500 0.98036104 0.20750862
v 0.58128500 0.98036104 0.20750862
v 0.58128500 0.98036104 0.20750862
v 0.58128500 0.98036104 0.20750862
v 0.58128500 0.98036104 0.20750862
v 0.58128500 0.98036104 0.20750862
v 0.77818578 0.15582711 0.00282657
v 0.77818578 0.15582711 0.00282657
v 0.77818578 0.15582711 0.00282657
v 0.77818578 0.15582711 0.00282657
v 0.77818578 0.15582711 0.00282657
v 0.81786162 0.11138217 0.01769781
v 0.81786162 0.11138217 0.01769781
v 0.81786162 0.11138217 0.01769781
v 0.81786162 0.11138217 0.01769781
v 0.81786162 0.11138217 0.01769781
v 0.81786162 0.11138217 0.01769781
v 0.81425470 0.15582711 0.01988545
v 0.81425470 0.15582711 0.01988545
v 0.81425470 0.15582711 0.01988545
v 0.81425470 0.15582711 0.01988545
v 0.81425470 0.15582711 0.01988545
v 1.04864347 0.20117298 0.15419346
v 1.04864347 0.20117298 0.15419346
v 1.04864347 0.20117298 0.15419346
v 1.04864347 0.20117298 0.15419346
v 1.04864347 0.20117298 0.15419346
v 1.06590927 0.21648847 0.16621336
v 1.06590927 0.21648847 0.16621336
v 1.06590927 0.21648847 0.16621336
v 1.06590927 0.21648847 0.16621336
v 1.06590927 0.21648847 0.16621336
v 1.06590927 0.21648847 0.16621336
v 1.06590927 0.21648847 0.16621336
v 1.06590927 0.21648847 0.16621336
v 1.08979750 0.20227408 0.18676266
v 1.08979750 0.20227408 0.18676266
v 1.08979750 0.20227408 0.18676266
v 1.08979750 0.20227408 0.18676266
v 1.08530378 0.24481712 0.19101509
v 1.08530378 0.24481712 0.19101509
v 1.08530378 0.24481712 0.19101509
v 1.08530378 0.24481712 0.19101509
v 1.08530378 0.24481712 0.19101509
v 1.07980466 0.28926206 0.19570997
v 1.07980466 0.28926206 0.19570997
v 1.07980466 0.28926206 0.19570997
v 1.07980466 0.28926206 0.19570997
v 1.07980466 0.28926206 0.19570997
v 1.07980466 0.28926206 0.19570997
v 1.11072934 0.21768968 0.21129403
v 1.11072934 0.21768968 0.21129403
v 1.11072934 0.21768968 0.21129403
v 1.11072934 0.21768968 0.21129403
v 1.11072934 0.21768968 0.21129403
v 1.11072934 0.21768968 0.21129403
v 1.12072229 0.24481712 0.23872590
v 1.12072229 0.24481712 0.23872590
v 1.12072229 0.24481712 0.23872590
v 1.12072229 0.24481712 0.23872590
v 1.12072229 0.24481712 0.23872590
v 1.12072229 0.24481712 0.23872590
v 1.12072229 0.24481712 0.23872590
v 1.12710822 0.24481712 0.25143403
v 1.12710822 0.24481712 0.25143403
v 1.12710822 0.24481712 0.25143403
v 1.12710822 0.24481712 0.25143403
v 0.55077428 0.87195140 0.12570462
v 0.55077428 0.87195140 0.12570462
v 0.55077428 0.87195140 0.12570462
v 0.55077428 0.87195140 0.12570462
v 0.55922979 0.86824763 0.12646660
v 0.55922979 0.86824763 0.12646660
v 0.55922979 0.86824763 0.12646660
v 0.55922979 0.86824763 0.12646660
v 0.60032469 0.86724663 0.13880605
v 0.60032469 0.86724663 0.13880605
v 0.60032469 0.86724663 0.13880605
v 0.60032469 0.86724663 0.13880605
v 0.60032469 0.86724663 0.13880605
v 0.60032469 0.86724663 0.13880605
v 0.60032469 0.86724663 0.13880605
v 0.64780551 0.51408947 0.01555926
v 0.64780551 0.51408947 0.01555926
v 0.64780551 0.51408947 0.01555926
v 0.64780551 0.51408947 0.01555926
v 0.64780551 0.51408947 0.01555926
v 0.64780551 0.51408947 0.01555926
v 0.64780551 0.51408947 0.01555926
v 0.68925524 0.42269701 0.00612032
v 0.68925524 0.42269701 0.00612032
v 0.68925524 0.42269701 0.00612032
v 0.68925524 0.42269701 0.00612032
v 0.68925524 0.42269701 0.00612032
v 0.68925524 0.42269701 0.00612032
v 0.68925524 0.42269701 0.00612032
v 0.68925524 0.42269701 0.00612032
v 0.68925524 0.42269701 0.00612032
v 0.68925524 0.42269701 0.00612032
v 0.68925524 0.42269701 0.00612032
v 0.64478993 0.46714196 0.00181872
v 0.64478993 0.46714196 0.00181872
v 0.64478993 0.46714196 0.00181872
v 0.64478993 0.46714196 0.00181872
v 0.78043270 0.73591381 0.15269405
v 0.78043270 0.73591381 0.15269405
v 0.78043270 0.73591381 0.15269405
v 0.78043270 0.73591381 0.15269405
v 0.78043270 0.73591381 0.15269405
v 0.82383364 0.68996733 0.15451303
v 0.82383364 0.68996733 0.15451303
v 0.82383364 0.68996733 0.15451303
v 0.82383364 0.68996733 0.15451303
v 0.82383364 0.68996733 0.15451303
v 0.64431691 0.86794728 0.15475881
v 0.64431691 0.86794728 0.15475881
v 0.64431691 0.86794728 0.15475881
v 0.64431691 0.86794728 0.15475881
v 0.64431691 0.86794728 0.15475881
v 0.67802066 0.85353273 0.16048610
v 0.67802066 0.85353273 0.16048610
v 0.67802066 0.85353273 0.16048610
v 0.67802066 0.85353273 0.16048610
v 0.67802066 0.85353273 0.16048610
v 0.67802066 0.85353273 0.16048610
v 0.72372770 0.81199074 0.15972409
v 0.72372770 0.81199074 0.15972409
v 0.72372770 0.81199074 0.15972409
v 0.72372770 0.81199074 0.15972409
v 0.72372770 0.81199074 0.15972409
v 0.75341058 0.79797655 0.16672954
v 0.75341058 0.79797655 0.16672954
v 0.75341058 0.79797655 0.16672954
v 0.75341058 0.79797655 0.16672954
v 0.75341058 0.79797655 0.16672954
v 0.75341058 0.79797655 0.16672954
v 0.75341058 0.79797655 0.16672954
v 0.75341058 0.79797655 0.16672954
v 0.76712865 0.76824647 0.15984699
v 0.76712865 0.76824647 0.15984699
v 0.76712865 0.76824647 0.15984699
v 0.76712865 0.76824647 0.15984699
v 0.76712865 0.76824647 0.15984699
v 0.73372054 0.33370703 0.00604659
v 0.73372054 0.33370703 0.00604659
v 0.73372054 0.33370703 0.00604659
v 0.73372054 0.33370703 0.00604659
v 0.73372054 0.33370703 0.00604659
v 0.73372054 0.33370703 0.00604659
v 0.73372054 0.33370703 0.00604659
v 0.73372054 0.28926206 0.00122881
v 0.73372054 0.28926206 0.00122881
v 0.73372054 0.28926206 0.00122881
v 0.73372054 0.28926206 0.00122881
v 0.73372054 0.28926206 0.00122881
v 0.73372054 0.28926206 0.00122881
v 0.55077428 0.99207282 0.20283833
v 0.55077428 0.99207282 0.20283833
v 0.55077428 0.99207282 0.20283833
v 0.55077428 0.99207282 0.20283833
v 0.62586856 0.98066127 0.25143403
v 0.62586856 0.98066127 0.25143403
v 0.62586856 0.98066127 0.25143403
v 0.62586856 0.98066127 0.25143403
v 0.64413953 0.95573616 0.23262993
v 0.64413953 0.95573616 0.23262993
v 0.64413953 0.95573616 0.23262993
v 0.64413953 0.95573616 0.23262993
v 0.67606944 0.94042057 0.24410903
v 0.67606944 0.94042057 0.24410903
v 0.67606944 0.94042057 0.24410903
v 0.67606944 0.94042057 0.24410903
v 0.67606944 0.94042057 0.24410903
v 0.67606944 0.94042057 0.24410903
v 0.67606944 0.94042057 0.24410903
v 0.67606944 0.94042057 0.24410903
v 0.67606944 0.94042057 0.24410903
v 0.66264701 0.93081087 0.21446493
v 0.66264701 0.93081087 0.21446493
v 0.66264701 0.93081087 0.21446493
v 0.66264701 0.93081087 0.21446493
v 0.66264701 0.93081087 0.21446493
v 0.66264701 0.93081087 0.21446493
v 0.63302320 0.94142169 0.20227298
v 0.63302320 0.94142169 0.20227298
v 0.63302320 0.94142169 0.20227298
v 0.63302320 0.94142169 0.20227298
v 0.63302320 0.94142169 0.20227298
v 0.63302320 0.94142169 0.20227298
v 0.63302320 0.94142169 0.20227298
v 0.63302320 0.94142169 0.20227298
v 0.59488481 0.95273304 0.19008103
v 0.59488481 0.95273304 0.19008103
v 0.59488481 0.95273304 0.19008103
v 0.59488481 0.95273304 0.19008103
v 0.59488481 0.95273304 0.19008103
v 0.55585939 0.96354407 0.17781535
v 0.55585939 0.96354407 0.17781535
v 0.55585939 0.96354407 0.17781535
v 0.55585939 0.96354407 0.17781535
v 0.55585939 0.96354407 0.17781535
v 0.55585939 0.98736805 0.20003617
v 0.55585939 0.98736805 0.20003617
v 0.55585939 0.98736805 0.20003617
v 0.55585939 0.98736805 0.20003617
v 0.55585939 0.98736805 0.20003617
v 0.77818578 0.20037216 0.00607115
v 0.77818578 0.20037216 0.00607115
v 0.77818578 0.20037216 0.00607115
v 0.77818578 0.20037216 0.00607115
v 0.77818578 0.20037216 0.00607115
v 0.77818578 0.20037216 0.00607115
v 0.77818578 0.20037216 0.00607115
v 0.77818578 0.20037216 0.00607115
v 1.04024708 0.24481712 0.15485713
v 1.04024708 0.24481712 0.15485713
v 1.04024708 0.24481712 0.15485713
v 1.04024708 0.24481712 0.15485713
v 1.04024708 0.24481712 0.15485713
v 1.03445244 0.28926206 0.15800342
v 1.03445244 0.28926206 0.15800342
v 1.03445244 0.28926206 0.15800342
v 1.03445244 0.28926206 0.15800342
v 1.03445244 0.28926206 0.15800342
v 1.03445244 0.28926206 0.15800342
v 1.03445244 0.28926206 0.15800342
v 1.06247973 0.24481712 0.16879430
v 1.06247973 0.24481712 0.16879430
v 1.06247973 0.24481712 0.16879430
v 1.06247973 0.24481712 0.16879430
v 1.06247973 0.24481712 0.16879430
v 1.06247973 0.24481712 0.16879430
v 1.05668509 0.28926206 0.17346460
v 1.05668509 0.28926206 0.17346460
v 1.05668509 0.28926206 0.17346460
v 1.05668509 0.28926206 0.17346460
v 1.05668509 0.28926206 0.17346460
v 1.05668509 0.28926206 0.17346460
v 1.07395089 0.33370703 0.20168304
v 1.07395089 0.33370703 0.20168304
v 1.07395089 0.33370703 0.20168304
v 1.07395089 0.33370703 0.20168304
v 1.07395089 0.33370703 0.20168304
v 1.07395089 0.33370703 0.20168304
v 1.10753632 0.24481712 0.21648052
v 1.10753632 0.24481712 0.21648052
v 1.10753632 0.24481712 0.21648052
v 1.10753632 0.24481712 0.21648052
v 1.10753632 0.24481712 0.21648052
v 1.10203743 0.28926206 0.22611609
v 1.10203743 0.28926206 0.22611609
v 1.10203743 0.28926206 0.22611609
v 1.10203743 0.28926206 0.22611609
v 1.10203743 0.28926206 0.22611609
v 1.10203743 0.28926206 0.22611609
v 1.11498666 0.28926206 0.24833691
v 1.11498666 0.28926206 0.24833691
v 1.11498666 0.28926206 0.24833691
v 1.11498666 0.28926206 0.24833691
v 1.11498666 0.28926206 0.24833691
v 1.11646497 0.28926206 0.25143403
v 1.11646497 0.28926206 0.25143403
v 1.11646497 0.28926206 0.25143403
v 0.55077428 0.91139126 0.14362383
v 0.55077428 0.91139126 0.14362383
v 0.55077428 0.91139126 0.14362383
v 0.55585939 0.91169161 0.14519700
v 0.55585939 0.91169161 0.14519700
v 0.55585939 0.91169161 0.14519700
v 0.55585939 0.91169161 0.14519700
v 0.55585939 0.91169161 0.14519700
v 0.55585939 0.91169161 0.14519700
v 0.55585939 0.91169161 0.14519700
v 0.55585939 0.91169161 0.14519700
v 0.55585939 0.91169161 0.14519700
v 0.59630388 0.91019005 0.15842131
v 0.59630388 0.91019005 0.15842131
v 0.59630388 0.91019005 0.15842131
v 0.59630388 0.91019005 0.15842131
v 0.59630388 0.91019005 0.15842131
v 0.86646593 0.64231914 0.15753645
v 0.86646593 0.64231914 0.15753645
v 0.86646593 0.64231914 0.15753645
v 0.86646593 0.64231914 0.15753645
v 0.86646593 0.64231914 0.15753645
v 0.86705720 0.60047680 0.14448413
v 0.86705720 0.60047680 0.14448413
v 0.86705720 0.60047680 0.14448413
v 0.86705720 0.60047680 0.14448413
v 0.86705720 0.60047680 0.14448413
v 0.68972832 0.46554032 0.01949215
v 0.68972832 0.46554032 0.01949215
v 0.68972832 0.46554032 0.01949215
v 0.85132879 0.67555273 0.16178885
v 0.85132879 0.67555273 0.16178885
v 0.85132879 0.67555273 0.16178885
v 0.85132879 0.67555273 0.16178885
v 0.85132879 0.67555273 0.16178885
v 0.85132879 0.67555273 0.16178885
v 0.85132879 0.67555273 0.16178885
v 0.89934188 0.60047680 0.15982240
v 0.89934188 0.60047680 0.15982240
v 0.89934188 0.60047680 0.15982240
v 0.89934188 0.60047680 0.15982240
v 0.89934188 0.60047680 0.15982240
v 0.89934188 0.60047680 0.15982240
v 0.89934188 0.60047680 0.15982240
v 0.91388774 0.55693281 0.15397224
v 0.91388774 0.55693281 0.15397224
v 0.91388774 0.55693281 0.15397224
v 0.93872207 0.54271841 0.16237879
v 0.93872207 0.54271841 0.16237879
v 0.93872207 0.54271841 0.16237879
v 0.93872207 0.54271841 0.16237879
v 0.93872207 0.54271841 0.16237879
v 0.93872207 0.54271841 0.16237879
v 0.93872207 0.54271841 0.16237879
v 0.93872207 0.54271841 0.16237879
v 0.93872207 0.54271841 0.16237879
v 0.73602653 0.37845227 0.01757485
v 0.73602653 0.37845227 0.01757485
v 0.73602653 0.37845227 0.01757485
v 0.73602653 0.37845227 0.01757485
v 0.73602653 0.37845227 0.01757485
v 0.73602653 0.37845227 0.01757485
v 0.73602653 0.37845227 0.01757485
v 0.80982000 0.72240013 0.16053522
v 0.80982000 0.72240013 0.16053522
v 0.80982000 0.72240013 0.16053522
v 0.80982000 0.72240013 0.16053522
v 0.80982000 0.72240013 0.16053522
v 0.80982000 0.72240013 0.16053522
v 0.62917984 0.89437401 0.16240335
v 0.62917984 0.89437401 0.16240335
v 0.62917984 0.89437401 0.16240335
v 0.62917984 0.89437401 0.16240335
v 0.62917984 0.89437401 0.16240335
v 0.65880364 0.88326281 0.16945797
v 0.65880364 0.88326281 0.16945797
v 0.65880364 0.88326281 0.16945797
v 0.65880364 0.88326281 0.16945797
v 0.65880364 0.88326281 0.16945797
v 0.65880364 0.88326281 0.16945797
v 0.65880364 0.88326281 0.16945797
v 0.65880364 0.88326281 0.16945797
v 0.70764446 0.84162074 0.16727033
v 0.70764446 0.84162074 0.16727033
v 0.70764446 0.84162074 0.16727033
v 0.70764446 0.84162074 0.16727033
v 0.70764446 0.84162074 0.16727033
v 0.70764446 0.84162074 0.16727033
v 0.70764446 0.84162074 0.16727033
v 0.70764446 0.84162074 0.16727033
v 0.78043270 0.78115958 0.17459530
v 0.78043270 0.78115958 0.17459530
v 0.78043270 0.78115958 0.17459530
v 0.78043270 0.78115958 0.17459530
v 0.78043270 0.78115958 0.17459530
v 0.78043270 0.78115958 0.17459530
v 0.79681158 0.75203007 0.16744235
v 0.79681158 0.75203007 0.16744235
v 0.79681158 0.75203007 0.16744235
v 0.79681158 0.75203007 0.16744235
v 0.79681158 0.75203007 0.16744235
v 0.79681158 0.75203007 0.16744235
v 0.73661786 0.82520413 0.17447239
v 0.73661786 0.82520413 0.17447239
v 0.73661786 0.82520413 0.17447239
v 0.73661786 0.82520413 0.17447239
v 0.77570236 0.82029915 0.19829094
v 0.77570236 0.82029915 0.19829094
v 0.77570236 0.82029915 0.19829094
v 0.77570236 0.82029915 0.19829094
v 0.77570236 0.82029915 0.19829094
v 0.77386940 0.28926206 0.01818937
v 0.77386940 0.28926206 0.01818937
v 0.77386940 0.28926206 0.01818937
v 0.77386940 0.28926206 0.01818937
v 0.77386940 0.28926206 0.01818937
v 0.77386940 0.28926206 0.01818937
v 0.98986894 0.42269701 0.15854421
v 0.98986894 0.42269701 0.15854421
v 0.98986894 0.42269701 0.15854421
v 0.98986894 0.42269701 0.15854421
v 0.98986894 0.42269701 0.15854421
v 0.98986894 0.42269701 0.15854421
v 0.55077428 0.98856938 0.19883171
v 0.55077428 0.98856938 0.19883171
v 0.55077428 0.98856938 0.19883171
v 0.67920327 0.94212234 0.25143403
v 0.67920327 0.94212234 0.25143403
v 0.67920327 0.94212234 0.25143403
v 0.70037156 0.92680687 0.25143403
v 0.70037156 0.92680687 0.25143403
v 0.70037156 0.92680687 0.25143403
v 0.71184266 0.91829818 0.25143403
v 0.71184266 0.91829818 0.25143403
v 0.71184266 0.91829818 0.25143403
v 0.71184266 0.91829818 0.25143403
v 0.72266328 0.89807785 0.23206457
v 0.72266328 0.89807785 0.23206457
v 0.72266328 0.89807785 0.23206457
v 0.72266328 0.89807785 0.23206457
v 0.72266328 0.89807785 0.23206457
v 0.69026041 0.92120111 0.23039311
v 0.69026041 0.92120111 0.23039311
v 0.69026041 0.92120111 0.23039311
v 0.69026041 0.92120111 0.23039311
v 0.71249306 0.89026994 0.20895889
v 0.71249306 0.89026994 0.20895889
v 0.71249306 0.89026994 0.20895889
v 0.71249306 0.89026994 0.20895889
v 0.71249306 0.89026994 0.20895889
v 0.71249306 0.89026994 0.20895889
v 0.71249306 0.89026994 0.20895889
v 0.71249306 0.89026994 0.20895889
v 0.71249306 0.89026994 0.20895889
v 0.71249306 0.89026994 0.20895889
v 0.68925524 0.89887863 0.20111769
v 0.68925524 0.89887863 0.20111769
v 0.68925524 0.89887863 0.20111769
v 0.68925524 0.89887863 0.20111769
v 0.68925524 0.89887863 0.20111769
v 0.64591336 0.91259253 0.18587777
v 0.64591336 0.91259253 0.18587777
v 0.64591336 0.91259253 0.18587777
v 0.64591336 0.91259253 0.18587777
v 0.60848451 0.92400402 0.17262888
v 0.60848451 0.92400402 0.17262888
v 0.60848451 0.92400402 0.17262888
v 0.60848451 0.92400402 0.17262888
v 0.60848451 0.92400402 0.17262888
v 0.57886070 0.93441457 0.16503349
v 0.57886070 0.93441457 0.16503349
v 0.57886070 0.93441457 0.16503349
v 0.57886070 0.93441457 0.16503349
v 0.57886070 0.93441457 0.16503349
v 0.57886070 0.93441457 0.16503349
v 0.57886070 0.93441457 0.16503349
v 0.57886070 0.93441457 0.16503349
v 0.57886070 0.93441457 0.16503349
v 0.57886070 0.93441457 0.16503349
v 0.55077428 0.96484530 0.17656174
v 0.55077428 0.96484530 0.17656174
v 0.55077428 0.96484530 0.17656174
v 0.55077428 0.96484530 0.17656174
v 0.55077428 0.96484530 0.17656174
v 1.00045311 0.33370703 0.14704052
v 1.00045311 0.33370703 0.14704052
v 1.00045311 0.33370703 0.14704052
v 1.00045311 0.33370703 0.14704052
v 1.02806652 0.33370703 0.16196090
v 1.02806652 0.33370703 0.16196090
v 1.02806652 0.33370703 0.16196090
v 1.02806652 0.33370703 0.16196090
v 1.02806652 0.33370703 0.16196090
v 1.02806652 0.33370703 0.16196090
v 1.02398658 0.35973337 0.16454187
v 1.02398658 0.35973337 0.16454187
v 1.02398658 0.35973337 0.16454187
v 1.02398658 0.35973337 0.16454187
v 1.02398658 0.35973337 0.16454187
v 1.05029905 0.33370703 0.17946225
v 1.05029905 0.33370703 0.17946225
v 1.05029905 0.33370703 0.17946225
v 1.05029905 0.33370703 0.17946225
v 1.05029905 0.33370703 0.17946225
v 1.05029905 0.33370703 0.17946225
v 1.06963444 0.36353719 0.20669746
v 1.06963444 0.36353719 0.20669746
v 1.06963444 0.36353719 0.20669746
v 1.06963444 0.36353719 0.20669746
v 1.06963444 0.36353719 0.20669746
v 1.06963444 0.36353719 0.20669746
v 1.06963444 0.36353719 0.20669746
v 1.06963444 0.36353719 0.20669746
v 1.06963444 0.36353719 0.20669746
v 1.09707046 0.32990316 0.23619410
v 1.09707046 0.32990316 0.23619410
v 1.09707046 0.32990316 0.23619410
v 1.09707046 0.32990316 0.23619410
v 1.09707046 0.32990316 0.23619410
v 1.11327195 0.30257553 0.25143403
v 1.11327195 0.30257553 0.25143403
v 1.11327195 0.30257553 0.25143403
v 1.11327195 0.30257553 0.25143403
v 1.11327195 0.30257553 0.25143403
v 0.55077428 0.91659659 0.14632770
v 0.55077428 0.91659659 0.14632770
v 0.55077428 0.91659659 0.14632770
v 0.55077428 0.94302326 0.16026485
v 0.55077428 0.94302326 0.16026485
v 0.55077428 0.94302326 0.16026485
v 0.55077428 0.94302326 0.16026485
v 0.55585939 0.94122148 0.16080561
v 0.55585939 0.94122148 0.16080561
v 0.55585939 0.94122148 0.16080561
v 0.55585939 0.94122148 0.16080561
v 0.89135939 0.62570232 0.16409943
v 0.89135939 0.62570232 0.16409943
v 0.89135939 0.62570232 0.16409943
v 0.89135939 0.62570232 0.16409943
v 0.89135939 0.62570232 0.16409943
v 0.89135939 0.62570232 0.16409943
v 0.83950299 0.70518273 0.16849935
v 0.83950299 0.70518273 0.16849935
v 0.83950299 0.70518273 0.16849935
v 0.83950299 0.70518273 0.16849935
v 0.83950299 0.70518273 0.16849935
v 0.83950299 0.70518273 0.16849935
v 0.83950299 0.70518273 0.16849935
v 0.88089347 0.65533227 0.17078534
v 0.88089347 0.65533227 0.17078534
v 0.88089347 0.65533227 0.17078534
v 0.88089347 0.65533227 0.17078534
v 0.88089347 0.65533227 0.17078534
v 0.88089347 0.65533227 0.17078534
v 0.88089347 0.65533227 0.17078534
v 0.93026656 0.57234842 0.16751611
v 0.93026656 0.57234842 0.16751611
v 0.93026656 0.57234842 0.16751611
v 0.93026656 0.57234842 0.16751611
v 0.93026656 0.57234842 0.16751611
v 0.93026656 0.57234842 0.16751611
v 0.93026656 0.57234842 0.16751611
v 0.96875978 0.51148683 0.17194059
v 0.96875978 0.51148683 0.17194059
v 0.96875978 0.51148683 0.17194059
v 0.96875978 0.51148683 0.17194059
v 0.96875978 0.51148683 0.17194059
v 0.96875978 0.51148683 0.17194059
v 0.96875978 0.51148683 0.17194059
v 0.97550052 0.48415920 0.16707367
v 0.97550052 0.48415920 0.16707367
v 0.97550052 0.48415920 0.16707367
v 0.97550052 0.48415920 0.16707367
v 0.98277342 0.45452923 0.16250166
v 0.98277342 0.45452923 0.16250166
v 0.98277342 0.45452923 0.16250166
v 0.98277342 0.45452923 0.16250166
v 0.98277342 0.45452923 0.16250166
v 0.98277342 0.45452923 0.16250166
v 0.98277342 0.45452923 0.16250166
v 0.98277342 0.45452923 0.16250166
v 0.94652706 0.51148683 0.15807718
v 0.94652706 0.51148683 0.15807718
v 0.94652706 0.51148683 0.15807718
v 0.94652706 0.51148683 0.15807718
v 0.95882601 0.46844327 0.15365267
v 0.95882601 0.46844327 0.15365267
v 0.95882601 0.46844327 0.15365267
v 0.69138390 0.86794728 0.17732373
v 0.69138390 0.86794728 0.17732373
v 0.69138390 0.86794728 0.17732373
v 0.69138390 0.86794728 0.17732373
v 0.69138390 0.86794728 0.17732373
v 0.72987717 0.86464393 0.19981492
v 0.72987717 0.86464393 0.19981492
v 0.72987717 0.86464393 0.19981492
v 0.72987717 0.86464393 0.19981492
v 0.75920528 0.84802717 0.20691872
v 0.75920528 0.84802717 0.20691872
v 0.75920528 0.84802717 0.20691872
v 0.75920528 0.84802717 0.20691872
v 0.75920528 0.84802717 0.20691872
v 0.75920528 0.84802717 0.20691872
v 0.75920528 0.84802717 0.20691872
v 0.75920528 0.84802717 0.20691872
v 0.75920528 0.84802717 0.20691872
v 0.80343407 0.80378240 0.20696786
v 0.80343407 0.80378240 0.20696786
v 0.80343407 0.80378240 0.20696786
v 0.80343407 0.80378240 0.20696786
v 0.80343407 0.80378240 0.20696786
v 0.80343407 0.80378240 0.20696786
v 0.80343407 0.80378240 0.20696786
v 0.80343407 0.80378240 0.20696786
v 0.80343407 0.80378240 0.20696786
v 0.82004935 0.77505338 0.19939706
v 0.82004935 0.77505338 0.19939706
v 0.82004935 0.77505338 0.19939706
v 0.82004935 0.77505338 0.19939706
v 0.82383364 0.73591381 0.17629135
v 0.82383364 0.73591381 0.17629135
v 0.82383364 0.73591381 0.17629135
v 0.82383364 0.73591381 0.17629135
v 0.82383364 0.73591381 0.17629135
v 0.82383364 0.73591381 0.17629135
v 1.00258172 0.37604982 0.15584037
v 1.00258172 0.37604982 0.15584037
v 1.00258172 0.37604982 0.15584037
v 1.00258172 0.37604982 0.15584037
v 1.00258172 0.37604982 0.15584037
v 1.00258172 0.37604982 0.15584037
v 1.01884234 0.38936332 0.16783568
v 1.01884234 0.38936332 0.16783568
v 1.01884234 0.38936332 0.16783568
v 1.01884234 0.38936332 0.16783568
v 1.01884234 0.38936332 0.16783568
v 1.01884234 0.38936332 0.16783568
v 1.01884234 0.38936332 0.16783568
v 1.01884234 0.38936332 0.16783568
v 0.75317407 0.88706666 0.25143403
v 0.75317407 0.88706666 0.25143403
v 0.75317407 0.88706666 0.25143403
v 0.75317407 0.88706666 0.25143403
v 0.75317407 0.88706666 0.25143403
v 0.74489599 0.88005954 0.23206457
v 0.74489599 0.88005954 0.23206457
v 0.74489599 0.88005954 0.23206457
v 0.74489599 0.88005954 0.23206457
v 0.74489599 0.88005954 0.23206457
v 0.55077428 0.94592619 0.16208383
v 0.55077428 0.94592619 0.16208383
v 0.55077428 0.94592619 0.16208383
v 0.55077428 0.94592619 0.16208383
v 1.04438615 0.37645021 0.18727887
v 1.04438615 0.37645021 0.18727887
v 1.04438615 0.37645021 0.18727887
v 1.04438615 0.37645021 0.18727887
v 1.03669941 0.42269701 0.19546416
v 1.03669941 0.42269701 0.19546416
v 1.03669941 0.42269701 0.19546416
v 1.03669941 0.42269701 0.19546416
v 1.03669941 0.42269701 0.19546416
v 1.03669941 0.42269701 0.19546416
v 1.06484497 0.39316717 0.21353087
v 1.06484497 0.39316717 0.21353087
v 1.06484497 0.39316717 0.21353087
v 1.06484497 0.39316717 0.21353087
v 1.06484497 0.39316717 0.21353087
v 1.06484497 0.39316717 0.21353087
v 1.06484497 0.39316717 0.21353087
v 1.07915425 0.37835214 0.22982776
v 1.07915425 0.37835214 0.22982776
v 1.07915425 0.37835214 0.22982776
v 1.07915425 0.37835214 0.22982776
v 1.07915425 0.37835214 0.22982776
v 1.07915425 0.37835214 0.22982776
v 1.07915425 0.37835214 0.22982776
v 1.10996068 0.31488797 0.25143403
v 1.10996068 0.31488797 0.25143403
v 1.10996068 0.31488797 0.25143403
v 1.10996068 0.31488797 0.25143403
v 0.92157453 0.60047680 0.17407912
v 0.92157453 0.60047680 0.17407912
v 0.92157453 0.60047680 0.17407912
v 0.92157453 0.60047680 0.17407912
v 0.92157453 0.60047680 0.17407912
v 0.92157453 0.60047680 0.17407912
v 0.87007284 0.69327068 0.18445212
v 0.87007284 0.69327068 0.18445212
v 0.87007284 0.69327068 0.18445212
v 0.87007284 0.69327068 0.18445212
v 0.87007284 0.69327068 0.18445212
v 0.85700524 0.73381168 0.19971660
v 0.85700524 0.73381168 0.19971660
v 0.85700524 0.73381168 0.19971660
v 0.85700524 0.73381168 0.19971660
v 0.85700524 0.73381168 0.19971660
v 0.89946008 0.68135864 0.20042944
v 0.89946008 0.68135864 0.20042944
v 0.89946008 0.68135864 0.20042944
v 0.89946008 0.68135864 0.20042944
v 0.89946008 0.68135864 0.20042944
v 0.91022170 0.64291972 0.18762299
v 0.91022170 0.64291972 0.18762299
v 0.91022170 0.64291972 0.18762299
v 0.91022170 0.64291972 0.18762299
v 0.95811641 0.55983573 0.18479621
v 0.95811641 0.55983573 0.18479621
v 0.95811641 0.55983573 0.18479621
v 0.95811641 0.55983573 0.18479621
v 0.94824183 0.60047680 0.19629991
v 0.94824183 0.60047680 0.19629991
v 0.94824183 0.60047680 0.19629991
v 0.94824183 0.60047680 0.19629991
v 0.94824183 0.60047680 0.19629991
v 0.94824183 0.60047680 0.19629991
v 0.99448097 0.51148683 0.19418600
v 0.99448097 0.51148683 0.19418600
v 0.99448097 0.51148683 0.19418600
v 0.99448097 0.51148683 0.19418600
v 1.01210153 0.42269701 0.17324337
v 1.01210153 0.42269701 0.17324337
v 1.01210153 0.42269701 0.17324337
v 1.01210153 0.42269701 0.17324337
v 1.01210153 0.42269701 0.17324337
v 1.01210153 0.42269701 0.17324337
v 1.01210153 0.42269701 0.17324337
v 0.98567075 0.54732305 0.20207635
v 0.98567075 0.54732305 0.20207635
v 0.98567075 0.54732305 0.20207635
v 0.98567075 0.54732305 0.20207635
v 0.98567075 0.54732305 0.20207635
v 0.98567075 0.54732305 0.20207635
v 0.98567075 0.54732305 0.20207635
v 0.98567075 0.54732305 0.20207635
v 0.77570236 0.85543466 0.23629242
v 0.77570236 0.85543466 0.23629242
v 0.77570236 0.85543466 0.23629242
v 0.77570236 0.85543466 0.23629242
v 0.77570236 0.85543466 0.23629242
v 0.78888822 0.83341235 0.22427258
v 0.78888822 0.83341235 0.22427258
v 0.78888822 0.83341235 0.22427258
v 0.78888822 0.83341235 0.22427258
v 0.78888822 0.83341235 0.22427258
v 0.78888822 0.83341235 0.22427258
v 0.81100261 0.82029915 0.23629242
v 0.81100261 0.82029915 0.23629242
v 0.81100261 0.82029915 0.23629242
v 0.81100261 0.82029915 0.23629242
v 0.81100261 0.82029915 0.23629242
v 0.81100261 0.82029915 0.23629242
v 0.83571869 0.79056907 0.23206457
v 0.83571869 0.79056907 0.23206457
v 0.83571869 0.79056907 0.23206457
v 0.83571869 0.79056907 0.23206457
v 0.83571869 0.79056907 0.23206457
v 0.85653222 0.76834661 0.23206457
v 0.85653222 0.76834661 0.23206457
v 0.85653222 0.76834661 0.23206457
v 0.85653222 0.76834661 0.23206457
v 0.84677583 0.75813627 0.20804942
v 0.84677583 0.75813627 0.20804942
v 0.84677583 0.75813627 0.20804942
v 0.84677583 0.75813627 0.20804942
v 0.84677583 0.75813627 0.20804942
v 0.84677583 0.75813627 0.20804942
v 0.84677583 0.75813627 0.20804942
v 0.84677583 0.75813627 0.20804942
v 0.75961918 0.88126087 0.25143403
v 0.75961918 0.88126087 0.25143403
v 0.75961918 0.88126087 0.25143403
v 0.75961918 0.88126087 0.25143403
v 1.02889431 0.45853326 0.20303500
v 1.02889431 0.45853326 0.20303500
v 1.02889431 0.45853326 0.20303500
v 1.02889431 0.45853326 0.20303500
v 1.02889431 0.45853326 0.20303500
v 1.02889431 0.45853326 0.20303500
v 1.02209449 0.48816320 0.21065494
v 1.02209449 0.48816320 0.21065494
v 1.02209449 0.48816320 0.21065494
v 1.02209449 0.48816320 0.21065494
v 1.02209449 0.48816320 0.21065494
v 1.02209449 0.48816320 0.21065494
v 1.02209449 0.48816320 0.21065494
v 1.05893207 0.42269701 0.22301894
v 1.05893207 0.42269701 0.22301894
v 1.05893207 0.42269701 0.22301894
v 1.05893207 0.42269701 0.22301894
v 1.05893207 0.42269701 0.22301894
v 1.05893207 0.42269701 0.22301894
v 1.07241356 0.42269701 0.24526432
v 1.07241356 0.42269701 0.24526432
v 1.07241356 0.42269701 0.24526432
v 1.07241356 0.42269701 0.24526432
v 1.07241356 0.42269701 0.24526432
v 1.07241356 0.42269701 0.24526432
v 1.09021151 0.37875259 0.25143403
v 1.09021151 0.37875259 0.25143403
v 1.09021151 0.37875259 0.25143403
v 1.09021151 0.37875259 0.25143403
v 1.10333812 0.33701035 0.25143403
v 1.10333812 0.33701035 0.25143403
v 1.10333812 0.33701035 0.25143403
v 0.93895853 0.63050717 0.20446065
v 0.93895853 0.63050717 0.20446065
v 0.93895853 0.63050717 0.20446065
v 0.93895853 0.63050717 0.20446065
v 0.93895853 0.63050717 0.20446065
v 0.93895853 0.63050717 0.20446065
v 0.93895853 0.63050717 0.20446065
v 0.93895853 0.63050717 0.20446065
v 0.88881683 0.71098858 0.21040913
v 0.88881683 0.71098858 0.21040913
v 0.88881683 0.71098858 0.21040913
v 0.88881683 0.71098858 0.21040913
v 0.88881683 0.71098858 0.21040913
v 0.88881683 0.71098858 0.21040913
v 0.88881683 0.71098858 0.21040913
v 0.88881683 0.71098858 0.21040913
v 0.88881683 0.71098858 0.21040913
v 0.88881683 0.71098858 0.21040913
v 0.88881683 0.71098858 0.21040913
v 0.97745180 0.57695305 0.21087617
v 0.97745180 0.57695305 0.21087617
v 0.97745180 0.57695305 0.21087617
v 0.97745180 0.57695305 0.21087617
v 0.97745180 0.57695305 0.21087617
v 0.97745180 0.57695305 0.21087617
v 0.97745180 0.57695305 0.21087617
v 1.01671362 0.51148683 0.21896318
v 1.01671362 0.51148683 0.21896318
v 1.01671362 0.51148683 0.21896318
v 1.01671362 0.51148683 0.21896318
v 1.01671362 0.51148683 0.21896318
v 0.79716635 0.84672582 0.25143403
v 0.79716635 0.84672582 0.25143403
v 0.79716635 0.84672582 0.25143403
v 0.79716635 0.84672582 0.25143403
v 0.80219233 0.84172082 0.25143403
v 0.80219233 0.84172082 0.25143403
v 0.80219233 0.84172082 0.25143403
v 0.80219233 0.84172082 0.25143403
v 0.84305072 0.79857719 0.25143403
v 0.84305072 0.79857719 0.25143403
v 0.84305072 0.79857719 0.25143403
v 0.84636194 0.79507363 0.25143403
v 0.84636194 0.79507363 0.25143403
v 0.84636194 0.79507363 0.25143403
v 0.84636194 0.79507363 0.25143403
v 0.88692468 0.75192994 0.25143403
v 0.88692468 0.75192994 0.25143403
v 0.88692468 0.75192994 0.25143403
v 0.88692468 0.75192994 0.25143403
v 0.88692468 0.75192994 0.25143403
v 0.88692468 0.75192994 0.25143403
v 0.88692468 0.75192994 0.25143403
v 0.88059783 0.73751539 0.22795963
v 0.88059783 0.73751539 0.22795963
v 0.88059783 0.73751539 0.22795963
v 1.03078640 0.51148683 0.24120852
v 1.03078640 0.51148683 0.24120852
v 1.03078640 0.51148683 0.24120852
v 1.03078640 0.51148683 0.24120852
v 1.04497743 0.46714196 0.23201543
v 1.04497743 0.46714196 0.23201543
v 1.04497743 0.46714196 0.23201543
v 1.04497743 0.46714196 0.23201543
v 1.06561363 0.44802263 0.25143403
v 1.06561363 0.44802263 0.25143403
v 1.06561363 0.44802263 0.25143403
v 1.06561363 0.44802263 0.25143403
v 1.06561363 0.44802263 0.25143403
v 1.06561363 0.44802263 0.25143403
v 1.06886578 0.44051504 0.25143403
v 1.06886578 0.44051504 0.25143403
v 1.06886578 0.44051504 0.25143403
v 1.06886578 0.44051504 0.25143403
v 1.07542920 0.42269701 0.25143403
v 1.07542920 0.42269701 0.25143403
v 1.07542920 0.42269701 0.25143403
v 0.97047448 0.60047680 0.22132289
v 0.97047448 0.60047680 0.22132289
v 0.97047448 0.60047680 0.22132289
v 0.97047448 0.60047680 0.22132289
v 0.97047448 0.60047680 0.22132289
v 0.97047448 0.60047680 0.22132289
v 0.92914307 0.66013712 0.21667716
v 0.92914307 0.66013712 0.21667716
v 0.92914307 0.66013712 0.21667716
v 0.92914307 0.66013712 0.21667716
v 0.92914307 0.66013712 0.21667716
v 0.92914307 0.66013712 0.21667716
v 0.89940101 0.72510284 0.24005327
v 0.89940101 0.72510284 0.24005327
v 0.89940101 0.72510284 0.24005327
v 0.89940101 0.72510284 0.24005327
v 0.89940101 0.72510284 0.24005327
v 0.89940101 0.72510284 0.24005327
v 0.91424245 0.69287026 0.22835293
v 0.91424245 0.69287026 0.22835293
v 0.91424245 0.69287026 0.22835293
v 0.91424245 0.69287026 0.22835293
v 0.89147764 0.74612409 0.25143403
v 0.89147764 0.74612409 0.25143403
v 0.89147764 0.74612409 0.25143403
v 0.89147764 0.74612409 0.25143403
v 1.00134003 0.55743331 0.23086014
v 1.00134003 0.55743331 0.23086014
v 1.00134003 0.55743331 0.23086014
v 1.00134003 0.55743331 0.23086014
v 0.98537511 0.60047680 0.24356827
v 0.98537511 0.60047680 0.24356827
v 0.98537511 0.60047680 0.24356827
v 0.98537511 0.60047680 0.24356827
v 0.98537511 0.60047680 0.24356827
v 1.02481437 0.53791350 0.25081953
v 1.02481437 0.53791350 0.25081953
v 1.02481437 0.53791350 0.25081953
v 1.02481437 0.53791350 0.25081953
v 1.02481437 0.53791350 0.25081953
v 1.02481437 0.53791350 0.25081953
v 1.02481437 0.53791350 0.25081953
v 1.02481437 0.53791350 0.25081953
v 1.02493262 0.53821385 0.25143403
v 1.02493262 0.53821385 0.25143403
v 1.02493262 0.53821385 0.25143403
v 1.02493262 0.53821385 0.25143403
v 0.97544134 0.62550211 0.25143403
v 0.97544134 0.62550211 0.25143403
v 0.97544134 0.62550211 0.25143403
v 0.97544134 0.62550211 0.25143403
v 0.97544134 0.62550211 0.25143403
v 0.98011261 0.61799455 0.25143403
v 0.98011261 0.61799455 0.25143403
v 0.98011261 0.61799455 0.25143403
v 0.98011261 0.61799455 0.25143403
v 0.98011261 0.61799455 0.25143403
v 0.93884027 0.67475194 0.24632129
v 0.93884027 0.67475194 0.24632129
v 0.93884027 0.67475194 0.24632129
v 0.93884027 0.67475194 0.24632129
v 0.93884027 0.67475194 0.24632129
v 0.92393970 0.70047796 0.25143403
v 0.92393970 0.70047796 0.25143403
v 0.92393970 0.70047796 0.25143403
v 0.93594289 0.68356085 0.25143403
v 0.93594289 0.68356085 0.25143403
v 0.93594289 0.68356085 0.25143403
v 0.93594289 0.68356085 0.25143403
v 1.02445960 0.53911477 0.25143403
v 1.02445960 0.53911477 0.25143403
v 1.02445960 0.53911477 0.25143403
v 1.02445960 0.53911477 0.25143403
vn -0.00000000 -1.00000000 0.00000000
vn -0.00000000 0.00000000 1.00000000
vn 0.00000000 0.00000000 1.00000000
vn 0.85549026 0.00000000 -0.51781889
vn 0.00000000 0.00000000 1.00000000
vn -0.00000000 -1.00000000 0.00000000
vn 0.83883756 0.00226248 -0.54437710
vn 0.85489318 0.00230579 -0.51879893
vn 0.85549026 0.00000000 -0.51781889
vn 0.85489318 0.00230579 -0.51879893
vn 0.85549026 0.00000000 -0.51781889
vn 0.86527298 0.03091328 -0.50034692
vn 0.00000000 0.00000000 1.00000000
vn 0.00000000 -1.00000000 0.00000000
vn 0.00000000 0.00000000 1.00000000
vn -0.19705653 -0.10730601 0.97450200
vn 0.00000000 -1.00000000 0.00000000
vn 0.83828602 0.00329975 -0.54522074
vn 0.83883756 0.00226248 -0.54437710
vn 0.83774379 0.03825662 -0.54472173
vn 0.83810233 0.00398670 -0.54549848
vn 0.83821684 0.03917216 -0.54392837
vn 0.83828602 0.00329975 -0.54522074
vn 0.83883756 0.00226248 -0.54437710
vn 0.85489318 0.00230579 -0.51879893
vn 0.86003559 0.04486865 -0.50825740
vn 0.86527298 0.03091328 -0.50034692
vn 0.00000000 0.00000000 1.00000000
vn 0.86003559 0.04486865 -0.50825740
vn 0.86527298 0.03091328 -0.50034692
vn 0.87029295 0.06020884 -0.48884055
vn 0.00000000 0.00000000 1.00000000
vn 0.00000000 -1.00000000 0.00000000
vn -0.19705653 -0.10730601 0.97450200
vn -1.00000000 0.00000000 0.00000000
vn -0.00000000 0.00000000 1.00000000
vn -0.19705653 -0.10730601 0.97450200
vn -1.00000000 0.00000000 0.00000000
vn 0.00000000 -1.00000000 0.00000000
vn 0.70785430 0.00417302 -0.70634615
vn 0.83810233 0.00398670 -0.54549848
vn 0.83828602 0.00329975 -0.54522074
vn 0.70730706 0.03950755 -0.70580158
vn 0.70785355 0.00417153 -0.70634691
vn 0.83774379 0.03825662 -0.54472173
vn 0.83810233 0.00398670 -0.54549848
vn 0.70602714 0.06017881 -0.70562326
vn 0.70674134 0.04005815 -0.70633705
vn 0.70730706 0.03950755 -0.70580158
vn 0.83744521 0.05806809 -0.54342766
vn 0.83774379 0.03825662 -0.54472173
vn 0.83821684 0.03917216 -0.54392837
vn 0.83744521 0.05806809 -0.54342766
vn 0.83821684 0.03917216 -0.54392837
vn 0.84349799 0.06845382 -0.53275249
vn 0.86003559 0.04486865 -0.50825740
vn 0.86970034 0.07058026 -0.48850768
vn 0.87029295 0.06020884 -0.48884055
vn 0.00000000 0.00000000 1.00000000
vn 0.86970034 0.07058026 -0.48850768
vn 0.87029295 0.06020884 -0.48884055
vn 0.87597785 0.07808191 -0.47598951
vn 0.00000000 -1.00000000 0.00000000
vn -0.18489864 -0.07696042 -0.97973955
vn -1.00000000 0.00000000 0.00000000
vn -0.00000000 0.00000000 1.00000000
vn 0.39857935 0.81057803 -0.42906616
vn -1.00000000 0.00000000 0.00000000
vn -0.00000000 -1.00000000 0.00000000
vn 0.60670139 0.00419926 -0.79491873
vn 0.70785544 0.00417528 -0.70634499
vn 0.60625343 0.03012180 -0.79470086
vn 0.60652294 0.00433907 -0.79505415
vn 0.60670139 0.00419926 -0.79491873
vn 0.61804978 0.03984628 -0.78512849
vn 0.70674134 0.04005815 -0.70633705
vn 0.70730706 0.03950755 -0.70580158
vn 0.70785469 0.00417379 -0.70634575
vn 0.61788944 0.04588775 -0.78492481
vn 0.61804978 0.03984628 -0.78512849
vn 0.63503877 0.06062681 -0.77009750
vn 0.63614976 0.06111634 -0.76914126
vn 0.70504963 0.06111794 -0.70651937
vn 0.70602714 0.06017881 -0.70562326
vn 0.70674134 0.04005815 -0.70633705
vn 0.70418868 0.07853047 -0.70565662
vn 0.70504963 0.06111794 -0.70651937
vn 0.70602714 0.06017881 -0.70562326
vn 0.83744521 0.05806809 -0.54342766
vn 0.84309876 0.07501915 -0.53250034
vn 0.84349799 0.06845382 -0.53275249
vn 0.84309876 0.07501915 -0.53250034
vn 0.84349799 0.06845382 -0.53275249
vn 0.84903536 0.08471654 -0.52149983
vn 0.86970034 0.07058026 -0.48850768
vn 0.87530289 0.08733751 -0.47562275
vn 0.87597785 0.07808191 -0.47598951
vn 0.00000000 0.00000000 1.00000000
vn 0.87530289 0.08733751 -0.47562275
vn 0.87597785 0.07808191 -0.47598951
vn 0.87936496 0.09242232 -0.46709249
vn 0.00000000 -1.00000000 0.00000000
vn 0.34143308 -0.01025736 -0.93985012
vn -0.02183967 -0.01091057 -0.99970195
vn -0.18489864 -0.07696042 -0.97973955
vn 0.17302908 0.18451082 -0.96747956
vn 0.17640207 0.18396779 -0.96697371
vn -0.01052888 -0.00579117 -0.99992780
vn -0.01957059 -0.00995250 -0.99975894
vn -0.02183967 -0.01091057 -0.99970195
vn -0.18489864 -0.07696042 -0.97973955
vn -1.00000000 0.00000000 0.00000000
vn 0.00000000 0.00000000 1.00000000
vn 0.39857935 0.81057803 -0.42906616
vn 0.40292844 0.80540683 -0.43470509
vn 0.41383514 0.79375977 -0.44574197
vn 0.43576766 0.77838413 -0.45191227
vn 0.43799959 0.77901209 -0.44866081
vn 0.39857935 0.81057803 -0.42906616
vn 0.40292844 0.80540683 -0.43470509
vn -1.00000000 0.00000000 0.00000000
vn -0.00000000 -1.00000000 0.00000000
vn 0.60409636 0.00245370 -0.79690751
vn 0.60652294 0.00433907 -0.79505415
vn 0.60670139 0.00419926 -0.79491873
vn 0.48846785 0.01207919 -0.87249828
vn 0.48861040 0.00223375 -0.87249922
vn 0.49043596 0.02815237 -0.87102240
vn 0.60409636 0.00245370 -0.79690751
vn 0.60625343 0.03012180 -0.79470086
vn 0.60652294 0.00433907 -0.79505415
vn 0.49018139 0.04277402 -0.87057027
vn 0.49026607 0.04284903 -0.87051889
vn 0.49043596 0.02815237 -0.87102240
vn 0.60625343 0.03012180 -0.79470086
vn 0.61788944 0.04588775 -0.78492481
vn 0.61804978 0.03984628 -0.78512849
vn 0.49002879 0.05293371 -0.87009758
vn 0.49026607 0.04284903 -0.87051889
vn 0.49437928 0.05653176 -0.86740607
vn 0.61788944 0.04588775 -0.78492481
vn 0.63503877 0.06062681 -0.77009750
vn 0.49365167 0.07828029 -0.86612945
vn 0.49437928 0.05653176 -0.86740607
vn 0.63503877 0.06062681 -0.77009750
vn 0.63614976 0.06111634 -0.76914126
vn 0.65783118 0.08438711 -0.74842298
vn 0.65801800 0.08097635 -0.74863552
vn 0.63614976 0.06111634 -0.76914126
vn 0.65801800 0.08097635 -0.74863552
vn 0.70180009 0.08079802 -0.70777702
vn 0.70418868 0.07853047 -0.70565662
vn 0.70504963 0.06111794 -0.70651937
vn 0.69983436 0.10993608 -0.70579454
vn 0.70180009 0.08079802 -0.70777702
vn 0.70418868 0.07853047 -0.70565662
vn 0.84309876 0.07501915 -0.53250034
vn 0.84751577 0.10357401 -0.52056646
vn 0.84903536 0.08471654 -0.52149983
vn 0.84751577 0.10357401 -0.52056646
vn 0.84903536 0.08471654 -0.52149983
vn 0.85764088 0.12661784 -0.49841753
vn 0.87530289 0.08733751 -0.47562275
vn 0.87534431 0.13261782 -0.46495684
vn 0.87936496 0.09242232 -0.46709249
vn 0.00000000 0.00000000 1.00000000
vn 0.87534431 0.13261782 -0.46495684
vn 0.87914811 0.13870283 -0.45591680
vn 0.87936496 0.09242232 -0.46709249
vn 0.34143308 -0.01025736 -0.93985012
vn 0.34210679 -0.00935377 -0.93961452
vn -0.01957059 -0.00995250 -0.99975894
vn -0.02183967 -0.01091057 -0.99970195
vn 0.00000000 -1.00000000 0.00000000
vn 0.34143308 -0.01025736 -0.93985012
vn 0.34210679 -0.00935377 -0.93961452
vn 0.34739971 -0.00694281 -0.93769144
vn 0.34929013 -0.00744114 -0.93698508
vn 0.16979584 0.26420986 -0.94940114
vn 0.17302908 0.18451082 -0.96747956
vn -1.00000000 0.00000000 0.00000000
vn 0.16979584 0.26420986 -0.94940114
vn 0.17302908 0.18451082 -0.96747956
vn 0.17640207 0.18396779 -0.96697371
vn 0.19175431 0.18343041 -0.96414914
vn 0.19198228 0.18353834 -0.96408324
vn 0.30935175 0.37290005 -0.87478400
vn 0.31021795 0.37248730 -0.87465309
vn 0.33376441 0.35689836 -0.87248202
vn 0.34915128 0.34158914 -0.87258824
vn 0.00795268 0.00375520 -0.99996133
vn 0.02445915 0.01614158 -0.99957051
vn 0.17640207 0.18396779 -0.96697371
vn 0.19175431 0.18343041 -0.96414914
vn -0.00184132 -0.00184216 -0.99999661
vn -0.01052888 -0.00579117 -0.99992780
vn 0.04530318 0.00994419 -0.99892379
vn 0.34210679 -0.00935377 -0.93961452
vn 0.34739295 0.00933445 -0.93767319
vn 0.34739971 -0.00694281 -0.93769144
vn -0.00184132 -0.00184216 -0.99999661
vn -0.01052888 -0.00579117 -0.99992780
vn -0.01957059 -0.00995250 -0.99975894
vn 0.39409807 0.79303974 -0.46451554
vn 0.40292844 0.80540683 -0.43470509
vn 0.41383514 0.79375977 -0.44574197
vn -1.00000000 0.00000000 0.00000000
vn 0.00000000 0.00000000 1.00000000
vn 0.43799959 0.77901209 -0.44866081
vn 0.44904266 0.77890197 -0.43780408
vn 0.43267902 0.77149121 -0.46646563
vn 0.43576766 0.77838413 -0.45191227
vn 0.43799959 0.77901209 -0.44866081
vn 0.44904266 0.77890197 -0.43780408
vn 0.45430081 0.75360458 -0.47506938
vn 0.46010902 0.75749081 -0.46314940
vn 0.46181814 0.75366209 -0.46767238
vn 0.39409807 0.79303974 -0.46451554
vn 0.40205269 0.76985604 -0.49565644
vn 0.41383514 0.79375977 -0.44574197
vn 0.43267902 0.77149121 -0.46646563
vn 0.43576766 0.77838413 -0.45191227
vn -0.00000000 -1.00000000 0.00000000
vn 0.48832768 -0.00266162 -0.87265628
vn 0.48861040 0.00223375 -0.87249922
vn 0.60409636 0.00245370 -0.79690751
vn 0.39579096 -0.00243186 -0.91833741
vn 0.48832768 -0.00266162 -0.87265628
vn 0.48846785 0.01207919 -0.87249828
vn 0.48861040 0.00223375 -0.87249922
vn 0.34739295 0.00933445 -0.93767319
vn 0.34739971 -0.00694281 -0.93769144
vn 0.34929013 -0.00744114 -0.93698508
vn 0.36845115 0.03237191 -0.92908332
vn 0.39579096 -0.00243186 -0.91833741
vn 0.39740394 0.04814100 -0.91638013
vn 0.48846785 0.01207919 -0.87249828
vn 0.48848734 0.05253518 -0.87098804
vn 0.49018139 0.04277402 -0.87057027
vn 0.49043596 0.02815237 -0.87102240
vn 0.48847567 0.05298662 -0.87096724
vn 0.48848734 0.05253518 -0.87098804
vn 0.49002879 0.05293371 -0.87009758
vn 0.49018139 0.04277402 -0.87057027
vn 0.49026607 0.04284903 -0.87051889
vn 0.48308847 0.08424489 -0.87150922
vn 0.48317460 0.08211640 -0.87166461
vn 0.48847567 0.05298662 -0.87096724
vn 0.48866189 0.08336591 -0.86848125
vn 0.49002879 0.05293371 -0.87009758
vn 0.49365167 0.07828029 -0.86612945
vn 0.49437928 0.05653176 -0.86740607
vn 0.48866189 0.08336591 -0.86848125
vn 0.49365167 0.07828029 -0.86612945
vn 0.50140762 0.10842425 -0.85839069
vn 0.65783118 0.08438711 -0.74842298
vn 0.68070498 0.11711381 -0.72313560
vn 0.65783118 0.08438711 -0.74842298
vn 0.65801800 0.08097635 -0.74863552
vn 0.68070498 0.11711381 -0.72313560
vn 0.68813416 0.12257929 -0.71515431
vn 0.68959136 0.12255347 -0.71375374
vn 0.69983436 0.10993608 -0.70579454
vn 0.70180009 0.08079802 -0.70777702
vn 0.68959136 0.12255347 -0.71375374
vn 0.69462323 0.14382526 -0.70484953
vn 0.69983436 0.10993608 -0.70579454
vn 0.71422710 0.16033885 -0.68130104
vn 0.71461262 0.16051858 -0.68085431
vn 0.84751577 0.10357401 -0.52056646
vn 0.84769966 0.15000512 -0.50882585
vn 0.85764088 0.12661784 -0.49841753
vn 0.84769966 0.15000512 -0.50882585
vn 0.85450178 0.17851237 -0.48781149
vn 0.85764088 0.12661784 -0.49841753
vn 0.87401327 0.17199103 -0.45444460
vn 0.87534431 0.13261782 -0.46495684
vn 0.87914811 0.13870283 -0.45591680
vn 0.00000000 0.00000000 1.00000000
vn 0.87401327 0.17199103 -0.45444460
vn 0.87914811 0.13870283 -0.45591680
vn 0.87931506 0.17765992 -0.44186193
vn -0.00000000 -1.00000000 0.00000000
vn 0.34929013 -0.00744114 -0.93698508
vn 0.39579096 -0.00243186 -0.91833741
vn 0.48832768 -0.00266162 -0.87265628
vn 0.16979584 0.26420986 -0.94940114
vn 0.24994004 0.38809887 -0.88707905
vn 0.27402578 0.38478133 -0.88139276
vn 0.30168678 0.37675704 -0.87580775
vn 0.30935175 0.37290005 -0.87478400
vn -1.00000000 0.00000000 0.00000000
vn 0.19198228 0.18353834 -0.96408324
vn 0.20640484 0.18299005 -0.96120325
vn 0.32827211 0.24000110 -0.91358464
vn 0.34086358 0.24824165 -0.90674589
vn 0.34915128 0.34158914 -0.87258824
vn 0.36092659 0.33342443 -0.87095358
vn 0.37457640 0.31936325 -0.87045944
vn 0.38490462 0.30342460 -0.87165472
vn 0.02445915 0.01614158 -0.99957051
vn 0.07356374 0.04891819 -0.99609005
vn 0.19175431 0.18343041 -0.96414914
vn 0.19198228 0.18353834 -0.96408324
vn 0.20640484 0.18299005 -0.96120325
vn 0.30168678 0.37675704 -0.87580775
vn 0.30789170 0.38149198 -0.87158853
vn 0.30935175 0.37290005 -0.87478400
vn 0.31021795 0.37248730 -0.87465309
vn 0.30789170 0.38149198 -0.87158853
vn 0.30920317 0.38498862 -0.86958448
vn 0.31021795 0.37248730 -0.87465309
vn 0.31387798 0.38993730 -0.86569597
vn 0.33376441 0.35689836 -0.87248202
vn 0.34029504 0.36352002 -0.86720960
vn 0.35121969 0.40194498 -0.84562696
vn 0.33376441 0.35689836 -0.87248202
vn 0.34029504 0.36352002 -0.86720960
vn 0.34915128 0.34158914 -0.87258824
vn 0.36092659 0.33342443 -0.87095358
vn 0.37128178 0.34360636 -0.86260334
vn 0.37649410 0.37368008 -0.84771185
vn 0.37903073 0.37113588 -0.84769916
vn 0.00795268 0.00375520 -0.99996133
vn 0.02445915 0.01614158 -0.99957051
vn 0.03979811 0.01436629 -0.99910446
vn 0.07356374 0.04891819 -0.99609005
vn 0.21134037 0.11752455 -0.97032120
vn 0.22106300 0.10510131 -0.96957974
vn 0.23244893 0.11694692 -0.96555213
vn 0.00795268 0.00375520 -0.99996133
vn 0.03979811 0.01436629 -0.99910446
vn 0.04530318 0.00994419 -0.99892379
vn 0.05852213 0.01435304 -0.99818292
vn -0.00184132 -0.00184216 -0.99999661
vn 0.04530318 0.00994419 -0.99892379
vn 0.05852213 0.01435304 -0.99818292
vn 0.13904305 0.03448348 -0.98968577
vn 0.34739295 0.00933445 -0.93767319
vn 0.36845115 0.03237191 -0.92908332
vn 0.37380114 0.76420580 -0.52560650
vn 0.39409807 0.79303974 -0.46451554
vn 0.40205269 0.76985604 -0.49565644
vn -1.00000000 0.00000000 0.00000000
vn 0.00000000 0.00000000 1.00000000
vn 0.44904266 0.77890197 -0.43780408
vn 0.46010902 0.75749081 -0.46314940
vn 0.51141892 0.75517649 -0.41007213
vn 0.46010902 0.75749081 -0.46314940
vn 0.46181814 0.75366209 -0.46767238
vn 0.49934375 0.72349859 -0.47666090
vn 0.51141892 0.75517649 -0.41007213
vn 0.51309084 0.72322372 -0.46226101
vn 0.53229209 0.73916216 -0.41267957
vn 0.45430081 0.75360458 -0.47506938
vn 0.46181814 0.75366209 -0.46767238
vn 0.46820404 0.69539760 -0.54516708
vn 0.47202153 0.69580514 -0.54134174
vn 0.49934375 0.72349859 -0.47666090
vn 0.49945916 0.72095129 -0.48038504
vn 0.36947712 0.73668193 -0.56638008
vn 0.37370198 0.63265687 -0.67830090
vn 0.37380114 0.76420580 -0.52560650
vn 0.38637678 0.62060024 -0.68232567
vn 0.39971715 0.62167014 -0.67361148
vn 0.40205269 0.76985604 -0.49565644
vn 0.43267902 0.77149121 -0.46646563
vn 0.45430081 0.75360458 -0.47506938
vn 0.46820404 0.69539760 -0.54516708
vn 0.13904305 0.03448348 -0.98968577
vn 0.24603618 0.07041260 -0.96669968
vn 0.36845115 0.03237191 -0.92908332
vn 0.39740394 0.04814100 -0.91638013
vn 0.41430119 0.06611773 -0.90773508
vn 0.39740394 0.04814100 -0.91638013
vn 0.41430119 0.06611773 -0.90773508
vn 0.44093155 0.07978693 -0.89398737
vn 0.48317460 0.08211640 -0.87166461
vn 0.48847567 0.05298662 -0.87096724
vn 0.48848734 0.05253518 -0.87098804
vn 0.44093155 0.07978693 -0.89398737
vn 0.47568421 0.11471324 -0.87210401
vn 0.47897731 0.10539902 -0.87147678
vn 0.48308847 0.08424489 -0.87150922
vn 0.48317460 0.08211640 -0.87166461
vn 0.47897731 0.10539902 -0.87147678
vn 0.48308847 0.08424489 -0.87150922
vn 0.48866189 0.08336591 -0.86848125
vn 0.50073754 0.10939041 -0.85865922
vn 0.50140762 0.10842425 -0.85839069
vn 0.50073754 0.10939041 -0.85865922
vn 0.50140762 0.10842425 -0.85839069
vn 0.51542455 0.12719120 -0.84744317
vn 0.54260875 0.14113018 -0.82804470
vn 0.68070498 0.11711381 -0.72313560
vn 0.68813416 0.12257929 -0.71515431
vn 0.68988403 0.14807861 -0.70861326
vn 0.69315203 0.14381470 -0.70629852
vn 0.68813416 0.12257929 -0.71515431
vn 0.68959136 0.12255347 -0.71375374
vn 0.69315203 0.14381470 -0.70629852
vn 0.69462323 0.14382526 -0.70484953
vn 0.68859734 0.15991319 -0.70729165
vn 0.68988403 0.14807861 -0.70861326
vn 0.69315203 0.14381470 -0.70629852
vn 0.69462323 0.14382526 -0.70484953
vn 0.71422710 0.16033885 -0.68130104
vn 0.68139436 0.18491822 -0.70817157
vn 0.68397885 0.16387305 -0.71085762
vn 0.68859734 0.15991319 -0.70729165
vn 0.71422710 0.16033885 -0.68130104
vn 0.71461262 0.16051858 -0.68085431
vn 0.74779165 0.18421471 -0.63786565
vn 0.71461262 0.16051858 -0.68085431
vn 0.74779165 0.18421471 -0.63786565
vn 0.79183361 0.20330937 -0.57590350
vn 0.84373008 0.19492917 -0.50012216
vn 0.84769966 0.15000512 -0.50882585
vn 0.85450178 0.17851237 -0.48781149
vn 0.84067026 0.21204295 -0.49830845
vn 0.84373008 0.19492917 -0.50012216
vn 0.84375132 0.21521380 -0.49169780
vn 0.85450178 0.17851237 -0.48781149
vn 0.87403046 0.20777031 -0.43920639
vn 0.87401327 0.17199103 -0.45444460
vn 0.87931506 0.17765992 -0.44186193
vn 0.00000000 0.00000000 1.00000000
vn 0.87403046 0.20777031 -0.43920639
vn 0.87931506 0.17765992 -0.44186193
vn 0.88210041 0.21123689 -0.42104375
vn 0.24911903 0.40060879 -0.88173256
vn 0.24994004 0.38809887 -0.88707905
vn 0.25434805 0.39946230 -0.88075930
vn -1.00000000 0.00000000 0.00000000
vn 0.24994004 0.38809887 -0.88707905
vn 0.25434805 0.39946230 -0.88075930
vn 0.27263447 0.39867059 -0.87563246
vn 0.27402578 0.38478133 -0.88139276
vn 0.27263447 0.39867059 -0.87563246
vn 0.27402578 0.38478133 -0.88139276
vn 0.29613130 0.41964602 -0.85802300
vn 0.30168678 0.37675704 -0.87580775
vn 0.30359019 0.41924232 -0.85561024
vn 0.30789170 0.38149198 -0.87158853
vn 0.30920317 0.38498862 -0.86958448
vn 0.34086358 0.24824165 -0.90674589
vn 0.38490462 0.30342460 -0.87165472
vn 0.38796734 0.30017533 -0.87142190
vn 0.39479134 0.26975951 -0.87827649
vn 0.39488722 0.29135043 -0.87130879
vn 0.40329676 0.27768568 -0.87191880
vn 0.40331872 0.27763762 -0.87192394
vn 0.21134037 0.11752455 -0.97032120
vn 0.23244893 0.11694692 -0.96555213
vn 0.32827211 0.24000110 -0.91358464
vn 0.34086358 0.24824165 -0.90674589
vn 0.39479134 0.26975951 -0.87827649
vn 0.41080468 0.26749845 -0.87159858
vn 0.41316286 0.20717834 -0.88677708
vn 0.41389233 0.26408386 -0.87117900
vn 0.41942045 0.25707712 -0.87063071
vn 0.43082559 0.23787073 -0.87052101
vn 0.43337864 0.23272506 -0.87064459
vn 0.07356374 0.04891819 -0.99609005
vn 0.20640484 0.18299005 -0.96120325
vn 0.21134037 0.11752455 -0.97032120
vn 0.32827211 0.24000110 -0.91358464
vn 0.36092659 0.33342443 -0.87095358
vn 0.37128178 0.34360636 -0.86260334
vn 0.37457640 0.31936325 -0.87045944
vn 0.38051947 0.32516464 -0.86572102
vn 0.38789169 0.34838851 -0.85332613
vn 0.37457640 0.31936325 -0.87045944
vn 0.38051947 0.32516464 -0.86572102
vn 0.38490462 0.30342460 -0.87165472
vn 0.38796734 0.30017533 -0.87142190
vn 0.39989747 0.33145907 -0.85452729
vn 0.30359019 0.41924232 -0.85561024
vn 0.30649760 0.42232522 -0.85305371
vn 0.30920317 0.38498862 -0.86958448
vn 0.31387798 0.38993730 -0.86569597
vn 0.32713303 0.43069368 -0.84112242
vn 0.31387798 0.38993730 -0.86569597
vn 0.32713303 0.43069368 -0.84112242
vn 0.35121969 0.40194498 -0.84562696
vn 0.35643373 0.40759192 -0.84072815
vn 0.36931120 0.47903045 -0.79632849
vn 0.37502182 0.48146918 -0.79217805
vn 0.34029504 0.36352002 -0.86720960
vn 0.35121969 0.40194498 -0.84562696
vn 0.35643373 0.40759192 -0.84072815
vn 0.37649410 0.37368008 -0.84771185
vn 0.39184853 0.42103596 -0.81803634
vn 0.37649410 0.37368008 -0.84771185
vn 0.37903073 0.37113588 -0.84769916
vn 0.39184853 0.42103596 -0.81803634
vn 0.42025473 0.38421903 -0.82204726
vn 0.46311910 0.49474711 -0.73535434
vn 0.49429685 0.50589174 -0.70692586
vn 0.50034825 0.46126100 -0.73272772
vn 0.51048269 0.48964211 -0.70686493
vn 0.37128178 0.34360636 -0.86260334
vn 0.37903073 0.37113588 -0.84769916
vn 0.38789169 0.34838851 -0.85332613
vn 0.41714561 0.37601839 -0.82740541
vn 0.42025473 0.38421903 -0.82204726
vn 0.22106300 0.10510131 -0.96957974
vn 0.23244893 0.11694692 -0.96555213
vn 0.30797079 0.10252958 -0.94585500
vn 0.41316286 0.20717834 -0.88677708
vn 0.42767530 0.14245910 -0.89263612
vn 0.44852546 0.20124441 -0.87081892
vn 0.45787983 0.17551410 -0.87151642
vn 0.03979811 0.01436629 -0.99910446
vn 0.05852213 0.01435304 -0.99818292
vn 0.13904305 0.03448348 -0.98968577
vn 0.22106300 0.10510131 -0.96957974
vn 0.24603618 0.07041260 -0.96669968
vn 0.30797079 0.10252958 -0.94585500
vn 0.31659068 0.71407375 -0.62439493
vn 0.36947712 0.73668193 -0.56638008
vn 0.37380114 0.76420580 -0.52560650
vn -1.00000000 0.00000000 0.00000000
vn 0.00000000 0.00000000 1.00000000
vn 0.51141892 0.75517649 -0.41007213
vn 0.53229209 0.73916216 -0.41267957
vn 0.53630706 0.74220486 -0.40187893
vn 0.49934375 0.72349859 -0.47666090
vn 0.49945916 0.72095129 -0.48038504
vn 0.51309084 0.72322372 -0.46226101
vn 0.51323406 0.72070775 -0.46601624
vn 0.51309084 0.72322372 -0.46226101
vn 0.51323406 0.72070775 -0.46601624
vn 0.51862218 0.71620265 -0.46699549
vn 0.53229209 0.73916216 -0.41267957
vn 0.53391109 0.71562085 -0.45036180
vn 0.53469123 0.71603018 -0.44878287
vn 0.53628347 0.72299766 -0.43551628
vn 0.53630706 0.74220486 -0.40187893
vn 0.53673199 0.74184449 -0.40197701
vn 0.47202153 0.69580514 -0.54134174
vn 0.47545133 0.66309858 -0.57814038
vn 0.49945916 0.72095129 -0.48038504
vn 0.51323406 0.72070775 -0.46601624
vn 0.51862218 0.71620265 -0.46699549
vn 0.52172952 0.70643560 -0.47827508
vn 0.39961541 0.60664559 -0.68723260
vn 0.39971715 0.62167014 -0.67361148
vn 0.42324180 0.58343993 -0.69315527
vn 0.42743458 0.58371602 -0.69034432
vn 0.44672455 0.60828218 -0.65607161
vn 0.46820404 0.69539760 -0.54516708
vn 0.47202153 0.69580514 -0.54134174
vn 0.47545133 0.66309858 -0.57814038
vn 0.38637678 0.62060024 -0.68232567
vn 0.38641662 0.60904752 -0.69263506
vn 0.39062073 0.60590906 -0.69302933
vn 0.39961541 0.60664559 -0.68723260
vn 0.39971715 0.62167014 -0.67361148
vn 0.33218336 0.58645183 -0.73873437
vn 0.33439017 0.64281015 -0.68918671
vn 0.37370198 0.63265687 -0.67830090
vn 0.38637678 0.62060024 -0.68232567
vn 0.38641662 0.60904752 -0.69263506
vn 0.31659068 0.71407375 -0.62439493
vn 0.31712323 0.64908320 -0.69146501
vn 0.33439017 0.64281015 -0.68918671
vn 0.36947712 0.73668193 -0.56638008
vn 0.37370198 0.63265687 -0.67830090
vn 0.24603618 0.07041260 -0.96669968
vn 0.30797079 0.10252958 -0.94585500
vn 0.41430119 0.06611773 -0.90773508
vn 0.42767530 0.14245910 -0.89263612
vn 0.44093155 0.07978693 -0.89398737
vn 0.46802196 0.14164471 -0.87229136
vn 0.47402201 0.12351791 -0.87180643
vn 0.47568421 0.11471324 -0.87210401
vn 0.47402201 0.12351791 -0.87180643
vn 0.47568421 0.11471324 -0.87210401
vn 0.47897731 0.10539902 -0.87147678
vn 0.50073754 0.10939041 -0.85865922
vn 0.51542455 0.12719120 -0.84744317
vn 0.46794081 0.14283916 -0.87214011
vn 0.46802196 0.14164471 -0.87229136
vn 0.47034442 0.14508878 -0.87047422
vn 0.47402201 0.12351791 -0.87180643
vn 0.51542455 0.12719120 -0.84744317
vn 0.54260875 0.14113018 -0.82804470
vn 0.55654821 0.15268338 -0.81666509
vn 0.54260875 0.14113018 -0.82804470
vn 0.55654821 0.15268338 -0.81666509
vn 0.57082351 0.15906696 -0.80551736
vn 0.68397885 0.16387305 -0.71085762
vn 0.68859734 0.15991319 -0.70729165
vn 0.68988403 0.14807861 -0.70861326
vn 0.57082351 0.15906696 -0.80551736
vn 0.58353400 0.17021982 -0.79404866
vn 0.62075330 0.19177665 -0.76018883
vn 0.67183682 0.19303254 -0.71510399
vn 0.68139436 0.18491822 -0.70817157
vn 0.68397885 0.16387305 -0.71085762
vn 0.66849883 0.21634336 -0.71155103
vn 0.67183682 0.19303254 -0.71510399
vn 0.68139436 0.18491822 -0.70817157
vn 0.74779165 0.18421471 -0.63786565
vn 0.79183361 0.20330937 -0.57590350
vn 0.80215875 0.21003238 -0.55895236
vn 0.79183361 0.20330937 -0.57590350
vn 0.80215875 0.21003238 -0.55895236
vn 0.81717541 0.21688029 -0.53402930
vn 0.84067026 0.21204295 -0.49830845
vn 0.84373008 0.19492917 -0.50012216
vn 0.81717541 0.21688029 -0.53402930
vn 0.82882532 0.22799760 -0.51094588
vn 0.84067026 0.21204295 -0.49830845
vn 0.84137697 0.22471362 -0.49151661
vn 0.84230532 0.22267235 -0.49085514
vn 0.84375132 0.21521380 -0.49169780
vn 0.84230532 0.22267235 -0.49085514
vn 0.84375132 0.21521380 -0.49169780
vn 0.87403046 0.20777031 -0.43920639
vn 0.88204063 0.21154317 -0.42101522
vn 0.88210041 0.21123689 -0.42104375
vn 0.00000000 0.00000000 1.00000000
vn 0.88204063 0.21154317 -0.42101522
vn 0.88210041 0.21123689 -0.42104375
vn 0.24008024 0.44748201 -0.86146464
vn 0.24911903 0.40060879 -0.88173256
vn -1.00000000 0.00000000 0.00000000
vn 0.24008024 0.44748201 -0.86146464
vn 0.24553329 0.45220975 -0.85744956
vn 0.24911903 0.40060879 -0.88173256
vn 0.25126744 0.45231420 -0.85573158
vn 0.25434805 0.39946230 -0.88075930
vn 0.27263447 0.39867059 -0.87563246
vn 0.28804928 0.44749996 -0.84662353
vn 0.29348639 0.44260992 -0.84732650
vn 0.29613130 0.41964602 -0.85802300
vn 0.29348639 0.44260992 -0.84732650
vn 0.29613130 0.41964602 -0.85802300
vn 0.30359019 0.41924232 -0.85561024
vn 0.30649760 0.42232522 -0.85305371
vn 0.32043245 0.45718550 -0.82964117
vn 0.39488722 0.29135043 -0.87130879
vn 0.40329676 0.27768568 -0.87191880
vn 0.41238493 0.27659359 -0.86800614
vn 0.41407742 0.27799187 -0.86675280
vn 0.42716451 0.30354289 -0.85169959
vn 0.40329676 0.27768568 -0.87191880
vn 0.40331872 0.27763762 -0.87192394
vn 0.41080468 0.26749845 -0.87159858
vn 0.41238493 0.27659359 -0.86800614
vn 0.41389233 0.26408386 -0.87117900
vn 0.39479134 0.26975951 -0.87827649
vn 0.40331872 0.27763762 -0.87192394
vn 0.41080468 0.26749845 -0.87159858
vn 0.38796734 0.30017533 -0.87142190
vn 0.39488722 0.29135043 -0.87130879
vn 0.39989747 0.33145907 -0.85452729
vn 0.42716451 0.30354289 -0.85169959
vn 0.43058051 0.35935738 -0.82792675
vn 0.48437484 0.35183376 -0.80099564
vn 0.49502317 0.37507359 -0.78375497
vn 0.41238493 0.27659359 -0.86800614
vn 0.41389233 0.26408386 -0.87117900
vn 0.41407742 0.27799187 -0.86675280
vn 0.41942045 0.25707712 -0.87063071
vn 0.44083738 0.26257765 -0.85832126
vn 0.46228249 0.27791908 -0.84205456
vn 0.47128495 0.29034186 -0.83282177
vn 0.41942045 0.25707712 -0.87063071
vn 0.43082559 0.23787073 -0.87052101
vn 0.44083738 0.26257765 -0.85832126
vn 0.43082559 0.23787073 -0.87052101
vn 0.43337864 0.23272506 -0.87064459
vn 0.43621572 0.22887492 -0.87024831
vn 0.44083738 0.26257765 -0.85832126
vn 0.46228249 0.27791908 -0.84205456
vn 0.47320970 0.23518993 -0.84897484
vn 0.50573922 0.25147183 -0.82522104
vn 0.53912717 0.27477270 -0.79614186
vn 0.55296737 0.29303400 -0.77997318
vn 0.41316286 0.20717834 -0.88677708
vn 0.43337864 0.23272506 -0.87064459
vn 0.43621572 0.22887492 -0.87024831
vn 0.44381902 0.21620549 -0.86964353
vn 0.44516094 0.21303075 -0.86974113
vn 0.44697103 0.20780141 -0.87007785
vn 0.44852546 0.20124441 -0.87081892
vn 0.38051947 0.32516464 -0.86572102
vn 0.38789169 0.34838851 -0.85332613
vn 0.39989747 0.33145907 -0.85452729
vn 0.41714561 0.37601839 -0.82740541
vn 0.43058051 0.35935738 -0.82792675
vn 0.43988482 0.38252928 -0.81251012
vn 0.30649760 0.42232522 -0.85305371
vn 0.32043245 0.45718550 -0.82964117
vn 0.32713303 0.43069368 -0.84112242
vn 0.36931120 0.47903045 -0.79632849
vn 0.37861484 0.52583887 -0.76167203
vn 0.36931120 0.47903045 -0.79632849
vn 0.37502182 0.48146918 -0.79217805
vn 0.37861484 0.52583887 -0.76167203
vn 0.38037904 0.52885311 -0.75870032
vn 0.42319069 0.57704546 -0.69851856
vn 0.42731957 0.57732193 -0.69577106
vn 0.42900717 0.54116606 -0.72325109
vn 0.43548118 0.56750607 -0.69877966
vn 0.35643373 0.40759192 -0.84072815
vn 0.37502182 0.48146918 -0.79217805
vn 0.39184853 0.42103596 -0.81803634
vn 0.42900717 0.54116606 -0.72325109
vn 0.45623666 0.54917492 -0.70018213
vn 0.46311910 0.49474711 -0.73535434
vn 0.47252075 0.53437288 -0.70083505
vn 0.47477803 0.52952350 -0.70298698
vn 0.50034825 0.46126100 -0.73272772
vn 0.51048269 0.48964211 -0.70686493
vn 0.51224662 0.48924766 -0.70586127
vn 0.51374309 0.46578818 -0.72049248
vn 0.51657957 0.48475706 -0.70580177
vn 0.51907404 0.47117777 -0.71312948
vn 0.41714561 0.37601839 -0.82740541
vn 0.42025473 0.38421903 -0.82204726
vn 0.43988482 0.38252928 -0.81251012
vn 0.50034825 0.46126100 -0.73272772
vn 0.50733994 0.44569183 -0.73753981
vn 0.51374309 0.46578818 -0.72049248
vn 0.46311910 0.49474711 -0.73535434
vn 0.47477803 0.52952350 -0.70298698
vn 0.49292160 0.51213186 -0.70338414
vn 0.49429685 0.50589174 -0.70692586
vn 0.49292160 0.51213186 -0.70338414
vn 0.49429685 0.50589174 -0.70692586
vn 0.51048269 0.48964211 -0.70686493
vn 0.51224662 0.48924766 -0.70586127
vn 0.52158044 0.52064135 -0.67593374
vn 0.42767530 0.14245910 -0.89263612
vn 0.45787983 0.17551410 -0.87151642
vn 0.45798279 0.17532959 -0.87149946
vn 0.46458023 0.15773676 -0.87136922
vn 0.46794081 0.14283916 -0.87214011
vn 0.46802196 0.14164471 -0.87229136
vn 0.44697103 0.20780141 -0.87007785
vn 0.44852546 0.20124441 -0.87081892
vn 0.45787983 0.17551410 -0.87151642
vn 0.45798279 0.17532959 -0.87149946
vn 0.48331077 0.18136033 -0.85645732
vn 0.51644439 0.21806717 -0.82808931
vn 0.31659068 0.71407375 -0.62439493
vn 0.31712323 0.64908320 -0.69146501
vn -1.00000000 0.00000000 0.00000000
vn 0.00000000 0.00000000 1.00000000
vn 0.53630706 0.74220486 -0.40187893
vn 0.53673199 0.74184449 -0.40197701
vn 0.00000000 0.00000000 1.00000000
vn 0.53628347 0.72299766 -0.43551628
vn 0.53673199 0.74184449 -0.40197701
vn 0.00000000 0.00000000 1.00000000
vn 0.53469123 0.71603018 -0.44878287
vn 0.53628347 0.72299766 -0.43551628
vn 0.54006854 0.71472002 -0.44441115
vn 0.52832178 0.70628117 -0.47121440
vn 0.53391109 0.71562085 -0.45036180
vn 0.53469123 0.71603018 -0.44878287
vn 0.54006854 0.71472002 -0.44441115
vn 0.54936396 0.68793867 -0.47427802
vn 0.51862218 0.71620265 -0.46699549
vn 0.52172952 0.70643560 -0.47827508
vn 0.52832178 0.70628117 -0.47121440
vn 0.53391109 0.71562085 -0.45036180
vn 0.44400480 0.56532147 -0.69517722
vn 0.44672455 0.60828218 -0.65607161
vn 0.45426040 0.55641573 -0.69573632
vn 0.47545133 0.66309858 -0.57814038
vn 0.48255064 0.56589327 -0.66851304
vn 0.52172952 0.70643560 -0.47827508
vn 0.52832178 0.70628117 -0.47121440
vn 0.54936396 0.68793867 -0.47427802
vn 0.55708170 0.67585150 -0.48258132
vn 0.56608471 0.65043789 -0.50643723
vn 0.42731957 0.57732193 -0.69577106
vn 0.42743458 0.58371602 -0.69034432
vn 0.43548118 0.56750607 -0.69877966
vn 0.44400480 0.56532147 -0.69517722
vn 0.44672455 0.60828218 -0.65607161
vn 0.42324180 0.58343993 -0.69315527
vn 0.42319069 0.57704546 -0.69851856
vn 0.42731957 0.57732193 -0.69577106
vn 0.42743458 0.58371602 -0.69034432
vn 0.38037904 0.52885311 -0.75870032
vn 0.39062073 0.60590906 -0.69302933
vn 0.39961541 0.60664559 -0.68723260
vn 0.42324180 0.58343993 -0.69315527
vn 0.42319069 0.57704546 -0.69851856
vn 0.28804928 0.44749996 -0.84662353
vn 0.29348639 0.44260992 -0.84732650
vn 0.30435024 0.54181569 -0.78345816
vn 0.31550444 0.57668424 -0.75358625
vn 0.32043245 0.45718550 -0.82964117
vn 0.33218336 0.58645183 -0.73873437
vn 0.37861484 0.52583887 -0.76167203
vn 0.38037904 0.52885311 -0.75870032
vn 0.38641662 0.60904752 -0.69263506
vn 0.39062073 0.60590906 -0.69302933
vn 0.31550444 0.57668424 -0.75358625
vn 0.31712323 0.64908320 -0.69146501
vn 0.33218336 0.58645183 -0.73873437
vn 0.33439017 0.64281015 -0.68918671
vn -1.00000000 0.00000000 0.00000000
vn 0.46458023 0.15773676 -0.87136922
vn 0.46794081 0.14283916 -0.87214011
vn 0.46948131 0.15697240 -0.86887684
vn 0.47034442 0.14508878 -0.87047422
vn 0.46948131 0.15697240 -0.86887684
vn 0.47034442 0.14508878 -0.87047422
vn 0.47406207 0.16017419 -0.86579985
vn 0.55654821 0.15268338 -0.81666509
vn 0.57082351 0.15906696 -0.80551736
vn 0.58353400 0.17021982 -0.79404866
vn 0.47406207 0.16017419 -0.86579985
vn 0.48471230 0.17932163 -0.85609447
vn 0.58353400 0.17021982 -0.79404866
vn 0.62075330 0.19177665 -0.76018883
vn 0.62104967 0.19228934 -0.75981716
vn 0.62075330 0.19177665 -0.76018883
vn 0.62104967 0.19228934 -0.75981716
vn 0.65922212 0.22254518 -0.71826168
vn 0.66330628 0.22242744 -0.71452839
vn 0.66849883 0.21634336 -0.71155103
vn 0.67183682 0.19303254 -0.71510399
vn 0.66330628 0.22242744 -0.71452839
vn 0.66538057 0.23594557 -0.70823611
vn 0.66849883 0.21634336 -0.71155103
vn 0.70258823 0.26580147 -0.66009042
vn 0.80215875 0.21003238 -0.55895236
vn 0.81717541 0.21688029 -0.53402930
vn 0.82877174 0.24948362 -0.50089453
vn 0.82882532 0.22799760 -0.51094588
vn 0.83260763 0.24245905 -0.49797405
vn 0.82882532 0.22799760 -0.51094588
vn 0.83260763 0.24245905 -0.49797405
vn 0.84137697 0.22471362 -0.49151661
vn 0.84223813 0.22650935 -0.48921206
vn 0.84691669 0.25163469 -0.46841445
vn 0.00000000 0.00000000 1.00000000
vn 0.84137697 0.22471362 -0.49151661
vn 0.84223813 0.22650935 -0.48921206
vn 0.84230532 0.22267235 -0.49085514
vn 0.88204063 0.21154317 -0.42101522
vn 0.24008024 0.44748201 -0.86146464
vn 0.24553329 0.45220975 -0.85744956
vn -1.00000000 0.00000000 0.00000000
vn 0.24553329 0.45220975 -0.85744956
vn 0.25126744 0.45231420 -0.85573158
vn 0.26806799 0.51154234 -0.81637246
vn -1.00000000 0.00000000 0.00000000
vn 0.25126744 0.45231420 -0.85573158
vn 0.26806799 0.51154234 -0.81637246
vn 0.28804928 0.44749996 -0.84662353
vn 0.30435024 0.54181569 -0.78345816
vn 0.41407742 0.27799187 -0.86675280
vn 0.42716451 0.30354289 -0.85169959
vn 0.47128495 0.29034186 -0.83282177
vn 0.48437484 0.35183376 -0.80099564
vn 0.54193065 0.34614887 -0.76582774
vn 0.55184891 0.36420748 -0.75021043
vn 0.43058051 0.35935738 -0.82792675
vn 0.43988482 0.38252928 -0.81251012
vn 0.49502317 0.37507359 -0.78375497
vn 0.50733994 0.44569183 -0.73753981
vn 0.53323348 0.45303669 -0.71443671
vn 0.54291786 0.41736346 -0.72873036
vn 0.54437989 0.44354543 -0.71198173
vn 0.48437484 0.35183376 -0.80099564
vn 0.49502317 0.37507359 -0.78375497
vn 0.54291786 0.41736346 -0.72873036
vn 0.55184891 0.36420748 -0.75021043
vn 0.55880398 0.41750297 -0.71653987
vn 0.57658885 0.38430818 -0.72100799
vn 0.57768684 0.39898032 -0.71210436
vn 0.46228249 0.27791908 -0.84205456
vn 0.47128495 0.29034186 -0.83282177
vn 0.54193065 0.34614887 -0.76582774
vn 0.55296737 0.29303400 -0.77997318
vn 0.59898451 0.35281700 -0.71884472
vn 0.59987812 0.32629802 -0.73053120
vn 0.60232359 0.34949015 -0.71767885
vn 0.53912717 0.27477270 -0.79614186
vn 0.55296737 0.29303400 -0.77997318
vn 0.59870029 0.28124477 -0.74997289
vn 0.59987812 0.32629802 -0.73053120
vn 0.60411704 0.32629992 -0.72702887
vn 0.62168969 0.31111029 -0.71882704
vn 0.62513280 0.29454609 -0.72280813
vn 0.50573922 0.25147183 -0.82522104
vn 0.53912717 0.27477270 -0.79614186
vn 0.56810914 0.25993058 -0.78082527
vn 0.59870029 0.28124477 -0.74997289
vn 0.44516094 0.21303075 -0.86974113
vn 0.44674076 0.21686940 -0.86798062
vn 0.44697103 0.20780141 -0.87007785
vn 0.47320970 0.23518993 -0.84897484
vn 0.50573922 0.25147183 -0.82522104
vn 0.51644439 0.21806717 -0.82808931
vn 0.55376426 0.24127214 -0.79695226
vn 0.56810914 0.25993058 -0.78082527
vn 0.43621572 0.22887492 -0.87024831
vn 0.44381902 0.21620549 -0.86964353
vn 0.44674076 0.21686940 -0.86798062
vn 0.47320970 0.23518993 -0.84897484
vn 0.44381902 0.21620549 -0.86964353
vn 0.44516094 0.21303075 -0.86974113
vn 0.44674076 0.21686940 -0.86798062
vn 0.42900717 0.54116606 -0.72325109
vn 0.43548118 0.56750607 -0.69877966
vn 0.44400480 0.56532147 -0.69517722
vn 0.45426040 0.55641573 -0.69573632
vn 0.45623666 0.54917492 -0.70018213
vn 0.45426040 0.55641573 -0.69573632
vn 0.45623666 0.54917492 -0.70018213
vn 0.47252075 0.53437288 -0.70083505
vn 0.48255064 0.56589327 -0.66851304
vn 0.47252075 0.53437288 -0.70083505
vn 0.47477803 0.52952350 -0.70298698
vn 0.48255064 0.56589327 -0.66851304
vn 0.49292160 0.51213186 -0.70338414
vn 0.52158044 0.52064135 -0.67593374
vn 0.56608471 0.65043789 -0.50643723
vn 0.58405222 0.64636116 -0.49101960
vn 0.59923072 0.62906105 -0.49518151
vn 0.60267102 0.60187145 -0.52396411
vn 0.51224662 0.48924766 -0.70586127
vn 0.51657957 0.48475706 -0.70580177
vn 0.52158044 0.52064135 -0.67593374
vn 0.53342621 0.49016342 -0.68934483
vn 0.60267102 0.60187145 -0.52396411
vn 0.62635198 0.59891040 -0.49898851
vn 0.63070524 0.59515531 -0.49799705
vn 0.63133625 0.58746879 -0.50625582
vn 0.63163125 0.59158496 -0.50106806
vn 0.51657957 0.48475706 -0.70580177
vn 0.51907404 0.47117777 -0.71312948
vn 0.52656435 0.46936012 -0.70882372
vn 0.53342621 0.49016342 -0.68934483
vn 0.50733994 0.44569183 -0.73753981
vn 0.51374309 0.46578818 -0.72049248
vn 0.51907404 0.47117777 -0.71312948
vn 0.52656435 0.46936012 -0.70882372
vn 0.52998959 0.46566175 -0.70871022
vn 0.53323348 0.45303669 -0.71443671
vn 0.45798279 0.17532959 -0.87149946
vn 0.46458023 0.15773676 -0.87136922
vn 0.46948131 0.15697240 -0.86887684
vn 0.47406207 0.16017419 -0.86579985
vn 0.48331077 0.18136033 -0.85645732
vn 0.48471230 0.17932163 -0.85609447
vn 0.48331077 0.18136033 -0.85645732
vn 0.48471230 0.17932163 -0.85609447
vn 0.51644439 0.21806717 -0.82808931
vn 0.55376426 0.24127214 -0.79695226
vn 0.62104967 0.19228934 -0.75981716
vn 0.64940930 0.24794818 -0.71888056
vn 0.65922212 0.22254518 -0.71826168
vn 0.66127988 0.23594212 -0.71206757
vn 0.00000000 0.00000000 1.00000000
vn 0.54006854 0.71472002 -0.44441115
vn 0.54936396 0.68793867 -0.47427802
vn 0.55708170 0.67585150 -0.48258132
vn 0.58524971 0.64969597 -0.48515763
vn 0.55708170 0.67585150 -0.48258132
vn 0.56608471 0.65043789 -0.50643723
vn 0.58405222 0.64636116 -0.49101960
vn 0.58524971 0.64969597 -0.48515763
vn 0.58557662 0.64923690 -0.48537766
vn 0.26806799 0.51154234 -0.81637246
vn 0.30435024 0.54181569 -0.78345816
vn 0.31550444 0.57668424 -0.75358625
vn -1.00000000 0.00000000 0.00000000
vn 0.65922212 0.22254518 -0.71826168
vn 0.66127988 0.23594212 -0.71206757
vn 0.66330628 0.22242744 -0.71452839
vn 0.66538057 0.23594557 -0.70823611
vn 0.64158033 0.28977688 -0.71021408
vn 0.64940930 0.24794818 -0.71888056
vn 0.66127988 0.23594212 -0.71206757
vn 0.66538057 0.23594557 -0.70823611
vn 0.70258823 0.26580147 -0.66009042
vn 0.71366463 0.29013167 -0.63757855
vn 0.70258823 0.26580147 -0.66009042
vn 0.71366463 0.29013167 -0.63757855
vn 0.75148094 0.32072979 -0.57654904
vn 0.76959426 0.32978244 -0.54677987
vn 0.81023590 0.32000828 -0.49103206
vn 0.82877174 0.24948362 -0.50089453
vn 0.83428802 0.29003350 -0.46887532
vn 0.82877174 0.24948362 -0.50089453
vn 0.83260763 0.24245905 -0.49797405
vn 0.83428802 0.29003350 -0.46887532
vn 0.84691669 0.25163469 -0.46841445
vn 0.84871501 0.25407118 -0.46382181
vn 0.85166956 0.28300591 -0.44109706
vn 0.85536040 0.26898377 -0.44272600
vn 0.00000000 0.00000000 1.00000000
vn 0.84223813 0.22650935 -0.48921206
vn 0.84691669 0.25163469 -0.46841445
vn 0.84871501 0.25407118 -0.46382181
vn 0.54193065 0.34614887 -0.76582774
vn 0.55184891 0.36420748 -0.75021043
vn 0.57658885 0.38430818 -0.72100799
vn 0.58464430 0.38437244 -0.71445705
vn 0.59299348 0.37670429 -0.71165484
vn 0.59898451 0.35281700 -0.71884472
vn 0.54291786 0.41736346 -0.72873036
vn 0.54437989 0.44354543 -0.71198173
vn 0.55491196 0.44380061 -0.70364319
vn 0.55880398 0.41750297 -0.71653987
vn 0.55992022 0.43800762 -0.70330553
vn 0.52998959 0.46566175 -0.70871022
vn 0.53323348 0.45303669 -0.71443671
vn 0.54437989 0.44354543 -0.71198173
vn 0.55491196 0.44380061 -0.70364319
vn 0.56508362 0.46993871 -0.67811364
vn 0.55880398 0.41750297 -0.71653987
vn 0.55992022 0.43800762 -0.70330553
vn 0.57768684 0.39898032 -0.71210436
vn 0.58571809 0.39902457 -0.70548828
vn 0.63333520 0.44155560 -0.63554322
vn 0.57658885 0.38430818 -0.72100799
vn 0.57768684 0.39898032 -0.71210436
vn 0.58464430 0.38437244 -0.71445705
vn 0.58571809 0.39902457 -0.70548828
vn 0.59987812 0.32629802 -0.73053120
vn 0.60232359 0.34949015 -0.71767885
vn 0.60411704 0.32629992 -0.72702887
vn 0.60654909 0.34950494 -0.71410399
vn 0.59299348 0.37670429 -0.71165484
vn 0.59898451 0.35281700 -0.71884472
vn 0.60232359 0.34949015 -0.71767885
vn 0.60654909 0.34950494 -0.71410399
vn 0.63826425 0.37646937 -0.67148311
vn 0.63930014 0.37938700 -0.66885039
vn 0.62168969 0.31111029 -0.71882704
vn 0.62513280 0.29454609 -0.72280813
vn 0.63641595 0.29445557 -0.71293103
vn 0.65731447 0.31258202 -0.68573331
vn 0.55376426 0.24127214 -0.79695226
vn 0.56810914 0.25993058 -0.78082527
vn 0.59870029 0.28124477 -0.74997289
vn 0.62513280 0.29454609 -0.72280813
vn 0.63641595 0.29445557 -0.71293103
vn 0.64158033 0.28977688 -0.71021408
vn 0.64940930 0.24794818 -0.71888056
vn 0.60411704 0.32629992 -0.72702887
vn 0.60654909 0.34950494 -0.71410399
vn 0.62168969 0.31111029 -0.71882704
vn 0.63826425 0.37646937 -0.67148311
vn 0.65731447 0.31258202 -0.68573331
vn 0.68214021 0.32499891 -0.65502705
vn 0.73635549 0.37134884 -0.56557990
vn 0.73668363 0.37205278 -0.56468926
vn 0.58405222 0.64636116 -0.49101960
vn 0.58557662 0.64923690 -0.48537766
vn 0.59658522 0.64861893 -0.47263046
vn 0.59923072 0.62906105 -0.49518151
vn 0.60212678 0.62894901 -0.49179923
vn 0.59923072 0.62906105 -0.49518151
vn 0.60212678 0.62894901 -0.49179923
vn 0.60267102 0.60187145 -0.52396411
vn 0.61503882 0.61761704 -0.49018001
vn 0.62610391 0.60510606 -0.49177286
vn 0.62635198 0.59891040 -0.49898851
vn 0.62610391 0.60510606 -0.49177286
vn 0.62635198 0.59891040 -0.49898851
vn 0.63070524 0.59515531 -0.49799705
vn 0.63565412 0.59789476 -0.48832950
vn 0.63603698 0.60111879 -0.48385242
vn 0.63610819 0.60241466 -0.48214411
vn 0.63070524 0.59515531 -0.49799705
vn 0.63163125 0.59158496 -0.50106806
vn 0.63522260 0.59494861 -0.49247173
vn 0.63565412 0.59789476 -0.48832950
vn 0.63577475 0.59774145 -0.48836013
vn 0.63133625 0.58746879 -0.50625582
vn 0.63163125 0.59158496 -0.50106806
vn 0.63522260 0.59494861 -0.49247173
vn 0.63675552 0.58177949 -0.50603857
vn 0.52656435 0.46936012 -0.70882372
vn 0.52998959 0.46566175 -0.70871022
vn 0.53342621 0.49016342 -0.68934483
vn 0.56508362 0.46993871 -0.67811364
vn 0.63133625 0.58746879 -0.50625582
vn 0.63675552 0.58177949 -0.50603857
vn 0.64654045 0.55005553 -0.52860605
vn 0.64645597 0.56003578 -0.51812605
vn 0.00000000 0.00000000 1.00000000
vn 0.58524971 0.64969597 -0.48515763
vn 0.58557662 0.64923690 -0.48537766
vn 0.59658522 0.64861893 -0.47263046
vn 0.63641595 0.29445557 -0.71293103
vn 0.64158033 0.28977688 -0.71021408
vn 0.65731447 0.31258202 -0.68573331
vn 0.68214021 0.32499891 -0.65502705
vn 0.71366463 0.29013167 -0.63757855
vn 0.75148094 0.32072979 -0.57654904
vn 0.68214021 0.32499891 -0.65502705
vn 0.73635549 0.37134884 -0.56557990
vn 0.75148094 0.32072979 -0.57654904
vn 0.76959426 0.32978244 -0.54677987
vn 0.78855440 0.35962209 -0.49885259
vn 0.79057013 0.34994198 -0.50253307
vn 0.79122959 0.35624553 -0.49703608
vn 0.76959426 0.32978244 -0.54677987
vn 0.79057013 0.34994198 -0.50253307
vn 0.79319261 0.34992748 -0.49839366
vn 0.79718205 0.34532436 -0.49522910
vn 0.80725862 0.33013596 -0.48922772
vn 0.81023590 0.32000828 -0.49103206
vn 0.80725862 0.33013596 -0.48922772
vn 0.81023590 0.32000828 -0.49103206
vn 0.83428802 0.29003350 -0.46887532
vn 0.85166956 0.28300591 -0.44109706
vn 0.85292842 0.31418348 -0.41689549
vn 0.86000608 0.28929445 -0.42035492
vn 0.00000000 0.00000000 1.00000000
vn 0.85166956 0.28300591 -0.44109706
vn 0.85536040 0.26898377 -0.44272600
vn 0.86000608 0.28929445 -0.42035492
vn 0.00000000 0.00000000 1.00000000
vn 0.84871501 0.25407118 -0.46382181
vn 0.85536040 0.26898377 -0.44272600
vn 0.58464430 0.38437244 -0.71445705
vn 0.58571809 0.39902457 -0.70548828
vn 0.59299348 0.37670429 -0.71165484
vn 0.63333520 0.44155560 -0.63554322
vn 0.63930014 0.37938700 -0.66885039
vn 0.67191715 0.46143694 -0.57931277
vn 0.71496879 0.44977719 -0.53527572
vn 0.71655594 0.45526282 -0.52847265
vn 0.55491196 0.44380061 -0.70364319
vn 0.55992022 0.43800762 -0.70330553
vn 0.56508362 0.46993871 -0.67811364
vn 0.63333520 0.44155560 -0.63554322
vn 0.64654045 0.55005553 -0.52860605
vn 0.66289803 0.54502260 -0.51333864
vn 0.67191715 0.46143694 -0.57931277
vn 0.68082671 0.53390581 -0.50141758
vn 0.68798990 0.52855118 -0.49729623
vn 0.70813815 0.50013387 -0.49840393
vn 0.70813126 0.50513894 -0.49334042
vn 0.63826425 0.37646937 -0.67148311
vn 0.63930014 0.37938700 -0.66885039
vn 0.71496879 0.44977719 -0.53527572
vn 0.73668363 0.37205278 -0.56468926
vn 0.74502563 0.44260054 -0.49904064
vn 0.75704510 0.38919191 -0.52479746
vn 0.75946643 0.42667397 -0.49108050
vn 0.73635549 0.37134884 -0.56557990
vn 0.73668363 0.37205278 -0.56468926
vn 0.75704510 0.38919191 -0.52479746
vn 0.76273900 0.38898551 -0.51664252
vn 0.78855398 0.35962337 -0.49885233
vn 0.00000000 0.00000000 1.00000000
vn 0.59658522 0.64861893 -0.47263046
vn 0.60212678 0.62894901 -0.49179923
vn 0.61503882 0.61761704 -0.49018001
vn 0.00000000 0.00000000 1.00000000
vn 0.61503882 0.61761704 -0.49018001
vn 0.62610391 0.60510606 -0.49177286
vn 0.63610819 0.60241466 -0.48214411
vn 0.00000000 0.00000000 1.00000000
vn 0.63603698 0.60111879 -0.48385242
vn 0.63610819 0.60241466 -0.48214411
vn 0.00000000 0.00000000 1.00000000
vn 0.63565412 0.59789476 -0.48832950
vn 0.63577475 0.59774145 -0.48836013
vn 0.63603698 0.60111879 -0.48385242
vn 0.00000000 0.00000000 1.00000000
vn 0.63522260 0.59494861 -0.49247173
vn 0.63577475 0.59774145 -0.48836013
vn 0.63675552 0.58177949 -0.50603857
vn 0.64645597 0.56003578 -0.51812605
vn 0.66289803 0.54502260 -0.51333864
vn 0.68082671 0.53390581 -0.50141758
vn 0.64654045 0.55005553 -0.52860605
vn 0.64645597 0.56003578 -0.51812605
vn 0.66289803 0.54502260 -0.51333864
vn 0.78855339 0.35962518 -0.49885196
vn 0.79122959 0.35624553 -0.49703608
vn 0.79383555 0.35621848 -0.49288287
vn 0.79543293 0.35768310 -0.48923333
vn 0.79057013 0.34994198 -0.50253307
vn 0.79122959 0.35624553 -0.49703608
vn 0.79319261 0.34992748 -0.49839366
vn 0.79383555 0.35621848 -0.49288287
vn -0.00000000 -0.00000000 1.00000000
vn 0.79319261 0.34992748 -0.49839366
vn 0.79383555 0.35621848 -0.49288287
vn 0.79543293 0.35768310 -0.48923333
vn 0.79718205 0.34532436 -0.49522910
vn 0.85313174 0.38480750 -0.35226329
vn 0.00000000 0.00000000 1.00000000
vn 0.79718205 0.34532436 -0.49522910
vn 0.80725862 0.33013596 -0.48922772
vn 0.85292842 0.31418348 -0.41689549
vn 0.00000000 0.00000000 1.00000000
vn 0.85292842 0.31418348 -0.41689549
vn 0.86000608 0.28929445 -0.42035492
vn 0.71496879 0.44977719 -0.53527572
vn 0.71655594 0.45526282 -0.52847265
vn 0.72704536 0.46429507 -0.50580148
vn 0.73474593 0.45716578 -0.50114655
vn 0.74327715 0.44683899 -0.49786946
vn 0.74502563 0.44260054 -0.49904064
vn 0.67191715 0.46143694 -0.57931277
vn 0.70813815 0.50013387 -0.49840393
vn 0.71655594 0.45526282 -0.52847265
vn 0.71992607 0.49957673 -0.48179824
vn 0.72704536 0.46429507 -0.50580148
vn 0.72730476 0.49069934 -0.47983533
vn 0.68798990 0.52855118 -0.49729623
vn 0.70813126 0.50513894 -0.49334042
vn 0.71985875 0.50450992 -0.47673171
vn 0.72361639 0.50873406 -0.46644290
vn 0.72758896 0.51624562 -0.45177956
vn 0.72798649 0.51772058 -0.44944528
vn 0.70813815 0.50013387 -0.49840393
vn 0.70813126 0.50513894 -0.49334042
vn 0.71985875 0.50450992 -0.47673171
vn 0.71992607 0.49957673 -0.48179824
vn 0.00000000 0.00000000 1.00000000
vn 0.68082671 0.53390581 -0.50141758
vn 0.68798990 0.52855118 -0.49729623
vn 0.72798649 0.51772058 -0.44944528
vn 0.75704510 0.38919191 -0.52479746
vn 0.75946643 0.42667397 -0.49108050
vn 0.76273900 0.38898551 -0.51664252
vn 0.76497615 0.42627454 -0.48280587
vn 0.74327715 0.44683899 -0.49786946
vn 0.74502563 0.44260054 -0.49904064
vn 0.75946643 0.42667397 -0.49108050
vn 0.76497615 0.42627454 -0.48280587
vn 0.77666206 0.43701890 -0.45366346
vn 0.76273900 0.38898551 -0.51664252
vn 0.76497615 0.42627454 -0.48280587
vn 0.77666206 0.43701890 -0.45366346
vn 0.78855299 0.35962641 -0.49885171
vn 0.79348028 0.44610245 -0.41398266
vn 0.79543293 0.35768310 -0.48923333
vn 0.82273686 0.43197087 -0.36946614
vn 0.85313174 0.38480750 -0.35226329
vn -0.00000000 -0.00000000 1.00000000
vn 0.00000000 0.00000000 1.00000000
vn 0.82273686 0.43197087 -0.36946614
vn 0.85313174 0.38480750 -0.35226329
vn 0.00000000 0.00000000 1.00000000
vn 0.72704536 0.46429507 -0.50580148
vn 0.72730476 0.49069934 -0.47983533
vn 0.73474593 0.45716578 -0.50114655
vn 0.73934284 0.50298880 -0.44763202
vn 0.00000000 0.00000000 1.00000000
vn 0.73474593 0.45716578 -0.50114655
vn 0.74327715 0.44683899 -0.49786946
vn 0.77666206 0.43701890 -0.45366346
vn 0.79348028 0.44610245 -0.41398266
vn 0.71985875 0.50450992 -0.47673171
vn 0.71992607 0.49957673 -0.48179824
vn 0.72361639 0.50873406 -0.46644290
vn 0.72730476 0.49069934 -0.47983533
vn 0.73934284 0.50298880 -0.44763202
vn 0.00000000 0.00000000 1.00000000
vn 0.72758896 0.51624562 -0.45177956
vn 0.72798649 0.51772058 -0.44944528
vn 0.00000000 0.00000000 1.00000000
vn 0.72361639 0.50873406 -0.46644290
vn 0.72758896 0.51624562 -0.45177956
vn 0.73934284 0.50298880 -0.44763202
vn 0.00000000 0.00000000 1.00000000
vn 0.00000000 0.00000000 1.00000000
vn 0.79348028 0.44610245 -0.41398266
vn 0.82273686 0.43197087 -0.36946614
f 4//4 9//9 11//11
f 5//5 13//13 32//32
f 2//2 28//28 59//59
f 2//2 59//59 98//98
f 2//2 98//98 166//166
f 2//2 166//166 279//279
f 2//2 279//279 427//427
f 2//2 427//427 624//624
f 2//2 624//624 846//846
f 2//2 846//846 1004//1004
f 2//2 1004//1004 1129//1129
f 2//2 1129//1129 1125//1125
f 2//2 1125//1125 1206//1206
f 2//2 1206//1206 1202//1202
f 2//2 1202//1202 1196//1196
f 2//2 1196//1196 1252//1252
f 3//3 1253//1253 1279//1279
f 2//2 1278//1278 1261//1261
f 2//2 1261//1261 1256//1256
f 2//2 1256//1256 1274//1274
f 2//2 1274//1274 1271//1271
f 2//2 1271//1271 1231//1231
f 2//2 1231//1231 1178//1178
f 2//2 1178//1178 1174//1174
f 2//2 1174//1174 1171//1171
f 2//2 1171//1171 1167//1167
f 2//2 1167//1167 1163//1163
f 2//2 1163//1163 1096//1096
f 2//2 1096//1096 966//966
f 2//2 966//966 759//759
f 2//2 759//759 756//756
f 2//2 756//756 753//753
f 2//2 753//753 524//524
f 2//2 524//524 345//345
f 2//2 345//345 208//208
f 2//2 208//208 113//113
f 2//2 113//113 66//66
f 2//2 66//66 36//36
f 2//2 36//36 15//15
f 1//1 14//14 33//33
f 1//1 33//33 63//63
f 1//1 63//63 102//102
f 1//1 102//102 174//174
f 1//1 174//174 283//283
f 1//1 283//283 223//223
f 1//1 223//223 122//122
f 1//1 122//122 69//69
f 1//1 69//69 39//39
f 1//1 39//39 17//17
f 1//1 17//17 6//6
f 7//7 19//19 24//24
f 8//8 25//25 10//10
f 12//12 27//27 30//30
f 16//16 37//37 34//34
f 18//18 42//42 23//23
f 21//21 41//41 46//46
f 20//20 45//45 51//51
f 22//22 52//52 54//54
f 26//26 56//56 29//29
f 31//31 58//58 61//61
f 35//35 38//38 68//68
f 35//35 68//68 121//121
f 35//35 121//121 207//207
f 35//35 207//207 344//344
f 35//35 344//344 523//523
f 35//35 523//523 752//752
f 35//35 752//752 810//810
f 35//35 810//810 979//979
f 35//35 979//979 857//857
f 35//35 857//857 853//853
f 35//35 853//853 629//629
f 35//35 629//629 434//434
f 35//35 434//434 292//292
f 35//35 292//292 181//181
f 35//35 181//181 112//112
f 35//35 112//112 65//65
f 40//40 71//71 78//78
f 40//40 78//78 44//44
f 43//43 77//77 49//49
f 47//47 84//84 88//88
f 50//50 89//89 53//53
f 48//48 76//76 85//85
f 55//55 91//91 93//93
f 57//57 95//95 60//60
f 62//62 97//97 100//100
f 64//64 111//111 105//105
f 67//67 114//114 119//119
f 70//70 125//125 74//74
f 72//72 130//130 135//135
f 75//75 137//137 80//80
f 73//73 124//124 131//131
f 79//79 136//136 141//141
f 81//81 142//142 145//145
f 82//82 146//146 149//149
f 83//83 153//153 87//87
f 86//86 152//152 156//156
f 90//90 157//157 92//92
f 94//94 159//159 161//161
f 96//96 163//163 99//99
f 101//101 165//165 169//169
f 103//103 170//170 175//175
f 104//104 110//110 173//173
f 106//106 180//180 183//183
f 107//107 184//184 193//193
f 108//108 196//196 202//202
f 109//109 203//203 172//172
f 115//115 205//205 120//120
f 118//118 209//209 213//213
f 117//117 212//212 222//222
f 116//116 220//220 206//206
f 123//123 226//226 129//129
f 127//127 225//225 230//230
f 126//126 229//229 237//237
f 128//128 240//240 134//134
f 132//132 239//239 244//244
f 133//133 245//245 139//139
f 138//138 243//243 250//250
f 140//140 252//252 144//144
f 143//143 251//251 254//254
f 147//147 256//256 258//258
f 148//148 259//259 150//150
f 151//151 264//264 155//155
f 154//154 263//263 267//267
f 158//158 270//270 160//160
f 162//162 272//272 275//275
f 164//164 277//277 167//167
f 168//168 278//278 281//281
f 171//171 198//198 176//176
f 177//177 200//200 232//232
f 178//178 233//233 284//284
f 179//179 287//287 182//182
f 186//186 293//293 304//304
f 185//185 303//303 194//194
f 187//187 291//291 308//308
f 188//188 309//309 312//312
f 189//189 314//314 317//317
f 190//190 319//319 297//297
f 192//192 301//301 325//325
f 191//191 324//324 331//331
f 195//195 335//335 201//201
f 197//197 333//333 336//336
f 199//199 339//339 231//231
f 204//204 218//218 342//342
f 210//210 346//346 214//214
f 216//216 347//347 349//349
f 217//217 350//350 356//356
f 215//215 355//355 368//368
f 211//211 367//367 221//221
f 219//219 366//366 343//343
f 224//224 286//286 228//228
f 227//227 285//285 235//235
f 234//234 340//340 372//372
f 236//236 373//373 375//375
f 238//238 380//380 242//242
f 241//241 379//379 248//248
f 246//246 384//384 387//387
f 249//249 388//388 253//253
f 247//247 378//378 385//385
f 255//255 390//390 392//392
f 257//257 395//395 260//260
f 261//261 396//396 399//399
f 262//262 400//400 265//265
f 266//266 402//402 406//406
f 268//268 407//407 411//411
f 269//269 412//412 414//414
f 271//271 418//418 273//273
f 274//274 419//419 423//423
f 276//276 425//425 280//280
f 282//282 426//426 429//429
f 288//288 432//432 435//435
f 289//289 438//438 440//440
f 290//290 442//442 306//306
f 296//296 446//446 456//456
f 295//295 455//455 467//467
f 294//294 465//465 305//305
f 298//298 320//320 468//468
f 299//299 470//470 473//473
f 300//300 475//475 447//447
f 302//302 464//464 327//327
f 307//307 444//444 310//310
f 311//311 445//445 480//480
f 313//313 481//481 483//483
f 316//316 485//485 490//490
f 315//315 489//489 318//318
f 322//322 492//492 494//494
f 323//323 495//495 503//503
f 321//321 502//502 469//469
f 329//329 507//507 517//517
f 326//326 514//514 332//332
f 328//328 466//466 453//453
f 330//330 454//454 508//508
f 334//334 515//515 337//337
f 338//338 516//516 370//370
f 341//341 363//363 522//522
f 348//348 525//525 352//352
f 351//351 528//528 359//359
f 354//354 526//526 535//535
f 353//353 532//532 530//530
f 360//360 529//529 543//543
f 358//358 541//541 553//553
f 357//357 552//552 369//369
f 365//365 548//548 559//559
f 364//364 555//555 563//563
f 362//362 562//562 569//569
f 361//361 568//568 521//521
f 371//371 518//518 570//570
f 374//374 572//572 376//376
f 377//377 574//574 381//381
f 382//382 577//577 579//579
f 383//383 580//580 386//386
f 389//389 581//581 391//391
f 393//393 582//582 587//587
f 394//394 588//588 590//590
f 397//397 595//595 404//404
f 398//398 405//405 401//401
f 403//403 594//594 410//410
f 409//409 593//593 601//601
f 408//408 600//600 604//604
f 413//413 605//605 415//415
f 416//416 606//606 608//608
f 417//417 612//612 421//421
f 420//420 611//611 615//615
f 422//422 618//618 620//620
f 424//424 621//621 428//428
f 430//430 623//623 626//626
f 431//431 628//628 632//632
f 433//433 634//634 436//436
f 437//437 635//635 439//439
f 441//441 638//638 640//640
f 443//443 641//641 478//478
f 451//451 645//645 649//649
f 452//452 650//650 655//655
f 449//449 654//654 457//457
f 448//448 476//476 657//657
f 450//450 658//658 644//644
f 458//458 656//656 651//651
f 460//460 653//653 665//665
f 461//461 667//667 671//671
f 462//462 672//672 674//674
f 463//463 675//675 684//684
f 459//459 683//683 510//510
f 472//472 504//504 691//691
f 471//471 690//690 474//474
f 477//477 692//692 659//659
f 479//479 642//642 696//696
f 482//482 698//698 484//484
f 487//487 699//699 701//701
f 488//488 702//702 710//710
f 486//486 709//709 491//491
f 493//493 711//711 496//496
f 500//500 717//717 726//726
f 497//497 724//724 506//506
f 498//498 714//714 729//729
f 499//499 732//732 734//734
f 501//501 735//735 718//718
f 505//505 723//723 693//693
f 511//511 738//738 573//573
f 509//509 571//571 519//519
f 512//512 689//689 745//745
f 513//513 746//746 739//739
f 520//520 565//565 750//750
f 527//527 754//754 539//539
f 531//531 533//533 544//544
f 540//540 755//755 758//758
f 538//538 757//757 761//761
f 537//537 760//760 765//765
f 536//536 764//764 771//771
f 534//534 768//768 545//545
f 546//546 769//769 777//777
f 542//542 775//775 554//554
f 551//551 773//773 786//786
f 550//550 783//783 790//790
f 549//549 787//787 794//794
f 547//547 793//793 558//558
f 557//557 792//792 805//805
f 556//556 804//804 564//564
f 560//560 801//801 808//808
f 561//561 809//809 567//567
f 566//566 807//807 751//751
f 575//575 743//743 584//584
f 576//576 586//586 578//578
f 583//583 742//742 812//812
f 585//585 814//814 816//816
f 589//589 818//818 591//591
f 592//592 819//819 596//596
f 597//597 820//820 823//823
f 598//598 824//824 826//826
f 599//599 831//831 603//603
f 602//602 830//830 834//834
f 607//607 836//836 609//609
f 610//610 837//837 613//613
f 614//614 839//839 841//841
f 616//616 843//843 847//847
f 617//617 849//849 619//619
f 622//622 850//850 625//625
f 627//627 851//851 630//630
f 631//631 852//852 854//854
f 633//633 855//855 858//858
f 636//636 860//860 796//796
f 637//637 797//797 639//639
f 643//643 800//800 697//697
f 647//647 862//862 666//666
f 646//646 664//664 652//652
f 648//648 660//660 863//863
f 661//661 694//694 868//868
f 663//663 870//870 876//876
f 662//662 875//875 865//865
f 670//670 864//864 883//883
f 669//669 882//882 678//678
f 668//668 677//677 673//673
f 682//682 885//885 890//890
f 681//681 889//889 897//897
f 680//680 896//896 904//904
f 679//679 903//903 911//911
f 676//676 908//908 685//685
f 686//686 909//909 912//912
f 687//687 913//913 900//900
f 688//688 902//902 744//744
f 695//695 725//725 869//869
f 700//700 802//802 703//703
f 707//707 915//915 712//712
f 704//704 803//803 791//791
f 705//705 795//795 788//788
f 706//706 789//789 782//782
f 708//708 784//784 916//916
f 713//713 919//919 921//921
f 715//715 922//922 924//924
f 716//716 925//925 730//730
f 719//719 736//736 933//933
f 721//721 934//934 942//942
f 722//722 943//943 948//948
f 720//720 947//947 728//728
f 727//727 946//946 871//871
f 731//731 927//927 733//733
f 737//737 928//928 935//935
f 740//740 747//747 952//952
f 741//741 953//953 811//811
f 749//749 905//905 960//960
f 748//748 958//958 956//956
f 762//762 967//967 766//766
f 763//763 778//778 770//770
f 767//767 968//968 779//779
f 780//780 969//969 971//971
f 781//781 972//972 929//929
f 776//776 926//926 923//923
f 774//774 920//920 918//918
f 772//772 917//917 785//785
f 798//798 861//861 977//977
f 799//799 978//978 806//806
f 813//813 954//954 815//815
f 817//817 955//955 821//821
f 822//822 957//957 959//959
f 825//825 962//962 827//827
f 828//828 964//964 980//980
f 829//829 982//982 832//832
f 833//833 983//983 987//987
f 835//835 988//988 990//990
f 838//838 995//995 997//997
f 840//840 998//998 842//842
f 845//845 1000//1000 1006//1006
f 844//844 1005//1005 848//848
f 856//856 976//976 859//859
f 866//866 1008//1008 884//884
f 867//867 878//878 1009//1009
f 873//873 1014//1014 877//877
f 872//872 951//951 1020//1020
f 874//874 1021//1021 1015//1015
f 879//879 1017//1017 1024//1024
f 881//881 1026//1026 1030//1030
f 880//880 1029//1029 1010//1010
f 887//887 1033//1033 892//892
f 886//886 1013//1013 1038//1038
f 888//888 1039//1039 1034//1034
f 895//895 1044//1044 1050//1050
f 891//891 1049//1049 899//899
f 893//893 1035//1035 1054//1054
f 894//894 1056//1056 1043//1043
f 898//898 1048//1048 907//907
f 906//906 1047//1047 961//961
f 901//901 914//914 910//910
f 930//930 973//973 1062//1062
f 931//931 1065//1065 1067//1067
f 932//932 1069//1069 937//937
f 938//938 1072//1072 1074//1074
f 939//939 1075//1075 1079//1079
f 941//941 1080//1080 1085//1085
f 940//940 1084//1084 1092//1092
f 936//936 1090//1090 945//945
f 944//944 1088//1088 949//949
f 950//950 1089//1089 1019//1019
f 963//963 1053//1053 985//985
f 965//965 986//986 981//981
f 970//970 1097//1097 974//974
f 975//975 1098//1098 1063//1063
f 984//984 1052//1052 1101//1101
f 989//989 1104//1104 991//991
f 992//992 1105//1105 1108//1108
f 993//993 1109//1109 1113//1113
f 994//994 1118//1118 1120//1120
f 996//996 1121//1121 999//999
f 1003//1003 1127//1127 1131//1131
f 1001//1001 1130//1130 1007//1007
f 1002//1002 1122//1122 1126//1126
f 1011//1011 1031//1031 1132//1132
f 1012//1012 1134//1134 1037//1037
f 1016//1016 1022//1022 1140//1140
f 1018//1018 1141//1141 1025//1025
f 1023//1023 1091//1091 1142//1142
f 1028//1028 1143//1143 1135//1135
f 1027//1027 1133//1133 1032//1032
f 1036//1036 1040//1040 1055//1055
f 1042//1042 1136//1136 1152//1152
f 1041//1041 1151//1151 1057//1057
f 1045//1045 1100//1100 1051//1051
f 1046//1046 1058//1058 1102//1102
f 1061//1061 1154//1154 1159//1159
f 1060//1060 1158//1158 1107//1107
f 1059//1059 1106//1106 1103//1103
f 1066//1066 1165//1165 1068//1068
f 1064//1064 1099//1099 1164//1164
f 1070//1070 1166//1166 1168//1168
f 1071//1071 1169//1169 1073//1073
f 1077//1077 1172//1172 1177//1177
f 1076//1076 1175//1175 1082//1082
f 1078//1078 1170//1170 1173//1173
f 1083//1083 1176//1176 1180//1180
f 1081//1081 1179//1179 1086//1086
f 1087//1087 1181//1181 1093//1093
f 1095//1095 1182//1182 1186//1186
f 1094//1094 1185//1185 1144//1144
f 1110//1110 1162//1162 1188//1188
f 1112//1112 1189//1189 1193//1193
f 1111//1111 1192//1192 1114//1114
f 1115//1115 1194//1194 1197//1197
f 1116//1116 1200//1200 1203//1203
f 1117//1117 1204//1204 1119//1119
f 1123//1123 1205//1205 1207//1207
f 1124//1124 1208//1208 1128//1128
f 1138//1138 1209//1209 1153//1153
f 1137//1137 1146//1146 1215//1215
f 1139//1139 1217//1217 1210//1210
f 1150//1150 1222//1222 1228//1228
f 1149//1149 1227//1227 1216//1216
f 1145//1145 1187//1187 1183//1183
f 1147//1147 1184//1184 1232//1232
f 1148//1148 1233//1233 1221//1221
f 1156//1156 1235//1235 1160//1160
f 1155//1155 1214//1214 1240//1240
f 1157//1157 1241//1241 1236//1236
f 1161//1161 1237//1237 1244//1244
f 1162//1162 1247//1247 1188//1188
f 1190//1190 1198//1198 1195//1195
f 1191//1191 1249//1249 1199//1199
f 1201//1201 1251//1251 1255//1255
f 1212//1212 1259//1259 1262//1262
f 1213//1213 1263//1263 1239//1239
f 1211//1211 1219//1219 1257//1257
f 1218//1218 1230//1230 1267//1267
f 1220//1220 1269//1269 1258//1258
f 1225//1225 1272//1272 1276//1276
f 1224//1224 1275//1275 1268//1268
f 1223//1223 1266//1266 1229//1229
f 1226//1226 1234//1234 1273//1273
f 1238//1238 1242//1242 1245//1245
f 1243//1243 1264//1264 1246//1246
f 1248//1248 1265//1265 1280//1280
f 1250//1250 1281//1281 1254//1254
f 1260//1260 1270//1270 1277//1277

