# https://github.com/mikedh/trimesh
v 0.47319284 1.05870003 0.25151125
v 0.47319284 1.05870003 0.25151125
v 0.47319284 1.05870003 0.25151125
v 0.47319284 1.05870003 0.25151125
v 0.47319284 1.05870003 0.25151125
v 0.47319284 1.05870003 0.25151125
v 0.47319284 1.05870003 0.25151125
v 0.47319284 0.92010933 0.25151125
v 0.47319284 0.92010933 0.25151125
v 0.47319284 0.92010933 0.25151125
v 0.47319284 1.06808573 0.27004443
v 0.47319284 1.06808573 0.27004443
v 0.47319284 1.06808573 0.27004443
v 0.47910416 1.06280929 0.26409838
v 0.47910416 1.06280929 0.26409838
v 0.47910416 1.06280929 0.26409838
v 0.47910416 1.06280929 0.26409838
v 0.47910416 1.06280929 0.26409838
v 0.47910416 1.06280929 0.26409838
v 0.47910416 1.06280929 0.26409838
v 0.53717059 1.02984256 0.25151125
v 0.53717059 1.02984256 0.25151125
v 0.53717059 1.02984256 0.25151125
v 0.47799581 0.91543978 0.25151125
v 0.47799581 0.91543978 0.25151125
v 0.47799581 0.91543978 0.25151125
v 0.47799581 0.91543978 0.25151125
v 0.47319284 1.14242429 0.98874602
v 0.47319284 1.14242429 0.98874602
v 0.47319284 1.14242429 0.98874602
v 0.47319284 1.14242429 0.98874602
v 0.47319284 1.14242429 0.98874602
v 0.47319284 1.07368916 0.28232269
v 0.47319284 1.07368916 0.28232269
v 0.47319284 1.07368916 0.28232269
v 0.47319284 1.07368916 0.28232269
v 0.49425197 1.06967336 0.29375148
v 0.49425197 1.06967336 0.29375148
v 0.49425197 1.06967336 0.29375148
v 0.49425197 1.06967336 0.29375148
v 0.49425197 1.06967336 0.29375148
v 0.49425197 1.06967336 0.29375148
v 0.49425197 1.06967336 0.29375148
v 0.49425197 1.06967336 0.29375148
v 0.50995392 1.05519801 0.27799825
v 0.50995392 1.05519801 0.27799825
v 0.50995392 1.05519801 0.27799825
v 0.50995392 1.05519801 0.27799825
v 0.54265082 1.02732104 0.25151125
v 0.54265082 1.02732104 0.25151125
v 0.54265082 1.02732104 0.25151125
v 0.54265082 1.02732104 0.25151125
v 0.54265082 1.02732104 0.25151125
v 0.54265082 1.02732104 0.25151125
v 0.67596328 0.79001707 0.25151125
v 0.67596328 0.79001707 0.25151125
v 0.67596328 0.79001707 0.25151125
v 0.96044534 0.79001707 0.98797375
v 0.96044534 0.79001707 0.98797375
v 0.96044534 0.79001707 0.98797375
v 0.96044534 0.79001707 0.98797375
v 0.96955866 0.79001707 1.00550309
v 0.96955866 0.79001707 1.00550309
v 0.96955866 0.79001707 1.00550309
v 0.96955866 0.79001707 1.00550309
v 0.47319284 1.15255696 1.01422918
v 0.47319284 1.15255696 1.01422918
v 0.47319284 1.15255696 1.01422918
v 0.47319284 1.15255696 1.01422918
v 0.47319284 1.08695060 0.31475575
v 0.47319284 1.08695060 0.31475575
v 0.47319284 1.08695060 0.31475575
v 0.47319284 1.08695060 0.31475575
v 0.55570501 1.03315789 0.27699438
v 0.55570501 1.03315789 0.27699438
v 0.55570501 1.03315789 0.27699438
v 0.55570501 1.03315789 0.27699438
v 0.55570501 1.03315789 0.27699438
v 0.55570501 1.03315789 0.27699438
v 0.47319284 1.08951873 0.32147403
v 0.47319284 1.08951873 0.32147403
v 0.47319284 1.08951873 0.32147403
v 0.47319284 1.08951873 0.32147403
v 0.47319284 1.08951873 0.32147403
v 0.50995392 1.07406276 0.32371345
v 0.50995392 1.07406276 0.32371345
v 0.50995392 1.07406276 0.32371345
v 0.50995392 1.07406276 0.32371345
v 0.50995392 1.07406276 0.32371345
v 0.52387005 1.06290263 0.31074025
v 0.52387005 1.06290263 0.31074025
v 0.52387005 1.06290263 0.31074025
v 0.52387005 1.06290263 0.31074025
v 0.52387005 1.06290263 0.31074025
v 0.52387005 1.06290263 0.31074025
v 0.52387005 1.06290263 0.31074025
v 0.57048327 1.01896256 0.26247671
v 0.57048327 1.01896256 0.26247671
v 0.57048327 1.01896256 0.26247671
v 0.57048327 1.01896256 0.26247671
v 0.57048327 1.01896256 0.26247671
v 0.57048327 1.01896256 0.26247671
v 0.57048327 1.01896256 0.26247671
v 0.56500298 1.01564735 0.25151125
v 0.56500298 1.01564735 0.25151125
v 0.56500298 1.01564735 0.25151125
v 0.85077816 0.79001707 0.25151125
v 0.85077816 0.79001707 0.25151125
v 0.85077816 0.79001707 0.25151125
v 0.85077816 0.79001707 0.25151125
v 0.97811764 0.79001707 1.01778135
v 0.97811764 0.79001707 1.01778135
v 0.97811764 0.79001707 1.01778135
v 0.97811764 0.79001707 1.01778135
v 0.47319284 1.15965468 1.01948020
v 0.47319284 1.15965468 1.01948020
v 0.47319284 1.15965468 1.01948020
v 0.47319284 1.15965468 1.01948020
v 0.58347583 1.02610701 0.29212980
v 0.58347583 1.02610701 0.29212980
v 0.58347583 1.02610701 0.29212980
v 0.58347583 1.02610701 0.29212980
v 0.58347583 1.02610701 0.29212980
v 0.58347583 1.02610701 0.29212980
v 0.58347583 1.02610701 0.29212980
v 0.58347583 1.02610701 0.29212980
v 0.58347583 1.02610701 0.29212980
v 0.47319284 1.10264009 0.35776819
v 0.47319284 1.10264009 0.35776819
v 0.47319284 1.10264009 0.35776819
v 0.47319284 1.10264009 0.35776819
v 0.47319284 1.10264009 0.35776819
v 0.53606218 1.06845933 0.34039333
v 0.53606218 1.06845933 0.34039333
v 0.53606218 1.06845933 0.34039333
v 0.53606218 1.06845933 0.34039333
v 0.53606218 1.06845933 0.34039333
v 0.53606218 1.06845933 0.34039333
v 0.53606218 1.06845933 0.34039333
v 0.56838965 1.06285590 0.36549036
v 0.56838965 1.06285590 0.36549036
v 0.56838965 1.06285590 0.36549036
v 0.56838965 1.06285590 0.36549036
v 0.56838965 1.06285590 0.36549036
v 0.55287248 1.05421740 0.32371345
v 0.55287248 1.05421740 0.32371345
v 0.55287248 1.05421740 0.32371345
v 0.59911621 1.00953025 0.27699438
v 0.59911621 1.00953025 0.27699438
v 0.59911621 1.00953025 0.27699438
v 0.59911621 1.00953025 0.27699438
v 0.59911621 1.00953025 0.27699438
v 0.62497818 0.98127973 0.25151125
v 0.62497818 0.98127973 0.25151125
v 0.62497818 0.98127973 0.25151125
v 0.62497818 0.98127973 0.25151125
v 0.62497818 0.98127973 0.25151125
v 0.62497818 0.98127973 0.25151125
v 0.58119756 1.00658840 0.25151125
v 0.58119756 1.00658840 0.25151125
v 0.58119756 1.00658840 0.25151125
v 0.84628308 0.79510683 0.25151125
v 0.84628308 0.79510683 0.25151125
v 0.84628308 0.79510683 0.25151125
v 0.84437418 0.80014986 0.25514069
v 0.84437418 0.80014986 0.25514069
v 0.84437418 0.80014986 0.25514069
v 0.84437418 0.80014986 0.25514069
v 0.84437418 0.80014986 0.25514069
v 0.84437418 0.80014986 0.25514069
v 0.85902935 0.79001707 0.26371226
v 0.85902935 0.79001707 0.26371226
v 0.85902935 0.79001707 0.26371226
v 0.85902935 0.79001707 0.26371226
v 0.99973100 0.79001707 1.02836066
v 0.99973100 0.79001707 1.02836066
v 0.99973100 0.79001707 1.02836066
v 0.99973100 0.79001707 1.02836066
v 0.99973100 0.79001707 1.02836066
v 0.99973100 0.79001707 1.02836066
v 0.47319284 1.17571777 1.02882403
v 0.47319284 1.17571777 1.02882403
v 0.47319284 1.17571777 1.02882403
v 0.47319284 1.17571777 1.02882403
v 0.57756454 1.06715184 0.38850240
v 0.57756454 1.06715184 0.38850240
v 0.57756454 1.06715184 0.38850240
v 0.57756454 1.06715184 0.38850240
v 0.57756454 1.06715184 0.38850240
v 0.57756454 1.06715184 0.38850240
v 0.57756454 1.06715184 0.38850240
v 0.57756454 1.06715184 0.38850240
v 0.57756454 1.06715184 0.38850240
v 0.57756454 1.06715184 0.38850240
v 0.57756454 1.06715184 0.38850240
v 0.57756454 1.06715184 0.38850240
v 0.57756454 1.06715184 0.38850240
v 0.57756454 1.06715184 0.38850240
v 0.59911621 1.03040296 0.32502623
v 0.59911621 1.03040296 0.32502623
v 0.59911621 1.03040296 0.32502623
v 0.59911621 1.03040296 0.32502623
v 0.59911621 1.03040296 0.32502623
v 0.61315554 1.01732832 0.31290244
v 0.61315554 1.01732832 0.31290244
v 0.61315554 1.01732832 0.31290244
v 0.61315554 1.01732832 0.31290244
v 0.61315554 1.01732832 0.31290244
v 0.61315554 1.01732832 0.31290244
v 0.61315554 1.01732832 0.31290244
v 0.47319284 1.10427433 0.36232427
v 0.47319284 1.10427433 0.36232427
v 0.47319284 1.10427433 0.36232427
v 0.47319284 1.10427433 0.36232427
v 0.47319284 1.10427433 0.36232427
v 0.47319284 1.10427433 0.36232427
v 0.54616064 1.07294208 0.36549036
v 0.54616064 1.07294208 0.36549036
v 0.54616064 1.07294208 0.36549036
v 0.63501513 0.98692983 0.27660829
v 0.63501513 0.98692983 0.27660829
v 0.63501513 0.98692983 0.27660829
v 0.63501513 0.98692983 0.27660829
v 0.63501513 0.98692983 0.27660829
v 0.63501513 0.98692983 0.27660829
v 0.62584025 0.98071939 0.25151125
v 0.62584025 0.98071939 0.25151125
v 0.62584025 0.98071939 0.25151125
v 0.62584025 0.98071939 0.25151125
v 0.62584025 0.98071939 0.25151125
v 0.62584025 0.98071939 0.25151125
v 0.84301955 0.79865563 0.25151125
v 0.84301955 0.79865563 0.25151125
v 0.84301955 0.79865563 0.25151125
v 0.80213296 0.84180176 0.25151125
v 0.80213296 0.84180176 0.25151125
v 0.80213296 0.84180176 0.25151125
v 0.80213296 0.84180176 0.25151125
v 0.80065507 0.84535062 0.25398234
v 0.80065507 0.84535062 0.25398234
v 0.80065507 0.84535062 0.25398234
v 0.80065507 0.84535062 0.25398234
v 0.80065507 0.84535062 0.25398234
v 0.80065507 0.84535062 0.25398234
v 0.80065507 0.84535062 0.25398234
v 0.80065507 0.84535062 0.25398234
v 0.80065507 0.84535062 0.25398234
v 0.80065507 0.84535062 0.25398234
v 0.86321652 0.79001707 0.27089386
v 0.86321652 0.79001707 0.27089386
v 0.86321652 0.79001707 0.27089386
v 0.86321652 0.79001707 0.27089386
v 1.04578996 0.79001707 1.03685504
v 1.04578996 0.79001707 1.03685504
v 1.04578996 0.79001707 1.03685504
v 1.04578996 0.79001707 1.03685504
v 1.04578996 0.79001707 1.03685504
v 1.04578996 0.79001707 1.03685504
v 1.00046980 0.82284361 1.03824502
v 1.00046980 0.82284361 1.03824502
v 1.00046980 0.82284361 1.03824502
v 1.00046980 0.82284361 1.03824502
v 1.00046980 0.82284361 1.03824502
v 1.00046980 0.82284361 1.03824502
v 1.00046980 0.82284361 1.03824502
v 0.51137012 1.17856616 1.03832227
v 0.51137012 1.17856616 1.03832227
v 0.51137012 1.17856616 1.03832227
v 0.51137012 1.17856616 1.03832227
v 0.51137012 1.17856616 1.03832227
v 0.47319284 1.22348672 1.03693223
v 0.47319284 1.22348672 1.03693223
v 0.47319284 1.22348672 1.03693223
v 0.47319284 1.22348672 1.03693223
v 0.47319284 1.22348672 1.03693223
v 0.47319284 1.22348672 1.03693223
v 0.47319284 1.10721618 0.37089586
v 0.47319284 1.10721618 0.37089586
v 0.47319284 1.10721618 0.37089586
v 0.47319284 1.10721618 0.37089586
v 0.47319284 1.10721618 0.37089586
v 0.48476923 1.10992450 0.39383069
v 0.48476923 1.10992450 0.39383069
v 0.48476923 1.10992450 0.39383069
v 0.48476923 1.10992450 0.39383069
v 0.48476923 1.10992450 0.39383069
v 0.48476923 1.10992450 0.39383069
v 0.48476923 1.10992450 0.39383069
v 0.56001532 1.08060008 0.40595448
v 0.56001532 1.08060008 0.40595448
v 0.56001532 1.08060008 0.40595448
v 0.56001532 1.08060008 0.40595448
v 0.56001532 1.08060008 0.40595448
v 0.55250299 1.09997851 0.45722963
v 0.55250299 1.09997851 0.45722963
v 0.55250299 1.09997851 0.45722963
v 0.55250299 1.09997851 0.45722963
v 0.55250299 1.09997851 0.45722963
v 0.55250299 1.09997851 0.45722963
v 0.58643150 1.07196146 0.41815550
v 0.58643150 1.07196146 0.41815550
v 0.58643150 1.07196146 0.41815550
v 0.58643150 1.07196146 0.41815550
v 0.58643150 1.07196146 0.41815550
v 0.58643150 1.07196146 0.41815550
v 0.58643150 1.07196146 0.41815550
v 0.58643150 1.07196146 0.41815550
v 0.61611122 1.06360298 0.44387029
v 0.61611122 1.06360298 0.44387029
v 0.61611122 1.06360298 0.44387029
v 0.61611122 1.06360298 0.44387029
v 0.61611122 1.06360298 0.44387029
v 0.61611122 1.06360298 0.44387029
v 0.60090190 1.05958730 0.40595448
v 0.60090190 1.05958730 0.40595448
v 0.60090190 1.05958730 0.40595448
v 0.60090190 1.05958730 0.40595448
v 0.60090190 1.05958730 0.40595448
v 0.60034770 1.04525191 0.36549036
v 0.60034770 1.04525191 0.36549036
v 0.60034770 1.04525191 0.36549036
v 0.60034770 1.04525191 0.36549036
v 0.60034770 1.04525191 0.36549036
v 0.62306935 1.02325851 0.34255554
v 0.62306935 1.02325851 0.34255554
v 0.62306935 1.02325851 0.34255554
v 0.62306935 1.02325851 0.34255554
v 0.62306935 1.02325851 0.34255554
v 0.62306935 1.02325851 0.34255554
v 0.62306935 1.02325851 0.34255554
v 0.64437467 1.00061148 0.32170570
v 0.64437467 1.00061148 0.32170570
v 0.64437467 1.00061148 0.32170570
v 0.64437467 1.00061148 0.32170570
v 0.66574162 0.97759086 0.30093308
v 0.66574162 0.97759086 0.30093308
v 0.66574162 0.97759086 0.30093308
v 0.66574162 0.97759086 0.30093308
v 0.66574162 0.97759086 0.30093308
v 0.66574162 0.97759086 0.30093308
v 0.66574162 0.97759086 0.30093308
v 0.66574162 0.97759086 0.30093308
v 0.65724415 0.97152054 0.27660829
v 0.65724415 0.97152054 0.27660829
v 0.65724415 0.97152054 0.27660829
v 0.65724415 0.97152054 0.27660829
v 0.65724415 0.97152054 0.27660829
v 0.65724415 0.97152054 0.27660829
v 0.70570463 0.92986858 0.26247671
v 0.70570463 0.92986858 0.26247671
v 0.70570463 0.92986858 0.26247671
v 0.70570463 0.92986858 0.26247671
v 0.70570463 0.92986858 0.26247671
v 0.70570463 0.92986858 0.26247671
v 0.70570463 0.92986858 0.26247671
v 0.70570463 0.92986858 0.26247671
v 0.70040900 0.92692679 0.25151125
v 0.70040900 0.92692679 0.25151125
v 0.70040900 0.92692679 0.25151125
v 0.79708368 0.84679818 0.25151125
v 0.79708368 0.84679818 0.25151125
v 0.79708368 0.84679818 0.25151125
v 0.75502717 0.88873029 0.25575843
v 0.75502717 0.88873029 0.25575843
v 0.75502717 0.88873029 0.25575843
v 0.75502717 0.88873029 0.25575843
v 0.75502717 0.88873029 0.25575843
v 0.75502717 0.88873029 0.25575843
v 0.75502717 0.88873029 0.25575843
v 0.75502717 0.88873029 0.25575843
v 0.77861077 0.87658960 0.27297886
v 0.77861077 0.87658960 0.27297886
v 0.77861077 0.87658960 0.27297886
v 0.77861077 0.87658960 0.27297886
v 0.77861077 0.87658960 0.27297886
v 0.80705899 0.85174787 0.27660829
v 0.80705899 0.85174787 0.27660829
v 0.80705899 0.85174787 0.27660829
v 0.80705899 0.85174787 0.27660829
v 0.80705899 0.85174787 0.27660829
v 0.85293323 0.80906856 0.28479378
v 0.85293323 0.80906856 0.28479378
v 0.85293323 0.80906856 0.28479378
v 0.85293323 0.80906856 0.28479378
v 0.85293323 0.80906856 0.28479378
v 0.85293323 0.80906856 0.28479378
v 0.85293323 0.80906856 0.28479378
v 0.75958377 0.88139921 0.25151125
v 0.75958377 0.88139921 0.25151125
v 0.75958377 0.88139921 0.25151125
v 0.75958377 0.88139921 0.25151125
v 0.86537164 0.79001707 0.27467774
v 0.86537164 0.79001707 0.27467774
v 0.86537164 0.79001707 0.27467774
v 1.08575284 0.79001707 1.02395904
v 1.08575284 0.79001707 1.02395904
v 1.08575284 0.79001707 1.02395904
v 1.08575284 0.79001707 1.02395904
v 1.04825306 0.82587880 1.02836066
v 1.04825306 0.82587880 1.02836066
v 1.04825306 0.82587880 1.02836066
v 1.04825306 0.82587880 1.02836066
v 1.04825306 0.82587880 1.02836066
v 1.00046980 0.86734396 1.03407514
v 1.00046980 0.86734396 1.03407514
v 1.00046980 0.86734396 1.03407514
v 1.00046980 0.86734396 1.03407514
v 1.00046980 0.86734396 1.03407514
v 0.95601183 0.91179758 1.03507900
v 0.95601183 0.91179758 1.03507900
v 0.95601183 0.91179758 1.03507900
v 0.95601183 0.91179758 1.03507900
v 0.95601183 0.91179758 1.03507900
v 0.95601183 0.91179758 1.03507900
v 0.95601183 0.91179758 1.03507900
v 0.77817982 1.04515857 1.03924894
v 0.77817982 1.04515857 1.03924894
v 0.77817982 1.04515857 1.03924894
v 0.77817982 1.04515857 1.03924894
v 0.77817982 1.04515857 1.03924894
v 0.77817982 1.04515857 1.03924894
v 0.64480573 1.13411254 1.04025280
v 0.64480573 1.13411254 1.04025280
v 0.64480573 1.13411254 1.04025280
v 0.64480573 1.13411254 1.04025280
v 0.64480573 1.13411254 1.04025280
v 0.64480573 1.13411254 1.04025280
v 0.55588973 1.17856616 1.04002118
v 0.55588973 1.17856616 1.04002118
v 0.55588973 1.17856616 1.04002118
v 0.55588973 1.17856616 1.04002118
v 0.55588973 1.17856616 1.04002118
v 0.64480573 1.17328960 1.02527183
v 0.64480573 1.17328960 1.02527183
v 0.64480573 1.17328960 1.02527183
v 0.64480573 1.17328960 1.02527183
v 0.64480573 1.17328960 1.02527183
v 0.64480573 1.17328960 1.02527183
v 0.64480573 1.17328960 1.02527183
v 0.55588973 1.21564204 1.02434516
v 0.55588973 1.21564204 1.02434516
v 0.55588973 1.21564204 1.02434516
v 0.55588973 1.21564204 1.02434516
v 0.47319284 1.25556618 1.02087021
v 0.47319284 1.25556618 1.02087021
v 0.47319284 1.25556618 1.02087021
v 0.47319284 1.25556618 1.02087021
v 0.47319284 1.25556618 1.02087021
v 0.47319284 1.11842304 0.40487337
v 0.47319284 1.11842304 0.40487337
v 0.47319284 1.11842304 0.40487337
v 0.47319284 1.11842304 0.40487337
v 0.47319284 1.12057096 0.41159166
v 0.47319284 1.12057096 0.41159166
v 0.47319284 1.12057096 0.41159166
v 0.47319284 1.12057096 0.41159166
v 0.47319284 1.12057096 0.41159166
v 0.49554503 1.11464065 0.42348379
v 0.49554503 1.11464065 0.42348379
v 0.49554503 1.11464065 0.42348379
v 0.49554503 1.11464065 0.42348379
v 0.49554503 1.11464065 0.42348379
v 0.51075435 1.10338718 0.40919778
v 0.51075435 1.10338718 0.40919778
v 0.51075435 1.10338718 0.40919778
v 0.51075435 1.10338718 0.40919778
v 0.52516317 1.10819679 0.44425640
v 0.52516317 1.10819679 0.44425640
v 0.52516317 1.10819679 0.44425640
v 0.52516317 1.10819679 0.44425640
v 0.52516317 1.10819679 0.44425640
v 0.52516317 1.10819679 0.44425640
v 0.52516317 1.10819679 0.44425640
v 0.53544641 1.11267954 0.47390950
v 0.53544641 1.11267954 0.47390950
v 0.53544641 1.11267954 0.47390950
v 0.53544641 1.11267954 0.47390950
v 0.53544641 1.11267954 0.47390950
v 0.53544641 1.11267954 0.47390950
v 0.56574190 1.10623568 0.49892930
v 0.56574190 1.10623568 0.49892930
v 0.56574190 1.10623568 0.49892930
v 0.56574190 1.10623568 0.49892930
v 0.56574190 1.10623568 0.49892930
v 0.57454729 1.11025137 0.52711520
v 0.57454729 1.11025137 0.52711520
v 0.57454729 1.11025137 0.52711520
v 0.57454729 1.11025137 0.52711520
v 0.57454729 1.11025137 0.52711520
v 0.57454729 1.11025137 0.52711520
v 0.57454729 1.11025137 0.52711520
v 0.57454729 1.11025137 0.52711520
v 0.57454729 1.11025137 0.52711520
v 0.57454729 1.11025137 0.52711520
v 0.60034770 1.08886510 0.49892930
v 0.60034770 1.08886510 0.49892930
v 0.60034770 1.08886510 0.49892930
v 0.60034770 1.08886510 0.49892930
v 0.60034770 1.08886510 0.49892930
v 0.60034770 1.08886510 0.49892930
v 0.60034770 1.08886510 0.49892930
v 0.60090190 1.07611734 0.45699796
v 0.60090190 1.07611734 0.45699796
v 0.60090190 1.07611734 0.45699796
v 0.62423927 1.06841272 0.47352339
v 0.62423927 1.06841272 0.47352339
v 0.62423927 1.06841272 0.47352339
v 0.62423927 1.06841272 0.47352339
v 0.62423927 1.06841272 0.47352339
v 0.62423927 1.06841272 0.47352339
v 0.62423927 1.06841272 0.47352339
v 0.62423927 1.06841272 0.47352339
v 0.62423927 1.06841272 0.47352339
v 0.62423927 1.06841272 0.47352339
v 0.64135748 1.05234963 0.45699796
v 0.64135748 1.05234963 0.45699796
v 0.64135748 1.05234963 0.45699796
v 0.64135748 1.05234963 0.45699796
v 0.64135748 1.05234963 0.45699796
v 0.64135748 1.05234963 0.45699796
v 0.64591408 1.03409177 0.41159166
v 0.64591408 1.03409177 0.41159166
v 0.64591408 1.03409177 0.41159166
v 0.64591408 1.03409177 0.41159166
v 0.64591408 1.03409177 0.41159166
v 0.64591408 1.03409177 0.41159166
v 0.62990427 1.02760118 0.36549036
v 0.62990427 1.02760118 0.36549036
v 0.62990427 1.02760118 0.36549036
v 0.62990427 1.02760118 0.36549036
v 0.62990427 1.02760118 0.36549036
v 0.62990427 1.02760118 0.36549036
v 0.67485493 0.98394138 0.33058618
v 0.67485493 0.98394138 0.33058618
v 0.67485493 0.98394138 0.33058618
v 0.67485493 0.98394138 0.33058618
v 0.67485493 0.98394138 0.33058618
v 0.67485493 0.98394138 0.33058618
v 0.67485493 0.98394138 0.33058618
v 0.67485493 0.98394138 0.33058618
v 0.65213329 1.01321918 0.36549036
v 0.65213329 1.01321918 0.36549036
v 0.65213329 1.01321918 0.36549036
v 0.65213329 1.01321918 0.36549036
v 0.65213329 1.01321918 0.36549036
v 0.68951005 0.96806502 0.31784461
v 0.68951005 0.96806502 0.31784461
v 0.68951005 0.96806502 0.31784461
v 0.68951005 0.96806502 0.31784461
v 0.72534740 0.94392377 0.32108793
v 0.72534740 0.94392377 0.32108793
v 0.72534740 0.94392377 0.32108793
v 0.72534740 0.94392377 0.32108793
v 0.72534740 0.94392377 0.32108793
v 0.71617258 0.93738645 0.29212980
v 0.71617258 0.93738645 0.29212980
v 0.71617258 0.93738645 0.29212980
v 0.71617258 0.93738645 0.29212980
v 0.71617258 0.93738645 0.29212980
v 0.71617258 0.93738645 0.29212980
v 0.71617258 0.93738645 0.29212980
v 0.69024897 0.94821972 0.27699438
v 0.69024897 0.94821972 0.27699438
v 0.69024897 0.94821972 0.27699438
v 0.73556906 0.91329187 0.27398275
v 0.73556906 0.91329187 0.27398275
v 0.73556906 0.91329187 0.27398275
v 0.73556906 0.91329187 0.27398275
v 0.73556906 0.91329187 0.27398275
v 0.71186221 0.91838163 0.25151125
v 0.71186221 0.91838163 0.25151125
v 0.71186221 0.91838163 0.25151125
v 0.71186221 0.91838163 0.25151125
v 0.76407886 0.89671510 0.28541154
v 0.76407886 0.89671510 0.28541154
v 0.76407886 0.89671510 0.28541154
v 0.76407886 0.89671510 0.28541154
v 0.76407886 0.89671510 0.28541154
v 0.76407886 0.89671510 0.28541154
v 0.76407886 0.89671510 0.28541154
v 0.75317985 0.88718933 0.25151125
v 0.75317985 0.88718933 0.25151125
v 0.75317985 0.88718933 0.25151125
v 0.79369694 0.88336039 0.31174412
v 0.79369694 0.88336039 0.31174412
v 0.79369694 0.88336039 0.31174412
v 0.79369694 0.88336039 0.31174412
v 0.79369694 0.88336039 0.31174412
v 0.79369694 0.88336039 0.31174412
v 0.79369694 0.88336039 0.31174412
v 0.83870918 0.83871990 0.31135799
v 0.83870918 0.83871990 0.31135799
v 0.83870918 0.83871990 0.31135799
v 0.83870918 0.83871990 0.31135799
v 0.83870918 0.83871990 0.31135799
v 0.83870918 0.83871990 0.31135799
v 0.83870918 0.83871990 0.31135799
v 0.88261300 0.79370594 0.31243910
v 0.88261300 0.79370594 0.31243910
v 0.88261300 0.79370594 0.31243910
v 0.88261300 0.79370594 0.31243910
v 0.88261300 0.79370594 0.31243910
v 0.88261300 0.79370594 0.31243910
v 0.88433713 0.79001707 0.30919582
v 0.88433713 0.79001707 0.30919582
v 0.88433713 0.79001707 0.30919582
v 0.88433713 0.79001707 0.30919582
v 1.10170114 0.79001707 0.98974988
v 1.10170114 0.79001707 0.98974988
v 1.10170114 0.79001707 0.98974988
v 1.07645488 0.81303763 1.01924857
v 1.07645488 0.81303763 1.01924857
v 1.07645488 0.81303763 1.01924857
v 1.07645488 0.81303763 1.01924857
v 1.07645488 0.81303763 1.01924857
v 1.07645488 0.81303763 1.01924857
v 1.07645488 0.81303763 1.01924857
v 1.07645488 0.81303763 1.01924857
v 1.03248942 0.86734396 1.01809019
v 1.03248942 0.86734396 1.01809019
v 1.03248942 0.86734396 1.01809019
v 1.03248942 0.86734396 1.01809019
v 1.03248942 0.86734396 1.01809019
v 0.99659055 0.90740830 1.01739523
v 0.99659055 0.90740830 1.01739523
v 0.99659055 0.90740830 1.01739523
v 0.99659055 0.90740830 1.01739523
v 0.99659055 0.90740830 1.01739523
v 0.99659055 0.90740830 1.01739523
v 0.91155380 0.95625126 1.03507900
v 0.91155380 0.95625126 1.03507900
v 0.91155380 0.95625126 1.03507900
v 0.91155380 0.95625126 1.03507900
v 0.91155380 0.95625126 1.03507900
v 0.95213252 0.95242226 1.01809019
v 0.95213252 0.95242226 1.01809019
v 0.95213252 0.95242226 1.01809019
v 0.95213252 0.95242226 1.01809019
v 0.95213252 0.95242226 1.01809019
v 0.95213252 0.95242226 1.01809019
v 0.73372179 1.08961219 1.03839946
v 0.73372179 1.08961219 1.03839946
v 0.73372179 1.08961219 1.03839946
v 0.73372179 1.08961219 1.03839946
v 0.73372179 1.08961219 1.03839946
v 0.73372179 1.08961219 1.03839946
v 0.73372179 1.08961219 1.03839946
v 0.86709577 1.00075155 1.03438395
v 0.86709577 1.00075155 1.03438395
v 0.86709577 1.00075155 1.03438395
v 0.86709577 1.00075155 1.03438395
v 0.86709577 1.00075155 1.03438395
v 0.86709577 1.00075155 1.03438395
v 0.69252729 1.13775474 1.02890122
v 0.69252729 1.13775474 1.02890122
v 0.69252729 1.13775474 1.02890122
v 0.69252729 1.13775474 1.02890122
v 0.69252729 1.13775474 1.02890122
v 0.67990422 1.16418415 1.01893964
v 0.67990422 1.16418415 1.01893964
v 0.67990422 1.16418415 1.01893964
v 0.67990422 1.16418415 1.01893964
v 0.67990422 1.16418415 1.01893964
v 0.67990422 1.16418415 1.01893964
v 0.67990422 1.16418415 1.01893964
v 0.67990422 1.16418415 1.01893964
v 0.59289700 1.20747036 1.01816747
v 0.59289700 1.20747036 1.01816747
v 0.59289700 1.20747036 1.01816747
v 0.59289700 1.20747036 1.01816747
v 0.59289700 1.20747036 1.01816747
v 0.59289700 1.20747036 1.01816747
v 0.59289700 1.20747036 1.01816747
v 0.59289700 1.20747036 1.01816747
v 0.50034797 1.24996275 1.01600522
v 0.50034797 1.24996275 1.01600522
v 0.50034797 1.24996275 1.01600522
v 0.50034797 1.24996275 1.01600522
v 0.50034797 1.24996275 1.01600522
v 0.50034797 1.24996275 1.01600522
v 0.50034797 1.24996275 1.01600522
v 0.47319284 1.26700646 0.98797375
v 0.47319284 1.26700646 0.98797375
v 0.47319284 1.26700646 0.98797375
v 0.47319284 1.26700646 0.98797375
v 0.47319284 1.13397247 0.45483577
v 0.47319284 1.13397247 0.45483577
v 0.47319284 1.13397247 0.45483577
v 0.47319284 1.13397247 0.45483577
v 0.47319284 1.13397247 0.45483577
v 0.47319284 1.13397247 0.45483577
v 0.51075435 1.11842304 0.45722963
v 0.51075435 1.11842304 0.45722963
v 0.51075435 1.11842304 0.45722963
v 0.51137012 1.13051695 0.49892930
v 0.51137012 1.13051695 0.49892930
v 0.51137012 1.13051695 0.49892930
v 0.51137012 1.13051695 0.49892930
v 0.51137012 1.13051695 0.49892930
v 0.51137012 1.13051695 0.49892930
v 0.54345131 1.11636835 0.49892930
v 0.54345131 1.11636835 0.49892930
v 0.54345131 1.11636835 0.49892930
v 0.54345131 1.11636835 0.49892930
v 0.54345131 1.11636835 0.49892930
v 0.54345131 1.11636835 0.49892930
v 0.59886992 1.10226649 0.54255952
v 0.59886992 1.10226649 0.54255952
v 0.59886992 1.10226649 0.54255952
v 0.52146864 1.15092272 0.58788860
v 0.52146864 1.15092272 0.58788860
v 0.52146864 1.15092272 0.58788860
v 0.52146864 1.15092272 0.58788860
v 0.52146864 1.15092272 0.58788860
v 0.52146864 1.15092272 0.58788860
v 0.55588973 1.13532656 0.58788860
v 0.55588973 1.13532656 0.58788860
v 0.55588973 1.13532656 0.58788860
v 0.55588973 1.13532656 0.58788860
v 0.55588973 1.13532656 0.58788860
v 0.55588973 1.13532656 0.58788860
v 0.55588973 1.13532656 0.58788860
v 0.58310640 1.11426717 0.55676830
v 0.58310640 1.11426717 0.55676830
v 0.58310640 1.11426717 0.55676830
v 0.58310640 1.11426717 0.55676830
v 0.62109888 1.11109179 0.61275396
v 0.62109888 1.11109179 0.61275396
v 0.62109888 1.11109179 0.61275396
v 0.62109888 1.11109179 0.61275396
v 0.62109888 1.11109179 0.61275396
v 0.62109888 1.11109179 0.61275396
v 0.62109888 1.11109179 0.61275396
v 0.62109888 1.11109179 0.61275396
v 0.62109888 1.11109179 0.61275396
v 0.62109888 1.11109179 0.61275396
v 0.62109888 1.11109179 0.61275396
v 0.61407918 1.10754305 0.58788860
v 0.61407918 1.10754305 0.58788860
v 0.61407918 1.10754305 0.58788860
v 0.61407918 1.10754305 0.58788860
v 0.63064325 1.07224160 0.49892930
v 0.63064325 1.07224160 0.49892930
v 0.63064325 1.07224160 0.49892930
v 0.72990406 1.05347031 0.63553434
v 0.72990406 1.05347031 0.63553434
v 0.72990406 1.05347031 0.63553434
v 0.72990406 1.05347031 0.63553434
v 0.72990406 1.05347031 0.63553434
v 0.72990406 1.05347031 0.63553434
v 0.72990406 1.05347031 0.63553434
v 0.72990406 1.05347031 0.63553434
v 0.76592612 1.03035623 0.63229103
v 0.76592612 1.03035623 0.63229103
v 0.76592612 1.03035623 0.63229103
v 0.76592612 1.03035623 0.63229103
v 0.76592612 1.03035623 0.63229103
v 0.76592612 1.03035623 0.63229103
v 0.76592612 1.03035623 0.63229103
v 0.76592612 1.03035623 0.63229103
v 0.76592612 1.03035623 0.63229103
v 0.65287220 1.05865341 0.49892930
v 0.65287220 1.05865341 0.49892930
v 0.65287220 1.05865341 0.49892930
v 0.65287220 1.05865341 0.49892930
v 0.66943622 1.02465945 0.42742209
v 0.66943622 1.02465945 0.42742209
v 0.66943622 1.02465945 0.42742209
v 0.66943622 1.02465945 0.42742209
v 0.66943622 1.02465945 0.42742209
v 0.75933743 1.02554661 0.60387348
v 0.75933743 1.02554661 0.60387348
v 0.75933743 1.02554661 0.60387348
v 0.75933743 1.02554661 0.60387348
v 0.75933743 1.02554661 0.60387348
v 0.75933743 1.02554661 0.60387348
v 0.75933743 1.02554661 0.60387348
v 0.75933743 1.02554661 0.60387348
v 0.75933743 1.02554661 0.60387348
v 0.75933743 1.02554661 0.60387348
v 0.75933743 1.02554661 0.60387348
v 0.75933743 1.02554661 0.60387348
v 0.66149288 1.01933616 0.39784620
v 0.66149288 1.01933616 0.39784620
v 0.66149288 1.01933616 0.39784620
v 0.66149288 1.01933616 0.39784620
v 0.66149288 1.01933616 0.39784620
v 0.66149288 1.01933616 0.39784620
v 0.66149288 1.01933616 0.39784620
v 0.68951005 0.98889107 0.36881089
v 0.68951005 0.98889107 0.36881089
v 0.68951005 0.98889107 0.36881089
v 0.68951005 0.98889107 0.36881089
v 0.68951005 0.98889107 0.36881089
v 0.70447308 0.97357512 0.35622376
v 0.70447308 0.97357512 0.35622376
v 0.70447308 0.97357512 0.35622376
v 0.70447308 0.97357512 0.35622376
v 0.70447308 0.97357512 0.35622376
v 0.75496554 0.93327731 0.34510386
v 0.75496554 0.93327731 0.34510386
v 0.75496554 0.93327731 0.34510386
v 0.75496554 0.93327731 0.34510386
v 0.75496554 0.93327731 0.34510386
v 0.75496554 0.93327731 0.34510386
v 0.75496554 0.93327731 0.34510386
v 0.75496554 0.93327731 0.34510386
v 0.75496554 0.93327731 0.34510386
v 0.75496554 0.93327731 0.34510386
v 0.75496554 0.93327731 0.34510386
v 0.75496554 0.93327731 0.34510386
v 0.75496554 0.93327731 0.34510386
v 0.74763799 0.92772061 0.32108793
v 0.74763799 0.92772061 0.32108793
v 0.74763799 0.92772061 0.32108793
v 0.74763799 0.92772061 0.32108793
v 0.74763799 0.92772061 0.32108793
v 0.77861077 0.90283221 0.32433124
v 0.77861077 0.90283221 0.32433124
v 0.77861077 0.90283221 0.32433124
v 0.77861077 0.90283221 0.32433124
v 0.80133247 0.89045799 0.34139723
v 0.80133247 0.89045799 0.34139723
v 0.80133247 0.89045799 0.34139723
v 0.80133247 0.89045799 0.34139723
v 0.80133247 0.89045799 0.34139723
v 0.80133247 0.89045799 0.34139723
v 0.80133247 0.89045799 0.34139723
v 0.80133247 0.89045799 0.34139723
v 0.82005161 0.86477578 0.32641621
v 0.82005161 0.86477578 0.32641621
v 0.82005161 0.86477578 0.32641621
v 0.82005161 0.86477578 0.32641621
v 0.84591359 0.84623784 0.34101109
v 0.84591359 0.84623784 0.34101109
v 0.84591359 0.84623784 0.34101109
v 0.84591359 0.84623784 0.34101109
v 0.84591359 0.84623784 0.34101109
v 0.84591359 0.84623784 0.34101109
v 0.84591359 0.84623784 0.34101109
v 0.84591359 0.84623784 0.34101109
v 0.88987899 0.80122387 0.34209220
v 0.88987899 0.80122387 0.34209220
v 0.88987899 0.80122387 0.34209220
v 0.88987899 0.80122387 0.34209220
v 0.88987899 0.80122387 0.34209220
v 0.88987899 0.80122387 0.34209220
v 0.89615977 0.79001707 0.33352061
v 0.89615977 0.79001707 0.33352061
v 0.89615977 0.79001707 0.33352061
v 0.89615977 0.79001707 0.33352061
v 0.88741595 0.79001707 0.31545076
v 0.88741595 0.79001707 0.31545076
v 0.88741595 0.79001707 0.31545076
v 1.10225534 0.79001707 0.98797375
v 1.10225534 0.79001707 0.98797375
v 1.10225534 0.79001707 0.98797375
v 1.10225534 0.79001707 0.98797375
v 1.10225534 0.79001707 0.98797375
v 1.08094990 0.81962168 0.98797375
v 1.08094990 0.81962168 0.98797375
v 1.08094990 0.81962168 0.98797375
v 1.08094990 0.81962168 0.98797375
v 1.08094990 0.81962168 0.98797375
v 1.06463230 0.84184855 0.98797375
v 1.06463230 0.84184855 0.98797375
v 1.06463230 0.84184855 0.98797375
v 1.06463230 0.84184855 0.98797375
v 1.06463230 0.84184855 0.98797375
v 1.06463230 0.84184855 0.98797375
v 1.02282202 0.88966417 1.01036808
v 1.02282202 0.88966417 1.01036808
v 1.02282202 0.88966417 1.01036808
v 1.02282202 0.88966417 1.01036808
v 1.02282202 0.88966417 1.01036808
v 1.02282202 0.88966417 1.01036808
v 1.02282202 0.88966417 1.01036808
v 1.02282202 0.88966417 1.01036808
v 1.02282202 0.88966417 1.01036808
v 0.97922611 0.93500507 1.01137194
v 0.97922611 0.93500507 1.01137194
v 0.97922611 0.93500507 1.01137194
v 0.97922611 0.93500507 1.01137194
v 0.97922611 0.93500507 1.01137194
v 0.97922611 0.93500507 1.01137194
v 0.90742821 0.99687594 1.01778135
v 0.90742821 0.99687594 1.01778135
v 0.90742821 0.99687594 1.01778135
v 0.90742821 0.99687594 1.01778135
v 0.90742821 0.99687594 1.01778135
v 0.90742821 0.99687594 1.01778135
v 0.93476808 0.97945869 1.01137194
v 0.93476808 0.97945869 1.01137194
v 0.93476808 0.97945869 1.01137194
v 0.93476808 0.97945869 1.01137194
v 0.93476808 0.97945869 1.01137194
v 0.93476808 0.97945869 1.01137194
v 0.82442349 1.04768008 1.02782011
v 0.82442349 1.04768008 1.02782011
v 0.82442349 1.04768008 1.02782011
v 0.82442349 1.04768008 1.02782011
v 0.77682513 1.08975226 1.02457678
v 0.77682513 1.08975226 1.02457678
v 0.77682513 1.08975226 1.02457678
v 0.77682513 1.08975226 1.02457678
v 0.77682513 1.08975226 1.02457678
v 0.73372179 1.12482017 1.02210569
v 0.73372179 1.12482017 1.02210569
v 0.73372179 1.12482017 1.02210569
v 0.73372179 1.12482017 1.02210569
v 0.73372179 1.12482017 1.02210569
v 0.73372179 1.12482017 1.02210569
v 0.86709577 1.03203732 1.01839909
v 0.86709577 1.03203732 1.01839909
v 0.86709577 1.03203732 1.01839909
v 0.86709577 1.03203732 1.01839909
v 0.86709577 1.03203732 1.01839909
v 0.86709577 1.03203732 1.01839909
v 0.76112318 1.11562127 1.01492414
v 0.76112318 1.11562127 1.01492414
v 0.76112318 1.11562127 1.01492414
v 0.76112318 1.11562127 1.01492414
v 0.76112318 1.11562127 1.01492414
v 0.76112318 1.11562127 1.01492414
v 0.76112318 1.11562127 1.01492414
v 0.70847547 1.15437812 0.98797375
v 0.70847547 1.15437812 0.98797375
v 0.70847547 1.15437812 0.98797375
v 0.70847547 1.15437812 0.98797375
v 0.70847547 1.15437812 0.98797375
v 0.68618494 1.16791970 0.98797375
v 0.68618494 1.16791970 0.98797375
v 0.68618494 1.16791970 0.98797375
v 0.68618494 1.16791970 0.98797375
v 0.68618494 1.16791970 0.98797375
v 0.64480573 1.19014651 0.98797375
v 0.64480573 1.19014651 0.98797375
v 0.64480573 1.19014651 0.98797375
v 0.64480573 1.19014651 0.98797375
v 0.64480573 1.19014651 0.98797375
v 0.64480573 1.19014651 0.98797375
v 0.64480573 1.19014651 0.98797375
v 0.62251514 1.20079297 0.98797375
v 0.62251514 1.20079297 0.98797375
v 0.62251514 1.20079297 0.98797375
v 0.62251514 1.20079297 0.98797375
v 0.62251514 1.20079297 0.98797375
v 0.60028613 1.21097249 0.98797375
v 0.60028613 1.21097249 0.98797375
v 0.60028613 1.21097249 0.98797375
v 0.60028613 1.21097249 0.98797375
v 0.60028613 1.21097249 0.98797375
v 0.55588973 1.23105127 0.98797375
v 0.55588973 1.23105127 0.98797375
v 0.55588973 1.23105127 0.98797375
v 0.55588973 1.23105127 0.98797375
v 0.52898091 1.24314529 0.98797375
v 0.52898091 1.24314529 0.98797375
v 0.52898091 1.24314529 0.98797375
v 0.52898091 1.24314529 0.98797375
v 0.50675189 1.25281113 0.98797375
v 0.50675189 1.25281113 0.98797375
v 0.50675189 1.25281113 0.98797375
v 0.50675189 1.25281113 0.98797375
v 0.50675189 1.25281113 0.98797375
v 0.47319284 1.26621264 0.98171887
v 0.47319284 1.26621264 0.98171887
v 0.47319284 1.26621264 0.98171887
v 0.47319284 1.26621264 0.98171887
v 0.47319284 1.14639336 0.49730765
v 0.47319284 1.14639336 0.49730765
v 0.47319284 1.14639336 0.49730765
v 0.47319284 1.14639336 0.49730765
v 0.49129629 1.15727323 0.56232826
v 0.49129629 1.15727323 0.56232826
v 0.49129629 1.15727323 0.56232826
v 0.49129629 1.15727323 0.56232826
v 0.49129629 1.15727323 0.56232826
v 0.49129629 1.15727323 0.56232826
v 0.49129629 1.15727323 0.56232826
v 0.49129629 1.15727323 0.56232826
v 0.49129629 1.15727323 0.56232826
v 0.49129629 1.15727323 0.56232826
v 0.49129629 1.15727323 0.56232826
v 0.50822973 1.14517921 0.54588004
v 0.50822973 1.14517921 0.54588004
v 0.50822973 1.14517921 0.54588004
v 0.50822973 1.14517921 0.54588004
v 0.53008926 1.15479833 0.61646061
v 0.53008926 1.15479833 0.61646061
v 0.53008926 1.15479833 0.61646061
v 0.53008926 1.15479833 0.61646061
v 0.53008926 1.15479833 0.61646061
v 0.53008926 1.15479833 0.61646061
v 0.53008926 1.15479833 0.61646061
v 0.53008926 1.15479833 0.61646061
v 0.53008926 1.15479833 0.61646061
v 0.53008926 1.15479833 0.61646061
v 0.55410397 1.14756066 0.63167326
v 0.55410397 1.14756066 0.63167326
v 0.55410397 1.14756066 0.63167326
v 0.55410397 1.14756066 0.63167326
v 0.60385758 1.12374622 0.62951105
v 0.60385758 1.12374622 0.62951105
v 0.60385758 1.12374622 0.62951105
v 0.60385758 1.12374622 0.62951105
v 0.60385758 1.12374622 0.62951105
v 0.59185016 1.11851639 0.58788860
v 0.59185016 1.11851639 0.58788860
v 0.59185016 1.11851639 0.58788860
v 0.59185016 1.11851639 0.58788860
v 0.60034770 1.13752121 0.67669347
v 0.60034770 1.13752121 0.67669347
v 0.60034770 1.13752121 0.67669347
v 0.60034770 1.13752121 0.67669347
v 0.60034770 1.13752121 0.67669347
v 0.60034770 1.13752121 0.67669347
v 0.60034770 1.13752121 0.67669347
v 0.60034770 1.13752121 0.67669347
v 0.60034770 1.13752121 0.67669347
v 0.60034770 1.13752121 0.67669347
v 0.62818015 1.11510772 0.64240707
v 0.62818015 1.11510772 0.64240707
v 0.62818015 1.11510772 0.64240707
v 0.62818015 1.11510772 0.64240707
v 0.62818015 1.11510772 0.64240707
v 0.62818015 1.11510772 0.64240707
v 0.63569242 1.11954373 0.67669347
v 0.63569242 1.11954373 0.67669347
v 0.63569242 1.11954373 0.67669347
v 0.63569242 1.11954373 0.67669347
v 0.67744112 1.16259652 0.94349414
v 0.67744112 1.16259652 0.94349414
v 0.67744112 1.16259652 0.94349414
v 0.67744112 1.16259652 0.94349414
v 0.67744112 1.16259652 0.94349414
v 0.67744112 1.16259652 0.94349414
v 0.67744112 1.16259652 0.94349414
v 0.73963308 1.05799967 0.67669347
v 0.73963308 1.05799967 0.67669347
v 0.73963308 1.05799967 0.67669347
v 0.73963308 1.05799967 0.67669347
v 0.78809351 1.01251870 0.63229103
v 0.78809351 1.01251870 0.63229103
v 0.78809351 1.01251870 0.63229103
v 0.78809351 1.01251870 0.63229103
v 0.78809351 1.01251870 0.63229103
v 0.78809351 1.01251870 0.63229103
v 0.78809351 1.01251870 0.63229103
v 0.76130790 1.11571473 0.95878398
v 0.76130790 1.11571473 0.95878398
v 0.76130790 1.11571473 0.95878398
v 0.76130790 1.11571473 0.95878398
v 0.76130790 1.11571473 0.95878398
v 0.76130790 1.11571473 0.95878398
v 0.76130790 1.11571473 0.95878398
v 0.76130790 1.11571473 0.95878398
v 0.88994056 1.02349204 0.96473008
v 0.88994056 1.02349204 0.96473008
v 0.88994056 1.02349204 0.96473008
v 0.88994056 1.02349204 0.96473008
v 0.88994056 1.02349204 0.96473008
v 0.88994056 1.02349204 0.96473008
v 0.88994056 1.02349204 0.96473008
v 0.88994056 1.02349204 0.96473008
v 0.88994056 1.02349204 0.96473008
v 0.88994056 1.02349204 0.96473008
v 0.88994056 1.02349204 0.96473008
v 0.88994056 1.02349204 0.96473008
v 0.88994056 1.02349204 0.96473008
v 0.88994056 1.02349204 0.96473008
v 0.79560584 1.01896256 0.67669347
v 0.79560584 1.01896256 0.67669347
v 0.79560584 1.01896256 0.67669347
v 0.68624645 1.00710207 0.41159166
v 0.68624645 1.00710207 0.41159166
v 0.68624645 1.00710207 0.41159166
v 0.68624645 1.00710207 0.41159166
v 0.74979317 0.97413546 0.44471973
v 0.74979317 0.97413546 0.44471973
v 0.74979317 0.97413546 0.44471973
v 0.74098772 0.96787828 0.40997002
v 0.74098772 0.96787828 0.40997002
v 0.74098772 0.96787828 0.40997002
v 0.74098772 0.96787828 0.40997002
v 0.74098772 0.96787828 0.40997002
v 0.74098772 0.96787828 0.40997002
v 0.71253949 0.97922516 0.38579965
v 0.71253949 0.97922516 0.38579965
v 0.71253949 0.97922516 0.38579965
v 0.71253949 0.97922516 0.38579965
v 0.71253949 0.97922516 0.38579965
v 0.71253949 0.97922516 0.38579965
v 0.71253949 0.97922516 0.38579965
v 0.79886943 0.93271697 0.43560757
v 0.79886943 0.93271697 0.43560757
v 0.79886943 0.93271697 0.43560757
v 0.79886943 0.93271697 0.43560757
v 0.79886943 0.93271697 0.43560757
v 0.79886943 0.93271697 0.43560757
v 0.79886943 0.93271697 0.43560757
v 0.79886943 0.93271697 0.43560757
v 0.79886943 0.93271697 0.43560757
v 0.79886943 0.93271697 0.43560757
v 0.77072906 0.94565147 0.40997002
v 0.77072906 0.94565147 0.40997002
v 0.77072906 0.94565147 0.40997002
v 0.76235473 0.93906748 0.37475696
v 0.76235473 0.93906748 0.37475696
v 0.76235473 0.93906748 0.37475696
v 0.76235473 0.93906748 0.37475696
v 0.76235473 0.93906748 0.37475696
v 0.76235473 0.93906748 0.37475696
v 0.76235473 0.93906748 0.37475696
v 0.73372179 0.95629793 0.36549036
v 0.73372179 0.95629793 0.36549036
v 0.73372179 0.95629793 0.36549036
v 0.73372179 0.95629793 0.36549036
v 0.79289645 0.92744046 0.40997002
v 0.79289645 0.92744046 0.40997002
v 0.79289645 0.92744046 0.40997002
v 0.79289645 0.92744046 0.40997002
v 0.79289645 0.92744046 0.40997002
v 0.77756405 0.92076302 0.36216983
v 0.77756405 0.92076302 0.36216983
v 0.77756405 0.92076302 0.36216983
v 0.77756405 0.92076302 0.36216983
v 0.80693591 0.89578128 0.36549036
v 0.80693591 0.89578128 0.36549036
v 0.80693591 0.89578128 0.36549036
v 0.80693591 0.89578128 0.36549036
v 0.80693591 0.89578128 0.36549036
v 0.80693591 0.89578128 0.36549036
v 0.80693591 0.89578128 0.36549036
v 0.82922643 0.87411475 0.36549036
v 0.82922643 0.87411475 0.36549036
v 0.82922643 0.87411475 0.36549036
v 0.82922643 0.87411475 0.36549036
v 0.82922643 0.87411475 0.36549036
v 0.85145545 0.85188794 0.36549036
v 0.85145545 0.85188794 0.36549036
v 0.85145545 0.85188794 0.36549036
v 0.85145545 0.85188794 0.36549036
v 0.85145545 0.85188794 0.36549036
v 0.85145545 0.85188794 0.36549036
v 0.87368447 0.82896066 0.36549036
v 0.87368447 0.82896066 0.36549036
v 0.87368447 0.82896066 0.36549036
v 0.87368447 0.82896066 0.36549036
v 0.89517456 0.80673385 0.36549036
v 0.89517456 0.80673385 0.36549036
v 0.89517456 0.80673385 0.36549036
v 0.89517456 0.80673385 0.36549036
v 0.89517456 0.80673385 0.36549036
v 0.89517456 0.80673385 0.36549036
v 0.89517456 0.80673385 0.36549036
v 0.90964496 0.79001707 0.36348258
v 0.90964496 0.79001707 0.36348258
v 0.90964496 0.79001707 0.36348258
v 0.90964496 0.79001707 0.36348258
v 0.90964496 0.79001707 0.36348258
v 1.01857316 0.79001707 0.67669347
v 1.01857316 0.79001707 0.67669347
v 1.01857316 0.79001707 0.67669347
v 1.01857316 0.79001707 0.67669347
v 1.07516170 0.81182361 0.94349414
v 1.07516170 0.81182361 0.94349414
v 1.07516170 0.81182361 0.94349414
v 1.07516170 0.81182361 0.94349414
v 1.07516170 0.81182361 0.94349414
v 1.05890572 0.83409709 0.94349414
v 1.05890572 0.83409709 0.94349414
v 1.05890572 0.83409709 0.94349414
v 1.05890572 0.83409709 0.94349414
v 1.05890572 0.83409709 0.94349414
v 1.02306831 0.88994437 0.96511617
v 1.02306831 0.88994437 0.96511617
v 1.02306831 0.88994437 0.96511617
v 1.02306831 0.88994437 0.96511617
v 1.02306831 0.88994437 0.96511617
v 1.02306831 0.88994437 0.96511617
v 1.02306831 0.88994437 0.96511617
v 1.02306831 0.88994437 0.96511617
v 1.02306831 0.88994437 0.96511617
v 1.02306831 0.88994437 0.96511617
v 1.02306831 0.88994437 0.96511617
v 1.02306831 0.88994437 0.96511617
v 1.02306831 0.88994437 0.96511617
v 1.04271114 0.86734396 0.98797375
v 1.04271114 0.86734396 0.98797375
v 1.04271114 0.86734396 0.98797375
v 1.04271114 0.86734396 0.98797375
v 1.02300668 0.88994437 0.98797375
v 1.02300668 0.88994437 0.98797375
v 1.02300668 0.88994437 0.98797375
v 1.02300668 0.88994437 0.98797375
v 1.00200927 0.91217119 0.98797375
v 1.00200927 0.91217119 0.98797375
v 1.00200927 0.91217119 0.98797375
v 1.00200927 0.91217119 0.98797375
v 0.97978026 0.93556541 0.98797375
v 0.97978026 0.93556541 0.98797375
v 0.97978026 0.93556541 0.98797375
v 0.97978026 0.93556541 0.98797375
v 0.97978026 0.93556541 0.98797375
v 0.97978026 0.93556541 0.98797375
v 0.95755124 0.95783883 0.98797375
v 0.95755124 0.95783883 0.98797375
v 0.95755124 0.95783883 0.98797375
v 0.95755124 0.95783883 0.98797375
v 0.95755124 0.95783883 0.98797375
v 0.95755124 0.95783883 0.98797375
v 0.88987899 1.02344531 1.01090863
v 0.88987899 1.02344531 1.01090863
v 0.88987899 1.02344531 1.01090863
v 0.88987899 1.02344531 1.01090863
v 0.88987899 1.02344531 1.01090863
v 0.88987899 1.02344531 1.01090863
v 0.88987899 1.02344531 1.01090863
v 0.88987899 1.02344531 1.01090863
v 0.88987899 1.02344531 1.01090863
v 0.88987899 1.02344531 1.01090863
v 0.88987899 1.02344531 1.01090863
v 0.88987899 1.02344531 1.01090863
v 0.93532223 0.98001903 0.98797375
v 0.93532223 0.98001903 0.98797375
v 0.93532223 0.98001903 0.98797375
v 0.93532223 0.98001903 0.98797375
v 0.93532223 0.98001903 0.98797375
v 0.93532223 0.98001903 0.98797375
v 0.81081510 1.07499665 1.01816747
v 0.81081510 1.07499665 1.01816747
v 0.81081510 1.07499665 1.01816747
v 0.81081510 1.07499665 1.01816747
v 0.81081510 1.07499665 1.01816747
v 0.76383251 1.11753577 0.98797375
v 0.76383251 1.11753577 0.98797375
v 0.76383251 1.11753577 0.98797375
v 0.76383251 1.11753577 0.98797375
v 0.76383251 1.11753577 0.98797375
v 0.76383251 1.11753577 0.98797375
v 0.73372179 1.13784808 0.98797375
v 0.73372179 1.13784808 0.98797375
v 0.73372179 1.13784808 0.98797375
v 0.73372179 1.13784808 0.98797375
v 0.64480573 1.17982692 0.94349414
v 0.64480573 1.17982692 0.94349414
v 0.64480573 1.17982692 0.94349414
v 0.64480573 1.17982692 0.94349414
v 0.64480573 1.17982692 0.94349414
v 0.64480573 1.17982692 0.94349414
v 0.64480573 1.17982692 0.94349414
v 0.61167777 1.19579667 0.94349414
v 0.61167777 1.19579667 0.94349414
v 0.61167777 1.19579667 0.94349414
v 0.61167777 1.19579667 0.94349414
v 0.61167777 1.19579667 0.94349414
v 0.50139475 1.25066322 0.95376459
v 0.50139475 1.25066322 0.95376459
v 0.50139475 1.25066322 0.95376459
v 0.50139475 1.25066322 0.95376459
v 0.50139475 1.25066322 0.95376459
v 0.50139475 1.25066322 0.95376459
v 0.50139475 1.25066322 0.95376459
v 0.50139475 1.25066322 0.95376459
v 0.50139475 1.25066322 0.95376459
v 0.50139475 1.25066322 0.95376459
v 0.50139475 1.25066322 0.95376459
v 0.50139475 1.25066322 0.95376459
v 0.50139475 1.25066322 0.95376459
v 0.50139475 1.25066322 0.95376459
v 0.50139475 1.25066322 0.95376459
v 0.47319284 1.25790089 0.94225860
v 0.47319284 1.25790089 0.94225860
v 0.47319284 1.25790089 0.94225860
v 0.47319284 1.15087599 0.51298364
v 0.47319284 1.15087599 0.51298364
v 0.47319284 1.15087599 0.51298364
v 0.47319284 1.16138238 0.55028167
v 0.47319284 1.16138238 0.55028167
v 0.47319284 1.16138238 0.55028167
v 0.47319284 1.16974074 0.58124755
v 0.47319284 1.16974074 0.58124755
v 0.47319284 1.16974074 0.58124755
v 0.47319284 1.16974074 0.58124755
v 0.47319284 1.17146844 0.58788860
v 0.47319284 1.17146844 0.58788860
v 0.47319284 1.17146844 0.58788860
v 0.47319284 1.17146844 0.58788860
v 0.47319284 1.17146844 0.58788860
v 0.49917799 1.16063529 0.58788860
v 0.49917799 1.16063529 0.58788860
v 0.49917799 1.16063529 0.58788860
v 0.49917799 1.16063529 0.58788860
v 0.49917799 1.16063529 0.58788860
v 0.49917799 1.16063529 0.58788860
v 0.47319284 1.15848738 0.53993398
v 0.47319284 1.15848738 0.53993398
v 0.47319284 1.15848738 0.53993398
v 0.51371002 1.16544491 0.63167326
v 0.51371002 1.16544491 0.63167326
v 0.51371002 1.16544491 0.63167326
v 0.57584041 1.15531200 0.70325771
v 0.57584041 1.15531200 0.70325771
v 0.57584041 1.15531200 0.70325771
v 0.57584041 1.15531200 0.70325771
v 0.56863600 1.15204340 0.67669347
v 0.56863600 1.15204340 0.67669347
v 0.56863600 1.15204340 0.67669347
v 0.59905463 1.14844793 0.71931981
v 0.59905463 1.14844793 0.71931981
v 0.59905463 1.14844793 0.71931981
v 0.59905463 1.14844793 0.71931981
v 0.59905463 1.14844793 0.71931981
v 0.61377132 1.15237027 0.76565275
v 0.61377132 1.15237027 0.76565275
v 0.61377132 1.15237027 0.76565275
v 0.61377132 1.15237027 0.76565275
v 0.81340134 0.99029189 0.63229103
v 0.81340134 0.99029189 0.63229103
v 0.81340134 0.99029189 0.63229103
v 0.81340134 0.99029189 0.63229103
v 0.81340134 0.99029189 0.63229103
v 0.81340134 0.99029189 0.63229103
v 0.81340134 0.99029189 0.63229103
v 0.80502695 0.93827367 0.46526068
v 0.80502695 0.93827367 0.46526068
v 0.80502695 0.93827367 0.46526068
v 0.80502695 0.93827367 0.46526068
v 0.80502695 0.93827367 0.46526068
v 0.80502695 0.93827367 0.46526068
v 0.78606153 1.10123926 0.98797375
v 0.78606153 1.10123926 0.98797375
v 0.78606153 1.10123926 0.98797375
v 0.78606153 1.10123926 0.98797375
v 0.83846283 1.06271583 0.98797375
v 0.83846283 1.06271583 0.98797375
v 0.83846283 1.06271583 0.98797375
v 0.83846283 1.06271583 0.98797375
v 0.86709577 1.04123610 0.98797375
v 0.86709577 1.04123610 0.98797375
v 0.86709577 1.04123610 0.98797375
v 0.86709577 1.04123610 0.98797375
v 0.89018691 1.02372557 0.98797375
v 0.89018691 1.02372557 0.98797375
v 0.89018691 1.02372557 0.98797375
v 0.89018691 1.02372557 0.98797375
v 0.91241592 1.00224584 0.98797375
v 0.91241592 1.00224584 0.98797375
v 0.91241592 1.00224584 0.98797375
v 0.91241592 1.00224584 0.98797375
v 0.93482959 0.97955203 0.96395788
v 0.93482959 0.97955203 0.96395788
v 0.93482959 0.97955203 0.96395788
v 0.93482959 0.97955203 0.96395788
v 0.93482959 0.97955203 0.96395788
v 0.84172636 0.97544289 0.66626854
v 0.84172636 0.97544289 0.66626854
v 0.84172636 0.97544289 0.66626854
v 0.84172636 0.97544289 0.66626854
v 0.84172636 0.97544289 0.66626854
v 0.84172636 0.97544289 0.66626854
v 0.84172636 0.97544289 0.66626854
v 0.84172636 0.97544289 0.66626854
v 0.84172636 0.97544289 0.66626854
v 0.82466984 0.91375881 0.44943025
v 0.82466984 0.91375881 0.44943025
v 0.82466984 0.91375881 0.44943025
v 0.82466984 0.91375881 0.44943025
v 0.82466984 0.91375881 0.44943025
v 0.84431261 0.88901049 0.43359982
v 0.84431261 0.88901049 0.43359982
v 0.84431261 0.88901049 0.43359982
v 0.84431261 0.88901049 0.43359982
v 0.84431261 0.88901049 0.43359982
v 0.84431261 0.88901049 0.43359982
v 0.84431261 0.88901049 0.43359982
v 0.84431261 0.88901049 0.43359982
v 0.81691122 0.90521359 0.40997002
v 0.81691122 0.90521359 0.40997002
v 0.81691122 0.90521359 0.40997002
v 0.81691122 0.90521359 0.40997002
v 0.83920181 0.88396740 0.40997002
v 0.83920181 0.88396740 0.40997002
v 0.83920181 0.88396740 0.40997002
v 0.83920181 0.88396740 0.40997002
v 0.83920181 0.88396740 0.40997002
v 0.83920181 0.88396740 0.40997002
v 0.86112291 0.86174053 0.40997002
v 0.86112291 0.86174053 0.40997002
v 0.86112291 0.86174053 0.40997002
v 0.86112291 0.86174053 0.40997002
v 0.86112291 0.86174053 0.40997002
v 0.88335192 0.83895338 0.40997002
v 0.88335192 0.83895338 0.40997002
v 0.88335192 0.83895338 0.40997002
v 0.88335192 0.83895338 0.40997002
v 0.88335192 0.83895338 0.40997002
v 0.88335192 0.83895338 0.40997002
v 0.90478045 0.81672662 0.40997002
v 0.90478045 0.81672662 0.40997002
v 0.90478045 0.81672662 0.40997002
v 0.90478045 0.81672662 0.40997002
v 0.90478045 0.81672662 0.40997002
v 0.92700946 0.79328573 0.40997002
v 0.92700946 0.79328573 0.40997002
v 0.92700946 0.79328573 0.40997002
v 0.92700946 0.79328573 0.40997002
v 0.92700946 0.79328573 0.40997002
v 0.92700946 0.79328573 0.40997002
v 0.92559320 0.79001707 0.39993118
v 0.92559320 0.79001707 0.39993118
v 0.92559320 0.79001707 0.39993118
v 1.01530969 0.79001707 0.66503300
v 1.01530969 0.79001707 0.66503300
v 1.01530969 0.79001707 0.66503300
v 1.01530969 0.79001707 0.66503300
v 1.01691067 0.79239845 0.67669347
v 1.01691067 0.79239845 0.67669347
v 1.01691067 0.79239845 0.67669347
v 1.01691067 0.79239845 0.67669347
v 1.01691067 0.79239845 0.67669347
v 1.01691067 0.79239845 0.67669347
v 1.01691067 0.79239845 0.67669347
v 1.01691067 0.79239845 0.67669347
v 0.97928762 0.93509841 0.96388066
v 0.97928762 0.93509841 0.96388066
v 0.97928762 0.93509841 0.96388066
v 0.97928762 0.93509841 0.96388066
v 0.97928762 0.93509841 0.96388066
v 0.97928762 0.93509841 0.96388066
v 0.97928762 0.93509841 0.96388066
v 0.98846251 0.81261742 0.63229103
v 0.98846251 0.81261742 0.63229103
v 0.98846251 0.81261742 0.63229103
v 0.98181224 0.80481935 0.58788860
v 0.98181224 0.80481935 0.58788860
v 0.98181224 0.80481935 0.58788860
v 0.98181224 0.80481935 0.58788860
v 0.97836399 0.80080360 0.56518545
v 0.97836399 0.80080360 0.56518545
v 0.97836399 0.80080360 0.56518545
v 0.97836399 0.80080360 0.56518545
v 0.97836399 0.80080360 0.56518545
v 0.97836399 0.80080360 0.56518545
v 0.97836399 0.80080360 0.56518545
v 0.97836399 0.80080360 0.56518545
v 0.97836399 0.80080360 0.56518545
v 0.97836399 0.80080360 0.56518545
v 0.97836399 0.80080360 0.56518545
v 0.97836399 0.80080360 0.56518545
v 0.96857339 0.83484423 0.63229103
v 0.96857339 0.83484423 0.63229103
v 0.96857339 0.83484423 0.63229103
v 0.96857339 0.83484423 0.63229103
v 0.96857339 0.83484423 0.63229103
v 0.94634438 0.85819173 0.63229103
v 0.94634438 0.85819173 0.63229103
v 0.94634438 0.85819173 0.63229103
v 0.94634438 0.85819173 0.63229103
v 0.94634438 0.85819173 0.63229103
v 0.94634438 0.85819173 0.63229103
v 0.47319284 1.18248862 0.63221382
v 0.47319284 1.18248862 0.63221382
v 0.47319284 1.18248862 0.63221382
v 0.47319284 1.18248862 0.63221382
v 0.83563036 0.96955931 0.63229103
v 0.83563036 0.96955931 0.63229103
v 0.83563036 0.96955931 0.63229103
v 0.83563036 0.96955931 0.63229103
v 0.83563036 0.96955931 0.63229103
v 0.83563036 0.96955931 0.63229103
v 0.83384466 0.92370480 0.49892930
v 0.83384466 0.92370480 0.49892930
v 0.83384466 0.92370480 0.49892930
v 0.83384466 0.92370480 0.49892930
v 0.83384466 0.92370480 0.49892930
v 0.83384466 0.92370480 0.49892930
v 0.83384466 0.92370480 0.49892930
v 0.83384466 0.92370480 0.49892930
v 0.81161571 0.94429731 0.49892930
v 0.81161571 0.94429731 0.49892930
v 0.81161571 0.94429731 0.49892930
v 0.93027300 0.88606864 0.66603687
v 0.93027300 0.88606864 0.66603687
v 0.93027300 0.88606864 0.66603687
v 0.93027300 0.88606864 0.66603687
v 0.92466956 0.88041854 0.63229103
v 0.92466956 0.88041854 0.63229103
v 0.92466956 0.88041854 0.63229103
v 0.92466956 0.88041854 0.63229103
v 0.92466956 0.88041854 0.63229103
v 0.89049476 0.89073819 0.56225103
v 0.89049476 0.89073819 0.56225103
v 0.89049476 0.89073819 0.56225103
v 0.89049476 0.89073819 0.56225103
v 0.89049476 0.89073819 0.56225103
v 0.88532239 0.88550830 0.53259793
v 0.88532239 0.88550830 0.53259793
v 0.88532239 0.88550830 0.53259793
v 0.88532239 0.88550830 0.53259793
v 0.88532239 0.88550830 0.53259793
v 0.88532239 0.88550830 0.53259793
v 0.88532239 0.88550830 0.53259793
v 0.85022396 0.89480060 0.46325292
v 0.85022396 0.89480060 0.46325292
v 0.85022396 0.89480060 0.46325292
v 0.85022396 0.89480060 0.46325292
v 0.85022396 0.89480060 0.46325292
v 0.85022396 0.89480060 0.46325292
v 0.89437407 0.85030025 0.46402513
v 0.89437407 0.85030025 0.46402513
v 0.89437407 0.85030025 0.46402513
v 0.89437407 0.85030025 0.46402513
v 0.89437407 0.85030025 0.46402513
v 0.89437407 0.85030025 0.46402513
v 0.89437407 0.85030025 0.46402513
v 0.89437407 0.85030025 0.46402513
v 0.88846278 0.84422994 0.43437203
v 0.88846278 0.84422994 0.43437203
v 0.88846278 0.84422994 0.43437203
v 0.88846278 0.84422994 0.43437203
v 0.88846278 0.84422994 0.43437203
v 0.88846278 0.84422994 0.43437203
v 0.88846278 0.84422994 0.43437203
v 0.93236655 0.79912257 0.43576202
v 0.93236655 0.79912257 0.43576202
v 0.93236655 0.79912257 0.43576202
v 0.93236655 0.79912257 0.43576202
v 0.93236655 0.79912257 0.43576202
v 0.93236655 0.79912257 0.43576202
v 0.93236655 0.79912257 0.43576202
v 0.93236655 0.79912257 0.43576202
v 0.93236655 0.79912257 0.43576202
v 0.92830253 0.79001707 0.40626337
v 0.92830253 0.79001707 0.40626337
v 0.92830253 0.79001707 0.40626337
v 0.92830253 0.79001707 0.40626337
v 1.00564229 0.79001707 0.63229103
v 1.00564229 0.79001707 0.63229103
v 1.00564229 0.79001707 0.63229103
v 0.98322850 0.79001707 0.55645940
v 0.98322850 0.79001707 0.55645940
v 0.98322850 0.79001707 0.55645940
v 0.98322850 0.79001707 0.55645940
v 0.97331476 0.79435974 0.53553235
v 0.97331476 0.79435974 0.53553235
v 0.97331476 0.79435974 0.53553235
v 0.97331476 0.79435974 0.53553235
v 0.97331476 0.79435974 0.53553235
v 0.97331476 0.79435974 0.53553235
v 0.94455868 0.81201041 0.49892930
v 0.94455868 0.81201041 0.49892930
v 0.94455868 0.81201041 0.49892930
v 0.94455868 0.81201041 0.49892930
v 0.94455868 0.81201041 0.49892930
v 0.94455868 0.81201041 0.49892930
v 0.95410299 0.82078904 0.54904613
v 0.95410299 0.82078904 0.54904613
v 0.95410299 0.82078904 0.54904613
v 0.95410299 0.82078904 0.54904613
v 0.93482959 0.84623784 0.56255991
v 0.93482959 0.84623784 0.56255991
v 0.93482959 0.84623784 0.56255991
v 0.93482959 0.84623784 0.56255991
v 0.93482959 0.84623784 0.56255991
v 0.93482959 0.84623784 0.56255991
v 0.93482959 0.84623784 0.56255991
v 0.93482959 0.84623784 0.56255991
v 0.93482959 0.84623784 0.56255991
v 0.96124583 0.82704616 0.58788860
v 0.96124583 0.82704616 0.58788860
v 0.96124583 0.82704616 0.58788860
v 0.85699737 0.90143126 0.49892930
v 0.85699737 0.90143126 0.49892930
v 0.85699737 0.90143126 0.49892930
v 0.85699737 0.90143126 0.49892930
v 0.85699737 0.90143126 0.49892930
v 0.85699737 0.90143126 0.49892930
v 0.84037179 0.92982185 0.53344737
v 0.84037179 0.92982185 0.53344737
v 0.84037179 0.92982185 0.53344737
v 0.91007602 0.86589646 0.54757892
v 0.91007602 0.86589646 0.54757892
v 0.91007602 0.86589646 0.54757892
v 0.91007602 0.86589646 0.54757892
v 0.92959559 0.84077454 0.53290681
v 0.92959559 0.84077454 0.53290681
v 0.92959559 0.84077454 0.53290681
v 0.92959559 0.84077454 0.53290681
v 0.92959559 0.84077454 0.53290681
v 0.92959559 0.84077454 0.53290681
v 0.92959559 0.84077454 0.53290681
v 0.92959559 0.84077454 0.53290681
v 0.87922627 0.87934458 0.49892930
v 0.87922627 0.87934458 0.49892930
v 0.87922627 0.87934458 0.49892930
v 0.87922627 0.87934458 0.49892930
v 0.87922627 0.87934458 0.49892930
v 0.87922627 0.87934458 0.49892930
v 0.93821633 0.80533296 0.46541512
v 0.93821633 0.80533296 0.46541512
v 0.93821633 0.80533296 0.46541512
v 0.93821633 0.80533296 0.46541512
v 0.93821633 0.80533296 0.46541512
v 0.93821633 0.80533296 0.46541512
v 0.93821633 0.80533296 0.46541512
v 0.91340107 0.82475811 0.44989359
v 0.91340107 0.82475811 0.44989359
v 0.91340107 0.82475811 0.44989359
v 0.91340107 0.82475811 0.44989359
v 0.90108585 0.85711777 0.49892930
v 0.90108585 0.85711777 0.49892930
v 0.90108585 0.85711777 0.49892930
v 0.90108585 0.85711777 0.49892930
v 0.92337644 0.83423722 0.49892930
v 0.92337644 0.83423722 0.49892930
v 0.92337644 0.83423722 0.49892930
v 0.92337644 0.83423722 0.49892930
v 0.92337644 0.83423722 0.49892930
v 0.93667692 0.79001707 0.42742209
v 0.93667692 0.79001707 0.42742209
v 0.93667692 0.79001707 0.42742209
v 0.96992809 0.79001707 0.51661306
v 0.96992809 0.79001707 0.51661306
v 0.96992809 0.79001707 0.51661306
v 0.96992809 0.79001707 0.51661306
v 0.96992809 0.79001707 0.51661306
v 0.96333945 0.79001707 0.49892930
v 0.96333945 0.79001707 0.49892930
v 0.96333945 0.79001707 0.49892930
v 0.97473103 0.79001707 0.53035850
v 0.97473103 0.79001707 0.53035850
v 0.97473103 0.79001707 0.53035850
vn 0.00000000 0.00000000 -1.00000000
vn 0.00000000 0.00000000 -1.00000000
vn 0.32347843 0.84415752 -0.42750414
vn 0.36912081 0.81835027 -0.44051409
vn -1.00000000 0.00000000 0.00000000
vn -1.00000000 0.00000000 0.00000000
vn -1.00000000 0.00000000 0.00000000
vn 0.00000000 0.00000000 -1.00000000
vn -0.68133424 -0.70080230 0.21132865
vn -1.00000000 0.00000000 0.00000000
vn 0.32347843 0.84415752 -0.42750414
vn 0.36690796 0.84629227 -0.38622266
vn -1.00000000 0.00000000 0.00000000
vn 0.32347843 0.84415752 -0.42750414
vn 0.36690796 0.84629227 -0.38622266
vn 0.36912081 0.81835027 -0.44051409
vn 0.37006170 0.84557879 -0.38477375
vn 0.38102157 0.82810766 -0.41116938
vn 0.38215655 0.83812788 -0.38922748
vn 0.38530584 0.83172036 -0.39972572
vn 0.00000000 0.00000000 -1.00000000
vn 0.36912081 0.81835027 -0.44051409
vn 0.38102157 0.82810766 -0.41116938
vn 0.00000000 0.00000000 -1.00000000
vn -0.52410163 -0.82724308 0.20245092
vn -0.56886283 -0.78705572 0.23861763
vn -0.68133424 -0.70080230 0.21132865
vn -0.55788011 -0.77119353 0.30664366
vn -0.56032027 -0.77535988 0.29130439
vn -0.56886283 -0.78705572 0.23861763
vn -0.68133424 -0.70080230 0.21132865
vn -1.00000000 0.00000000 0.00000000
vn 0.35677067 0.86470053 -0.35356426
vn 0.36690796 0.84629227 -0.38622266
vn 0.37006170 0.84557879 -0.38477375
vn -1.00000000 0.00000000 0.00000000
vn 0.35677067 0.86470053 -0.35356426
vn 0.37006170 0.84557879 -0.38477375
vn 0.37951445 0.86419843 -0.33034808
vn 0.38215655 0.83812788 -0.38922748
vn 0.38310546 0.86376884 -0.32731269
vn 0.38546206 0.86233047 -0.32833697
vn 0.39547161 0.83804386 -0.37587856
vn 0.40069141 0.84108186 -0.36335616
vn 0.38215655 0.83812788 -0.38922748
vn 0.38530584 0.83172036 -0.39972572
vn 0.39235069 0.83228245 -0.39162081
vn 0.39547161 0.83804386 -0.37587856
vn 0.00000000 0.00000000 -1.00000000
vn 0.38102157 0.82810766 -0.41116938
vn 0.38530584 0.83172036 -0.39972572
vn 0.39235069 0.83228245 -0.39162081
vn 0.40363835 0.82491526 -0.39571568
vn 0.41416563 0.79302234 -0.44674646
vn -0.00000000 -1.00000000 0.00000000
vn 0.00000000 0.00000000 -1.00000000
vn -0.52410163 -0.82724308 0.20245092
vn -0.00000000 -1.00000000 0.00000000
vn -0.52410163 -0.82724308 0.20245092
vn -0.56032027 -0.77535988 0.29130439
vn -0.56886283 -0.78705572 0.23861763
vn -0.00000000 -1.00000000 0.00000000
vn -0.54179406 -0.75087928 0.37767645
vn -0.55788011 -0.77119353 0.30664366
vn -0.56032027 -0.77535988 0.29130439
vn -0.39710985 -0.54584283 0.73780714
vn -0.54179406 -0.75087928 0.37767645
vn -0.55788011 -0.77119353 0.30664366
vn -1.00000000 0.00000000 0.00000000
vn 0.35677067 0.86470053 -0.35356426
vn 0.37951445 0.86419843 -0.33034808
vn -1.00000000 0.00000000 0.00000000
vn -1.00000000 0.00000000 0.00000000
vn 0.39235069 0.83228245 -0.39162081
vn 0.39547161 0.83804386 -0.37587856
vn 0.40069141 0.84108186 -0.36335616
vn 0.40363835 0.82491526 -0.39571568
vn 0.40769289 0.84069077 -0.35640643
vn 0.41736355 0.82474578 -0.38157839
vn 0.37951445 0.86419843 -0.33034808
vn 0.38310546 0.86376884 -0.32731269
vn 0.38417656 0.86825969 -0.31390044
vn -1.00000000 0.00000000 0.00000000
vn -1.00000000 0.00000000 0.00000000
vn 0.38310546 0.86376884 -0.32731269
vn 0.38417656 0.86825969 -0.31390044
vn 0.38546206 0.86233047 -0.32833697
vn 0.38575401 0.86819403 -0.31214254
vn 0.39094224 0.86214217 -0.32229650
vn 0.38546206 0.86233047 -0.32833697
vn 0.39094224 0.86214217 -0.32229650
vn 0.40069141 0.84108186 -0.36335616
vn 0.40101736 0.85634716 -0.32535305
vn 0.40212674 0.85548302 -0.32625587
vn 0.40769289 0.84069077 -0.35640643
vn 0.40955463 0.84156765 -0.35217737
vn 0.40363835 0.82491526 -0.39571568
vn 0.41416563 0.79302234 -0.44674646
vn 0.41736355 0.82474578 -0.38157839
vn 0.43527849 0.77814221 -0.45279945
vn 0.44978156 0.77806217 -0.43853827
vn 0.46151857 0.79496071 -0.39374875
vn 0.46421473 0.78864302 -0.40317103
vn 0.00000000 0.00000000 -1.00000000
vn 0.41416563 0.79302234 -0.44674646
vn 0.43527849 0.77814221 -0.45279945
vn 0.00000000 -1.00000000 0.00000000
vn 0.00000000 0.00000000 -1.00000000
vn 0.66348410 0.58596418 -0.46522557
vn 0.67090906 0.58653433 -0.45371635
vn -0.00000000 -1.00000000 0.00000000
vn -0.37620920 -0.51743402 0.76858875
vn -0.39710985 -0.54584283 0.73780714
vn -0.54179406 -0.75087928 0.37767645
vn -0.34499523 -0.47194390 0.81132438
vn -0.37620920 -0.51743402 0.76858875
vn -0.39710985 -0.54584283 0.73780714
vn -1.00000000 0.00000000 0.00000000
vn 0.40769289 0.84069077 -0.35640643
vn 0.40955463 0.84156765 -0.35217737
vn 0.41736355 0.82474578 -0.38157839
vn 0.42825736 0.84014656 -0.33279032
vn 0.43550401 0.83752341 -0.32998606
vn 0.45585880 0.82861587 -0.32494384
vn 0.46151857 0.79496071 -0.39374875
vn 0.47348330 0.81597017 -0.33167189
vn 0.48889490 0.79305769 -0.36337483
vn 0.38417656 0.86825969 -0.31390044
vn 0.38575401 0.86819403 -0.31214254
vn 0.38601210 0.86832335 -0.31146304
vn -1.00000000 0.00000000 0.00000000
vn -1.00000000 0.00000000 0.00000000
vn 0.38575401 0.86819403 -0.31214254
vn 0.38601210 0.86832335 -0.31146304
vn 0.38639376 0.86846350 -0.31059783
vn 0.38790726 0.86762409 -0.31105690
vn 0.39094224 0.86214217 -0.32229650
vn 0.39675191 0.86075991 -0.31887348
vn 0.40101736 0.85634716 -0.32535305
vn 0.39675191 0.86075991 -0.31887348
vn 0.40101736 0.85634716 -0.32535305
vn 0.40212674 0.85548302 -0.32625587
vn 0.42825736 0.84014656 -0.33279032
vn 0.43550401 0.83752341 -0.32998606
vn 0.40212674 0.85548302 -0.32625587
vn 0.40955463 0.84156765 -0.35217737
vn 0.42825736 0.84014656 -0.33279032
vn 0.46151857 0.79496071 -0.39374875
vn 0.46421473 0.78864302 -0.40317103
vn 0.48889490 0.79305769 -0.36337483
vn 0.49130707 0.78678405 -0.37361507
vn 0.49332593 0.78983353 -0.36440709
vn 0.00000000 0.00000000 -1.00000000
vn 0.00000000 0.00000000 -1.00000000
vn 0.44978156 0.77806217 -0.43853827
vn 0.46421473 0.78864302 -0.40317103
vn 0.49130707 0.78678405 -0.37361507
vn 0.50483362 0.77666298 -0.37674612
vn 0.00000000 0.00000000 -1.00000000
vn 0.43527849 0.77814221 -0.45279945
vn 0.44978156 0.77806217 -0.43853827
vn 0.00000000 0.00000000 -1.00000000
vn 0.64402949 0.59225964 -0.48420507
vn 0.66348410 0.58596418 -0.46522557
vn 0.63490627 0.60165638 -0.48466857
vn 0.63498433 0.60175514 -0.48444365
vn 0.64402949 0.59225964 -0.48420507
vn 0.66348410 0.58596418 -0.46522557
vn 0.66697853 0.63513253 -0.38954629
vn 0.67090906 0.58653433 -0.45371635
vn 0.00000000 -1.00000000 0.00000000
vn 0.66697853 0.63513253 -0.38954629
vn 0.66710267 0.63536866 -0.38894817
vn 0.67090906 0.58653433 -0.45371635
vn -0.00000000 -1.00000000 0.00000000
vn -0.17409370 -0.28032423 0.94398607
vn -0.20218126 -0.27819245 0.93900569
vn -0.21078783 -0.28887830 0.93387248
vn -0.34499523 -0.47194390 0.81132438
vn -0.37620920 -0.51743402 0.76858875
vn -0.21078783 -0.28887830 0.93387248
vn -0.22673616 -0.16298601 0.96022199
vn -0.34499523 -0.47194390 0.81132438
vn -1.00000000 0.00000000 0.00000000
vn 0.38547489 0.87337377 -0.29770350
vn 0.38553319 0.87272442 -0.29952670
vn 0.38655376 0.86901166 -0.30886067
vn 0.38759112 0.87646168 -0.28563622
vn 0.38790726 0.86762409 -0.31105690
vn 0.39675191 0.86075991 -0.31887348
vn 0.40001631 0.87517032 -0.27214677
vn 0.41392291 0.87087840 -0.26502572
vn 0.43550401 0.83752341 -0.32998606
vn 0.45585880 0.82861587 -0.32494384
vn 0.47160544 0.82309161 -0.31639927
vn 0.47559074 0.83471637 -0.27760049
vn 0.47922290 0.83172447 -0.28032094
vn 0.48830516 0.82045083 -0.29735250
vn 0.45585880 0.82861587 -0.32494384
vn 0.47160544 0.82309161 -0.31639927
vn 0.47348330 0.81597017 -0.33167189
vn 0.47589153 0.82088285 -0.31571918
vn 0.47999376 0.81542791 -0.32354800
vn 0.47348330 0.81597017 -0.33167189
vn 0.47999376 0.81542791 -0.32354800
vn 0.48889490 0.79305769 -0.36337483
vn 0.49332593 0.78983353 -0.36440709
vn 0.51363333 0.78442516 -0.34764632
vn 0.51626741 0.79004567 -0.33059915
vn 0.51662975 0.78597248 -0.33961885
vn 0.38553319 0.87272442 -0.29952670
vn 0.38601210 0.86832335 -0.31146304
vn 0.38639376 0.86846350 -0.31059783
vn 0.38655376 0.86901166 -0.30886067
vn -1.00000000 0.00000000 0.00000000
vn -1.00000000 0.00000000 0.00000000
vn 0.38639376 0.86846350 -0.31059783
vn 0.38655376 0.86901166 -0.30886067
vn 0.38790726 0.86762409 -0.31105690
vn 0.49130707 0.78678405 -0.37361507
vn 0.49332593 0.78983353 -0.36440709
vn 0.50483362 0.77666298 -0.37674612
vn 0.51363333 0.78442516 -0.34764632
vn 0.52681985 0.75997572 -0.38065438
vn 0.52820915 0.76197988 -0.37467553
vn 0.00000000 0.00000000 -1.00000000
vn 0.00000000 0.00000000 -1.00000000
vn 0.50483362 0.77666298 -0.37674612
vn 0.52325471 0.72534981 -0.44729427
vn 0.52681985 0.75997572 -0.38065438
vn 0.53202208 0.75140891 -0.39030393
vn 0.00000000 0.00000000 -1.00000000
vn 0.63490627 0.60165638 -0.48466857
vn 0.64402949 0.59225964 -0.48420507
vn 0.00000000 0.00000000 -1.00000000
vn 0.60309388 0.60947549 -0.51460412
vn 0.63490627 0.60165638 -0.48466857
vn 0.63498433 0.60175514 -0.48444365
vn 0.59429997 0.64409037 -0.48161722
vn 0.59602557 0.64641837 -0.47633687
vn 0.60309388 0.60947549 -0.51460412
vn 0.62844047 0.67671473 -0.38356192
vn 0.63498433 0.60175514 -0.48444365
vn 0.63715245 0.67540591 -0.37129989
vn 0.66697853 0.63513253 -0.38954629
vn 0.66708966 0.64579601 -0.37140127
vn 0.66710267 0.63536866 -0.38894817
vn 0.66814544 0.63887057 -0.38134770
vn 0.00000000 -1.00000000 0.00000000
vn 0.66710267 0.63536866 -0.38894817
vn 0.66814544 0.63887057 -0.38134770
vn 0.66860012 0.63871924 -0.38080391
vn 0.00000000 -1.00000000 0.00000000
vn 0.08785947 0.07925260 0.99297520
vn 0.13902707 0.11683394 0.98337241
vn 0.28729902 0.20204133 0.93628979
vn 0.30088852 0.20018922 0.93241105
vn -0.17409370 -0.28032423 0.94398607
vn 0.01355132 0.00903464 0.99986736
vn 0.07971544 0.07521793 0.99397571
vn 0.08785947 0.07925260 0.99297520
vn -0.01359290 -0.02197977 0.99966601
vn -0.03808047 -0.05257533 0.99789063
vn -0.17409370 -0.28032423 0.94398607
vn -0.20218126 -0.27819245 0.93900569
vn -0.03813317 -0.00148692 0.99927156
vn -0.03808047 -0.05257533 0.99789063
vn -0.20218126 -0.27819245 0.93900569
vn -0.21078783 -0.28887830 0.93387248
vn -0.22673616 -0.16298601 0.96022199
vn 0.17325691 0.38139914 0.90802904
vn 0.17449733 0.38616344 0.90577507
vn 0.17578991 0.44073874 0.88025410
vn -0.03813317 -0.00148692 0.99927156
vn -0.22673616 -0.16298601 0.96022199
vn -1.00000000 0.00000000 0.00000000
vn 0.37010203 0.88224071 -0.29099111
vn 0.38547489 0.87337377 -0.29770350
vn 0.38553319 0.87272442 -0.29952670
vn -1.00000000 0.00000000 0.00000000
vn -1.00000000 0.00000000 0.00000000
vn 0.37010203 0.88224071 -0.29099111
vn 0.37838095 0.88168528 -0.28188459
vn 0.38216546 0.88097309 -0.27899100
vn 0.38547489 0.87337377 -0.29770350
vn 0.38677721 0.87854760 -0.28028112
vn 0.38747642 0.87775274 -0.28180161
vn 0.38759112 0.87646168 -0.28563622
vn 0.38747642 0.87775274 -0.28180161
vn 0.38759112 0.87646168 -0.28563622
vn 0.38781906 0.87821877 -0.27987169
vn 0.39374527 0.87745515 -0.27392905
vn 0.40001631 0.87517032 -0.27214677
vn 0.39207270 0.87973910 -0.26895744
vn 0.39374527 0.87745515 -0.27392905
vn 0.40001631 0.87517032 -0.27214677
vn 0.40090880 0.87870456 -0.25913402
vn 0.41392291 0.87087840 -0.26502572
vn 0.41620596 0.87047791 -0.26275616
vn 0.41392291 0.87087840 -0.26502572
vn 0.41620596 0.87047791 -0.26275616
vn 0.42918949 0.86575308 -0.25742567
vn 0.43593720 0.86289290 -0.25568459
vn 0.43970224 0.86091095 -0.25591849
vn 0.46571351 0.84467892 -0.26387203
vn 0.46706083 0.84362526 -0.26485958
vn 0.47559074 0.83471637 -0.27760049
vn 0.46706083 0.84362526 -0.26485958
vn 0.47559074 0.83471637 -0.27760049
vn 0.47922290 0.83172447 -0.28032094
vn 0.49908398 0.81771544 -0.28680419
vn 0.50607991 0.81863895 -0.27150210
vn 0.50769592 0.81576723 -0.27707161
vn 0.47922290 0.83172447 -0.28032094
vn 0.48830516 0.82045083 -0.29735250
vn 0.48956092 0.81978185 -0.29713269
vn 0.49899915 0.81722466 -0.28834650
vn 0.49908398 0.81771544 -0.28680419
vn 0.47160544 0.82309161 -0.31639927
vn 0.47589153 0.82088285 -0.31571918
vn 0.48830516 0.82045083 -0.29735250
vn 0.48897790 0.81880557 -0.30076243
vn 0.48956092 0.81978185 -0.29713269
vn 0.47589153 0.82088285 -0.31571918
vn 0.47999376 0.81542791 -0.32354800
vn 0.48897790 0.81880557 -0.30076243
vn 0.51626741 0.79004567 -0.33059915
vn 0.51723869 0.79945093 -0.30551980
vn 0.52470090 0.78865969 -0.32047597
vn 0.52490231 0.78875386 -0.31991391
vn 0.51626741 0.79004567 -0.33059915
vn 0.51662975 0.78597248 -0.33961885
vn 0.52470090 0.78865969 -0.32047597
vn 0.52513036 0.78467257 -0.32943445
vn 0.51363333 0.78442516 -0.34764632
vn 0.51662975 0.78597248 -0.33961885
vn 0.52513036 0.78467257 -0.32943445
vn 0.52820915 0.76197988 -0.37467553
vn 0.53661520 0.75543622 -0.37597906
vn 0.54497350 0.76977433 -0.33234225
vn 0.54683162 0.76651731 -0.33678835
vn 0.54736546 0.76224719 -0.34550004
vn 0.52681985 0.75997572 -0.38065438
vn 0.52820915 0.76197988 -0.37467553
vn 0.53202208 0.75140891 -0.39030393
vn 0.53616070 0.75313674 -0.38120434
vn 0.53654867 0.75371431 -0.37951320
vn 0.53661520 0.75543622 -0.37597906
vn 0.52325471 0.72534981 -0.44729427
vn 0.53202208 0.75140891 -0.39030393
vn 0.53404394 0.71578740 -0.44993942
vn 0.53559126 0.71541891 -0.44868452
vn 0.53616070 0.75313674 -0.38120434
vn 0.53681080 0.75306772 -0.38042498
vn 0.55674576 0.73692704 -0.38337019
vn 0.55728725 0.73212428 -0.39169499
vn 0.00000000 0.00000000 -1.00000000
vn 0.52325471 0.72534981 -0.44729427
vn 0.53404394 0.71578740 -0.44993942
vn 0.00000000 0.00000000 -1.00000000
vn 0.59429997 0.64409037 -0.48161722
vn 0.60309388 0.60947549 -0.51460412
vn 0.52757289 0.69882843 -0.48301726
vn 0.53559126 0.71541891 -0.44868452
vn 0.55728725 0.73212428 -0.39169499
vn 0.57347606 0.73007226 -0.37164461
vn 0.58495093 0.64696144 -0.48915570
vn 0.59602557 0.64641837 -0.47633687
vn 0.62591940 0.68371882 -0.37517127
vn 0.62844047 0.67671473 -0.38356192
vn 0.62591940 0.68371882 -0.37517127
vn 0.62844047 0.67671473 -0.38356192
vn 0.63275650 0.68267150 -0.36548439
vn 0.63715245 0.67540591 -0.37129989
vn 0.63805564 0.67712999 -0.36657875
vn 0.63715245 0.67540591 -0.37129989
vn 0.63805564 0.67712999 -0.36657875
vn 0.65823312 0.66673831 -0.34955570
vn 0.66708966 0.64579601 -0.37140127
vn 0.66813267 0.64803256 -0.36558520
vn 0.66708966 0.64579601 -0.37140127
vn 0.66814544 0.63887057 -0.38134770
vn 0.66813267 0.64803256 -0.36558520
vn 0.66860012 0.63871924 -0.38080391
vn 0.67168626 0.64642945 -0.36189298
vn 0.67454006 0.63951895 -0.36879699
vn 0.67509057 0.63770813 -0.37091922
vn 0.00000000 0.00000000 -1.00000000
vn 0.58495093 0.64696144 -0.48915570
vn 0.59429997 0.64409037 -0.48161722
vn 0.59602557 0.64641837 -0.47633687
vn 0.00000000 -1.00000000 0.00000000
vn 0.66860012 0.63871924 -0.38080391
vn 0.67509057 0.63770813 -0.37091922
vn 0.00000000 -1.00000000 0.00000000
vn 0.30088852 0.20018922 0.93241105
vn 0.42672853 0.34353807 0.83659091
vn 0.82573188 0.41228131 0.38495582
vn 0.28729902 0.20204133 0.93628979
vn 0.30088852 0.20018922 0.93241105
vn 0.41593162 0.36448700 0.83315672
vn 0.42672853 0.34353807 0.83659091
vn 0.43349670 0.36849305 0.82237065
vn 0.13902707 0.11683394 0.98337241
vn 0.28729902 0.20204133 0.93628979
vn 0.40341235 0.38470368 0.83021777
vn 0.41243535 0.38388518 0.82615329
vn 0.41593162 0.36448700 0.83315672
vn 0.07971544 0.07521793 0.99397571
vn 0.08785947 0.07925260 0.99297520
vn 0.09298061 0.09298971 0.99131605
vn 0.13902707 0.11683394 0.98337241
vn 0.38692865 0.38696652 0.83698455
vn 0.40334644 0.38555307 0.82985570
vn 0.40341235 0.38470368 0.83021777
vn 0.01355132 0.00903464 0.99986736
vn 0.06057393 0.07959359 0.99498526
vn 0.07971544 0.07521793 0.99397571
vn 0.09298061 0.09298971 0.99131605
vn 0.12262657 0.13786095 0.98283116
vn 0.12599571 0.14476247 0.98141169
vn 0.01355132 0.00903464 0.99986736
vn 0.06057393 0.07959359 0.99498526
vn 0.17346353 0.35175425 0.91988007
vn 0.19132069 0.35057105 0.91678587
vn 0.19210948 0.34559968 0.91850683
vn -0.01359290 -0.02197977 0.99966601
vn 0.17325691 0.38139914 0.90802904
vn 0.17346353 0.35175425 0.91988007
vn -0.01359290 -0.02197977 0.99966601
vn -0.03813317 -0.00148692 0.99927156
vn -0.03808047 -0.05257533 0.99789063
vn 0.17325691 0.38139914 0.90802904
vn 0.17346353 0.35175425 0.91988007
vn 0.17449733 0.38616344 0.90577507
vn 0.19132069 0.35057105 0.91678587
vn 0.25439114 0.55145950 0.79446684
vn 0.27028420 0.44991536 0.85118895
vn 0.28968952 0.59565363 0.74918405
vn 0.17449733 0.38616344 0.90577507
vn 0.17578991 0.44073874 0.88025410
vn 0.25439114 0.55145950 0.79446684
vn 0.25903960 0.60228342 0.75508487
vn 0.17578991 0.44073874 0.88025410
vn 0.24595217 0.91550072 0.31838022
vn 0.25903960 0.60228342 0.75508487
vn 0.25961847 0.60380364 0.75367063
vn -1.00000000 0.00000000 0.00000000
vn 0.37010203 0.88224071 -0.29099111
vn 0.37838095 0.88168528 -0.28188459
vn -1.00000000 0.00000000 0.00000000
vn -1.00000000 0.00000000 0.00000000
vn 0.37838095 0.88168528 -0.28188459
vn 0.38007502 0.88350223 -0.27380064
vn 0.38216546 0.88097309 -0.27899100
vn -1.00000000 0.00000000 0.00000000
vn -1.00000000 0.00000000 0.00000000
vn 0.38007502 0.88350223 -0.27380064
vn 0.38216546 0.88097309 -0.27899100
vn 0.38265810 0.88304303 -0.27167591
vn 0.38677721 0.87854760 -0.28028112
vn 0.38729578 0.87850563 -0.27969598
vn 0.38677721 0.87854760 -0.28028112
vn 0.38729578 0.87850563 -0.27969598
vn 0.38747642 0.87775274 -0.28180161
vn 0.38781906 0.87821877 -0.27987169
vn 0.38265810 0.88304303 -0.27167591
vn 0.38287788 0.88317824 -0.27092567
vn 0.38595444 0.88293802 -0.26731931
vn 0.38729578 0.87850563 -0.27969598
vn 0.38781906 0.87821877 -0.27987169
vn 0.39207270 0.87973910 -0.26895744
vn 0.39374527 0.87745515 -0.27392905
vn 0.38330798 0.88553665 -0.26248778
vn 0.38595444 0.88293802 -0.26731931
vn 0.39015635 0.88465890 -0.25525802
vn 0.39207270 0.87973910 -0.26895744
vn 0.39985477 0.87962968 -0.25761947
vn 0.40090880 0.87870456 -0.25913402
vn 0.39985477 0.87962968 -0.25761947
vn 0.40060632 0.88128299 -0.25070873
vn 0.40090880 0.87870456 -0.25913402
vn 0.41620596 0.87047791 -0.26275616
vn 0.42918949 0.86575308 -0.25742567
vn 0.39659492 0.88453623 -0.24557714
vn 0.40047081 0.88384885 -0.24173197
vn 0.40060632 0.88128299 -0.25070873
vn 0.40981835 0.88068990 -0.23755887
vn 0.42887694 0.87043639 -0.24167138
vn 0.42918949 0.86575308 -0.25742567
vn 0.43593720 0.86289290 -0.25568459
vn 0.43931334 0.86363046 -0.24727761
vn 0.44084548 0.86254927 -0.24832242
vn 0.44150757 0.86179693 -0.24975409
vn 0.43593720 0.86289290 -0.25568459
vn 0.43970224 0.86091095 -0.25591849
vn 0.44150757 0.86179693 -0.24975409
vn 0.44434104 0.86048419 -0.24925490
vn 0.45048819 0.85720616 -0.24951550
vn 0.45996445 0.85121874 -0.25270411
vn 0.46206418 0.85077134 -0.25036936
vn 0.43970224 0.86091095 -0.25591849
vn 0.45996445 0.85121874 -0.25270411
vn 0.46571351 0.84467892 -0.26387203
vn 0.45996445 0.85121874 -0.25270411
vn 0.46206418 0.85077134 -0.25036936
vn 0.46571351 0.84467892 -0.26387203
vn 0.46706083 0.84362526 -0.26485958
vn 0.47815314 0.84267498 -0.24752465
vn 0.50231738 0.82735838 -0.25130731
vn 0.50603012 0.82426348 -0.25401423
vn 0.50607991 0.81863895 -0.27150210
vn 0.50693355 0.82339464 -0.25502872
vn 0.51243806 0.81726991 -0.26358514
vn 0.50607991 0.81863895 -0.27150210
vn 0.50769592 0.81576723 -0.27707161
vn 0.51185488 0.81360187 -0.27578356
vn 0.51243806 0.81726991 -0.26358514
vn 0.51389738 0.81627209 -0.26383587
vn 0.51833457 0.81204253 -0.26817195
vn 0.49899915 0.81722466 -0.28834650
vn 0.49908398 0.81771544 -0.28680419
vn 0.50769592 0.81576723 -0.27707161
vn 0.50991773 0.80949009 -0.29104930
vn 0.51185488 0.81360187 -0.27578356
vn 0.51533280 0.80858512 -0.28394050
vn 0.48897790 0.81880557 -0.30076243
vn 0.48956092 0.81978185 -0.29713269
vn 0.49899915 0.81722466 -0.28834650
vn 0.50991773 0.80949009 -0.29104930
vn 0.51723869 0.79945093 -0.30551980
vn 0.51798646 0.80060669 -0.30119589
vn 0.52470090 0.78865969 -0.32047597
vn 0.52490231 0.78875386 -0.31991391
vn 0.52513036 0.78467257 -0.32943445
vn 0.53807344 0.78465022 -0.30789772
vn 0.54103242 0.78228647 -0.30872609
vn 0.54497350 0.76977433 -0.33234225
vn 0.54653931 0.76955625 -0.33026954
vn 0.54718314 0.77371871 -0.31929606
vn 0.51723869 0.79945093 -0.30551980
vn 0.51798646 0.80060669 -0.30119589
vn 0.52490231 0.78875386 -0.31991391
vn 0.53807344 0.78465022 -0.30789772
vn 0.53848153 0.78576569 -0.30431877
vn 0.54497350 0.76977433 -0.33234225
vn 0.54653931 0.76955625 -0.33026954
vn 0.54683162 0.76651731 -0.33678835
vn 0.54712950 0.76724938 -0.33463070
vn 0.54683162 0.76651731 -0.33678835
vn 0.54712950 0.76724938 -0.33463070
vn 0.54736546 0.76224719 -0.34550004
vn 0.55164019 0.75888777 -0.34609602
vn 0.55205853 0.75946328 -0.34416117
vn 0.53654867 0.75371431 -0.37951320
vn 0.53661520 0.75543622 -0.37597906
vn 0.53681080 0.75306772 -0.38042498
vn 0.54736546 0.76224719 -0.34550004
vn 0.55164019 0.75888777 -0.34609602
vn 0.55674576 0.73692704 -0.38337019
vn 0.56704405 0.73560353 -0.37060557
vn 0.53616070 0.75313674 -0.38120434
vn 0.53654867 0.75371431 -0.37951320
vn 0.53681080 0.75306772 -0.38042498
vn 0.55674576 0.73692704 -0.38337019
vn 0.55728725 0.73212428 -0.39169499
vn 0.56704405 0.73560353 -0.37060557
vn 0.57340805 0.73060342 -0.37070453
vn 0.57347606 0.73007226 -0.37164461
vn 0.00000000 0.00000000 -1.00000000
vn 0.52757289 0.69882843 -0.48301726
vn 0.53404394 0.71578740 -0.44993942
vn 0.53559126 0.71541891 -0.44868452
vn 0.57340805 0.73060342 -0.37070453
vn 0.57347606 0.73007226 -0.37164461
vn 0.59948361 0.72004304 -0.34951026
vn 0.61514229 0.71067479 -0.34138147
vn 0.62220643 0.70374580 -0.34293005
vn 0.62591940 0.68371882 -0.37517127
vn 0.63275650 0.68267150 -0.36548439
vn 0.00000000 0.00000000 -1.00000000
vn 0.52757289 0.69882843 -0.48301726
vn 0.58495093 0.64696144 -0.48915570
vn 0.62220643 0.70374580 -0.34293005
vn 0.63062953 0.70221185 -0.33046166
vn 0.63275650 0.68267150 -0.36548439
vn 0.63805564 0.67712999 -0.36657875
vn 0.65823312 0.66673831 -0.34955570
vn 0.65995517 0.67429851 -0.33133169
vn 0.66092139 0.66936046 -0.33932211
vn 0.65823312 0.66673831 -0.34955570
vn 0.66092139 0.66936046 -0.33932211
vn 0.66601610 0.66834874 -0.33125900
vn 0.66813267 0.64803256 -0.36558520
vn 0.67168626 0.64642945 -0.36189298
vn 0.67900393 0.65523522 -0.33108981
vn 0.67916648 0.65443505 -0.33233666
vn 0.67168626 0.64642945 -0.36189298
vn 0.67454006 0.63951895 -0.36879699
vn 0.67916648 0.65443505 -0.33233666
vn 0.69148534 0.64153546 -0.33208476
vn 0.69728974 0.63240840 -0.33741167
vn 0.69799590 0.62830105 -0.34356879
vn 0.00000000 -1.00000000 0.00000000
vn 0.67454006 0.63951895 -0.36879699
vn 0.67509057 0.63770813 -0.37091922
vn 0.69799590 0.62830105 -0.34356879
vn 0.00000000 -1.00000000 0.00000000
vn 0.79481368 0.55386346 0.24800502
vn 0.82573188 0.41228131 0.38495582
vn 0.42672853 0.34353807 0.83659091
vn 0.43349670 0.36849305 0.82237065
vn 0.57346205 0.47844978 0.66500157
vn 0.78356512 0.57555703 0.23400816
vn 0.78375824 0.57538727 0.23377877
vn 0.78931695 0.56804478 0.23303195
vn 0.79481368 0.55386346 0.24800502
vn 0.82573188 0.41228131 0.38495582
vn 0.41243535 0.38388518 0.82615329
vn 0.41593162 0.36448700 0.83315672
vn 0.43349670 0.36849305 0.82237065
vn 0.51087717 0.47024437 0.71963515
vn 0.57346205 0.47844978 0.66500157
vn 0.40334644 0.38555307 0.82985570
vn 0.40341235 0.38470368 0.83021777
vn 0.41243535 0.38388518 0.82615329
vn 0.48328123 0.46586909 0.74121876
vn 0.51087717 0.47024437 0.71963515
vn 0.51453453 0.47898568 0.71121511
vn 0.09298061 0.09298971 0.99131605
vn 0.12262657 0.13786095 0.98283116
vn 0.38193238 0.39462253 0.83570372
vn 0.38630754 0.39427880 0.83385293
vn 0.38692865 0.38696652 0.83698455
vn 0.38630754 0.39427880 0.83385293
vn 0.38692865 0.38696652 0.83698455
vn 0.40334644 0.38555307 0.82985570
vn 0.48248468 0.49024788 0.72585505
vn 0.48328123 0.46586909 0.74121876
vn 0.49544025 0.49548941 0.71346282
vn 0.06057393 0.07959359 0.99498526
vn 0.12599571 0.14476247 0.98141169
vn 0.19210948 0.34559968 0.91850683
vn 0.27103969 0.40427028 0.87355768
vn 0.27670326 0.37533842 0.88462217
vn 0.27822987 0.40340777 0.87169393
vn 0.28065760 0.38528998 0.87908074
vn 0.12262657 0.13786095 0.98283116
vn 0.12599571 0.14476247 0.98141169
vn 0.27670326 0.37533842 0.88462217
vn 0.34153741 0.42762481 0.83695234
vn 0.37958219 0.42093193 0.82385294
vn 0.38193238 0.39462253 0.83570372
vn 0.19132069 0.35057105 0.91678587
vn 0.19210948 0.34559968 0.91850683
vn 0.27028420 0.44991536 0.85118895
vn 0.27103969 0.40427028 0.87355768
vn 0.28183406 0.45333010 0.84561302
vn 0.27028420 0.44991536 0.85118895
vn 0.28183406 0.45333010 0.84561302
vn 0.28968952 0.59565363 0.74918405
vn 0.38331664 0.58176044 0.71737239
vn 0.43055660 0.86974074 0.24118884
vn 0.46381212 0.86346986 0.19823753
vn 0.50828241 0.83667370 0.20402477
vn 0.50968188 0.83540699 0.20571715
vn 0.25439114 0.55145950 0.79446684
vn 0.25903960 0.60228342 0.75508487
vn 0.25961847 0.60380364 0.75367063
vn 0.28968952 0.59565363 0.74918405
vn 0.40470270 0.89175119 0.20247356
vn 0.40768615 0.89026419 0.20303121
vn 0.42063446 0.88068588 0.21785094
vn 0.43055660 0.86974074 0.24118884
vn 0.24595217 0.91550072 0.31838022
vn 0.25961847 0.60380364 0.75367063
vn 0.38324043 0.90601575 0.17961690
vn 0.39215936 0.90186786 0.18123299
vn 0.40221995 0.89492670 0.19319759
vn 0.40393592 0.89314702 0.19779830
vn 0.40470270 0.89175119 0.20247356
vn 0.24595217 0.91550072 0.31838022
vn 0.38324043 0.90601575 0.17961690
vn 0.38694202 0.91476665 -0.11609415
vn -1.00000000 0.00000000 0.00000000
vn 0.38007502 0.88350223 -0.27380064
vn 0.38019609 0.88772258 -0.25961425
vn 0.38265810 0.88304303 -0.27167591
vn 0.38287788 0.88317824 -0.27092567
vn 0.38330828 0.88553601 -0.26248949
vn -1.00000000 0.00000000 0.00000000
vn 0.38287788 0.88317824 -0.27092567
vn 0.38331358 0.88552493 -0.26251915
vn 0.38595444 0.88293802 -0.26731931
vn 0.38019609 0.88772258 -0.25961425
vn 0.38052081 0.88900497 -0.25470390
vn 0.38330626 0.88554026 -0.26247813
vn 0.38944127 0.88626892 -0.25072475
vn 0.39015635 0.88465890 -0.25525802
vn 0.39065858 0.88579769 -0.25049616
vn 0.39015635 0.88465890 -0.25525802
vn 0.39065858 0.88579769 -0.25049616
vn 0.39606338 0.88471825 -0.24577919
vn 0.39659492 0.88453623 -0.24557714
vn 0.39985477 0.87962968 -0.25761947
vn 0.40060632 0.88128299 -0.25070873
vn 0.44084548 0.86254927 -0.24832242
vn 0.44150757 0.86179693 -0.24975409
vn 0.44434104 0.86048419 -0.24925490
vn 0.38900039 0.88994127 -0.23808241
vn 0.39424063 0.88565573 -0.24533293
vn 0.39606338 0.88471825 -0.24577919
vn 0.39659492 0.88453623 -0.24557714
vn 0.40047081 0.88384885 -0.24173197
vn 0.40056891 0.88406536 -0.24077579
vn 0.40047081 0.88384885 -0.24173197
vn 0.40056891 0.88406536 -0.24077579
vn 0.40981835 0.88068990 -0.23755887
vn 0.41134162 0.88206707 -0.22968623
vn 0.41153319 0.88035429 -0.23583203
vn 0.41207351 0.88175581 -0.22956941
vn 0.41215632 0.88168729 -0.22968390
vn 0.40981835 0.88068990 -0.23755887
vn 0.41153319 0.88035429 -0.23583203
vn 0.42450190 0.87344184 -0.23853196
vn 0.42887694 0.87043639 -0.24167138
vn 0.41946637 0.87780741 -0.23130523
vn 0.42450190 0.87344184 -0.23853196
vn 0.42547265 0.87673084 -0.22431241
vn 0.42887694 0.87043639 -0.24167138
vn 0.43144038 0.87453483 -0.22146789
vn 0.43931334 0.86363046 -0.24727761
vn 0.45048819 0.85720616 -0.24951550
vn 0.46206418 0.85077134 -0.25036936
vn 0.47815314 0.84267498 -0.24752465
vn 0.49269320 0.83890846 -0.23127041
vn 0.49325155 0.83506422 -0.24366095
vn 0.43931334 0.86363046 -0.24727761
vn 0.44084548 0.86254927 -0.24832242
vn 0.44434104 0.86048419 -0.24925490
vn 0.45048819 0.85720616 -0.24951550
vn 0.47815314 0.84267498 -0.24752465
vn 0.49325155 0.83506422 -0.24366095
vn 0.50231738 0.82735838 -0.25130731
vn 0.49269320 0.83890846 -0.23127041
vn 0.49325155 0.83506422 -0.24366095
vn 0.49505396 0.84124791 -0.21730974
vn 0.49672598 0.84124388 -0.21347609
vn 0.50231738 0.82735838 -0.25130731
vn 0.50329836 0.83791147 -0.21117559
vn 0.50603012 0.82426348 -0.25401423
vn 0.51400876 0.83093428 -0.21293947
vn 0.50603012 0.82426348 -0.25401423
vn 0.50693355 0.82339464 -0.25502872
vn 0.50884305 0.82159262 -0.25702981
vn 0.51400876 0.83093428 -0.21293947
vn 0.51810643 0.82926813 -0.20947574
vn 0.57708139 0.79209040 -0.19892177
vn 0.60413017 0.75077603 -0.26713685
vn 0.60996900 0.76360178 -0.21177853
vn 0.61238272 0.76103180 -0.21405138
vn 0.50693355 0.82339464 -0.25502872
vn 0.50884305 0.82159262 -0.25702981
vn 0.51243806 0.81726991 -0.26358514
vn 0.51389738 0.81627209 -0.26383587
vn 0.51185488 0.81360187 -0.27578356
vn 0.51533280 0.80858512 -0.28394050
vn 0.51833457 0.81204253 -0.26817195
vn 0.54819345 0.78500871 -0.28852257
vn 0.55109580 0.78436305 -0.28472449
vn 0.50884305 0.82159262 -0.25702981
vn 0.51389738 0.81627209 -0.26383587
vn 0.51833457 0.81204253 -0.26817195
vn 0.55109580 0.78436305 -0.28472449
vn 0.55166002 0.78390438 -0.28489497
vn 0.55413133 0.78210540 -0.28504318
vn 0.57002646 0.77123461 -0.28331433
vn 0.57254984 0.76951220 -0.28290927
vn 0.58017452 0.76451315 -0.28092199
vn 0.59714617 0.75339396 -0.27534341
vn 0.60413017 0.75077603 -0.26713685
vn 0.60605444 0.74808113 -0.27031952
vn 0.50991773 0.80949009 -0.29104930
vn 0.51533280 0.80858512 -0.28394050
vn 0.51798646 0.80060669 -0.30119589
vn 0.53848153 0.78576569 -0.30431877
vn 0.54644047 0.78393008 -0.29471418
vn 0.54819345 0.78500871 -0.28852257
vn 0.54835497 0.78468175 -0.28910444
vn 0.53807344 0.78465022 -0.30789772
vn 0.53848153 0.78576569 -0.30431877
vn 0.54103242 0.78228647 -0.30872609
vn 0.54644047 0.78393008 -0.29471418
vn 0.54824605 0.78113629 -0.29875133
vn 0.54103242 0.78228647 -0.30872609
vn 0.54718314 0.77371871 -0.31929606
vn 0.54824605 0.78113629 -0.29875133
vn 0.55380746 0.77692882 -0.29946435
vn 0.55383795 0.77671910 -0.29995159
vn 0.54653931 0.76955625 -0.33026954
vn 0.54712950 0.76724938 -0.33463070
vn 0.54718314 0.77371871 -0.31929606
vn 0.55205853 0.75946328 -0.34416117
vn 0.55383795 0.77671910 -0.29995159
vn 0.55902791 0.77556361 -0.29323861
vn 0.56289422 0.77349431 -0.29130166
vn 0.59948361 0.72004304 -0.34951026
vn 0.61514229 0.71067479 -0.34138147
vn 0.61859347 0.72772363 -0.29624387
vn 0.62587571 0.71939347 -0.30125178
vn 0.62806349 0.70804345 -0.32281685
vn 0.63039321 0.70982464 -0.31425051
vn 0.55164019 0.75888777 -0.34609602
vn 0.55205853 0.75946328 -0.34416117
vn 0.56704405 0.73560353 -0.37060557
vn 0.57340805 0.73060342 -0.37070453
vn 0.59948361 0.72004304 -0.34951026
vn 0.61514229 0.71067479 -0.34138147
vn 0.62220643 0.70374580 -0.34293005
vn 0.62806349 0.70804345 -0.32281685
vn 0.63062953 0.70221185 -0.33046166
vn 0.62806349 0.70804345 -0.32281685
vn 0.63039321 0.70982464 -0.31425051
vn 0.63062953 0.70221185 -0.33046166
vn 0.63684349 0.70827072 -0.30460296
vn 0.65995517 0.67429851 -0.33133169
vn 0.66373461 0.68285032 -0.30524059
vn 0.66500977 0.67326073 -0.32323675
vn 0.66716626 0.67535675 -0.31429675
vn 0.65995517 0.67429851 -0.33133169
vn 0.66092139 0.66936046 -0.33932211
vn 0.66500977 0.67326073 -0.32323675
vn 0.66601610 0.66834874 -0.33125900
vn 0.66500977 0.67326073 -0.32323675
vn 0.66601610 0.66834874 -0.33125900
vn 0.66716626 0.67535675 -0.31429675
vn 0.67278654 0.67285329 -0.30761456
vn 0.67900393 0.65523522 -0.33108981
vn 0.68315973 0.66235356 -0.30753949
vn 0.68371762 0.66105562 -0.30908847
vn 0.68379642 0.66041588 -0.31027944
vn 0.67900393 0.65523522 -0.33108981
vn 0.67916648 0.65443505 -0.33233666
vn 0.68379642 0.66041588 -0.31027944
vn 0.69148534 0.64153546 -0.33208476
vn 0.70011448 0.64325864 -0.30993231
vn 0.70341845 0.63637388 -0.31659242
vn 0.00000000 -1.00000000 0.00000000
vn 0.69148534 0.64153546 -0.33208476
vn 0.69728974 0.63240840 -0.33741167
vn 0.70341845 0.63637388 -0.31659242
vn 0.00000000 -1.00000000 0.00000000
vn 0.69728974 0.63240840 -0.33741167
vn 0.69799590 0.62830105 -0.34356879
vn 0.00000000 -1.00000000 0.00000000
vn 0.78931695 0.56804478 0.23303195
vn 0.79464991 0.57188273 -0.20367048
vn 0.79481368 0.55386346 0.24800502
vn 0.80217024 0.55679289 -0.21564923
vn 0.78375824 0.57538727 0.23377877
vn 0.78931695 0.56804478 0.23303195
vn 0.78937476 0.57951058 -0.20262027
vn 0.79075043 0.57711765 -0.20408081
vn 0.79464991 0.57188273 -0.20367048
vn 0.75804547 0.65177357 0.02362790
vn 0.75823862 0.65193964 -0.00699319
vn 0.78356512 0.57555703 0.23400816
vn 0.78375824 0.57538727 0.23377877
vn 0.78652354 0.58327406 -0.20290905
vn 0.78937476 0.57951058 -0.20262027
vn 0.51087717 0.47024437 0.71963515
vn 0.51453453 0.47898568 0.71121511
vn 0.57346205 0.47844978 0.66500157
vn 0.72080572 0.69231982 0.03365077
vn 0.72480502 0.68870419 0.01855326
vn 0.72684739 0.68664413 0.01458471
vn 0.75366878 0.65709585 0.01443616
vn 0.75804547 0.65177357 0.02362790
vn 0.78356512 0.57555703 0.23400816
vn 0.48328123 0.46586909 0.74121876
vn 0.49544025 0.49548941 0.71346282
vn 0.51453453 0.47898568 0.71121511
vn 0.70663681 0.70670693 0.03506756
vn 0.70741088 0.70600055 0.03366117
vn 0.72080572 0.69231982 0.03365077
vn 0.37958219 0.42093193 0.82385294
vn 0.38193238 0.39462253 0.83570372
vn 0.38630754 0.39427880 0.83385293
vn 0.43241185 0.48262408 0.76163901
vn 0.48248468 0.49024788 0.72585505
vn 0.48924159 0.50675580 0.70981774
vn 0.48248468 0.49024788 0.72585505
vn 0.48924159 0.50675580 0.70981774
vn 0.49544025 0.49548941 0.71346282
vn 0.69931660 0.71401904 0.03366150
vn 0.70592879 0.70748247 0.03366156
vn 0.70663681 0.70670693 0.03506756
vn 0.27670326 0.37533842 0.88462217
vn 0.28065760 0.38528998 0.87908074
vn 0.34153741 0.42762481 0.83695234
vn 0.34824152 0.45707472 0.81841954
vn 0.27822987 0.40340777 0.87169393
vn 0.28065760 0.38528998 0.87908074
vn 0.34824152 0.45707472 0.81841954
vn 0.35687529 0.47188621 0.80620310
vn 0.36683366 0.50590232 0.78070219
vn 0.27103969 0.40427028 0.87355768
vn 0.27822987 0.40340777 0.87169393
vn 0.28183406 0.45333010 0.84561302
vn 0.36683366 0.50590232 0.78070219
vn 0.37573865 0.52080049 0.76654244
vn 0.38331664 0.58176044 0.71737239
vn 0.34153741 0.42762481 0.83695234
vn 0.34824152 0.45707472 0.81841954
vn 0.35687529 0.47188621 0.80620310
vn 0.37958219 0.42093193 0.82385294
vn 0.43241185 0.48262408 0.76163901
vn 0.44380329 0.58508276 0.67876123
vn 0.37573865 0.52080049 0.76654244
vn 0.38331664 0.58176044 0.71737239
vn 0.45815929 0.61189218 0.64473097
vn 0.50968188 0.83540699 0.20571715
vn 0.54299463 0.82931558 0.13188062
vn 0.55556913 0.82356883 0.11435616
vn 0.58058332 0.80594988 0.11561923
vn 0.50828241 0.83667370 0.20402477
vn 0.50968188 0.83540699 0.20571715
vn 0.50986280 0.83927515 -0.18883099
vn 0.54299463 0.82931558 0.13188062
vn 0.54408732 0.83098446 -0.11590438
vn 0.46381212 0.86346986 0.19823753
vn 0.46415168 0.86410200 -0.19465601
vn 0.50560523 0.83930240 -0.19983704
vn 0.50828241 0.83667370 0.20402477
vn 0.50986280 0.83927515 -0.18883099
vn 0.42063446 0.88068588 0.21785094
vn 0.42209152 0.88373654 -0.20211008
vn 0.42505706 0.88174654 -0.20457157
vn 0.43055660 0.86974074 0.24118884
vn 0.45736228 0.86627148 -0.20098124
vn 0.46381212 0.86346986 0.19823753
vn 0.46415168 0.86410200 -0.19465601
vn 0.40768615 0.89026419 0.20303121
vn 0.41182890 0.89931072 -0.14709585
vn 0.42063446 0.88068588 0.21785094
vn 0.42111261 0.88424486 -0.20192867
vn 0.42209152 0.88373654 -0.20211008
vn 0.40393592 0.89314702 0.19779830
vn 0.40470270 0.89175119 0.20247356
vn 0.40768615 0.89026419 0.20303121
vn 0.40842264 0.90306764 -0.13289015
vn 0.41182890 0.89931072 -0.14709585
vn 0.40221995 0.89492670 0.19319759
vn 0.40393592 0.89314702 0.19779830
vn 0.40651595 0.90448517 -0.12904015
vn 0.40842264 0.90306764 -0.13289015
vn 0.39215936 0.90186786 0.18123299
vn 0.39592113 0.91051900 -0.11917050
vn 0.40221995 0.89492670 0.19319759
vn 0.40651595 0.90448517 -0.12904015
vn 0.38324043 0.90601575 0.17961690
vn 0.38694202 0.91476665 -0.11609415
vn 0.38716772 0.91442145 -0.11804475
vn 0.39215936 0.90186786 0.18123299
vn 0.39592113 0.91051900 -0.11917050
vn 0.31783602 0.92778727 -0.19542528
vn 0.38694202 0.91476665 -0.11609415
vn 0.38716772 0.91442145 -0.11804475
vn -1.00000000 0.00000000 0.00000000
vn 0.37906593 0.88970852 -0.25441655
vn 0.38019609 0.88772258 -0.25961425
vn 0.38052081 0.88900497 -0.25470390
vn -1.00000000 0.00000000 0.00000000
vn 0.36540197 0.89868722 -0.24257511
vn 0.36968577 0.89479749 -0.25033954
vn 0.37199323 0.89329311 -0.25228645
vn 0.37408771 0.89751831 -0.23349362
vn 0.37416645 0.89750230 -0.23342897
vn 0.37906593 0.88970852 -0.25441655
vn 0.38052081 0.88900497 -0.25470390
vn 0.38693815 0.89124938 -0.23654474
vn 0.38900039 0.88994127 -0.23808241
vn 0.38944127 0.88626892 -0.25072475
vn 0.39424063 0.88565573 -0.24533293
vn 0.38944127 0.88626892 -0.25072475
vn 0.39065858 0.88579769 -0.25049616
vn 0.39424063 0.88565573 -0.24533293
vn 0.39606338 0.88471825 -0.24577919
vn 0.37654799 0.89897640 -0.22372536
vn 0.37679773 0.89894423 -0.22343396
vn 0.38693815 0.89124938 -0.23654474
vn 0.38900039 0.88994127 -0.23808241
vn 0.40056891 0.88406536 -0.24077579
vn 0.40387329 0.88842600 -0.21814126
vn 0.40605723 0.88714805 -0.21928486
vn 0.40621849 0.88704758 -0.21939266
vn 0.40650811 0.88681470 -0.21979728
vn 0.41134162 0.88206707 -0.22968623
vn 0.40650811 0.88681470 -0.21979728
vn 0.41134162 0.88206707 -0.22968623
vn 0.41207351 0.88175581 -0.22956941
vn 0.41243837 0.88227580 -0.22690088
vn 0.41207351 0.88175581 -0.22956941
vn 0.41215632 0.88168729 -0.22968390
vn 0.41243837 0.88227580 -0.22690088
vn 0.41946637 0.87780741 -0.23130523
vn 0.42547265 0.87673084 -0.22431241
vn 0.41153319 0.88035429 -0.23583203
vn 0.41215632 0.88168729 -0.22968390
vn 0.41946637 0.87780741 -0.23130523
vn 0.42450190 0.87344184 -0.23853196
vn 0.40622530 0.88706245 -0.21931991
vn 0.40621849 0.88704758 -0.21939266
vn 0.40650811 0.88681470 -0.21979728
vn 0.40973195 0.88635813 -0.21561308
vn 0.41193679 0.88560184 -0.21451682
vn 0.41243837 0.88227580 -0.22690088
vn 0.42547265 0.87673084 -0.22431241
vn 0.43144038 0.87453483 -0.22146789
vn 0.43244989 0.87648743 -0.21155820
vn 0.44099284 0.87208576 -0.21211257
vn 0.43144038 0.87453483 -0.22146789
vn 0.44099284 0.87208576 -0.21211257
vn 0.44243892 0.87144150 -0.21174872
vn 0.45240102 0.86643977 -0.21122368
vn 0.49269320 0.83890846 -0.23127041
vn 0.49505396 0.84124791 -0.21730974
vn 0.45240102 0.86643977 -0.21122368
vn 0.45638722 0.86442466 -0.21090453
vn 0.49505396 0.84124791 -0.21730974
vn 0.49672598 0.84124388 -0.21347609
vn 0.45638722 0.86442466 -0.21090453
vn 0.45736228 0.86627148 -0.20098124
vn 0.46415168 0.86410200 -0.19465601
vn 0.49672598 0.84124388 -0.21347609
vn 0.50329836 0.83791147 -0.21117559
vn 0.50560523 0.83930240 -0.19983704
vn 0.50595311 0.83659673 -0.21004133
vn 0.50329836 0.83791147 -0.21117559
vn 0.50595311 0.83659673 -0.21004133
vn 0.51400876 0.83093428 -0.21293947
vn 0.51810643 0.82926813 -0.20947574
vn 0.60413017 0.75077603 -0.26713685
vn 0.60605444 0.74808113 -0.27031952
vn 0.61238272 0.76103180 -0.21405138
vn 0.61638606 0.74085991 -0.26682356
vn 0.61812746 0.75629274 -0.21433557
vn 0.63754287 0.72591743 -0.25803675
vn 0.64352285 0.73272634 -0.22133788
vn 0.50560523 0.83930240 -0.19983704
vn 0.50595311 0.83659673 -0.21004133
vn 0.50986280 0.83927515 -0.18883099
vn 0.51810643 0.82926813 -0.20947574
vn 0.54408732 0.83098446 -0.11590438
vn 0.55645765 0.82488595 -0.09958943
vn 0.57708139 0.79209040 -0.19892177
vn 0.58277724 0.80636722 -0.10071049
vn 0.57708139 0.79209040 -0.19892177
vn 0.58277724 0.80636722 -0.10071049
vn 0.59035159 0.80526065 -0.05513880
vn 0.59164537 0.80478256 -0.04775759
vn 0.59995912 0.79975848 -0.02086697
vn 0.60417304 0.79672288 -0.01440802
vn 0.60996900 0.76360178 -0.21177853
vn 0.61812746 0.75629274 -0.21433557
vn 0.64352285 0.73272634 -0.22133788
vn 0.64814884 0.72844359 -0.22197524
vn 0.68004854 0.69864364 -0.22233092
vn 0.69480895 0.71904638 -0.01458819
vn 0.69627716 0.71756296 -0.01736381
vn 0.69898539 0.71457840 -0.02823352
vn 0.60996900 0.76360178 -0.21177853
vn 0.61238272 0.76103180 -0.21405138
vn 0.61812746 0.75629274 -0.21433557
vn 0.54819345 0.78500871 -0.28852257
vn 0.54835497 0.78468175 -0.28910444
vn 0.55109580 0.78436305 -0.28472449
vn 0.55166002 0.78390438 -0.28489497
vn 0.57002646 0.77123461 -0.28331433
vn 0.57135871 0.77019296 -0.28346435
vn 0.57254984 0.76951220 -0.28290927
vn 0.55413133 0.78210540 -0.28504318
vn 0.55861126 0.77586029 -0.29324779
vn 0.55902791 0.77556361 -0.29323861
vn 0.56289422 0.77349431 -0.29130166
vn 0.57002646 0.77123461 -0.28331433
vn 0.57135871 0.77019296 -0.28346435
vn 0.54644047 0.78393008 -0.29471418
vn 0.54824605 0.78113629 -0.29875133
vn 0.54835497 0.78468175 -0.28910444
vn 0.55166002 0.78390438 -0.28489497
vn 0.55380746 0.77692882 -0.29946435
vn 0.55413133 0.78210540 -0.28504318
vn 0.55861126 0.77586029 -0.29324779
vn 0.59714617 0.75339396 -0.27534341
vn 0.60114018 0.74746232 -0.28271992
vn 0.60605444 0.74808113 -0.27031952
vn 0.61638606 0.74085991 -0.26682356
vn 0.61688448 0.73008823 -0.29398082
vn 0.64768666 0.70229550 -0.29543699
vn 0.64990581 0.70070303 -0.29434283
vn 0.65790691 0.69713604 -0.28488567
vn 0.65966003 0.70195854 -0.26851973
vn 0.66042635 0.69924073 -0.27367764
vn 0.58017452 0.76451315 -0.28092199
vn 0.59714617 0.75339396 -0.27534341
vn 0.60114018 0.74746232 -0.28271992
vn 0.56289422 0.77349431 -0.29130166
vn 0.57135871 0.77019296 -0.28346435
vn 0.57254984 0.76951220 -0.28290927
vn 0.58017452 0.76451315 -0.28092199
vn 0.60114018 0.74746232 -0.28271992
vn 0.61688448 0.73008823 -0.29398082
vn 0.61859347 0.72772363 -0.29624387
vn 0.55380746 0.77692882 -0.29946435
vn 0.55383795 0.77671910 -0.29995159
vn 0.55861126 0.77586029 -0.29324779
vn 0.55902791 0.77556361 -0.29323861
vn 0.61688448 0.73008823 -0.29398082
vn 0.61859347 0.72772363 -0.29624387
vn 0.62587571 0.71939347 -0.30125178
vn 0.63702547 0.70865415 -0.30332795
vn 0.64768666 0.70229550 -0.29543699
vn 0.62587571 0.71939347 -0.30125178
vn 0.63039321 0.70982464 -0.31425051
vn 0.63684349 0.70827072 -0.30460296
vn 0.63702547 0.70865415 -0.30332795
vn 0.63684349 0.70827072 -0.30460296
vn 0.63702547 0.70865415 -0.30332795
vn 0.64768666 0.70229550 -0.29543699
vn 0.64990581 0.70070303 -0.29434283
vn 0.65933526 0.69174600 -0.29455812
vn 0.66373461 0.68285032 -0.30524059
vn 0.66476730 0.68391275 -0.30057909
vn 0.66373461 0.68285032 -0.30524059
vn 0.66476730 0.68391275 -0.30057909
vn 0.66716626 0.67535675 -0.31429675
vn 0.67278654 0.67285329 -0.30761456
vn 0.67436303 0.67442995 -0.30063058
vn 0.67278654 0.67285329 -0.30761456
vn 0.67436303 0.67442995 -0.30063058
vn 0.68000429 0.67064957 -0.29635001
vn 0.68315973 0.66235356 -0.30753949
vn 0.68367018 0.66692469 -0.29632169
vn 0.68528819 0.66441720 -0.29821113
vn 0.68315973 0.66235356 -0.30753949
vn 0.68371762 0.66105562 -0.30908847
vn 0.68528819 0.66441720 -0.29821113
vn 0.68621263 0.66346794 -0.29819879
vn 0.68371762 0.66105562 -0.30908847
vn 0.68379642 0.66041588 -0.31027944
vn 0.68621263 0.66346794 -0.29819879
vn 0.68735976 0.66267473 -0.29731932
vn 0.69282252 0.65700397 -0.29722507
vn 0.70011448 0.64325864 -0.30993231
vn 0.70098412 0.64367096 -0.30709763
vn 0.00000000 -1.00000000 0.00000000
vn 0.70011448 0.64325864 -0.30993231
vn 0.70098412 0.64367096 -0.30709763
vn 0.70341845 0.63637388 -0.31659242
vn 0.70350213 0.64057120 -0.30782023
vn -0.00000000 -1.00000000 0.00000000
vn 0.79918157 0.55792487 -0.22367088
vn 0.80068718 0.55897597 -0.21551311
vn 0.80217024 0.55679289 -0.21564923
vn 0.78900399 0.57584304 -0.21419035
vn 0.79075043 0.57711765 -0.20408081
vn 0.79464991 0.57188273 -0.20367048
vn 0.80068718 0.55897597 -0.21551311
vn 0.80217024 0.55679289 -0.21564923
vn 0.78215983 0.58497719 -0.21454065
vn 0.78652354 0.58327406 -0.20290905
vn 0.78900399 0.57584304 -0.21419035
vn 0.78937476 0.57951058 -0.20262027
vn 0.79075043 0.57711765 -0.20408081
vn 0.70240229 0.67484672 -0.22630272
vn 0.70538893 0.67159669 -0.22668115
vn 0.71804073 0.69543111 -0.02816152
vn 0.72178772 0.65401846 -0.22645607
vn 0.72492845 0.68882148 -0.00192540
vn 0.72692331 0.68671585 0.00196001
vn 0.73453565 0.64024769 -0.22481166
vn 0.75374577 0.65716298 0.00203234
vn 0.75823862 0.65193964 -0.00699319
vn 0.75872538 0.61269020 -0.22123860
vn 0.76911495 0.60026016 -0.21943093
vn 0.78215983 0.58497719 -0.21454065
vn 0.78652354 0.58327406 -0.20290905
vn 0.75366878 0.65709585 0.01443616
vn 0.75374577 0.65716298 0.00203234
vn 0.75804547 0.65177357 0.02362790
vn 0.75823862 0.65193964 -0.00699319
vn 0.72684739 0.68664413 0.01458471
vn 0.72692331 0.68671585 0.00196001
vn 0.75366878 0.65709585 0.01443616
vn 0.75374577 0.65716298 0.00203234
vn 0.72480502 0.68870419 0.01855326
vn 0.72492845 0.68882148 -0.00192540
vn 0.72684739 0.68664413 0.01458471
vn 0.72692331 0.68671585 0.00196001
vn 0.70741088 0.70600055 0.03366117
vn 0.70753142 0.70612085 -0.02815384
vn 0.71804073 0.69543111 -0.02816152
vn 0.72080572 0.69231982 0.03365077
vn 0.72480502 0.68870419 0.01855326
vn 0.72492845 0.68882148 -0.00192540
vn 0.70592879 0.70748247 0.03366156
vn 0.70604732 0.70760125 -0.02824271
vn 0.70663681 0.70670693 0.03506756
vn 0.70673690 0.70685838 -0.02956677
vn 0.70741088 0.70600055 0.03366117
vn 0.70753142 0.70612085 -0.02815384
vn 0.43241185 0.48262408 0.76163901
vn 0.44380329 0.58508276 0.67876123
vn 0.45815929 0.61189218 0.64473097
vn 0.48924159 0.50675580 0.70981774
vn 0.58058332 0.80594988 0.11561923
vn 0.59021783 0.80507819 0.05909336
vn 0.59153159 0.80462779 0.05161874
vn 0.59991133 0.79969477 0.02438615
vn 0.60413953 0.79667869 0.01784632
vn 0.69476889 0.71900492 0.01811392
vn 0.69622964 0.71751399 0.02092745
vn 0.69931660 0.71401904 0.03366150
vn 0.69622964 0.71751399 0.02092745
vn 0.69627716 0.71756296 -0.01736381
vn 0.69898539 0.71457840 -0.02823352
vn 0.69931660 0.71401904 0.03366150
vn 0.70592879 0.70748247 0.03366156
vn 0.70604732 0.70760125 -0.02824271
vn 0.35687529 0.47188621 0.80620310
vn 0.36683366 0.50590232 0.78070219
vn 0.37573865 0.52080049 0.76654244
vn 0.44380329 0.58508276 0.67876123
vn 0.45815929 0.61189218 0.64473097
vn 0.55556913 0.82356883 0.11435616
vn 0.55645765 0.82488595 -0.09958943
vn 0.58058332 0.80594988 0.11561923
vn 0.58277724 0.80636722 -0.10071049
vn 0.59021783 0.80507819 0.05909336
vn 0.59035159 0.80526065 -0.05513880
vn 0.54299463 0.82931558 0.13188062
vn 0.54408732 0.83098446 -0.11590438
vn 0.55556913 0.82356883 0.11435616
vn 0.55645765 0.82488595 -0.09958943
vn 0.42456428 0.88072432 -0.20992820
vn 0.42505706 0.88174654 -0.20457157
vn 0.42819587 0.87884993 -0.21040699
vn 0.44243892 0.87144150 -0.21174872
vn 0.45240102 0.86643977 -0.21122368
vn 0.45638722 0.86442466 -0.21090453
vn 0.45736228 0.86627148 -0.20098124
vn 0.41972497 0.88299173 -0.21013461
vn 0.42111261 0.88424486 -0.20192867
vn 0.42209152 0.88373654 -0.20211008
vn 0.42456428 0.88072432 -0.20992820
vn 0.42505706 0.88174654 -0.20457157
vn 0.31783602 0.92778727 -0.19542528
vn 0.32680400 0.91831815 -0.22336276
vn 0.37509532 0.89960694 -0.22363108
vn 0.37593456 0.89927556 -0.22355463
vn 0.37679773 0.89894423 -0.22343396
vn 0.38716772 0.91442145 -0.11804475
vn 0.39592113 0.91051900 -0.11917050
vn 0.40387329 0.88842600 -0.21814126
vn 0.40651595 0.90448517 -0.12904015
vn 0.40842264 0.90306764 -0.13289015
vn 0.40973195 0.88635813 -0.21561308
vn 0.41182890 0.89931072 -0.14709585
vn 0.41193679 0.88560184 -0.21451682
vn 0.41972497 0.88299173 -0.21013461
vn 0.42111261 0.88424486 -0.20192867
vn 0.31783602 0.92778727 -0.19542528
vn 0.32680400 0.91831815 -0.22336276
vn -1.00000000 0.00000000 0.00000000
vn 0.37199323 0.89329311 -0.25228645
vn 0.37906593 0.88970852 -0.25441655
vn -1.00000000 0.00000000 0.00000000
vn 0.36540197 0.89868722 -0.24257511
vn 0.36968577 0.89479749 -0.25033954
vn -1.00000000 0.00000000 0.00000000
vn 0.36540197 0.89868722 -0.24257511
vn 0.37408771 0.89751831 -0.23349362
vn -1.00000000 0.00000000 0.00000000
vn -1.00000000 0.00000000 0.00000000
vn 0.37408771 0.89751831 -0.23349362
vn 0.37416645 0.89750230 -0.23342897
vn 0.37504857 0.89961823 -0.22366406
vn -1.00000000 0.00000000 0.00000000
vn -1.00000000 0.00000000 0.00000000
vn 0.37416645 0.89750230 -0.23342897
vn 0.37504857 0.89961823 -0.22366406
vn 0.37509532 0.89960694 -0.22363108
vn 0.37593456 0.89927556 -0.22355463
vn 0.37654799 0.89897640 -0.22372536
vn 0.38693815 0.89124938 -0.23654474
vn 0.36968577 0.89479749 -0.25033954
vn 0.37199323 0.89329311 -0.25228645
vn -1.00000000 0.00000000 0.00000000
vn 0.37593456 0.89927556 -0.22355463
vn 0.37654799 0.89897640 -0.22372536
vn 0.37679773 0.89894423 -0.22343396
vn 0.40387329 0.88842600 -0.21814126
vn 0.40605723 0.88714805 -0.21928486
vn 0.40622530 0.88706245 -0.21931991
vn 0.40973195 0.88635813 -0.21561308
vn 0.40605723 0.88714805 -0.21928486
vn 0.40622530 0.88706245 -0.21931991
vn 0.40621849 0.88704758 -0.21939266
vn 0.41193679 0.88560184 -0.21451682
vn 0.41972497 0.88299173 -0.21013461
vn 0.42456428 0.88072432 -0.20992820
vn 0.42819587 0.87884993 -0.21040699
vn 0.43244989 0.87648743 -0.21155820
vn 0.42819587 0.87884993 -0.21040699
vn 0.43244989 0.87648743 -0.21155820
vn 0.44099284 0.87208576 -0.21211257
vn 0.44243892 0.87144150 -0.21174872
vn 0.63754287 0.72591743 -0.25803675
vn 0.64352285 0.73272634 -0.22133788
vn 0.64814884 0.72844359 -0.22197524
vn 0.65090823 0.71494455 -0.25528957
vn 0.65738245 0.70962332 -0.25354104
vn 0.66002329 0.70766238 -0.25215713
vn 0.66185364 0.70962485 -0.24162437
vn 0.61638606 0.74085991 -0.26682356
vn 0.63754287 0.72591743 -0.25803675
vn 0.65090823 0.71494455 -0.25528957
vn 0.65703740 0.70925084 -0.25547035
vn 0.65966003 0.70195854 -0.26851973
vn 0.66250836 0.70111218 -0.26367477
vn 0.59021783 0.80507819 0.05909336
vn 0.59035159 0.80526065 -0.05513880
vn 0.59153159 0.80462779 0.05161874
vn 0.59164537 0.80478256 -0.04775759
vn 0.59153159 0.80462779 0.05161874
vn 0.59164537 0.80478256 -0.04775759
vn 0.59991133 0.79969477 0.02438615
vn 0.59995912 0.79975848 -0.02086697
vn 0.59991133 0.79969477 0.02438615
vn 0.59995912 0.79975848 -0.02086697
vn 0.60413953 0.79667869 0.01784632
vn 0.60417304 0.79672288 -0.01440802
vn 0.60413953 0.79667869 0.01784632
vn 0.60417304 0.79672288 -0.01440802
vn 0.69476889 0.71900492 0.01811392
vn 0.69480895 0.71904638 -0.01458819
vn 0.69476889 0.71900492 0.01811392
vn 0.69480895 0.71904638 -0.01458819
vn 0.69622964 0.71751399 0.02092745
vn 0.69627716 0.71756296 -0.01736381
vn 0.68004854 0.69864364 -0.22233092
vn 0.68875840 0.68921744 -0.22492484
vn 0.69898539 0.71457840 -0.02823352
vn 0.70604732 0.70760125 -0.02824271
vn 0.70673690 0.70685838 -0.02956677
vn 0.64814884 0.72844359 -0.22197524
vn 0.66185364 0.70962485 -0.24162437
vn 0.68004854 0.69864364 -0.22233092
vn 0.68206412 0.69013395 -0.24187533
vn 0.68345411 0.68914846 -0.24075895
vn 0.68875840 0.68921744 -0.22492484
vn 0.68902120 0.68551765 -0.23519215
vn 0.69112868 0.68532369 -0.22950510
vn 0.69159861 0.68578201 -0.22670334
vn 0.65966003 0.70195854 -0.26851973
vn 0.66042635 0.69924073 -0.27367764
vn 0.66250836 0.70111218 -0.26367477
vn 0.66266247 0.70096677 -0.26367412
vn 0.66341342 0.69837477 -0.26861742
vn 0.65790691 0.69713604 -0.28488567
vn 0.66016971 0.69262147 -0.29060532
vn 0.66042635 0.69924073 -0.27367764
vn 0.66341342 0.69837477 -0.26861742
vn 0.68123291 0.67186129 -0.29073034
vn 0.68475937 0.67018319 -0.28628500
vn 0.68610015 0.67603616 -0.26877815
vn 0.68707652 0.67266802 -0.27466996
vn 0.64990581 0.70070303 -0.29434283
vn 0.65790691 0.69713604 -0.28488567
vn 0.65933526 0.69174600 -0.29455812
vn 0.66016971 0.69262147 -0.29060532
vn 0.65933526 0.69174600 -0.29455812
vn 0.66016971 0.69262147 -0.29060532
vn 0.66476730 0.68391275 -0.30057909
vn 0.67436303 0.67442995 -0.30063058
vn 0.68000429 0.67064957 -0.29635001
vn 0.68123291 0.67186129 -0.29073034
vn 0.68000429 0.67064957 -0.29635001
vn 0.68123291 0.67186129 -0.29073034
vn 0.68367018 0.66692469 -0.29632169
vn 0.68475937 0.67018319 -0.28628500
vn 0.68545679 0.66866753 -0.28815401
vn 0.68367018 0.66692469 -0.29632169
vn 0.68528819 0.66441720 -0.29821113
vn 0.68545679 0.66866753 -0.28815401
vn 0.68621263 0.66346794 -0.29819879
vn 0.68735976 0.66267473 -0.29731932
vn 0.68939036 0.66463241 -0.28810534
vn 0.68735976 0.66267473 -0.29731932
vn 0.68939036 0.66463241 -0.28810534
vn 0.69104949 0.66379552 -0.28605264
vn 0.69282252 0.65700397 -0.29722507
vn 0.69377261 0.65790495 -0.29298573
vn 0.69282252 0.65700397 -0.29722507
vn 0.69377261 0.65790495 -0.29298573
vn 0.70098412 0.64367096 -0.30709763
vn 0.70350213 0.64057120 -0.30782023
vn 0.71449274 0.62931964 -0.30570724
vn 0.72919212 0.61909005 -0.29155850
vn 0.00000000 -1.00000000 0.00000000
vn 0.70350213 0.64057120 -0.30782023
vn 0.71449274 0.62931964 -0.30570724
vn 0.00000000 -1.00000000 0.00000000
vn 0.78104315 0.58210158 -0.22611801
vn 0.79908088 0.55299513 -0.23593672
vn 0.79918157 0.55792487 -0.22367088
vn 0.76911495 0.60026016 -0.21943093
vn 0.76983444 0.59894865 -0.22048910
vn 0.77311786 0.59396082 -0.22248444
vn 0.78104315 0.58210158 -0.22611801
vn 0.78215983 0.58497719 -0.21454065
vn 0.78900399 0.57584304 -0.21419035
vn 0.79918157 0.55792487 -0.22367088
vn 0.80068718 0.55897597 -0.21551311
vn 0.68875840 0.68921744 -0.22492484
vn 0.69159861 0.68578201 -0.22670334
vn 0.69953648 0.67769158 -0.22667782
vn 0.70240229 0.67484672 -0.22630272
vn 0.70673690 0.70685838 -0.02956677
vn 0.70753142 0.70612085 -0.02815384
vn 0.71804073 0.69543111 -0.02816152
vn 0.75872538 0.61269020 -0.22123860
vn 0.76911495 0.60026016 -0.21943093
vn 0.76983444 0.59894865 -0.22048910
vn 0.73453565 0.64024769 -0.22481166
vn 0.75872538 0.61269020 -0.22123860
vn 0.76983444 0.59894865 -0.22048910
vn 0.77311786 0.59396082 -0.22248444
vn 0.70762276 0.66408501 -0.24137344
vn 0.70859173 0.66539060 -0.23484700
vn 0.70930510 0.66498497 -0.23384025
vn 0.70936217 0.65883053 -0.25049482
vn 0.72178772 0.65401846 -0.22645607
vn 0.72463195 0.63742748 -0.26190598
vn 0.73453565 0.64024769 -0.22481166
vn 0.77311786 0.59396082 -0.22248444
vn 0.78104315 0.58210158 -0.22611801
vn 0.78660259 0.56187208 -0.25603933
vn 0.79908088 0.55299513 -0.23593672
vn 0.79972100 0.55188106 -0.23637601
vn 0.70459320 0.67083908 -0.23135115
vn 0.70538893 0.67159669 -0.22668115
vn 0.70820156 0.66615208 -0.23386310
vn 0.70930510 0.66498497 -0.23384025
vn 0.72178772 0.65401846 -0.22645607
vn 0.69650113 0.67920366 -0.23144882
vn 0.69683458 0.67952883 -0.22948232
vn 0.69953648 0.67769158 -0.22667782
vn 0.70240229 0.67484672 -0.22630272
vn 0.70459320 0.67083908 -0.23135115
vn 0.70538893 0.67159669 -0.22668115
vn 0.32680400 0.91831815 -0.22336276
vn 0.37504857 0.89961823 -0.22366406
vn 0.37509532 0.89960694 -0.22363108
vn -1.00000000 0.00000000 0.00000000
vn 0.66002329 0.70766238 -0.25215713
vn 0.66185364 0.70962485 -0.24162437
vn 0.66617639 0.70248117 -0.25045803
vn 0.67445635 0.69565957 -0.24731841
vn 0.67949618 0.69173771 -0.24450745
vn 0.68206412 0.69013395 -0.24187533
vn 0.65703740 0.70925084 -0.25547035
vn 0.65738245 0.70962332 -0.25354104
vn 0.66002329 0.70766238 -0.25215713
vn 0.66250836 0.70111218 -0.26367477
vn 0.66266247 0.70096677 -0.26367412
vn 0.66617639 0.70248117 -0.25045803
vn 0.67006624 0.69651472 -0.25666804
vn 0.67117808 0.69767044 -0.25055129
vn 0.65090823 0.71494455 -0.25528957
vn 0.65703740 0.70925084 -0.25547035
vn 0.65738245 0.70962332 -0.25354104
vn 0.69112868 0.68532369 -0.22950510
vn 0.69159861 0.68578201 -0.22670334
vn 0.69683458 0.67952883 -0.22948232
vn 0.69953648 0.67769158 -0.22667782
vn 0.68902120 0.68551765 -0.23519215
vn 0.68933181 0.68513383 -0.23540025
vn 0.69112868 0.68532369 -0.22950510
vn 0.69650113 0.67920366 -0.23144882
vn 0.69683458 0.67952883 -0.22948232
vn 0.68345411 0.68914846 -0.24075895
vn 0.68806109 0.68455134 -0.24075175
vn 0.68859630 0.68437099 -0.23973211
vn 0.68902120 0.68551765 -0.23519215
vn 0.68933181 0.68513383 -0.23540025
vn 0.67949618 0.69173771 -0.24450745
vn 0.68206412 0.69013395 -0.24187533
vn 0.68257050 0.68696559 -0.24935073
vn 0.68345411 0.68914846 -0.24075895
vn 0.68806109 0.68455134 -0.24075175
vn 0.68916887 0.68035174 -0.24933465
vn 0.68938189 0.68057078 -0.24814516
vn 0.66266247 0.70096677 -0.26367412
vn 0.66341342 0.69837477 -0.26861742
vn 0.67006624 0.69651472 -0.25666804
vn 0.68120582 0.68559212 -0.25675294
vn 0.68610015 0.67603616 -0.26877815
vn 0.68679005 0.67678431 -0.26510831
vn 0.68610015 0.67603616 -0.26877815
vn 0.68679005 0.67678431 -0.26510831
vn 0.68707652 0.67266802 -0.27466996
vn 0.68761709 0.67625650 -0.26431019
vn 0.69081265 0.67300029 -0.26428866
vn 0.69211181 0.66750772 -0.27461736
vn 0.69302763 0.66725244 -0.27292287
vn 0.69375848 0.66808633 -0.26899782
vn 0.68475937 0.67018319 -0.28628500
vn 0.68545679 0.66866753 -0.28815401
vn 0.68707652 0.67266802 -0.27466996
vn 0.68939036 0.66463241 -0.28810534
vn 0.69104949 0.66379552 -0.28605264
vn 0.69211181 0.66750772 -0.27461736
vn 0.69264807 0.66560367 -0.27786760
vn 0.69104949 0.66379552 -0.28605264
vn 0.69264807 0.66560367 -0.27786760
vn 0.69356983 0.66535009 -0.27617051
vn 0.69377261 0.65790495 -0.29298573
vn 0.72919212 0.61909005 -0.29155850
vn 0.73415077 0.61367118 -0.29056898
vn 0.73990830 0.61411760 -0.27458202
vn 0.74409996 0.60782768 -0.27723774
vn 0.74471846 0.60686784 -0.27767937
vn 0.00000000 -1.00000000 0.00000000
vn 0.71449274 0.62931964 -0.30570724
vn 0.72919212 0.61909005 -0.29155850
vn 0.73415077 0.61367118 -0.29056898
vn 0.00000000 -1.00000000 0.00000000
vn 0.79908088 0.55299513 -0.23593672
vn 0.79972100 0.55188106 -0.23637601
vn 0.00000000 -1.00000000 0.00000000
vn 0.78660259 0.56187208 -0.25603933
vn 0.78669718 0.56170322 -0.25611918
vn 0.79972100 0.55188106 -0.23637601
vn 0.72463195 0.63742748 -0.26190598
vn 0.72584155 0.63521551 -0.26392291
vn 0.73903605 0.61560593 -0.27359652
vn 0.77306174 0.57394136 -0.27012378
vn 0.78660259 0.56187208 -0.25603933
vn 0.78669718 0.56170322 -0.25611918
vn 0.69809825 0.66529042 -0.26466486
vn 0.69971777 0.66683383 -0.25637410
vn 0.70555307 0.66291211 -0.25048435
vn 0.70936217 0.65883053 -0.25049482
vn 0.72463195 0.63742748 -0.26190598
vn 0.72584155 0.63521551 -0.26392291
vn 0.70488044 0.66495832 -0.24692913
vn 0.70555307 0.66291211 -0.25048435
vn 0.70762276 0.66408501 -0.24137344
vn 0.70936217 0.65883053 -0.25049482
vn 0.68859630 0.68437099 -0.23973211
vn 0.68933181 0.68513383 -0.23540025
vn 0.68991810 0.68039592 -0.24713239
vn 0.69650113 0.67920366 -0.23144882
vn 0.70459320 0.67083908 -0.23135115
vn 0.70488044 0.66495832 -0.24692913
vn 0.70762276 0.66408501 -0.24137344
vn 0.70820156 0.66615208 -0.23386310
vn 0.70859173 0.66539060 -0.23484700
vn 0.70820156 0.66615208 -0.23386310
vn 0.70859173 0.66539060 -0.23484700
vn 0.70930510 0.66498497 -0.23384025
vn 0.67006624 0.69651472 -0.25666804
vn 0.67117808 0.69767044 -0.25055129
vn 0.67445635 0.69565957 -0.24731841
vn 0.67949618 0.69173771 -0.24450745
vn 0.68120582 0.68559212 -0.25675294
vn 0.68257050 0.68696559 -0.24935073
vn 0.66617639 0.70248117 -0.25045803
vn 0.67117808 0.69767044 -0.25055129
vn 0.67445635 0.69565957 -0.24731841
vn 0.68806109 0.68455134 -0.24075175
vn 0.68859630 0.68437099 -0.23973211
vn 0.68938189 0.68057078 -0.24814516
vn 0.68991810 0.68039592 -0.24713239
vn 0.68916887 0.68035174 -0.24933465
vn 0.68938189 0.68057078 -0.24814516
vn 0.68986820 0.67847042 -0.25250696
vn 0.68991810 0.68039592 -0.24713239
vn 0.69231940 0.67446820 -0.25648878
vn 0.69971777 0.66683383 -0.25637410
vn 0.70488044 0.66495832 -0.24692913
vn 0.70555307 0.66291211 -0.25048435
vn 0.68120582 0.68559212 -0.25675294
vn 0.68257050 0.68696559 -0.24935073
vn 0.68679005 0.67678431 -0.26510831
vn 0.68761709 0.67625650 -0.26431019
vn 0.68916887 0.68035174 -0.24933465
vn 0.68986820 0.67847042 -0.25250696
vn 0.69302763 0.66725244 -0.27292287
vn 0.69356983 0.66535009 -0.27617051
vn 0.69375848 0.66808633 -0.26899782
vn 0.69809825 0.66529042 -0.26466486
vn 0.72584155 0.63521551 -0.26392291
vn 0.73903605 0.61560593 -0.27359652
vn 0.73990830 0.61411760 -0.27458202
vn 0.69211181 0.66750772 -0.27461736
vn 0.69264807 0.66560367 -0.27786760
vn 0.69302763 0.66725244 -0.27292287
vn 0.69356983 0.66535009 -0.27617051
vn 0.68761709 0.67625650 -0.26431019
vn 0.68986820 0.67847042 -0.25250696
vn 0.69081265 0.67300029 -0.26428866
vn 0.69231940 0.67446820 -0.25648878
vn 0.69081265 0.67300029 -0.26428866
vn 0.69231940 0.67446820 -0.25648878
vn 0.69375848 0.66808633 -0.26899782
vn 0.69809825 0.66529042 -0.26466486
vn 0.69971777 0.66683383 -0.25637410
vn 0.00000000 -1.00000000 0.00000000
vn 0.73415077 0.61367118 -0.29056898
vn 0.74471846 0.60686784 -0.27767937
vn 0.00000000 -1.00000000 0.00000000
vn 0.73903605 0.61560593 -0.27359652
vn 0.73990830 0.61411760 -0.27458202
vn 0.74409996 0.60782768 -0.27723774
vn 0.77306174 0.57394136 -0.27012378
vn 0.00000000 -1.00000000 0.00000000
vn 0.74409996 0.60782768 -0.27723774
vn 0.74471846 0.60686784 -0.27767937
vn 0.00000000 -1.00000000 0.00000000
vn 0.77306174 0.57394136 -0.27012378
vn 0.78669718 0.56170322 -0.25611918
f 5//5 10//10 32//32
f 5//5 32//32 69//69
f 5//5 69//69 118//118
f 5//5 118//118 184//184
f 5//5 184//184 276//276
f 5//5 276//276 448//448
f 5//5 448//448 685//685
f 5//5 685//685 969//969
f 5//5 969//969 1275//1275
f 5//5 1275//1275 1466//1466
f 5//5 1466//1466 1289//1289
f 6//6 1290//1290 1285//1285
f 5//5 1284//1284 1281//1281
f 5//5 1281//1281 1299//1299
f 5//5 1299//1299 1278//1278
f 5//5 1278//1278 973//973
f 5//5 973//973 691//691
f 5//5 691//691 456//456
f 7//7 457//457 452//452
f 5//5 451//451 280//280
f 7//7 281//281 216//216
f 6//6 215//215 132//132
f 5//5 131//131 83//83
f 6//6 84//84 73//73
f 5//5 72//72 36//36
f 5//5 36//36 13//13
f 3//3 11//11 14//14
f 4//4 16//16 22//22
f 1//1 21//21 49//49
f 1//1 49//49 104//104
f 1//1 104//104 159//159
f 1//1 159//159 153//153
f 2//2 154//154 227//227
f 1//1 226//226 357//357
f 1//1 357//357 570//570
f 1//1 570//570 581//581
f 1//1 581//581 388//388
f 1//1 388//388 360//360
f 1//1 360//360 235//235
f 1//1 235//235 232//232
f 1//1 232//232 162//162
f 1//1 162//162 108//108
f 1//1 108//108 56//56
f 1//1 56//56 24//24
f 1//1 24//24 8//8
f 9//9 27//27 31//31
f 12//12 34//34 15//15
f 17//17 35//35 38//38
f 19//19 40//40 45//45
f 20//20 46//46 51//51
f 18//18 50//50 23//23
f 25//25 57//57 59//59
f 26//26 61//61 30//30
f 29//29 60//60 65//65
f 28//28 64//64 68//68
f 33//33 70//70 37//37
f 43//43 75//75 48//48
f 39//39 71//71 80//80
f 41//41 81//81 85//85
f 42//42 87//87 90//90
f 44//44 92//92 76//76
f 47//47 74//74 52//52
f 53//53 77//77 97//97
f 54//54 98//98 105//105
f 55//55 107//107 171//171
f 55//55 171//171 249//249
f 55//55 249//249 392//392
f 55//55 392//392 604//604
f 55//55 604//604 852//852
f 55//55 852//852 848//848
f 55//55 848//848 1157//1157
f 55//55 1157//1157 1411//1411
f 55//55 1411//1411 1535//1535
f 55//55 1535//1535 1621//1621
f 55//55 1621//1621 1629//1629
f 55//55 1629//1629 1624//1624
f 55//55 1624//1624 1632//1632
f 55//55 1632//1632 1542//1542
f 55//55 1542//1542 1539//1539
f 55//55 1539//1539 1414//1414
f 55//55 1414//1414 1162//1162
f 55//55 1162//1162 855//855
f 55//55 855//855 608//608
f 55//55 608//608 395//395
f 55//55 395//395 253//253
f 55//55 253//253 175//175
f 55//55 175//175 111//111
f 55//55 111//111 62//62
f 55//55 62//62 58//58
f 63//63 114//114 67//67
f 66//66 113//113 117//117
f 78//78 95//95 119//119
f 79//79 121//121 99//99
f 82//82 128//128 86//86
f 88//88 129//129 133//133
f 89//89 137//137 91//91
f 93//93 139//139 141//141
f 94//94 142//142 145//145
f 96//96 146//146 120//120
f 102//102 125//125 148//148
f 103//103 149//149 156//156
f 101//101 155//155 161//161
f 100//100 160//160 106//106
f 109//109 164//164 168//168
f 110//110 170//170 174//174
f 112//112 180//180 116//116
f 115//115 179//179 183//183
f 122//122 147//147 143//143
f 123//123 144//144 193//193
f 124//124 194//194 199//199
f 126//126 201//201 204//204
f 127//127 206//206 150//150
f 130//130 212//212 134//134
f 135//135 213//213 217//217
f 136//136 219//219 189//189
f 138//138 190//190 140//140
f 152//152 207//207 221//221
f 151//151 220//220 157//157
f 158//158 222//222 228//228
f 163//163 234//234 167//167
f 165//165 233//233 237//237
f 166//166 238//238 243//243
f 169//169 245//245 172//172
f 173//173 247//247 250//250
f 176//176 258//258 264//264
f 177//177 265//265 268//268
f 178//178 269//269 181//181
f 182//182 270//270 275//275
f 185//185 278//278 285//285
f 188//188 288//288 290//290
f 191//191 293//293 296//296
f 192//192 298//298 300//300
f 196//196 307//307 309//309
f 197//197 310//310 314//314
f 198//198 315//315 321//321
f 195//195 319//319 200//200
f 187//187 218//218 214//214
f 186//186 211//211 279//279
f 202//202 320//320 324//324
f 203//203 325//325 205//205
f 209//209 327//327 331//331
f 210//210 332//332 336//336
f 208//208 335//335 223//223
f 224//224 343//343 230//230
f 225//225 338//338 344//344
f 231//231 345//345 350//350
f 229//229 349//349 358//358
f 236//236 362//362 241//241
f 242//242 370//370 372//372
f 244//244 374//374 376//376
f 246//246 379//379 381//381
f 248//248 382//382 251//251
f 239//239 361//361 390//390
f 240//240 391//391 368//368
f 252//252 384//384 393//393
f 257//257 396//396 400//400
f 256//256 399//399 405//405
f 255//255 404//404 412//412
f 254//254 410//410 261//261
f 260//260 409//409 418//418
f 259//259 416//416 422//422
f 262//262 427//427 430//430
f 263//263 432//432 267//267
f 266//266 431//431 274//274
f 271//271 428//428 433//433
f 272//272 435//435 440//440
f 273//273 441//441 444//444
f 277//277 449//449 282//282
f 283//283 450//450 453//453
f 284//284 455//455 459//459
f 286//286 461//461 463//463
f 287//287 465//465 289//289
f 291//291 466//466 471//471
f 292//292 473//473 295//295
f 294//294 472//472 477//477
f 297//297 479//479 482//482
f 299//299 483//483 301//301
f 302//302 484//484 490//490
f 303//303 491//491 495//495
f 304//304 496//496 502//502
f 305//305 504//504 507//507
f 306//306 508//508 308//308
f 312//312 512//512 515//515
f 313//313 516//516 523//523
f 311//311 522//522 318//318
f 317//317 521//521 529//529
f 316//316 528//528 323//323
f 322//322 527//527 326//326
f 329//329 533//533 333//333
f 328//328 531//531 541//541
f 330//330 543//543 534//534
f 334//334 535//535 337//337
f 340//340 538//538 546//546
f 341//341 548//548 550//550
f 342//342 552//552 558//558
f 339//339 556//556 348//348
f 347//347 555//555 563//563
f 346//346 562//562 353//353
f 354//354 564//564 557//557
f 355//355 560//560 565//565
f 356//356 566//566 365//365
f 352//352 364//364 573//573
f 351//351 572//572 359//359
f 366//366 569//569 575//575
f 369//369 579//579 371//371
f 367//367 389//389 583//583
f 363//363 582//582 571//571
f 373//373 580//580 586//586
f 375//375 587//587 377//377
f 378//378 588//588 591//591
f 380//380 594//594 383//383
f 385//385 595//595 598//598
f 386//386 599//599 605//605
f 387//387 606//606 394//394
f 398//398 610//610 618//618
f 397//397 611//611 402//402
f 403//403 612//612 621//621
f 401//401 620//620 408//408
f 407//407 619//619 626//626
f 406//406 625//625 415//415
f 411//411 630//630 419//419
f 414//414 624//624 637//637
f 413//413 636//636 634//634
f 417//417 641//641 423//423
f 420//420 631//631 648//648
f 421//421 649//649 642//642
f 426//426 643//643 655//655
f 425//425 654//654 436//436
f 424//424 434//434 429//429
f 438//438 656//656 659//659
f 439//439 661//661 670//670
f 437//437 667//667 442//442
f 443//443 668//668 446//446
f 447//447 669//669 676//676
f 445//445 675//675 682//682
f 454//454 686//686 458//458
f 460//460 688//688 467//467
f 462//462 470//470 464//464
f 468//468 689//689 692//692
f 469//469 694//694 475//475
f 474//474 693//693 690//690
f 474//474 690//690 697//697
f 476//476 699//699 701//701
f 478//478 705//705 480//480
f 481//481 706//706 487//487
f 494//494 708//708 497//497
f 485//485 704//704 713//713
f 486//486 714//714 716//716
f 488//488 718//718 723//723
f 489//489 726//726 730//730
f 492//492 732//732 738//738
f 493//493 739//739 707//707
f 500//500 505//505 503//503
f 498//498 709//709 740//740
f 499//499 741//741 733//733
f 501//501 734//734 506//506
f 509//509 735//735 742//742
f 510//510 744//744 749//749
f 511//511 751//751 753//753
f 513//513 754//754 762//762
f 514//514 764//764 518//518
f 517//517 766//766 525//525
f 519//519 765//765 772//772
f 520//520 773//773 768//768
f 524//524 783//783 530//530
f 526//526 767//767 784//784
f 532//532 785//785 542//542
f 536//536 544//544 790//790
f 537//537 792//792 795//795
f 540//540 796//796 802//802
f 539//539 800//800 547//547
f 545//545 786//786 791//791
f 549//549 801//801 551//551
f 553//553 813//813 559//559
f 554//554 803//803 814//814
f 561//561 815//815 567//567
f 568//568 816//816 574//574
f 576//576 817//817 807//807
f 577//577 808//808 818//818
f 578//578 819//819 584//584
f 585//585 821//821 824//824
f 589//589 826//826 830//830
f 590//590 831//831 592//592
f 593//593 833//833 835//835
f 596//596 838//838 842//842
f 597//597 843//843 600//600
f 601//601 845//845 849//849
f 602//602 850//850 853//853
f 603//603 854//854 607//607
f 609//609 858//858 617//617
f 616//616 856//856 861//861
f 615//615 860//860 868//868
f 614//614 867//867 879//879
f 613//613 873//873 623//623
f 622//622 871//871 628//628
f 629//629 872//872 882//882
f 627//627 880//880 639//639
f 633//633 635//635 888//888
f 632//632 887//887 653//653
f 640//640 881//881 894//894
f 638//638 892//892 890//890
f 645//645 650//650 898//898
f 647//647 899//899 903//903
f 646//646 902//902 908//908
f 644//644 907//907 657//657
f 652//652 886//886 916//916
f 651//651 913//913 900//900
f 658//658 909//909 660//660
f 662//662 912//912 920//920
f 666//666 922//922 927//927
f 665//665 926//926 934//934
f 664//664 931//931 941//941
f 663//663 939//939 674//674
f 673//673 936//936 945//945
f 672//672 943//943 950//950
f 671//671 949//949 681//681
f 680//680 948//948 954//954
f 679//679 953//953 959//959
f 678//678 957//957 964//964
f 677//677 961//961 683//683
f 684//684 962//962 967//967
f 687//687 971//971 695//695
f 696//696 972//972 980//980
f 698//698 983//983 985//985
f 700//700 986//986 702//702
f 703//703 988//988 712//712
f 711//711 987//987 984//984
f 710//710 982//982 992//992
f 715//715 993//993 717//717
f 719//719 998//998 1000//1000
f 721//721 1001//1001 1003//1003
f 722//722 1004//1004 1009//1009
f 720//720 1008//1008 724//724
f 725//725 1011//1011 728//728
f 727//727 1010//1010 1006//1006
f 729//729 1007//1007 1018//1018
f 731//731 1019//1019 1022//1022
f 736//736 1026//1026 745//745
f 737//737 746//746 743//743
f 747//747 1027//1027 1030//1030
f 748//748 1031//1031 1035//1035
f 750//750 1036//1036 1039//1039
f 752//752 1041//1041 756//756
f 759//759 1043//1043 781//781
f 755//755 771//771 763//763
f 757//757 1042//1042 1053//1053
f 758//758 1056//1056 1058//1058
f 760//760 1064//1064 1072//1072
f 761//761 1073//1073 1045//1045
f 770//770 774//774 1077//1077
f 769//769 1075//1075 788//788
f 777//777 1079//1079 1086//1086
f 776//776 1082//1082 1093//1093
f 775//775 1091//1091 1078//1078
f 782//782 1044//1044 1097//1097
f 780//780 1095//1095 1106//1106
f 779//779 1105//1105 1111//1111
f 778//778 1110//1110 1081//1081
f 787//787 1088//1088 793//793
f 789//789 1076//1076 1090//1090
f 794//794 1089//1089 797//797
f 798//798 1092//1092 1115//1115
f 799//799 1116//1116 804//804
f 805//805 1118//1118 1084//1084
f 806//806 1085//1085 1108//1108
f 809//809 1114//1114 1120//1120
f 810//810 1121//1121 1124//1124
f 812//812 1125//1125 823//823
f 811//811 822//822 820//820
f 828//828 834//834 832//832
f 825//825 1126//1126 1128//1128
f 827//827 1133//1133 1135//1135
f 829//829 1137//1137 836//836
f 837//837 1138//1138 1140//1140
f 839//839 1143//1143 1146//1146
f 840//840 1147//1147 1150//1150
f 841//841 1151//1151 844//844
f 846//846 1155//1155 1158//1158
f 847//847 1160//1160 851//851
f 859//859 1165//1165 1170//1170
f 857//857 1168//1168 864//864
f 863//863 1167//1167 1175//1175
f 862//862 1174//1174 870//870
f 869//869 1172//1172 1188//1188
f 866//866 1184//1184 1192//1192
f 865//865 1191//1191 878//878
f 877//877 1189//1189 1195//1195
f 876//876 1193//1193 1199//1199
f 875//875 1197//1197 1205//1205
f 874//874 1204//1204 885//885
f 884//884 1201//1201 1211//1211
f 883//883 1209//1209 897//897
f 891//891 893//893 1216//1216
f 889//889 1213//1213 917//917
f 896//896 1207//1207 1229//1229
f 895//895 1228//1228 1224//1224
f 901//901 914//914 904//904
f 905//905 915//915 1231//1231
f 906//906 1232//1232 910//910
f 911//911 1233//1233 919//919
f 918//918 1214//1214 1234//1234
f 921//921 1235//1235 1215//1215
f 925//925 1217//1217 1238//1238
f 924//924 1236//1236 1244//1244
f 923//923 1242//1242 929//929
f 930//930 1243//1243 1054//1054
f 928//928 1052//1052 935//935
f 933//933 1050//1050 1037//1037
f 932//932 1034//1034 942//942
f 940//940 1033//1033 1252//1252
f 938//938 1247//1247 1257//1257
f 937//937 1255//1255 947//947
f 946//946 1254//1254 1272//1272
f 944//944 1269//1269 952//952
f 951//951 1267//1267 956//956
f 955//955 1266//1266 960//960
f 958//958 1264//1264 965//965
f 963//963 1263//1263 968//968
f 966//966 1258//1258 1273//1273
f 970//970 1277//1277 979//979
f 974//974 1279//1279 1282//1282
f 977//977 1283//1283 1286//1286
f 978//978 1287//1287 1291//1291
f 981//981 1296//1296 991//991
f 976//976 1276//1276 1298//1298
f 975//975 1297//1297 1280//1280
f 989//989 1295//1295 1301//1301
f 990//990 1302//1302 1262//1262
f 994//994 1265//1265 1303//1303
f 995//995 1304//1304 1307//1307
f 996//996 1309//1309 1013//1013
f 997//997 1014//1014 999//999
f 1002//1002 1017//1017 1005//1005
f 1012//1012 1308//1308 1305//1305
f 1015//1015 1306//1306 1268//1268
f 1016//1016 1270//1270 1310//1310
f 1020//1020 1314//1314 1316//1316
f 1021//1021 1317//1317 1023//1023
f 1024//1024 1318//1318 1249//1249
f 1025//1025 1250//1250 1028//1028
f 1029//1029 1251//1251 1032//1032
f 1038//1038 1051//1051 1040//1040
f 1048//1048 1319//1319 1327//1327
f 1046//1046 1326//1326 1098//1098
f 1047//1047 1074//1074 1065//1065
f 1049//1049 1066//1066 1320//1320
f 1055//1055 1245//1245 1237//1237
f 1057//1057 1239//1239 1059//1059
f 1060//1060 1241//1241 1333//1333
f 1061//1061 1335//1335 1337//1337
f 1062//1062 1339//1339 1341//1341
f 1063//1063 1343//1343 1345//1345
f 1069//1069 1347//1347 1349//1349
f 1070//1070 1351//1351 1226//1226
f 1071//1071 1227//1227 1354//1354
f 1068//1068 1352//1352 1359//1359
f 1067//1067 1357//1357 1321//1321
f 1080//1080 1109//1109 1087//1087
f 1083//1083 1117//1117 1094//1094
f 1103//1103 1330//1330 1366//1366
f 1104//1104 1367//1367 1373//1373
f 1102//1102 1371//1371 1380//1380
f 1101//1101 1379//1379 1131//1131
f 1100//1100 1130//1130 1123//1123
f 1099//1099 1119//1119 1113//1113
f 1096//1096 1112//1112 1107//1107
f 1122//1122 1129//1129 1127//1127
f 1132//1132 1381//1381 1383//1383
f 1134//1134 1385//1385 1136//1136
f 1139//1139 1386//1386 1141//1141
f 1142//1142 1387//1387 1389//1389
f 1144//1144 1391//1391 1394//1394
f 1145//1145 1395//1395 1148//1148
f 1149//1149 1397//1397 1152//1152
f 1153//1153 1398//1398 1400//1400
f 1154//1154 1403//1403 1405//1405
f 1156//1156 1407//1407 1159//1159
f 1161//1161 1408//1408 1412//1412
f 1163//1163 1417//1417 1424//1424
f 1164//1164 1425//1425 1169//1169
f 1166//1166 1423//1423 1173//1173
f 1171//1171 1422//1422 1187//1187
f 1178//1178 1432//1432 1203//1203
f 1180//1180 1206//1206 1198//1198
f 1181//1181 1200//1200 1194//1194
f 1183//1183 1196//1196 1190//1190
f 1186//1186 1418//1418 1434//1434
f 1185//1185 1433//1433 1437//1437
f 1182//1182 1436//1436 1446//1446
f 1179//1179 1444//1444 1456//1456
f 1177//1177 1453//1453 1462//1462
f 1176//1176 1460//1460 1429//1429
f 1202//1202 1431//1431 1212//1212
f 1210//1210 1430//1430 1356//1356
f 1208//1208 1355//1355 1230//1230
f 1223//1223 1225//1225 1350//1350
f 1222//1222 1348//1348 1346//1346
f 1221//1221 1344//1344 1342//1342
f 1220//1220 1340//1340 1338//1338
f 1219//1219 1336//1336 1334//1334
f 1218//1218 1332//1332 1240//1240
f 1248//1248 1315//1315 1313//1313
f 1246//1246 1312//1312 1256//1256
f 1253//1253 1311//1311 1271//1271
f 1261//1261 1300//1300 1294//1294
f 1260//1260 1293//1293 1465//1465
f 1259//1259 1463//1463 1274//1274
f 1288//1288 1464//1464 1292//1292
f 1324//1324 1467//1467 1475//1475
f 1323//1323 1474//1474 1483//1483
f 1322//1322 1481//1481 1328//1328
f 1325//1325 1358//1358 1468//1468
f 1329//1329 1482//1482 1473//1473
f 1331//1331 1476//1476 1368//1368
f 1353//1353 1426//1426 1362//1362
f 1365//1365 1427//1427 1485//1485
f 1364//1364 1484//1484 1490//1490
f 1363//1363 1488//1488 1496//1496
f 1361//1361 1493//1493 1501//1501
f 1360//1360 1499//1499 1472//1472
f 1369//1369 1477//1477 1505//1505
f 1370//1370 1506//1506 1374//1374
f 1377//1377 1509//1509 1511//1511
f 1378//1378 1513//1513 1521//1521
f 1376//1376 1519//1519 1392//1392
f 1375//1375 1390//1390 1388//1388
f 1372//1372 1384//1384 1382//1382
f 1393//1393 1520//1520 1396//1396
f 1399//1399 1522//1522 1401//1401
f 1402//1402 1523//1523 1526//1526
f 1404//1404 1529//1529 1406//1406
f 1409//1409 1536//1536 1413//1413
f 1410//1410 1530//1530 1537//1537
f 1416//1416 1540//1540 1450//1450
f 1415//1415 1448//1448 1421//1421
f 1420//1420 1447//1447 1439//1439
f 1419//1419 1438//1438 1435//1435
f 1428//1428 1459//1459 1487//1487
f 1449//1449 1543//1543 1550//1550
f 1445//1445 1546//1546 1556//1556
f 1443//1443 1555//1555 1561//1561
f 1440//1440 1560//1560 1568//1568
f 1441//1441 1570//1570 1572//1572
f 1442//1442 1573//1573 1455//1455
f 1451//1451 1541//1541 1545//1545
f 1454//1454 1571//1571 1569//1569
f 1452//1452 1566//1566 1461//1461
f 1457//1457 1565//1565 1491//1491
f 1458//1458 1492//1492 1486//1486
f 1471//1471 1498//1498 1577//1577
f 1470//1470 1576//1576 1582//1582
f 1469//1469 1580//1580 1478//1478
f 1480//1480 1581//1581 1575//1575
f 1479//1479 1574//1574 1507//1507
f 1489//1489 1563//1563 1497//1497
f 1495//1495 1562//1562 1584//1584
f 1494//1494 1583//1583 1502//1502
f 1503//1503 1587//1587 1599//1599
f 1500//1500 1596//1596 1579//1579
f 1504//1504 1585//1585 1588//1588
f 1508//1508 1578//1578 1595//1595
f 1510//1510 1597//1597 1512//1512
f 1517//1517 1601//1601 1610//1610
f 1516//1516 1608//1608 1524//1524
f 1514//1514 1598//1598 1612//1612
f 1515//1515 1614//1614 1616//1616
f 1518//1518 1618//1618 1603//1603
f 1525//1525 1609//1609 1527//1527
f 1531//1531 1622//1622 1538//1538
f 1528//1528 1611//1611 1602//1602
f 1532//1532 1607//1607 1626//1626
f 1533//1533 1627//1627 1630//1630
f 1534//1534 1631//1631 1623//1623
f 1544//1544 1634//1634 1551//1551
f 1549//1549 1633//1633 1628//1628
f 1548//1548 1625//1625 1606//1606
f 1547//1547 1605//1605 1557//1557
f 1553//1553 1620//1620 1592//1592
f 1554//1554 1594//1594 1559//1559
f 1552//1552 1604//1604 1619//1619
f 1558//1558 1593//1593 1567//1567
f 1564//1564 1590//1590 1586//1586
f 1591//1591 1617//1617 1615//1615
f 1589//1589 1613//1613 1600//1600

