# https://github.com/mikedh/trimesh
v -0.00019715 1.15899879 0.25143406
v -0.00019715 1.15899879 0.25143406
v -0.00019715 1.15899879 0.25143406
v -0.00019715 1.03290635 0.25143406
v -0.00019715 1.03290635 0.25143406
v -0.00019715 1.03290635 0.25143406
v -0.00019715 1.16418368 0.26347867
v -0.00019715 1.16418368 0.26347867
v -0.00019715 1.16418368 0.26347867
v -0.00019715 1.16418368 0.26347867
v 0.02223049 1.15899879 0.25143406
v 0.02223049 1.15899879 0.25143406
v 0.02223049 1.15899879 0.25143406
v 0.02223049 1.15899879 0.25143406
v 0.47319293 0.92007327 0.25143406
v 0.47319293 0.92007327 0.25143406
v 0.47319293 0.92007327 0.25143406
v 0.47319293 0.92007327 0.25143406
v 0.47319293 0.92007327 0.25143406
v 0.47319293 0.92007327 0.25143406
v -0.00019715 1.23800319 0.98800734
v -0.00019715 1.23800319 0.98800734
v -0.00019715 1.23800319 0.98800734
v -0.00019715 1.16979343 0.27660418
v -0.00019715 1.16979343 0.27660418
v -0.00019715 1.16979343 0.27660418
v 0.02223049 1.16979343 0.27660418
v 0.02223049 1.16979343 0.27660418
v 0.02223049 1.16979343 0.27660418
v 0.02223049 1.16979343 0.27660418
v 0.02223049 1.16979343 0.27660418
v 0.02223049 1.16979343 0.27660418
v 0.02223049 1.16979343 0.27660418
v 0.06671507 1.15797895 0.25143406
v 0.06671507 1.15797895 0.25143406
v 0.06671507 1.15797895 0.25143406
v 0.06671507 1.15797895 0.25143406
v 0.06671507 1.15797895 0.25143406
v 0.47319293 1.05861777 0.25143406
v 0.47319293 1.05861777 0.25143406
v 0.47319293 1.05861777 0.25143406
v 0.47319293 1.14242452 0.98877943
v 0.47319293 1.14242452 0.98877943
v 0.47319293 1.14242452 0.98877943
v -0.00019715 1.24467546 1.01109284
v -0.00019715 1.24467546 1.01109284
v -0.00019715 1.24467546 1.01109284
v -0.00019715 1.24467546 1.01109284
v -0.00019715 1.24467546 1.01109284
v -0.00019715 1.24131805 0.99951148
v -0.00019715 1.24131805 0.99951148
v -0.00019715 1.24131805 0.99951148
v -0.00019715 1.17850560 0.29899476
v -0.00019715 1.17850560 0.29899476
v -0.00019715 1.17850560 0.29899476
v -0.00019715 1.17850560 0.29899476
v 0.06671507 1.16868848 0.27660418
v 0.06671507 1.16868848 0.27660418
v 0.06671507 1.16868848 0.27660418
v 0.06671507 1.16868848 0.27660418
v 0.06671507 1.16868848 0.27660418
v 0.06671507 1.16868848 0.27660418
v 0.02223049 1.18709022 0.32107651
v 0.02223049 1.18709022 0.32107651
v 0.02223049 1.18709022 0.32107651
v 0.02223049 1.18709022 0.32107651
v 0.02223049 1.18709022 0.32107651
v 0.02223049 1.18709022 0.32107651
v 0.02223049 1.18709022 0.32107651
v 0.09864203 1.15708643 0.25282383
v 0.09864203 1.15708643 0.25282383
v 0.09864203 1.15708643 0.25282383
v 0.09864203 1.15708643 0.25282383
v 0.09864203 1.15708643 0.25282383
v 0.09975415 1.15627891 0.25143406
v 0.09975415 1.15627891 0.25143406
v 0.09975415 1.15627891 0.25143406
v 0.09975415 1.15627891 0.25143406
v 0.44993117 1.06975228 0.25143406
v 0.44993117 1.06975228 0.25143406
v 0.44993117 1.06975228 0.25143406
v 0.44993117 1.06975228 0.25143406
v 0.44993117 1.06975228 0.25143406
v 0.44993117 1.06975228 0.25143406
v 0.47319293 1.05874532 0.25151128
v 0.47319293 1.05874532 0.25151128
v 0.47319293 1.05874532 0.25151128
v 0.47319293 1.15258163 1.01418120
v 0.47319293 1.15258163 1.01418120
v 0.47319293 1.15258163 1.01418120
v 0.47319293 1.15258163 1.01418120
v -0.00019715 1.25602251 1.01966304
v -0.00019715 1.25602251 1.01966304
v -0.00019715 1.25602251 1.01966304
v -0.00019715 1.25602251 1.01966304
v -0.00019715 1.18709022 0.32107651
v -0.00019715 1.18709022 0.32107651
v -0.00019715 1.18709022 0.32107651
v 0.06671507 1.18581527 0.32107651
v 0.06671507 1.18581527 0.32107651
v 0.06671507 1.18581527 0.32107651
v 0.06671507 1.18581527 0.32107651
v 0.06671507 1.18581527 0.32107651
v 0.06671507 1.18581527 0.32107651
v 0.06671507 1.18581527 0.32107651
v 0.11254346 1.16431111 0.27274372
v 0.11254346 1.16431111 0.27274372
v 0.11254346 1.16431111 0.27274372
v 0.11254346 1.16431111 0.27274372
v 0.11254346 1.16431111 0.27274372
v 0.02223049 1.19801229 0.35280938
v 0.02223049 1.19801229 0.35280938
v 0.02223049 1.19801229 0.35280938
v 0.02223049 1.19801229 0.35280938
v 0.02223049 1.19801229 0.35280938
v 0.02223049 1.19801229 0.35280938
v 0.02223049 1.19801229 0.35280938
v 0.12829842 1.15589648 0.25529447
v 0.12829842 1.15589648 0.25529447
v 0.12829842 1.15589648 0.25529447
v 0.12829842 1.15589648 0.25529447
v 0.12829842 1.15589648 0.25529447
v 0.12829842 1.15589648 0.25529447
v 0.12829842 1.15589648 0.25529447
v 0.12829842 1.15589648 0.25529447
v 0.12519376 1.15411156 0.25143406
v 0.12519376 1.15411156 0.25143406
v 0.12519376 1.15411156 0.25143406
v 0.44840202 1.07038981 0.25143406
v 0.44840202 1.07038981 0.25143406
v 0.44840202 1.07038981 0.25143406
v 0.44840202 1.07038981 0.25143406
v 0.42240635 1.09278649 0.27660418
v 0.42240635 1.09278649 0.27660418
v 0.42240635 1.09278649 0.27660418
v 0.42240635 1.09278649 0.27660418
v 0.42240635 1.09278649 0.27660418
v 0.46526909 1.07527715 0.27799395
v 0.46526909 1.07527715 0.27799395
v 0.46526909 1.07527715 0.27799395
v 0.46526909 1.07527715 0.27799395
v 0.46526909 1.07527715 0.27799395
v 0.47319293 1.06813735 0.27004139
v 0.47319293 1.06813735 0.27004139
v 0.47319293 1.06813735 0.27004139
v 0.47319293 1.06813735 0.27004139
v 0.47319293 1.15963632 1.01950863
v 0.47319293 1.15963632 1.01950863
v 0.47319293 1.15963632 1.01950863
v 0.47319293 1.15963632 1.01950863
v -0.00019715 1.26749700 1.02831042
v -0.00019715 1.26749700 1.02831042
v -0.00019715 1.26749700 1.02831042
v -0.00019715 1.26749700 1.02831042
v -0.00019715 1.26749700 1.02831042
v -0.00019715 1.19801229 0.35280938
v -0.00019715 1.19801229 0.35280938
v -0.00019715 1.19801229 0.35280938
v -0.00019715 1.19801229 0.35280938
v -0.00019715 1.19801229 0.35280938
v 0.06671507 1.19724733 0.35489404
v 0.06671507 1.19724733 0.35489404
v 0.06671507 1.19724733 0.35489404
v 0.06671507 1.19724733 0.35489404
v 0.06671507 1.19724733 0.35489404
v 0.11115331 1.19567484 0.35890889
v 0.11115331 1.19567484 0.35890889
v 0.11115331 1.19567484 0.35890889
v 0.11115331 1.19567484 0.35890889
v 0.11115331 1.19567484 0.35890889
v 0.11115331 1.18288285 0.32107651
v 0.11115331 1.18288285 0.32107651
v 0.11115331 1.18288285 0.32107651
v 0.11115331 1.18288285 0.32107651
v 0.11115331 1.18288285 0.32107651
v 0.11115331 1.18288285 0.32107651
v 0.11115331 1.18288285 0.32107651
v 0.02223049 1.21471411 0.41002122
v 0.02223049 1.21471411 0.41002122
v 0.02223049 1.21471411 0.41002122
v 0.02223049 1.21471411 0.41002122
v 0.02223049 1.21471411 0.41002122
v 0.02223049 1.21471411 0.41002122
v 0.02223049 1.21471411 0.41002122
v 0.06671507 1.21377915 0.41002122
v 0.06671507 1.21377915 0.41002122
v 0.06671507 1.21377915 0.41002122
v 0.06671507 1.21377915 0.41002122
v 0.06671507 1.21377915 0.41002122
v 0.06671507 1.21377915 0.41002122
v 0.06671507 1.20400459 0.37713021
v 0.06671507 1.20400459 0.37713021
v 0.06671507 1.20400459 0.37713021
v 0.06671507 1.20400459 0.37713021
v 0.06671507 1.20400459 0.37713021
v 0.15563789 1.16299373 0.28247203
v 0.15563789 1.16299373 0.28247203
v 0.15563789 1.16299373 0.28247203
v 0.15563789 1.16299373 0.28247203
v 0.15563789 1.16299373 0.28247203
v 0.15563789 1.15381402 0.26023588
v 0.15563789 1.15381402 0.26023588
v 0.15563789 1.15381402 0.26023588
v 0.15563789 1.15381402 0.26023588
v 0.15563789 1.15381402 0.26023588
v 0.15563789 1.15381402 0.26023588
v 0.15563789 1.15381402 0.26023588
v 0.13283955 1.15317661 0.25143406
v 0.13283955 1.15317661 0.25143406
v 0.13283955 1.15317661 0.25143406
v 0.13283955 1.15317661 0.25143406
v 0.40924630 1.08573169 0.25143406
v 0.40924630 1.08573169 0.25143406
v 0.40924630 1.08573169 0.25143406
v 0.40924630 1.08573169 0.25143406
v 0.38237023 1.10732085 0.27351581
v 0.38237023 1.10732085 0.27351581
v 0.38237023 1.10732085 0.27351581
v 0.38237023 1.10732085 0.27351581
v 0.38237023 1.10732085 0.27351581
v 0.38237023 1.10732085 0.27351581
v 0.40016404 1.11191064 0.29884034
v 0.40016404 1.11191064 0.29884034
v 0.40016404 1.11191064 0.29884034
v 0.40016404 1.11191064 0.29884034
v 0.40016404 1.11191064 0.29884034
v 0.40016404 1.11191064 0.29884034
v 0.40016404 1.11191064 0.29884034
v 0.40016404 1.11191064 0.29884034
v 0.40016404 1.11191064 0.29884034
v 0.40016404 1.11191064 0.29884034
v 0.47319293 1.07374722 0.28231762
v 0.47319293 1.07374722 0.28231762
v 0.47319293 1.07374722 0.28231762
v 0.47319293 1.07374722 0.28231762
v 0.47319293 1.17574316 1.02885091
v 0.47319293 1.17574316 1.02885091
v 0.47319293 1.17574316 1.02885091
v 0.47319293 1.17574316 1.02885091
v 0.47319293 1.17574316 1.02885091
v 0.42240635 1.22304386 1.03935128
v 0.42240635 1.22304386 1.03935128
v 0.42240635 1.22304386 1.03935128
v 0.42240635 1.22304386 1.03935128
v 0.42240635 1.22304386 1.03935128
v -0.00019715 1.31195027 1.03942853
v -0.00019715 1.31195027 1.03942853
v -0.00019715 1.31195027 1.03942853
v -0.00019715 1.31195027 1.03942853
v -0.00019715 1.31195027 1.03942853
v -0.00019715 1.21467155 0.41002122
v -0.00019715 1.21467155 0.41002122
v -0.00019715 1.21467155 0.41002122
v 0.11115331 1.20289963 0.38114509
v 0.11115331 1.20289963 0.38114509
v 0.11115331 1.20289963 0.38114509
v 0.11115331 1.20289963 0.38114509
v 0.11115331 1.20289963 0.38114509
v 0.13918787 1.20170969 0.38508274
v 0.13918787 1.20170969 0.38508274
v 0.13918787 1.20170969 0.38508274
v 0.13918787 1.20170969 0.38508274
v 0.13918787 1.20170969 0.38508274
v 0.13918787 1.20170969 0.38508274
v 0.13918787 1.20170969 0.38508274
v 0.13918787 1.20170969 0.38508274
v 0.13918787 1.20170969 0.38508274
v 0.13918787 1.20170969 0.38508274
v 0.15563789 1.17735809 0.32107651
v 0.15563789 1.17735809 0.32107651
v 0.15563789 1.17735809 0.32107651
v 0.15563789 1.17735809 0.32107651
v 0.15563789 1.17735809 0.32107651
v 0.15563789 1.17735809 0.32107651
v 0.15563789 1.17735809 0.32107651
v -0.00019715 1.22117382 0.43241180
v -0.00019715 1.22117382 0.43241180
v -0.00019715 1.22117382 0.43241180
v -0.00019715 1.22754854 0.45449357
v -0.00019715 1.22754854 0.45449357
v -0.00019715 1.22754854 0.45449357
v -0.00019715 1.22754854 0.45449357
v 0.02223049 1.22754854 0.45449357
v 0.02223049 1.22754854 0.45449357
v 0.02223049 1.22754854 0.45449357
v 0.02223049 1.22754854 0.45449357
v 0.02223049 1.22754854 0.45449357
v 0.02223049 1.22754854 0.45449357
v 0.06671507 1.22657114 0.45449357
v 0.06671507 1.22657114 0.45449357
v 0.06671507 1.22657114 0.45449357
v 0.06671507 1.22657114 0.45449357
v 0.06671507 1.22657114 0.45449357
v 0.06671507 1.22657114 0.45449357
v 0.06671507 1.22657114 0.45449357
v 0.11115331 1.21156925 0.41002122
v 0.11115331 1.21156925 0.41002122
v 0.11115331 1.21156925 0.41002122
v 0.11115331 1.21156925 0.41002122
v 0.11115331 1.21156925 0.41002122
v 0.11115331 1.21156925 0.41002122
v 0.20012248 1.15882879 0.29274082
v 0.20012248 1.15882879 0.29274082
v 0.20012248 1.15882879 0.29274082
v 0.20012248 1.15882879 0.29274082
v 0.20012248 1.15882879 0.29274082
v 0.20012248 1.15882879 0.29274082
v 0.20012248 1.14960665 0.27050465
v 0.20012248 1.14960665 0.27050465
v 0.20012248 1.14960665 0.27050465
v 0.20012248 1.14960665 0.27050465
v 0.20012248 1.14960665 0.27050465
v 0.20012248 1.14960665 0.27050465
v 0.20012248 1.14960665 0.27050465
v 0.20012248 1.14960665 0.27050465
v 0.20012248 1.14960665 0.27050465
v 0.16949299 1.14663178 0.25143406
v 0.16949299 1.14663178 0.25143406
v 0.16949299 1.14663178 0.25143406
v 0.16949299 1.14663178 0.25143406
v 0.15563789 1.14930922 0.25143406
v 0.15563789 1.14930922 0.25143406
v 0.15563789 1.14930922 0.25143406
v 0.35674524 1.10600346 0.25143406
v 0.35674524 1.10600346 0.25143406
v 0.35674524 1.10600346 0.25143406
v 0.35123104 1.11089081 0.25668424
v 0.35123104 1.11089081 0.25668424
v 0.35123104 1.11089081 0.25668424
v 0.35123104 1.11089081 0.25668424
v 0.35123104 1.11089081 0.25668424
v 0.35123104 1.11089081 0.25668424
v 0.35123104 1.11089081 0.25668424
v 0.35123104 1.11089081 0.25668424
v 0.35123104 1.11089081 0.25668424
v 0.35123104 1.11089081 0.25668424
v 0.37050766 1.11709553 0.28633250
v 0.37050766 1.11709553 0.28633250
v 0.37050766 1.11709553 0.28633250
v 0.37050766 1.11709553 0.28633250
v 0.37050766 1.11709553 0.28633250
v 0.38237023 1.12461764 0.31659840
v 0.38237023 1.12461764 0.31659840
v 0.38237023 1.12461764 0.31659840
v 0.38237023 1.12461764 0.31659840
v 0.38237023 1.12461764 0.31659840
v 0.38237023 1.12461764 0.31659840
v 0.41378745 1.11739296 0.32848857
v 0.41378745 1.11739296 0.32848857
v 0.41378745 1.11739296 0.32848857
v 0.41378745 1.11739296 0.32848857
v 0.41378745 1.11739296 0.32848857
v 0.41378745 1.11739296 0.32848857
v 0.41378745 1.11739296 0.32848857
v 0.44344386 1.11144322 0.34470247
v 0.44344386 1.11144322 0.34470247
v 0.44344386 1.11144322 0.34470247
v 0.44344386 1.11144322 0.34470247
v 0.44344386 1.11144322 0.34470247
v 0.44344386 1.11144322 0.34470247
v 0.44344386 1.11144322 0.34470247
v 0.44344386 1.11144322 0.34470247
v 0.44344386 1.11144322 0.34470247
v 0.42615974 1.10791582 0.31659840
v 0.42615974 1.10791582 0.31659840
v 0.42615974 1.10791582 0.31659840
v 0.42615974 1.10791582 0.31659840
v 0.47319293 1.08700663 0.31474538
v 0.47319293 1.08700663 0.31474538
v 0.47319293 1.08700663 0.31474538
v 0.47319293 1.08700663 0.31474538
v 0.47319293 1.08700663 0.31474538
v 0.47319293 1.22351128 1.03688061
v 0.47319293 1.22351128 1.03688061
v 0.47319293 1.22351128 1.03688061
v 0.47319293 1.22351128 1.03688061
v 0.46689093 1.22304386 1.03842479
v 0.46689093 1.22304386 1.03842479
v 0.46689093 1.22304386 1.03842479
v 0.46689093 1.22304386 1.03842479
v 0.46689093 1.22304386 1.03842479
v 0.46689093 1.22304386 1.03842479
v 0.46689093 1.22304386 1.03842479
v 0.28899896 1.26749700 1.04020059
v 0.28899896 1.26749700 1.04020059
v 0.28899896 1.26749700 1.04020059
v 0.28899896 1.26749700 1.04020059
v 0.28899896 1.26749700 1.04020059
v 0.28899896 1.26749700 1.04020059
v 0.28899896 1.26749700 1.04020059
v 0.28899896 1.26749700 1.04020059
v 0.02223049 1.31195027 1.03935128
v 0.02223049 1.31195027 1.03935128
v 0.02223049 1.31195027 1.03935128
v 0.02223049 1.31195027 1.03935128
v 0.02223049 1.31195027 1.03935128
v -0.00019715 1.34369653 1.02221096
v -0.00019715 1.34369653 1.02221096
v -0.00019715 1.34369653 1.02221096
v -0.00019715 1.34369653 1.02221096
v 0.11115331 1.22431880 0.45449357
v 0.11115331 1.22431880 0.45449357
v 0.11115331 1.22431880 0.45449357
v 0.11115331 1.22431880 0.45449357
v 0.11115331 1.22431880 0.45449357
v 0.11115331 1.22431880 0.45449357
v 0.15563789 1.21972889 0.45449357
v 0.15563789 1.21972889 0.45449357
v 0.15563789 1.21972889 0.45449357
v 0.15563789 1.21972889 0.45449357
v 0.15563789 1.21972889 0.45449357
v 0.15563789 1.21972889 0.45449357
v 0.15563789 1.21972889 0.45449357
v 0.15466478 1.20642692 0.40824541
v 0.15466478 1.20642692 0.40824541
v 0.15466478 1.20642692 0.40824541
v 0.15466478 1.20642692 0.40824541
v 0.16884424 1.19937223 0.39226316
v 0.16884424 1.19937223 0.39226316
v 0.16884424 1.19937223 0.39226316
v 0.16884424 1.19937223 0.39226316
v 0.16884424 1.19937223 0.39226316
v 0.16884424 1.19937223 0.39226316
v 0.16884424 1.19937223 0.39226316
v 0.15466478 1.19363493 0.36832839
v 0.15466478 1.19363493 0.36832839
v 0.15466478 1.19363493 0.36832839
v 0.20012248 1.16928345 0.32107651
v 0.20012248 1.16928345 0.32107651
v 0.20012248 1.16928345 0.32107651
v 0.20012248 1.16928345 0.32107651
v 0.20012248 1.16928345 0.32107651
v 0.20012248 1.16928345 0.32107651
v 0.20012248 1.16928345 0.32107651
v -0.00019715 1.23362583 0.47626649
v -0.00019715 1.23362583 0.47626649
v -0.00019715 1.23362583 0.47626649
v -0.00019715 1.23362583 0.47626649
v 0.02223049 1.23957568 0.49780779
v 0.02223049 1.23957568 0.49780779
v 0.02223049 1.23957568 0.49780779
v 0.02223049 1.23957568 0.49780779
v 0.02223049 1.23957568 0.49780779
v 0.02223049 1.23957568 0.49780779
v 0.02223049 1.23957568 0.49780779
v 0.06337874 1.24004310 0.50321241
v 0.06337874 1.24004310 0.50321241
v 0.06337874 1.24004310 0.50321241
v 0.06337874 1.24004310 0.50321241
v 0.07598270 1.24484545 0.52282349
v 0.07598270 1.24484545 0.52282349
v 0.07598270 1.24484545 0.52282349
v 0.07598270 1.24484545 0.52282349
v 0.07598270 1.24484545 0.52282349
v 0.07598270 1.24484545 0.52282349
v 0.07598270 1.24484545 0.52282349
v 0.07598270 1.24484545 0.52282349
v 0.07598270 1.24484545 0.52282349
v 0.07598270 1.24484545 0.52282349
v 0.22273546 1.15640646 0.29860872
v 0.22273546 1.15640646 0.29860872
v 0.22273546 1.15640646 0.29860872
v 0.22273546 1.15640646 0.29860872
v 0.22273546 1.15640646 0.29860872
v 0.22273546 1.15640646 0.29860872
v 0.22273546 1.15640646 0.29860872
v 0.31995282 1.11509806 0.25143406
v 0.31995282 1.11509806 0.25143406
v 0.31995282 1.11509806 0.25143406
v 0.31995282 1.11509806 0.25143406
v 0.20012248 1.14025706 0.25143406
v 0.20012248 1.14025706 0.25143406
v 0.20012248 1.14025706 0.25143406
v 0.24029762 1.14527184 0.28092785
v 0.24029762 1.14527184 0.28092785
v 0.24029762 1.14527184 0.28092785
v 0.28899896 1.13294739 0.27660418
v 0.28899896 1.13294739 0.27660418
v 0.28899896 1.13294739 0.27660418
v 0.28899896 1.13294739 0.27660418
v 0.28899896 1.13294739 0.27660418
v 0.28899896 1.13294739 0.27660418
v 0.34757033 1.10880834 0.25143406
v 0.34757033 1.10880834 0.25143406
v 0.34757033 1.10880834 0.25143406
v 0.33524436 1.12147278 0.27351581
v 0.33524436 1.12147278 0.27351581
v 0.33524436 1.12147278 0.27351581
v 0.33524436 1.12147278 0.27351581
v 0.33348355 1.14046961 0.32107651
v 0.33348355 1.14046961 0.32107651
v 0.33348355 1.14046961 0.32107651
v 0.33348355 1.14046961 0.32107651
v 0.33348355 1.14046961 0.32107651
v 0.33348355 1.14046961 0.32107651
v 0.33348355 1.14046961 0.32107651
v 0.33348355 1.14046961 0.32107651
v 0.33348355 1.14046961 0.32107651
v 0.33348355 1.14046961 0.32107651
v 0.35688427 1.15670389 0.38662691
v 0.35688427 1.15670389 0.38662691
v 0.35688427 1.15670389 0.38662691
v 0.35688427 1.15670389 0.38662691
v 0.35688427 1.15670389 0.38662691
v 0.35688427 1.15670389 0.38662691
v 0.35688427 1.15670389 0.38662691
v 0.35688427 1.15670389 0.38662691
v 0.35688427 1.15670389 0.38662691
v 0.35688427 1.15670389 0.38662691
v 0.35688427 1.15670389 0.38662691
v 0.37416837 1.14552683 0.36925490
v 0.37416837 1.14552683 0.36925490
v 0.37416837 1.14552683 0.36925490
v 0.37416837 1.14552683 0.36925490
v 0.38649434 1.15198654 0.40121939
v 0.38649434 1.15198654 0.40121939
v 0.38649434 1.15198654 0.40121939
v 0.38649434 1.15198654 0.40121939
v 0.40122983 1.15674645 0.43086764
v 0.40122983 1.15674645 0.43086764
v 0.40122983 1.15674645 0.43086764
v 0.40122983 1.15674645 0.43086764
v 0.40122983 1.15674645 0.43086764
v 0.40122983 1.15674645 0.43086764
v 0.40122983 1.15674645 0.43086764
v 0.40122983 1.15674645 0.43086764
v 0.40122983 1.15674645 0.43086764
v 0.40122983 1.15674645 0.43086764
v 0.42615974 1.12419266 0.36192006
v 0.42615974 1.12419266 0.36192006
v 0.42615974 1.12419266 0.36192006
v 0.42615974 1.12419266 0.36192006
v 0.42615974 1.12419266 0.36192006
v 0.47319293 1.08955652 0.32146256
v 0.47319293 1.08955652 0.32146256
v 0.47319293 1.08955652 0.32146256
v 0.47319293 1.08955652 0.32146256
v 0.46689093 1.09219140 0.32107651
v 0.46689093 1.09219140 0.32107651
v 0.46689093 1.09219140 0.32107651
v 0.46689093 1.09219140 0.32107651
v 0.45502838 1.11641544 0.37435070
v 0.45502838 1.11641544 0.37435070
v 0.45502838 1.11641544 0.37435070
v 0.45502838 1.11641544 0.37435070
v 0.45502838 1.11641544 0.37435070
v 0.45502838 1.11641544 0.37435070
v 0.45502838 1.11641544 0.37435070
v 0.45502838 1.11641544 0.37435070
v 0.46865174 1.10621589 0.36192006
v 0.46865174 1.10621589 0.36192006
v 0.46865174 1.10621589 0.36192006
v 0.47319293 1.10434598 0.36230610
v 0.47319293 1.10434598 0.36230610
v 0.47319293 1.10434598 0.36230610
v 0.47319293 1.10434598 0.36230610
v 0.47319293 1.10434598 0.36230610
v 0.47319293 1.25555497 1.02089840
v 0.47319293 1.25555497 1.02089840
v 0.47319293 1.25555497 1.02089840
v 0.47319293 1.25555497 1.02089840
v 0.46689093 1.25682992 1.02205652
v 0.46689093 1.25682992 1.02205652
v 0.46689093 1.25682992 1.02205652
v 0.46689093 1.25682992 1.02205652
v 0.46689093 1.25682992 1.02205652
v 0.46689093 1.25682992 1.02205652
v 0.46689093 1.25682992 1.02205652
v 0.37792176 1.26749700 1.03232533
v 0.37792176 1.26749700 1.03232533
v 0.37792176 1.26749700 1.03232533
v 0.37792176 1.26749700 1.03232533
v 0.37792176 1.26749700 1.03232533
v 0.37792176 1.26749700 1.03232533
v 0.33348355 1.26749700 1.03757548
v 0.33348355 1.26749700 1.03757548
v 0.33348355 1.26749700 1.03757548
v 0.33348355 1.26749700 1.03757548
v 0.33348355 1.26749700 1.03757548
v 0.33348355 1.26749700 1.03757548
v 0.15563789 1.31195027 1.03471881
v 0.15563789 1.31195027 1.03471881
v 0.15563789 1.31195027 1.03471881
v 0.15563789 1.31195027 1.03471881
v 0.15563789 1.31195027 1.03471881
v 0.15563789 1.31195027 1.03471881
v 0.15563789 1.31195027 1.03471881
v 0.11115331 1.31195027 1.03664899
v 0.11115331 1.31195027 1.03664899
v 0.11115331 1.31195027 1.03664899
v 0.11115331 1.31195027 1.03664899
v 0.11115331 1.31195027 1.03664899
v 0.06671507 1.31195027 1.03811598
v 0.06671507 1.31195027 1.03811598
v 0.06671507 1.31195027 1.03811598
v 0.06671507 1.31195027 1.03811598
v 0.02223049 1.34365410 1.02213371
v 0.02223049 1.34365410 1.02213371
v 0.02223049 1.34365410 1.02213371
v 0.02223049 1.34365410 1.02213371
v 0.02223049 1.34365410 1.02213371
v 0.02223049 1.34365410 1.02213371
v 0.02223049 1.34365410 1.02213371
v -0.00019715 1.34892386 1.00530216
v -0.00019715 1.34892386 1.00530216
v -0.00019715 1.34892386 1.00530216
v -0.00019715 1.34892386 1.00530216
v 0.11115331 1.23634571 0.49888871
v 0.11115331 1.23634571 0.49888871
v 0.11115331 1.23634571 0.49888871
v 0.11115331 1.23634571 0.49888871
v 0.11115331 1.23634571 0.49888871
v 0.19270836 1.20404702 0.42191140
v 0.19270836 1.20404702 0.42191140
v 0.19270836 1.20404702 0.42191140
v 0.19270836 1.20404702 0.42191140
v 0.19270836 1.20404702 0.42191140
v 0.19270836 1.20404702 0.42191140
v 0.19270836 1.20404702 0.42191140
v 0.19270836 1.20404702 0.42191140
v 0.19270836 1.20404702 0.42191140
v 0.19270836 1.20404702 0.42191140
v 0.15563789 1.23167104 0.49888871
v 0.15563789 1.23167104 0.49888871
v 0.15563789 1.23167104 0.49888871
v 0.15563789 1.23167104 0.49888871
v 0.15563789 1.23167104 0.49888871
v 0.15563789 1.23167104 0.49888871
v 0.15563789 1.23167104 0.49888871
v 0.20012248 1.22423381 0.49888871
v 0.20012248 1.22423381 0.49888871
v 0.20012248 1.22423381 0.49888871
v 0.20012248 1.22423381 0.49888871
v 0.20012248 1.22423381 0.49888871
v 0.20012248 1.22423381 0.49888871
v 0.20012248 1.22423381 0.49888871
v 0.20012248 1.22423381 0.49888871
v 0.20012248 1.18445534 0.36554886
v 0.20012248 1.18445534 0.36554886
v 0.20012248 1.18445534 0.36554886
v 0.20012248 1.18445534 0.36554886
v 0.20012248 1.18445534 0.36554886
v 0.27746075 1.15870124 0.33674994
v 0.27746075 1.15870124 0.33674994
v 0.27746075 1.15870124 0.33674994
v 0.27746075 1.15870124 0.33674994
v 0.27746075 1.15870124 0.33674994
v 0.27746075 1.15870124 0.33674994
v 0.27746075 1.15870124 0.33674994
v 0.27746075 1.15870124 0.33674994
v 0.24029762 1.16112369 0.32161698
v 0.24029762 1.16112369 0.32161698
v 0.24029762 1.16112369 0.32161698
v 0.24029762 1.16112369 0.32161698
v -0.00019715 1.23957568 0.49773058
v -0.00019715 1.23957568 0.49773058
v -0.00019715 1.23957568 0.49773058
v -0.00019715 1.23957568 0.49773058
v 0.02223049 1.24556786 0.51996676
v 0.02223049 1.24556786 0.51996676
v 0.02223049 1.24556786 0.51996676
v 0.02223049 1.24556786 0.51996676
v 0.02223049 1.24556786 0.51996676
v 0.02223049 1.24556786 0.51996676
v 0.02223049 1.24556786 0.51996676
v 0.04632632 1.24531287 0.52089326
v 0.04632632 1.24531287 0.52089326
v 0.04632632 1.24531287 0.52089326
v 0.04632632 1.24531287 0.52089326
v 0.04632632 1.24531287 0.52089326
v 0.04632632 1.24531287 0.52089326
v 0.06337874 1.24969023 0.53996387
v 0.06337874 1.24969023 0.53996387
v 0.06337874 1.24969023 0.53996387
v 0.06337874 1.24969023 0.53996387
v 0.06671507 1.26154727 0.58783341
v 0.06671507 1.26154727 0.58783341
v 0.06671507 1.26154727 0.58783341
v 0.06671507 1.26154727 0.58783341
v 0.06671507 1.26154727 0.58783341
v 0.06671507 1.26154727 0.58783341
v 0.11115331 1.25903982 0.58783341
v 0.11115331 1.25903982 0.58783341
v 0.11115331 1.25903982 0.58783341
v 0.11115331 1.25903982 0.58783341
v 0.11115331 1.25903982 0.58783341
v 0.11115331 1.25903982 0.58783341
v 0.11115331 1.24943525 0.54946057
v 0.11115331 1.24943525 0.54946057
v 0.11115331 1.24943525 0.54946057
v 0.11115331 1.24943525 0.54946057
v 0.11115331 1.24943525 0.54946057
v 0.11115331 1.24943525 0.54946057
v 0.11115331 1.24369794 0.52722439
v 0.11115331 1.24369794 0.52722439
v 0.11115331 1.24369794 0.52722439
v 0.11115331 1.24369794 0.52722439
v 0.25229916 1.15326160 0.30710168
v 0.25229916 1.15326160 0.30710168
v 0.25229916 1.15326160 0.30710168
v 0.25229916 1.15326160 0.30710168
v 0.25229916 1.15326160 0.30710168
v 0.25229916 1.15326160 0.30710168
v 0.25229916 1.15326160 0.30710168
v 0.29099149 1.15015918 0.32161698
v 0.29099149 1.15015918 0.32161698
v 0.29099149 1.15015918 0.32161698
v 0.30711716 1.15542895 0.34609221
v 0.30711716 1.15542895 0.34609221
v 0.30711716 1.15542895 0.34609221
v 0.30711716 1.15542895 0.34609221
v 0.30711716 1.15542895 0.34609221
v 0.30711716 1.15542895 0.34609221
v 0.33348355 1.15241152 0.35566613
v 0.33348355 1.15241152 0.35566613
v 0.33348355 1.15241152 0.35566613
v 0.33348355 1.15241152 0.35566613
v 0.33348355 1.15950876 0.37790230
v 0.33348355 1.15950876 0.37790230
v 0.33348355 1.15950876 0.37790230
v 0.33348355 1.15950876 0.37790230
v 0.33348355 1.15950876 0.37790230
v 0.33348355 1.15950876 0.37790230
v 0.33348355 1.16945344 0.41002122
v 0.33348355 1.16945344 0.41002122
v 0.33348355 1.16945344 0.41002122
v 0.33348355 1.16945344 0.41002122
v 0.33348355 1.18245786 0.45449357
v 0.33348355 1.18245786 0.45449357
v 0.33348355 1.18245786 0.45449357
v 0.33348355 1.18245786 0.45449357
v 0.33348355 1.18245786 0.45449357
v 0.33348355 1.18245786 0.45449357
v 0.33348355 1.18245786 0.45449357
v 0.33348355 1.18245786 0.45449357
v 0.33348355 1.18245786 0.45449357
v 0.37792176 1.17089838 0.45449357
v 0.37792176 1.17089838 0.45449357
v 0.37792176 1.17089838 0.45449357
v 0.37792176 1.17089838 0.45449357
v 0.37792176 1.17089838 0.45449357
v 0.37792176 1.17089838 0.45449357
v 0.37792176 1.17089838 0.45449357
v 0.37416837 1.15980631 0.41365004
v 0.37416837 1.15980631 0.41365004
v 0.37416837 1.15980631 0.41365004
v 0.41860658 1.14416689 0.41365004
v 0.41860658 1.14416689 0.41365004
v 0.41860658 1.14416689 0.41365004
v 0.41860658 1.14416689 0.41365004
v 0.41860658 1.14416689 0.41365004
v 0.39316699 1.19877726 0.57370418
v 0.39316699 1.19877726 0.57370418
v 0.39316699 1.19877726 0.57370418
v 0.39316699 1.19877726 0.57370418
v 0.39316699 1.19877726 0.57370418
v 0.39316699 1.19877726 0.57370418
v 0.39316699 1.19877726 0.57370418
v 0.39316699 1.19877726 0.57370418
v 0.39316699 1.19877726 0.57370418
v 0.40989506 1.16027373 0.45449357
v 0.40989506 1.16027373 0.45449357
v 0.40989506 1.16027373 0.45449357
v 0.40989506 1.16027373 0.45449357
v 0.40989506 1.16027373 0.45449357
v 0.40989506 1.16027373 0.45449357
v 0.43213737 1.15122157 0.45449357
v 0.43213737 1.15122157 0.45449357
v 0.43213737 1.15122157 0.45449357
v 0.43213737 1.15122157 0.45449357
v 0.43213737 1.15122157 0.45449357
v 0.43213737 1.15122157 0.45449357
v 0.46865174 1.12181276 0.40917192
v 0.46865174 1.12181276 0.40917192
v 0.46865174 1.12181276 0.40917192
v 0.46865174 1.12181276 0.40917192
v 0.46865174 1.12181276 0.40917192
v 0.46865174 1.12181276 0.40917192
v 0.47319293 1.11845547 0.40484823
v 0.47319293 1.11845547 0.40484823
v 0.47319293 1.11845547 0.40484823
v 0.47319293 1.11845547 0.40484823
v 0.47319293 1.10723585 0.37087628
v 0.47319293 1.10723585 0.37087628
v 0.47319293 1.10723585 0.37087628
v 0.47319293 1.26702958 0.98800734
v 0.47319293 1.26702958 0.98800734
v 0.47319293 1.26702958 0.98800734
v 0.47319293 1.26702958 0.98800734
v 0.40322235 1.29065865 1.01163331
v 0.40322235 1.29065865 1.01163331
v 0.40322235 1.29065865 1.01163331
v 0.40322235 1.29065865 1.01163331
v 0.40322235 1.29065865 1.01163331
v 0.40322235 1.29065865 1.01163331
v 0.40322235 1.29065865 1.01163331
v 0.40322235 1.29065865 1.01163331
v 0.40322235 1.29065865 1.01163331
v 0.37792176 1.29371852 1.01557094
v 0.37792176 1.29371852 1.01557094
v 0.37792176 1.29371852 1.01557094
v 0.37792176 1.29371852 1.01557094
v 0.37792176 1.29371852 1.01557094
v 0.41976506 1.26949447 1.02375513
v 0.41976506 1.26949447 1.02375513
v 0.41976506 1.26949447 1.02375513
v 0.41976506 1.26949447 1.02375513
v 0.33348355 1.29911584 1.02120721
v 0.33348355 1.29911584 1.02120721
v 0.33348355 1.29911584 1.02120721
v 0.33348355 1.29911584 1.02120721
v 0.33348355 1.29911584 1.02120721
v 0.33348355 1.29911584 1.02120721
v 0.28899896 1.30459815 1.02491319
v 0.28899896 1.30459815 1.02491319
v 0.28899896 1.30459815 1.02491319
v 0.28899896 1.30459815 1.02491319
v 0.28899896 1.30459815 1.02491319
v 0.28899896 1.30459815 1.02491319
v 0.20012248 1.31195027 1.03054947
v 0.20012248 1.31195027 1.03054947
v 0.20012248 1.31195027 1.03054947
v 0.20012248 1.31195027 1.03054947
v 0.15563789 1.33974415 1.01773280
v 0.15563789 1.33974415 1.01773280
v 0.15563789 1.33974415 1.01773280
v 0.15563789 1.33974415 1.01773280
v 0.15563789 1.33974415 1.01773280
v 0.15563789 1.33974415 1.01773280
v 0.15563789 1.33974415 1.01773280
v 0.15563789 1.33974415 1.01773280
v 0.11115331 1.34140152 1.01950863
v 0.11115331 1.34140152 1.01950863
v 0.11115331 1.34140152 1.01950863
v 0.11115331 1.34140152 1.01950863
v 0.06671507 1.34267670 1.02089840
v 0.06671507 1.34267670 1.02089840
v 0.06671507 1.34267670 1.02089840
v 0.06671507 1.34267670 1.02089840
v 0.06671507 1.34267670 1.02089840
v 0.06671507 1.34267670 1.02089840
v 0.02223049 1.35419363 0.98800734
v 0.02223049 1.35419363 0.98800734
v 0.02223049 1.35419363 0.98800734
v 0.02223049 1.35419363 0.98800734
v 0.02223049 1.35419363 0.98800734
v 0.02223049 1.35419363 0.98800734
v 0.02223049 1.35419363 0.98800734
v -0.00019715 1.35419363 0.98800734
v -0.00019715 1.35419363 0.98800734
v -0.00019715 1.35419363 0.98800734
v 0.20457093 1.20978433 0.45001546
v 0.20457093 1.20978433 0.45001546
v 0.20457093 1.20978433 0.45001546
v 0.20457093 1.20978433 0.45001546
v 0.20457093 1.20978433 0.45001546
v 0.20457093 1.20978433 0.45001546
v 0.22231843 1.20081717 0.43225738
v 0.22231843 1.20081717 0.43225738
v 0.22231843 1.20081717 0.43225738
v 0.22231843 1.20081717 0.43225738
v 0.28899896 1.17952555 0.41002122
v 0.28899896 1.17952555 0.41002122
v 0.28899896 1.17952555 0.41002122
v 0.28899896 1.17952555 0.41002122
v 0.28899896 1.17952555 0.41002122
v 0.28899896 1.17952555 0.41002122
v 0.28899896 1.17952555 0.41002122
v 0.28899896 1.17952555 0.41002122
v 0.29099149 1.16431111 0.36276935
v 0.29099149 1.16431111 0.36276935
v 0.29099149 1.16431111 0.36276935
v 0.29099149 1.16431111 0.36276935
v 0.29099149 1.16431111 0.36276935
v 0.24451438 1.17519063 0.36554886
v 0.24451438 1.17519063 0.36554886
v 0.24451438 1.17519063 0.36554886
v 0.24451438 1.17519063 0.36554886
v 0.24451438 1.17519063 0.36554886
v 0.15563789 1.24701291 0.55888006
v 0.15563789 1.24701291 0.55888006
v 0.15563789 1.24701291 0.55888006
v 0.15563789 1.24701291 0.55888006
v 0.17871426 1.24544042 0.56497957
v 0.17871426 1.24544042 0.56497957
v 0.17871426 1.24544042 0.56497957
v 0.17871426 1.24544042 0.56497957
v 0.17871426 1.24544042 0.56497957
v 0.17871426 1.24544042 0.56497957
v 0.17871426 1.24544042 0.56497957
v 0.17871426 1.24544042 0.56497957
v 0.19618373 1.23753566 0.54745314
v 0.19618373 1.23753566 0.54745314
v 0.19618373 1.23753566 0.54745314
v 0.19618373 1.23753566 0.54745314
v 0.19618373 1.23753566 0.54745314
v 0.24451438 1.22648615 0.54336106
v 0.24451438 1.22648615 0.54336106
v 0.24451438 1.22648615 0.54336106
v 0.24451438 1.22648615 0.54336106
v 0.24451438 1.22648615 0.54336106
v 0.24451438 1.21479911 0.49888871
v 0.24451438 1.21479911 0.49888871
v 0.24451438 1.21479911 0.49888871
v 0.24451438 1.21479911 0.49888871
v 0.24451438 1.21479911 0.49888871
v 0.24451438 1.21479911 0.49888871
v 0.24451438 1.21479911 0.49888871
v -0.00019715 1.24259299 0.50892587
v -0.00019715 1.24259299 0.50892587
v -0.00019715 1.24259299 0.50892587
v -0.00019715 1.24556786 0.51996676
v -0.00019715 1.24556786 0.51996676
v -0.00019715 1.24556786 0.51996676
v -0.00019715 1.24862784 0.53177973
v -0.00019715 1.24862784 0.53177973
v -0.00019715 1.24862784 0.53177973
v -0.00019715 1.24862784 0.53177973
v 0.02223049 1.25160259 0.54336106
v 0.02223049 1.25160259 0.54336106
v 0.02223049 1.25160259 0.54336106
v 0.02223049 1.25160259 0.54336106
v 0.02223049 1.25160259 0.54336106
v 0.02223049 1.25160259 0.54336106
v 0.02223049 1.25160259 0.54336106
v 0.02223049 1.25160259 0.54336106
v 0.02223049 1.26260978 0.58783341
v 0.02223049 1.26260978 0.58783341
v 0.02223049 1.26260978 0.58783341
v 0.02223049 1.26260978 0.58783341
v 0.02223049 1.26260978 0.58783341
v 0.06671507 1.27234191 0.63230576
v 0.06671507 1.27234191 0.63230576
v 0.06671507 1.27234191 0.63230576
v 0.06671507 1.27234191 0.63230576
v 0.06671507 1.27234191 0.63230576
v 0.06671507 1.27234191 0.63230576
v 0.15563789 1.25428003 0.58783341
v 0.15563789 1.25428003 0.58783341
v 0.15563789 1.25428003 0.58783341
v 0.15563789 1.25428003 0.58783341
v 0.15563789 1.25428003 0.58783341
v 0.15563789 1.25428003 0.58783341
v 0.15563789 1.25428003 0.58783341
v 0.11115331 1.26974946 0.63230576
v 0.11115331 1.26974946 0.63230576
v 0.11115331 1.26974946 0.63230576
v 0.11115331 1.26974946 0.63230576
v 0.11115331 1.26974946 0.63230576
v 0.11115331 1.26974946 0.63230576
v 0.28709909 1.19355005 0.45680983
v 0.28709909 1.19355005 0.45680983
v 0.28709909 1.19355005 0.45680983
v 0.28709909 1.19355005 0.45680983
v 0.27106610 1.20179456 0.47317814
v 0.27106610 1.20179456 0.47317814
v 0.27106610 1.20179456 0.47317814
v 0.27106610 1.20179456 0.47317814
v 0.27106610 1.20179456 0.47317814
v 0.27106610 1.20179456 0.47317814
v 0.28709909 1.20544952 0.49973801
v 0.28709909 1.20544952 0.49973801
v 0.28709909 1.20544952 0.49973801
v 0.28709909 1.20544952 0.49973801
v 0.28709909 1.20544952 0.49973801
v 0.28709909 1.20544952 0.49973801
v 0.33320552 1.19486743 0.49973801
v 0.33320552 1.19486743 0.49973801
v 0.33320552 1.19486743 0.49973801
v 0.33320552 1.19486743 0.49973801
v 0.33320552 1.19486743 0.49973801
v 0.34784836 1.19894725 0.52807369
v 0.34784836 1.19894725 0.52807369
v 0.34784836 1.19894725 0.52807369
v 0.34784836 1.19894725 0.52807369
v 0.34784836 1.19894725 0.52807369
v 0.34784836 1.19894725 0.52807369
v 0.34784836 1.19894725 0.52807369
v 0.37792176 1.18309540 0.49888871
v 0.37792176 1.18309540 0.49888871
v 0.37792176 1.18309540 0.49888871
v 0.37792176 1.18309540 0.49888871
v 0.42240635 1.18003553 0.54336106
v 0.42240635 1.18003553 0.54336106
v 0.42240635 1.18003553 0.54336106
v 0.42240635 1.18003553 0.54336106
v 0.42240635 1.18003553 0.54336106
v 0.42240635 1.18003553 0.54336106
v 0.42240635 1.18003553 0.54336106
v 0.42240635 1.18003553 0.54336106
v 0.36351064 1.20294207 0.55772192
v 0.36351064 1.20294207 0.55772192
v 0.36351064 1.20294207 0.55772192
v 0.36351064 1.20294207 0.55772192
v 0.36351064 1.20294207 0.55772192
v 0.37815347 1.20659691 0.58829667
v 0.37815347 1.20659691 0.58829667
v 0.37815347 1.20659691 0.58829667
v 0.37815347 1.20659691 0.58829667
v 0.40558559 1.29142362 0.96167913
v 0.40558559 1.29142362 0.96167913
v 0.40558559 1.29142362 0.96167913
v 0.40558559 1.29142362 0.96167913
v 0.40558559 1.29142362 0.96167913
v 0.40558559 1.29142362 0.96167913
v 0.40558559 1.29142362 0.96167913
v 0.40558559 1.29142362 0.96167913
v 0.40558559 1.29142362 0.96167913
v 0.40558559 1.29142362 0.96167913
v 0.40558559 1.29142362 0.96167913
v 0.40558559 1.29142362 0.96167913
v 0.40558559 1.29142362 0.96167913
v 0.40558559 1.29142362 0.96167913
v 0.40558559 1.29142362 0.96167913
v 0.40558559 1.29142362 0.96167913
v 0.40558559 1.29142362 0.96167913
v 0.40451986 1.20247465 0.60335241
v 0.40451986 1.20247465 0.60335241
v 0.40451986 1.20247465 0.60335241
v 0.40451986 1.20247465 0.60335241
v 0.44172934 1.15513152 0.48097624
v 0.44172934 1.15513152 0.48097624
v 0.44172934 1.15513152 0.48097624
v 0.44172934 1.15513152 0.48097624
v 0.44172934 1.15513152 0.48097624
v 0.44172934 1.15513152 0.48097624
v 0.44172934 1.15513152 0.48097624
v 0.44172934 1.15513152 0.48097624
v 0.44172934 1.15513152 0.48097624
v 0.44172934 1.15513152 0.48097624
v 0.42509395 1.16622347 0.49703570
v 0.42509395 1.16622347 0.49703570
v 0.42509395 1.16622347 0.49703570
v 0.46689093 1.13660222 0.45449357
v 0.46689093 1.13660222 0.45449357
v 0.46689093 1.13660222 0.45449357
v 0.46689093 1.13660222 0.45449357
v 0.46689093 1.13660222 0.45449357
v 0.46689093 1.13660222 0.45449357
v 0.47319293 1.12062281 0.41156540
v 0.47319293 1.12062281 0.41156540
v 0.47319293 1.12062281 0.41156540
v 0.47319293 1.12062281 0.41156540
v 0.47319293 1.26622206 0.98175344
v 0.47319293 1.26622206 0.98175344
v 0.47319293 1.26622206 0.98175344
v 0.47319293 1.26622206 0.98175344
v 0.46689093 1.26970690 0.98800734
v 0.46689093 1.26970690 0.98800734
v 0.46689093 1.26970690 0.98800734
v 0.46689093 1.26970690 0.98800734
v 0.46689093 1.26970690 0.98800734
v 0.42875466 1.28436881 0.98800734
v 0.42875466 1.28436881 0.98800734
v 0.42875466 1.28436881 0.98800734
v 0.42875466 1.28436881 0.98800734
v 0.40651238 1.29167861 0.98800734
v 0.40651238 1.29167861 0.98800734
v 0.40651238 1.29167861 0.98800734
v 0.40651238 1.29167861 0.98800734
v 0.37792176 1.29898828 0.98800734
v 0.37792176 1.29898828 0.98800734
v 0.37792176 1.29898828 0.98800734
v 0.37792176 1.29898828 0.98800734
v 0.37792176 1.29898828 0.98800734
v 0.37792176 1.29898828 0.98800734
v 0.22329153 1.33438939 1.01055241
v 0.22329153 1.33438939 1.01055241
v 0.22329153 1.33438939 1.01055241
v 0.22329153 1.33438939 1.01055241
v 0.22329153 1.33438939 1.01055241
v 0.22329153 1.33438939 1.01055241
v 0.22329153 1.33438939 1.01055241
v 0.22329153 1.33438939 1.01055241
v 0.22329153 1.33438939 1.01055241
v 0.22329153 1.33438939 1.01055241
v 0.22329153 1.33438939 1.01055241
v 0.20012248 1.33668441 1.01371792
v 0.20012248 1.33668441 1.01371792
v 0.20012248 1.33668441 1.01371792
v 0.20012248 1.33668441 1.01371792
v 0.20012248 1.33668441 1.01371792
v 0.15563789 1.34658641 0.98800734
v 0.15563789 1.34658641 0.98800734
v 0.15563789 1.34658641 0.98800734
v 0.15563789 1.34658641 0.98800734
v 0.15563789 1.34658641 0.98800734
v 0.15563789 1.34658641 0.98800734
v 0.15563789 1.34658641 0.98800734
v 0.15563789 1.34658641 0.98800734
v 0.11115331 1.35032636 0.98800734
v 0.11115331 1.35032636 0.98800734
v 0.11115331 1.35032636 0.98800734
v 0.11115331 1.35032636 0.98800734
v 0.11115331 1.35032636 0.98800734
v 0.06671507 1.35279113 0.98800734
v 0.06671507 1.35279113 0.98800734
v 0.06671507 1.35279113 0.98800734
v 0.06671507 1.35279113 0.98800734
v 0.06671507 1.35279113 0.98800734
v 0.06671507 1.35279113 0.98800734
v 0.06671507 1.35279113 0.98800734
v 0.06671507 1.34433407 0.94469315
v 0.06671507 1.34433407 0.94469315
v 0.06671507 1.34433407 0.94469315
v 0.06671507 1.34433407 0.94469315
v 0.06671507 1.34433407 0.94469315
v 0.02223049 1.28373140 0.67670090
v 0.02223049 1.28373140 0.67670090
v 0.02223049 1.28373140 0.67670090
v 0.02223049 1.28373140 0.67670090
v 0.02223049 1.28373140 0.67670090
v -0.00019715 1.28373140 0.67670090
v -0.00019715 1.28373140 0.67670090
v -0.00019715 1.28373140 0.67670090
v 0.24451438 1.20476955 0.46298655
v 0.24451438 1.20476955 0.46298655
v 0.24451438 1.20476955 0.46298655
v 0.24451438 1.20476955 0.46298655
v 0.24451438 1.19843727 0.44075038
v 0.24451438 1.19843727 0.44075038
v 0.24451438 1.19843727 0.44075038
v 0.24451438 1.19843727 0.44075038
v 0.24451438 1.19843727 0.44075038
v 0.24451438 1.19843727 0.44075038
v 0.20837066 1.24250799 0.57756463
v 0.20837066 1.24250799 0.57756463
v 0.20837066 1.24250799 0.57756463
v 0.20837066 1.24250799 0.57756463
v 0.20012248 1.33753425 0.95859078
v 0.20012248 1.33753425 0.95859078
v 0.20012248 1.33753425 0.95859078
v 0.20012248 1.33753425 0.95859078
v 0.20012248 1.33753425 0.95859078
v 0.20012248 1.33753425 0.95859078
v 0.22523773 1.33481437 0.96430424
v 0.22523773 1.33481437 0.96430424
v 0.22523773 1.33481437 0.96430424
v 0.22523773 1.33481437 0.96430424
v 0.22523773 1.33481437 0.96430424
v 0.22523773 1.33481437 0.96430424
v 0.22523773 1.33481437 0.96430424
v 0.22523773 1.33481437 0.96430424
v 0.22523773 1.33481437 0.96430424
v 0.22523773 1.33481437 0.96430424
v 0.22523773 1.33481437 0.96430424
v 0.22523773 1.33481437 0.96430424
v 0.22523773 1.33481437 0.96430424
v 0.22523773 1.33481437 0.96430424
v 0.28899896 1.22835606 0.58783341
v 0.28899896 1.22835606 0.58783341
v 0.28899896 1.22835606 0.58783341
v 0.28899896 1.22835606 0.58783341
v 0.28899896 1.22835606 0.58783341
v 0.28899896 1.22835606 0.58783341
v 0.28899896 1.21675402 0.54336106
v 0.28899896 1.21675402 0.54336106
v 0.28899896 1.21675402 0.54336106
v 0.28899896 1.21675402 0.54336106
v 0.28899896 1.21675402 0.54336106
v 0.28899896 1.21675402 0.54336106
v 0.28899896 1.21675402 0.54336106
v -0.00019715 1.25160259 0.54336106
v -0.00019715 1.25160259 0.54336106
v -0.00019715 1.25160259 0.54336106
v -0.00019715 1.25717002 0.56582887
v -0.00019715 1.25717002 0.56582887
v -0.00019715 1.25717002 0.56582887
v -0.00019715 1.25717002 0.56582887
v -0.00019715 1.26260978 0.58783341
v -0.00019715 1.26260978 0.58783341
v -0.00019715 1.26260978 0.58783341
v 0.02223049 1.27340430 0.63230576
v 0.02223049 1.27340430 0.63230576
v 0.02223049 1.27340430 0.63230576
v 0.02223049 1.27340430 0.63230576
v 0.02223049 1.27340430 0.63230576
v 0.06671507 1.28271145 0.67670090
v 0.06671507 1.28271145 0.67670090
v 0.06671507 1.28271145 0.67670090
v 0.06671507 1.28271145 0.67670090
v 0.06671507 1.28271145 0.67670090
v 0.06671507 1.28271145 0.67670090
v 0.11115331 1.28020412 0.67670090
v 0.11115331 1.28020412 0.67670090
v 0.11115331 1.28020412 0.67670090
v 0.11115331 1.28020412 0.67670090
v 0.11115331 1.28020412 0.67670090
v 0.15563789 1.27561420 0.67670090
v 0.15563789 1.27561420 0.67670090
v 0.15563789 1.27561420 0.67670090
v 0.15563789 1.27561420 0.67670090
v 0.15563789 1.34106165 0.95125589
v 0.15563789 1.34106165 0.95125589
v 0.15563789 1.34106165 0.95125589
v 0.15563789 1.34106165 0.95125589
v 0.15563789 1.34106165 0.95125589
v 0.15563789 1.34106165 0.95125589
v 0.15563789 1.34106165 0.95125589
v 0.31819195 1.20247465 0.51510259
v 0.31819195 1.20247465 0.51510259
v 0.31819195 1.20247465 0.51510259
v 0.31819195 1.20247465 0.51510259
v 0.33320552 1.20651191 0.54305223
v 0.33320552 1.20651191 0.54305223
v 0.33320552 1.20651191 0.54305223
v 0.33320552 1.20651191 0.54305223
v 0.33320552 1.20651191 0.54305223
v 0.33348355 1.21836895 0.58783341
v 0.33348355 1.21836895 0.58783341
v 0.33348355 1.21836895 0.58783341
v 0.33348355 1.21836895 0.58783341
v 0.33348355 1.21836895 0.58783341
v 0.33348355 1.21836895 0.58783341
v 0.33348355 1.21836895 0.58783341
v 0.33348355 1.21836895 0.58783341
v 0.33348355 1.21836895 0.58783341
v 0.42055279 1.19257253 0.58829667
v 0.42055279 1.19257253 0.58829667
v 0.42055279 1.19257253 0.58829667
v 0.42055279 1.19257253 0.58829667
v 0.42055279 1.19257253 0.58829667
v 0.46689093 1.17412823 0.58783341
v 0.46689093 1.17412823 0.58783341
v 0.46689093 1.17412823 0.58783341
v 0.46689093 1.17412823 0.58783341
v 0.46689093 1.17412823 0.58783341
v 0.46689093 1.17412823 0.58783341
v 0.46689093 1.17412823 0.58783341
v 0.46689093 1.17412823 0.58783341
v 0.46689093 1.17412823 0.58783341
v 0.46689093 1.17412823 0.58783341
v 0.46661291 1.16290873 0.54583175
v 0.46661291 1.16290873 0.54583175
v 0.46661291 1.16290873 0.54583175
v 0.46661291 1.16290873 0.54583175
v 0.33348355 1.22920603 0.63230576
v 0.33348355 1.22920603 0.63230576
v 0.33348355 1.22920603 0.63230576
v 0.47319293 1.25793487 0.94229966
v 0.47319293 1.25793487 0.94229966
v 0.47319293 1.25793487 0.94229966
v 0.47319293 1.18250042 0.63222855
v 0.47319293 1.18250042 0.63222855
v 0.47319293 1.18250042 0.63222855
v 0.47319293 1.18250042 0.63222855
v 0.47319293 1.18250042 0.63222855
v 0.46689093 1.18513530 0.63230576
v 0.46689093 1.18513530 0.63230576
v 0.46689093 1.18513530 0.63230576
v 0.43593708 1.19745988 0.63230576
v 0.43593708 1.19745988 0.63230576
v 0.43593708 1.19745988 0.63230576
v 0.47319293 1.16142124 0.55023266
v 0.47319293 1.16142124 0.55023266
v 0.47319293 1.16142124 0.55023266
v 0.47319293 1.16142124 0.55023266
v 0.47319293 1.16142124 0.55023266
v 0.47319293 1.15088159 0.51301795
v 0.47319293 1.15088159 0.51301795
v 0.47319293 1.15088159 0.51301795
v 0.47319293 1.15088159 0.51301795
v 0.46661291 1.14913923 0.49703570
v 0.46661291 1.14913923 0.49703570
v 0.46661291 1.14913923 0.49703570
v 0.47319293 1.14641935 0.49734454
v 0.47319293 1.14641935 0.49734454
v 0.47319293 1.14641935 0.49734454
v 0.47319293 1.14641935 0.49734454
v 0.47319293 1.14641935 0.49734454
v 0.47319293 1.13400978 0.45487962
v 0.47319293 1.13400978 0.45487962
v 0.47319293 1.13400978 0.45487962
v 0.33348355 1.30961293 0.98800734
v 0.33348355 1.30961293 0.98800734
v 0.33348355 1.30961293 0.98800734
v 0.33348355 1.30961293 0.98800734
v 0.28899896 1.32023746 0.98800734
v 0.28899896 1.32023746 0.98800734
v 0.28899896 1.32023746 0.98800734
v 0.28899896 1.32023746 0.98800734
v 0.24743368 1.32988459 0.98800734
v 0.24743368 1.32988459 0.98800734
v 0.24743368 1.32988459 0.98800734
v 0.24743368 1.32988459 0.98800734
v 0.22523773 1.33481437 0.98800734
v 0.22523773 1.33481437 0.98800734
v 0.22523773 1.33481437 0.98800734
v 0.22523773 1.33481437 0.98800734
v 0.20012248 1.33999926 0.98800734
v 0.20012248 1.33999926 0.98800734
v 0.20012248 1.33999926 0.98800734
v 0.20012248 1.33999926 0.98800734
v 0.11115331 1.34310156 0.94716382
v 0.11115331 1.34310156 0.94716382
v 0.11115331 1.34310156 0.94716382
v 0.11115331 1.34310156 0.94716382
v 0.11115331 1.34310156 0.94716382
v 0.11115331 1.34310156 0.94716382
v -0.00019715 1.27340430 0.63230576
v -0.00019715 1.27340430 0.63230576
v -0.00019715 1.27340430 0.63230576
v 0.47319293 1.17149335 0.58783341
v 0.47319293 1.17149335 0.58783341
v 0.47319293 1.17149335 0.58783341
v 0.47319293 1.16975087 0.58127066
v 0.47319293 1.16975087 0.58127066
v 0.47319293 1.16975087 0.58127066
vn 0.00000000 0.91851117 -0.39539503
vn 0.00000000 0.00000000 -1.00000000
vn -1.00000000 0.00000000 0.00000000
vn 0.00000000 0.00000000 -1.00000000
vn -0.22379217 -0.93891781 0.26143913
vn -1.00000000 0.00000000 0.00000000
vn 0.00000000 0.91953691 -0.39300364
vn 0.00000000 0.91851117 -0.39539503
vn 0.00079295 0.91904627 -0.39414886
vn -1.00000000 0.00000000 0.00000000
vn 0.00000000 0.91851117 -0.39539503
vn 0.00000000 0.00000000 -1.00000000
vn 0.00079295 0.91904627 -0.39414886
vn 0.02106502 0.91884263 -0.39406153
vn 0.00000000 0.00000000 -1.00000000
vn 1.00000000 0.00000000 0.00000000
vn -0.18968303 -0.94003366 0.28347322
vn -0.20717815 -0.93961663 0.27239273
vn -0.20976179 -0.93952703 0.27071931
vn -0.22379217 -0.93891781 0.26143913
vn -0.20976179 -0.93952703 0.27071931
vn -0.22379217 -0.93891781 0.26143913
vn -1.00000000 0.00000000 0.00000000
vn 0.00000000 0.93193828 -0.36261695
vn 0.00000000 0.91953691 -0.39300364
vn -1.00000000 0.00000000 0.00000000
vn 0.00000000 0.93193828 -0.36261695
vn 0.00000000 0.91953691 -0.39300364
vn 0.00015448 0.93199055 -0.36248254
vn 0.00079295 0.91904627 -0.39414886
vn 0.02106502 0.91884263 -0.39406153
vn 0.02285010 0.91992971 -0.39141690
vn 0.02314348 0.93174093 -0.36238546
vn 0.00000000 0.00000000 -1.00000000
vn 0.02106502 0.91884263 -0.39406153
vn 0.02285010 0.91992971 -0.39141690
vn 0.04272707 0.91932965 -0.39116159
vn 0.04523209 0.87905179 -0.47457561
vn 0.00000000 0.00000000 -1.00000000
vn 0.24060334 0.50265872 -0.83032779
vn 1.00000000 0.00000000 0.00000000
vn 1.00000000 0.00000000 0.00000000
vn -0.18006572 -0.91334498 0.36520855
vn -0.18968303 -0.94003366 0.28347322
vn -0.12154649 -0.59822414 0.79205702
vn -0.18006572 -0.91334498 0.36520855
vn -0.18968303 -0.94003366 0.28347322
vn -0.20717815 -0.93961663 0.27239273
vn -1.00000000 0.00000000 0.00000000
vn -0.20717815 -0.93961663 0.27239273
vn -0.20976179 -0.93952703 0.27071931
vn -1.00000000 0.00000000 0.00000000
vn 0.00000000 0.93204356 -0.36234625
vn 0.00000000 0.93193828 -0.36261695
vn 0.00015448 0.93199055 -0.36248254
vn -1.00000000 0.00000000 0.00000000
vn 0.02285010 0.91992971 -0.39141690
vn 0.02314348 0.93174093 -0.36238546
vn 0.02673600 0.93285688 -0.35925371
vn 0.04272707 0.91932965 -0.39116159
vn 0.05676891 0.92521227 -0.37517936
vn 0.05875996 0.93157805 -0.35876122
vn 0.00000000 0.94555920 -0.32545015
vn 0.00000000 0.94555920 -0.32545015
vn 0.00000000 0.93204356 -0.36234625
vn 0.00015448 0.93199055 -0.36248254
vn 0.02314348 0.93174093 -0.36238546
vn 0.02673600 0.93285688 -0.35925371
vn 0.02709011 0.94521218 -0.32533070
vn 0.04272707 0.91932965 -0.39116159
vn 0.04523209 0.87905179 -0.47457561
vn 0.05676891 0.92521227 -0.37517936
vn 0.06881865 0.92149657 -0.38224084
vn 0.07359848 0.88675128 -0.45635012
vn 0.00000000 0.00000000 -1.00000000
vn 0.04523209 0.87905179 -0.47457561
vn 0.07359848 0.88675128 -0.45635012
vn 0.07503694 0.88076029 -0.46757969
vn 0.00000000 0.00000000 -1.00000000
vn 0.24060334 0.50265872 -0.83032779
vn 0.35429983 0.84980948 -0.39025054
vn 0.35973781 0.85011034 -0.38457916
vn 0.36978624 0.84373769 -0.38905636
vn 0.39001798 0.82133168 -0.41629347
vn 0.24060334 0.50265872 -0.83032779
vn 0.39001798 0.82133168 -0.41629347
vn 1.00000000 0.00000000 0.00000000
vn 1.00000000 0.00000000 0.00000000
vn -0.12153330 -0.59816619 0.79210282
vn -0.12154649 -0.59822414 0.79205702
vn -0.18006572 -0.91334498 0.36520855
vn -0.12137666 -0.59739785 0.79270645
vn -0.12153330 -0.59816619 0.79210282
vn -0.12154649 -0.59822414 0.79205702
vn -1.00000000 0.00000000 0.00000000
vn 0.00000000 0.94555920 -0.32545015
vn 0.00000000 0.93204356 -0.36234625
vn -1.00000000 0.00000000 0.00000000
vn 0.02673600 0.93285688 -0.35925371
vn 0.02709011 0.94521218 -0.32533070
vn 0.03128281 0.94687034 -0.32009052
vn 0.05875996 0.93157805 -0.35876122
vn 0.06152035 0.93228378 -0.35645785
vn 0.06233416 0.94549175 -0.31962448
vn 0.06239035 0.94546783 -0.31968426
vn 0.05676891 0.92521227 -0.37517936
vn 0.05875996 0.93157805 -0.35876122
vn 0.06152035 0.93228378 -0.35645785
vn 0.06881865 0.92149657 -0.38224084
vn 0.10417958 0.92938090 -0.35411547
vn 0.00000000 0.95993218 -0.28023242
vn 0.00000000 0.94555920 -0.32545015
vn 0.02017135 0.95973687 -0.28017540
vn 0.02661092 0.95822749 -0.28476647
vn 0.02709011 0.94521218 -0.32533070
vn 0.03006528 0.95636436 -0.29062570
vn 0.03128281 0.94687034 -0.32009052
vn 0.06881865 0.92149657 -0.38224084
vn 0.07359848 0.88675128 -0.45635012
vn 0.07503694 0.88076029 -0.46757969
vn 0.10417958 0.92938090 -0.35411547
vn 0.10605978 0.86732238 -0.48631595
vn 0.10939259 0.92930970 -0.35272757
vn 0.13804220 0.91548239 -0.37793695
vn 0.14803394 0.88204223 -0.44731136
vn 0.00000000 0.00000000 -1.00000000
vn 0.07503694 0.88076029 -0.46757969
vn 0.10605978 0.86732238 -0.48631595
vn 0.00000000 0.00000000 -1.00000000
vn 0.33063529 0.84385128 -0.42260540
vn 0.33945435 0.84902314 -0.40488325
vn 0.35429983 0.84980948 -0.39025054
vn 0.33945435 0.84902314 -0.40488325
vn 0.34034907 0.85382446 -0.39388615
vn 0.35429983 0.84980948 -0.39025054
vn 0.35973781 0.85011034 -0.38457916
vn 0.36113619 0.85440557 -0.37359306
vn 0.35973781 0.85011034 -0.38457916
vn 0.36113619 0.85440557 -0.37359306
vn 0.36479829 0.85633108 -0.36553973
vn 0.36978624 0.84373769 -0.38905636
vn 0.37331125 0.84378021 -0.38558225
vn 0.36978624 0.84373769 -0.38905636
vn 0.37331125 0.84378021 -0.38558225
vn 0.39001798 0.82133168 -0.41629347
vn 1.00000000 0.00000000 0.00000000
vn 1.00000000 0.00000000 0.00000000
vn -0.09776396 -0.49932721 0.86088010
vn -0.12137666 -0.59739785 0.79270645
vn -0.12153330 -0.59816619 0.79210282
vn -0.05080184 -0.24232088 0.96886519
vn -0.05360711 -0.27091620 0.96110909
vn -0.09776396 -0.49932721 0.86088010
vn -0.12137666 -0.59739785 0.79270645
vn -1.00000000 0.00000000 0.00000000
vn 0.00000000 0.95993218 -0.28023242
vn 0.00000000 0.94555920 -0.32545015
vn 0.00000000 0.94555920 -0.32545015
vn -0.00182189 0.96012248 -0.27957378
vn -1.00000000 0.00000000 0.00000000
vn 0.03006528 0.95636436 -0.29062570
vn 0.03128281 0.94687034 -0.32009052
vn 0.04999717 0.95560028 -0.29039351
vn 0.06145578 0.94926110 -0.30842592
vn 0.06233416 0.94549175 -0.31962448
vn 0.06145578 0.94926110 -0.30842592
vn 0.06233416 0.94549175 -0.31962448
vn 0.06239035 0.94546783 -0.31968426
vn 0.08347856 0.94773919 -0.30793143
vn 0.09469810 0.94305617 -0.31886882
vn 0.06152035 0.93228378 -0.35645785
vn 0.06239035 0.94546783 -0.31968426
vn 0.09469810 0.94305617 -0.31886882
vn 0.10417958 0.92938090 -0.35411547
vn 0.10939259 0.92930970 -0.35272757
vn 0.11561761 0.93093742 -0.34639298
vn 0.11647744 0.93786062 -0.32687989
vn 0.00000000 0.96078983 -0.27727766
vn 0.00000000 0.95993218 -0.28023242
vn 0.02018937 0.96059400 -0.27722114
vn 0.02017135 0.95973687 -0.28017540
vn -0.00017794 0.96076591 -0.27736049
vn -0.00182189 0.96012248 -0.27957378
vn -0.00182227 0.96032420 -0.27888011
vn 0.02018937 0.96059400 -0.27722114
vn 0.02017135 0.95973687 -0.28017540
vn 0.02111074 0.96081960 -0.27636937
vn 0.02661092 0.95822749 -0.28476647
vn 0.04761521 0.95747970 -0.28454424
vn 0.04773746 0.95993812 -0.27611582
vn 0.02661092 0.95822749 -0.28476647
vn 0.03006528 0.95636436 -0.29062570
vn 0.04761521 0.95747970 -0.28454424
vn 0.04973282 0.95657924 -0.28719820
vn 0.04999717 0.95560028 -0.29039351
vn 0.10939259 0.92930970 -0.35272757
vn 0.11561761 0.93093742 -0.34639298
vn 0.13804220 0.91548239 -0.37793695
vn 0.16591781 0.92423233 -0.34389808
vn 0.17202468 0.91055228 -0.37590166
vn 0.13804220 0.91548239 -0.37793695
vn 0.14803394 0.88204223 -0.44731136
vn 0.14931335 0.88020579 -0.45049227
vn 0.16953435 0.87729876 -0.44900444
vn 0.17202468 0.91055228 -0.37590166
vn 0.17314308 0.90975761 -0.37730965
vn 0.18325638 0.88302236 -0.43207478
vn 0.00000000 0.00000000 -1.00000000
vn 0.10605978 0.86732238 -0.48631595
vn 0.14803394 0.88204223 -0.44731136
vn 0.14931335 0.88020579 -0.45049227
vn 0.00000000 0.00000000 -1.00000000
vn 0.32344742 0.83768331 -0.44007776
vn 0.32713817 0.84332959 -0.42635175
vn 0.33063529 0.84385128 -0.42260540
vn 0.30626750 0.87209644 -0.38163859
vn 0.31148669 0.87228599 -0.37695250
vn 0.32713817 0.84332959 -0.42635175
vn 0.33063529 0.84385128 -0.42260540
vn 0.33945435 0.84902314 -0.40488325
vn 0.34034907 0.85382446 -0.39388615
vn 0.29888614 0.89209779 -0.33886370
vn 0.31148669 0.87228599 -0.37695250
vn 0.32403132 0.89244596 -0.31391704
vn 0.34034907 0.85382446 -0.39388615
vn 0.35350096 0.87728888 -0.32465566
vn 0.36011346 0.87223400 -0.33094736
vn 0.36113619 0.85440557 -0.37359306
vn 0.36479829 0.85633108 -0.36553973
vn 0.36953120 0.86198002 -0.34704055
vn 0.36984966 0.85997822 -0.35163716
vn 0.36479829 0.85633108 -0.36553973
vn 0.36984966 0.85997822 -0.35163716
vn 0.37331125 0.84378021 -0.38558225
vn 1.00000000 0.00000000 0.00000000
vn 0.02042006 -0.19572612 0.98044597
vn 0.24612347 -0.16067231 0.95582825
vn 1.00000000 0.00000000 0.00000000
vn -0.05360711 -0.27091620 0.96110909
vn -0.09776396 -0.49932721 0.86088010
vn 0.02042006 -0.19572612 0.98044597
vn 0.02080323 0.04334857 0.99884339
vn -0.01039378 -0.05027302 0.99868143
vn -0.05080184 -0.24232088 0.96886519
vn -0.05360711 -0.27091620 0.96110909
vn 0.00302767 0.47674505 0.87903640
vn 0.00344156 0.03974356 0.99920399
vn -0.01039378 -0.05027302 0.99868143
vn -0.05080184 -0.24232088 0.96886519
vn -1.00000000 0.00000000 0.00000000
vn -0.00182189 0.96012248 -0.27957378
vn -0.00182227 0.96032420 -0.27888011
vn -1.00000000 0.00000000 0.00000000
vn 0.04973282 0.95657924 -0.28719820
vn 0.04999717 0.95560028 -0.29039351
vn 0.06145578 0.94926110 -0.30842592
vn 0.08077711 0.95463462 -0.28661436
vn 0.08347856 0.94773919 -0.30793143
vn 0.08077711 0.95463462 -0.28661436
vn 0.08347856 0.94773919 -0.30793143
vn 0.09252709 0.95715338 -0.27440144
vn 0.09469810 0.94305617 -0.31886882
vn 0.09876804 0.95724094 -0.27190929
vn 0.11647744 0.93786062 -0.32687989
vn 0.12364514 0.95296962 -0.27669619
vn 0.14258857 0.93671695 -0.31973405
vn 0.14463811 0.94623236 -0.28935125
vn 0.14981734 0.93768727 -0.31352407
vn 0.11561761 0.93093742 -0.34639298
vn 0.11647744 0.93786062 -0.32687989
vn 0.14258857 0.93671695 -0.31973405
vn 0.15968024 0.93435361 -0.31856796
vn 0.16591781 0.92423233 -0.34389808
vn 0.16787734 0.92486512 -0.34123557
vn 0.16922421 0.93228525 -0.31969890
vn -0.00017794 0.96076591 -0.27736049
vn -0.00182227 0.96032420 -0.27888011
vn -1.00000000 0.00000000 0.00000000
vn 0.00000000 0.96318338 -0.26884525
vn 0.00000000 0.96078983 -0.27727766
vn -0.00017794 0.96076591 -0.27736049
vn -1.00000000 0.00000000 0.00000000
vn 0.00000000 0.96318338 -0.26884525
vn 0.00000000 0.96078983 -0.27727766
vn 0.00135595 0.96354331 -0.26754898
vn 0.02018937 0.96059400 -0.27722114
vn 0.02111074 0.96081960 -0.27636937
vn 0.02116586 0.96332834 -0.26748929
vn 0.02111074 0.96081960 -0.27636937
vn 0.02116586 0.96332834 -0.26748929
vn 0.02384701 0.96397294 -0.26492922
vn 0.04288157 0.96369265 -0.26354820
vn 0.04773746 0.95993812 -0.27611582
vn 0.04866434 0.96013816 -0.27525714
vn 0.04882073 0.96322372 -0.26422832
vn 0.04761521 0.95747970 -0.28454424
vn 0.04773746 0.95993812 -0.27611582
vn 0.04866434 0.96013816 -0.27525714
vn 0.04973282 0.95657924 -0.28719820
vn 0.08077711 0.95463462 -0.28661436
vn 0.09252709 0.95715338 -0.27440144
vn 0.16591781 0.92423233 -0.34389808
vn 0.16787734 0.92486512 -0.34123557
vn 0.17202468 0.91055228 -0.37590166
vn 0.17314308 0.90975761 -0.37730965
vn 0.18696580 0.92163640 -0.34004431
vn 0.19456843 0.90605563 -0.37577431
vn 0.17314308 0.90975761 -0.37730965
vn 0.18325638 0.88302236 -0.43207478
vn 0.18369365 0.88261836 -0.43271407
vn 0.18525505 0.88235522 -0.43258506
vn 0.18957977 0.88884396 -0.41715217
vn 0.19456843 0.90605563 -0.37577431
vn 0.19535038 0.90566535 -0.37630905
vn 0.19546768 0.90108940 -0.38707916
vn 0.19556774 0.90518694 -0.37734582
vn 0.00000000 0.00000000 -1.00000000
vn 0.16953435 0.87729876 -0.44900444
vn 0.18325638 0.88302236 -0.43207478
vn 0.18369365 0.88261836 -0.43271407
vn 0.00000000 0.00000000 -1.00000000
vn 0.14931335 0.88020579 -0.45049227
vn 0.16953435 0.87729876 -0.44900444
vn 0.00000000 0.00000000 -1.00000000
vn 0.25254874 0.82610186 -0.50376071
vn 0.32344742 0.83768331 -0.44007776
vn 0.18957977 0.88884396 -0.41715217
vn 0.19526133 0.85737234 -0.47622020
vn 0.19546768 0.90108940 -0.38707916
vn 0.19889833 0.90367494 -0.37922429
vn 0.22785073 0.90711046 -0.35388510
vn 0.24444382 0.90494358 -0.34831643
vn 0.25254874 0.82610186 -0.50376071
vn 0.30626750 0.87209644 -0.38163859
vn 0.32344742 0.83768331 -0.44007776
vn 0.32713817 0.84332959 -0.42635175
vn 0.24444382 0.90494358 -0.34831643
vn 0.26391121 0.90677420 -0.32880302
vn 0.29888614 0.89209779 -0.33886370
vn 0.30626750 0.87209644 -0.38163859
vn 0.31148669 0.87228599 -0.37695250
vn 0.26391121 0.90677420 -0.32880302
vn 0.26557302 0.90942216 -0.32003486
vn 0.26687179 0.90923783 -0.31947773
vn 0.29888614 0.89209779 -0.33886370
vn 0.32176779 0.89610568 -0.30571244
vn 0.32403132 0.89244596 -0.31391704
vn 0.32176779 0.89610568 -0.30571244
vn 0.32216225 0.89609676 -0.30532292
vn 0.32359506 0.89580989 -0.30464879
vn 0.32403132 0.89244596 -0.31391704
vn 0.32854103 0.89439855 -0.30349963
vn 0.34634222 0.88597538 -0.30837426
vn 0.35350096 0.87728888 -0.32465566
vn 0.34634222 0.88597538 -0.30837426
vn 0.35350096 0.87728888 -0.32465566
vn 0.36011346 0.87223400 -0.33094736
vn 0.36353670 0.88513139 -0.29048837
vn 0.37110261 0.86534443 -0.33684101
vn 0.38159404 0.86490636 -0.32607205
vn 0.38395221 0.87439721 -0.29666517
vn 0.38498079 0.87332054 -0.29849797
vn 0.39175188 0.86510256 -0.31325393
vn 0.36011346 0.87223400 -0.33094736
vn 0.36953120 0.86198002 -0.34704055
vn 0.37103595 0.86462960 -0.33874471
vn 0.37110261 0.86534443 -0.33684101
vn 0.36953120 0.86198002 -0.34704055
vn 0.36984966 0.85997822 -0.35163716
vn 0.37103595 0.86462960 -0.33874471
vn 0.38143094 0.86422418 -0.32806554
vn 1.00000000 0.00000000 0.00000000
vn 0.18493056 0.42847612 0.88442575
vn 0.24612347 -0.16067231 0.95582825
vn 0.24686155 0.43251433 0.86717399
vn 1.00000000 0.00000000 0.00000000
vn 0.02042006 -0.19572612 0.98044597
vn 0.02080323 0.04334857 0.99884339
vn 0.05781070 0.19221130 0.97964929
vn 0.10999947 0.34790546 0.93105419
vn 0.15427687 0.43077647 0.88917393
vn 0.18493056 0.42847612 0.88442575
vn 0.24612347 -0.16067231 0.95582825
vn 0.00344156 0.03974356 0.99920399
vn 0.02080323 0.04334857 0.99884339
vn 0.02729212 0.18256005 0.98281584
vn 0.03227752 0.20725169 0.97775503
vn 0.04202241 0.24549785 0.96848589
vn 0.05642736 0.28719897 0.95620746
vn 0.05781070 0.19221130 0.97964929
vn -0.01039378 -0.05027302 0.99868143
vn 0.00302767 0.47674505 0.87903640
vn 0.00344156 0.03974356 0.99920399
vn 0.00392978 0.47723645 0.87876614
vn 0.02439566 0.47709810 0.87851139
vn 0.02729212 0.18256005 0.98281584
vn 0.00282511 0.95538332 0.29535526
vn 0.00302767 0.47674505 0.87903640
vn 0.00392978 0.47723645 0.87876614
vn -1.00000000 0.00000000 0.00000000
vn 0.04866434 0.96013816 -0.27525714
vn 0.04882073 0.96322372 -0.26422832
vn 0.05523276 0.96373530 -0.26108162
vn 0.09252709 0.95715338 -0.27440144
vn 0.09876804 0.95724094 -0.27190929
vn 0.09909992 0.96045743 -0.26019362
vn 0.09876804 0.95724094 -0.27190929
vn 0.09909992 0.96045743 -0.26019362
vn 0.10095944 0.96073840 -0.25843553
vn 0.12364514 0.95296962 -0.27669619
vn 0.15844949 0.94800693 -0.27600113
vn 0.15938372 0.95332799 -0.25644215
vn 0.16851922 0.94935453 -0.26519286
vn 0.12364514 0.95296962 -0.27669619
vn 0.14463811 0.94623236 -0.28935125
vn 0.15844949 0.94800693 -0.27600113
vn 0.15888602 0.94755622 -0.27729486
vn 0.14463811 0.94623236 -0.28935125
vn 0.14981734 0.93768727 -0.31352407
vn 0.15888602 0.94755622 -0.27729486
vn 0.15968024 0.93435361 -0.31856796
vn 0.16922421 0.93228525 -0.31969890
vn 0.17295210 0.93217698 -0.31801517
vn 0.18961049 0.93489595 -0.30002904
vn 0.14258857 0.93671695 -0.31973405
vn 0.14981734 0.93768727 -0.31352407
vn 0.15968024 0.93435361 -0.31856796
vn 0.16787734 0.92486512 -0.34123557
vn 0.16922421 0.93228525 -0.31969890
vn 0.17295210 0.93217698 -0.31801517
vn 0.18696580 0.92163640 -0.34004431
vn 0.19133524 0.92895389 -0.31691560
vn 0.19183577 0.92229369 -0.33551958
vn 0.19246590 0.92613276 -0.32439943
vn 0.00000000 0.96318338 -0.26884525
vn 0.00091962 0.96366085 -0.26712716
vn 0.00135595 0.96354331 -0.26754898
vn -1.00000000 0.00000000 0.00000000
vn 0.00091962 0.96366085 -0.26712716
vn 0.00089867 0.96532718 -0.26104143
vn 0.00135595 0.96354331 -0.26754898
vn 0.02024843 0.96512966 -0.26098802
vn 0.02116586 0.96332834 -0.26748929
vn 0.02384701 0.96397294 -0.26492922
vn 0.02377857 0.96411434 -0.26442033
vn 0.02384701 0.96397294 -0.26492922
vn 0.02377857 0.96411434 -0.26442033
vn 0.03195421 0.96586759 -0.25705783
vn 0.04288157 0.96369265 -0.26354820
vn 0.03154342 0.96765057 -0.25031456
vn 0.03195421 0.96586759 -0.25705783
vn 0.04208394 0.96911834 -0.24297859
vn 0.04288157 0.96369265 -0.26354820
vn 0.04882073 0.96322372 -0.26422832
vn 0.05467339 0.96894899 -0.24114037
vn 0.05523276 0.96373530 -0.26108162
vn 0.05720390 0.96848639 -0.24240838
vn 0.06273032 0.96638150 -0.24934256
vn 0.06288318 0.96603188 -0.25065538
vn 0.18696580 0.92163640 -0.34004431
vn 0.19183577 0.92229369 -0.33551958
vn 0.19456843 0.90605563 -0.37577431
vn 0.19494482 0.92088042 -0.33760297
vn 0.19535038 0.90566535 -0.37630905
vn 0.19583894 0.90574145 -0.37587169
vn 0.20122865 0.90952954 -0.36367986
vn 0.00000000 0.00000000 -1.00000000
vn 0.18525505 0.88235522 -0.43258506
vn 0.18957977 0.88884396 -0.41715217
vn 0.19526133 0.85737234 -0.47622020
vn 0.00000000 0.00000000 -1.00000000
vn 0.18369365 0.88261836 -0.43271407
vn 0.18525505 0.88235522 -0.43258506
vn 0.19535038 0.90566535 -0.37630905
vn 0.19556774 0.90518694 -0.37734582
vn 0.19583894 0.90574145 -0.37587169
vn 0.19546768 0.90108940 -0.38707916
vn 0.19556774 0.90518694 -0.37734582
vn 0.19583894 0.90574145 -0.37587169
vn 0.19889833 0.90367494 -0.37922429
vn 0.20122865 0.90952954 -0.36367986
vn 0.20141141 0.90956703 -0.36348489
vn 0.00000000 0.00000000 -1.00000000
vn 0.19526133 0.85737234 -0.47622020
vn 0.25254874 0.82610186 -0.50376071
vn 0.19889833 0.90367494 -0.37922429
vn 0.20141141 0.90956703 -0.36348489
vn 0.20499349 0.91153043 -0.35649677
vn 0.22785073 0.90711046 -0.35388510
vn 0.20415400 0.91473392 -0.34868753
vn 0.20499349 0.91153043 -0.35649677
vn 0.20539552 0.91943397 -0.33534141
vn 0.20635436 0.92015813 -0.33275651
vn 0.22106726 0.92186430 -0.31826949
vn 0.22785073 0.90711046 -0.35388510
vn 0.24444382 0.90494358 -0.34831643
vn 0.25017257 0.91519338 -0.31596639
vn 0.26391121 0.90677420 -0.32880302
vn 0.26557302 0.90942216 -0.32003486
vn 0.21930122 0.93200610 -0.28856820
vn 0.22188096 0.92890580 -0.29648415
vn 0.23553301 0.93280362 -0.27276660
vn 0.24239481 0.93184005 -0.27003496
vn 0.25017257 0.91519338 -0.31596639
vn 0.26454241 0.92424088 -0.27531095
vn 0.26557302 0.90942216 -0.32003486
vn 0.26687179 0.90923783 -0.31947773
vn 0.28671387 0.91361608 -0.28827211
vn 0.28820690 0.91267268 -0.28976776
vn 0.29083388 0.90982928 -0.29601745
vn 0.26687179 0.90923783 -0.31947773
vn 0.29083388 0.90982928 -0.29601745
vn 0.32176779 0.89610568 -0.30571244
vn 0.32216225 0.89609676 -0.30532292
vn 0.28820690 0.91267268 -0.28976776
vn 0.29083388 0.90982928 -0.29601745
vn 0.32216225 0.89609676 -0.30532292
vn 0.32359506 0.89580989 -0.30464879
vn 0.27927453 0.91984834 -0.27547188
vn 0.28671387 0.91361608 -0.28827211
vn 0.28820690 0.91267268 -0.28976776
vn 0.30118833 0.91925260 -0.25349606
vn 0.31360742 0.91558179 -0.25171486
vn 0.32359506 0.89580989 -0.30464879
vn 0.32854103 0.89439855 -0.30349963
vn 0.35457831 0.88849329 -0.29129694
vn 0.36332037 0.89272457 -0.26653546
vn 0.36934527 0.88747020 -0.27564599
vn 0.32854103 0.89439855 -0.30349963
vn 0.34634222 0.88597538 -0.30837426
vn 0.35457831 0.88849329 -0.29129694
vn 0.36308245 0.88579983 -0.28901523
vn 0.36353670 0.88513139 -0.29048837
vn 0.38143094 0.86422418 -0.32806554
vn 0.38159404 0.86490636 -0.32607205
vn 0.39175188 0.86510256 -0.31325393
vn 1.00000000 0.00000000 0.00000000
vn 0.37103595 0.86462960 -0.33874471
vn 0.37110261 0.86534443 -0.33684101
vn 0.38143094 0.86422418 -0.32806554
vn 0.38159404 0.86490636 -0.32607205
vn 0.36308245 0.88579983 -0.28901523
vn 0.36353670 0.88513139 -0.29048837
vn 0.37013792 0.88513780 -0.28200887
vn 0.37949235 0.88023441 -0.28490864
vn 0.38395221 0.87439721 -0.29666517
vn 0.38512827 0.87433390 -0.29532432
vn 0.38546622 0.87435115 -0.29483193
vn 0.38713910 0.87550974 -0.28914705
vn 0.38395221 0.87439721 -0.29666517
vn 0.38498079 0.87332054 -0.29849797
vn 0.38512827 0.87433390 -0.29532432
vn 0.38498079 0.87332054 -0.29849797
vn 0.38512827 0.87433390 -0.29532432
vn 0.38546622 0.87435115 -0.29483193
vn 0.39175188 0.86510256 -0.31325393
vn 1.00000000 0.00000000 0.00000000
vn 0.24686155 0.43251433 0.86717399
vn 0.26359047 0.70045457 0.66323711
vn 0.39508699 0.86737551 0.30259875
vn 1.00000000 0.00000000 0.00000000
vn 0.15427687 0.43077647 0.88917393
vn 0.15631552 0.46477151 0.87152332
vn 0.18493056 0.42847612 0.88442575
vn 0.18635508 0.58786024 0.78720526
vn 0.19337976 0.60253536 0.77430963
vn 0.24686155 0.43251433 0.86717399
vn 0.26359047 0.70045457 0.66323711
vn 0.10579084 0.43244695 0.89543170
vn 0.10999947 0.34790546 0.93105419
vn 0.13208474 0.48885023 0.86231031
vn 0.14944829 0.50826821 0.84813244
vn 0.15427687 0.43077647 0.88917393
vn 0.15631552 0.46477151 0.87152332
vn 0.05642736 0.28719897 0.95620746
vn 0.05781070 0.19221130 0.97964929
vn 0.08549847 0.40067805 0.91222098
vn 0.09192432 0.41857990 0.90351579
vn 0.10579084 0.43244695 0.89543170
vn 0.10999947 0.34790546 0.93105419
vn 0.03758248 0.49835315 0.86615916
vn 0.04147639 0.50721984 0.86081807
vn 0.04202241 0.24549785 0.96848589
vn 0.05341474 0.52072481 0.85205196
vn 0.05642736 0.28719897 0.95620746
vn 0.07971873 0.51980962 0.85055445
vn 0.08549847 0.40067805 0.91222098
vn 0.02890817 0.48200748 0.87569008
vn 0.03227752 0.20725169 0.97775503
vn 0.03498797 0.49549592 0.86790531
vn 0.03758248 0.49835315 0.86615916
vn 0.04202241 0.24549785 0.96848589
vn 0.02439566 0.47709810 0.87851139
vn 0.02729212 0.18256005 0.98281584
vn 0.02890817 0.48200748 0.87569008
vn 0.03227752 0.20725169 0.97775503
vn 0.00282511 0.95538332 0.29535526
vn 0.00304771 0.95546626 0.29508461
vn 0.00392978 0.47723645 0.87876614
vn 0.02439566 0.47709810 0.87851139
vn 0.02890817 0.48200748 0.87569008
vn 0.02917512 0.95506397 0.29496037
vn 0.03498797 0.49549592 0.86790531
vn 0.00000000 0.95657949 0.29147159
vn 0.00282511 0.95538332 0.29535526
vn 0.00304771 0.95546626 0.29508461
vn -1.00000000 0.00000000 0.00000000
vn 0.05523276 0.96373530 -0.26108162
vn 0.06288318 0.96603188 -0.25065538
vn 0.09909992 0.96045743 -0.26019362
vn 0.10095944 0.96073840 -0.25843553
vn 0.10119486 0.96297871 -0.24986318
vn 0.15844949 0.94800693 -0.27600113
vn 0.15888602 0.94755622 -0.27729486
vn 0.16851922 0.94935453 -0.26519286
vn 0.16927863 0.94920960 -0.26522799
vn 0.18961049 0.93489595 -0.30002904
vn 0.19495120 0.93410983 -0.29905325
vn 0.19899542 0.94034364 -0.27596135
vn 0.20120581 0.93453750 -0.29352324
vn 0.20192390 0.93471858 -0.29245157
vn 0.20275602 0.93588405 -0.28811635
vn 0.10095944 0.96073840 -0.25843553
vn 0.10119486 0.96297871 -0.24986318
vn 0.10211208 0.96322719 -0.24852869
vn 0.10464068 0.96350237 -0.24640112
vn 0.13038350 0.96055090 -0.24564632
vn 0.15938372 0.95332799 -0.25644215
vn 0.15947231 0.95385788 -0.25440858
vn 0.15938372 0.95332799 -0.25644215
vn 0.15947231 0.95385788 -0.25440858
vn 0.16851922 0.94935453 -0.26519286
vn 0.16927863 0.94920960 -0.26522799
vn 0.18409184 0.95169440 -0.24573961
vn 0.19643335 0.94962815 -0.24417272
vn 0.20068814 0.94427249 -0.26090943
vn 0.20134317 0.94735452 -0.24895850
vn 0.17295210 0.93217698 -0.31801517
vn 0.18961049 0.93489595 -0.30002904
vn 0.19133524 0.92895389 -0.31691560
vn 0.19419567 0.93048968 -0.31060745
vn 0.19495120 0.93410983 -0.29905325
vn 0.19133524 0.92895389 -0.31691560
vn 0.19246590 0.92613276 -0.32439943
vn 0.19419567 0.93048968 -0.31060745
vn 0.19688753 0.92102584 -0.33607546
vn 0.19898650 0.93116397 -0.30551275
vn 0.20091196 0.91903646 -0.33912588
vn 0.20539552 0.91943397 -0.33534141
vn 0.20635436 0.92015813 -0.33275651
vn 0.19183577 0.92229369 -0.33551958
vn 0.19246590 0.92613276 -0.32439943
vn 0.19494482 0.92088042 -0.33760297
vn 0.19688753 0.92102584 -0.33607546
vn 0.00003542 0.96554668 -0.26022990
vn 0.00091962 0.96366085 -0.26712716
vn 0.00089867 0.96532718 -0.26104143
vn -1.00000000 0.00000000 0.00000000
vn 0.00000000 0.96804939 -0.25075962
vn 0.00000000 0.96556476 -0.26016282
vn 0.00003542 0.96554668 -0.26022990
vn 0.00055014 0.96830229 -0.24978065
vn 0.00089867 0.96532718 -0.26104143
vn 0.01984716 0.96811171 -0.24973149
vn 0.02024843 0.96512966 -0.26098802
vn 0.01984716 0.96811171 -0.24973149
vn 0.02024843 0.96512966 -0.26098802
vn 0.02377857 0.96411434 -0.26442033
vn 0.02484478 0.96928073 -0.24469900
vn 0.03154342 0.96765057 -0.25031456
vn 0.03195421 0.96586759 -0.25705783
vn 0.02484478 0.96928073 -0.24469900
vn 0.02509868 0.96995130 -0.24200110
vn 0.03154342 0.96765057 -0.25031456
vn 0.04208394 0.96911834 -0.24297859
vn 0.02320347 0.97152137 -0.23581312
vn 0.02317913 0.97044857 -0.24019221
vn 0.02509868 0.96995130 -0.24200110
vn 0.04208394 0.96911834 -0.24297859
vn 0.05467339 0.96894899 -0.24114037
vn 0.05475104 0.97032507 -0.23552407
vn 0.05467339 0.96894899 -0.24114037
vn 0.05475104 0.97032507 -0.23552407
vn 0.05662575 0.97064711 -0.23374713
vn 0.05720390 0.96848639 -0.24240838
vn 0.10324201 0.96489105 -0.24150848
vn 0.10346650 0.96698914 -0.23286623
vn 0.05720390 0.96848639 -0.24240838
vn 0.06273032 0.96638150 -0.24934256
vn 0.10211208 0.96322719 -0.24852869
vn 0.10324201 0.96489105 -0.24150848
vn 0.10379974 0.96467596 -0.24212788
vn 0.10464068 0.96350237 -0.24640112
vn 0.06273032 0.96638150 -0.24934256
vn 0.06288318 0.96603188 -0.25065538
vn 0.10119486 0.96297871 -0.24986318
vn 0.10211208 0.96322719 -0.24852869
vn 0.19494482 0.92088042 -0.33760297
vn 0.19688753 0.92102584 -0.33607546
vn 0.20091196 0.91903646 -0.33912588
vn 0.20122865 0.90952954 -0.36367986
vn 0.20141141 0.90956703 -0.36348489
vn 0.20415400 0.91473392 -0.34868753
vn 0.20499349 0.91153043 -0.35649677
vn 0.20091196 0.91903646 -0.33912588
vn 0.20415400 0.91473392 -0.34868753
vn 0.20539552 0.91943397 -0.33534141
vn 0.19898650 0.93116397 -0.30551275
vn 0.20000643 0.93180470 -0.30288187
vn 0.20635436 0.92015813 -0.33275651
vn 0.20997519 0.93256683 -0.29364865
vn 0.21433278 0.93051287 -0.29699708
vn 0.22106726 0.92186430 -0.31826949
vn 0.21433278 0.93051287 -0.29699708
vn 0.22106726 0.92186430 -0.31826949
vn 0.22188096 0.92890580 -0.29648415
vn 0.25017257 0.91519338 -0.31596639
vn 0.20936188 0.93331986 -0.29168756
vn 0.20997519 0.93256683 -0.29364865
vn 0.21139986 0.93367060 -0.28908356
vn 0.21433278 0.93051287 -0.29699708
vn 0.21930122 0.93200610 -0.28856820
vn 0.22188096 0.92890580 -0.29648415
vn 0.21139986 0.93367060 -0.28908356
vn 0.21236077 0.93791457 -0.27426112
vn 0.21930122 0.93200610 -0.28856820
vn 0.23553301 0.93280362 -0.27276660
vn 0.21084975 0.93868121 -0.27280024
vn 0.21156874 0.94035338 -0.26640982
vn 0.21236077 0.93791457 -0.27426112
vn 0.21425988 0.94182789 -0.25894579
vn 0.21618334 0.94191620 -0.25701875
vn 0.23373674 0.93803506 -0.25584637
vn 0.23553301 0.93280362 -0.27276660
vn 0.24239481 0.93184005 -0.27003496
vn 0.24328527 0.93526325 -0.25708933
vn 0.24239481 0.93184005 -0.27003496
vn 0.24328527 0.93526325 -0.25708933
vn 0.24360977 0.93521978 -0.25694014
vn 0.26454241 0.92424088 -0.27531095
vn 0.27927453 0.91984834 -0.27547188
vn 0.29453383 0.92149602 -0.25316970
vn 0.30118833 0.91925260 -0.25349606
vn 0.26454241 0.92424088 -0.27531095
vn 0.27927453 0.91984834 -0.27547188
vn 0.28671387 0.91361608 -0.28827211
vn 0.35457831 0.88849329 -0.29129694
vn 0.36308245 0.88579983 -0.28901523
vn 0.36934527 0.88747020 -0.27564599
vn 0.37013792 0.88513780 -0.28200887
vn 0.37127970 0.88651461 -0.27612178
vn 0.25865422 0.93673523 -0.23584977
vn 0.26229563 0.93666745 -0.23206698
vn 0.26513828 0.93143423 -0.24926286
vn 0.29453383 0.92149602 -0.25316970
vn 0.30085124 0.92537051 -0.23060345
vn 0.30118833 0.91925260 -0.25349606
vn 0.31360742 0.91558179 -0.25171486
vn 0.32639092 0.91192006 -0.24873834
vn 0.33360832 0.91128284 -0.24138989
vn 0.31360742 0.91558179 -0.25171486
vn 0.32639092 0.91192006 -0.24873834
vn 0.34489442 0.90480245 -0.24976060
vn 0.35573465 0.89971300 -0.25292167
vn 0.36332037 0.89272457 -0.26653546
vn 0.36362285 0.89346781 -0.26361656
vn 0.36332037 0.89272457 -0.26653546
vn 0.36362285 0.89346781 -0.26361656
vn 0.36934527 0.88747020 -0.27564599
vn 0.37127970 0.88651461 -0.27612178
vn 0.37282735 0.88629644 -0.27473331
vn 0.37372163 0.88842233 -0.26652939
vn 0.37013792 0.88513780 -0.28200887
vn 0.37127970 0.88651461 -0.27612178
vn 0.37282735 0.88629644 -0.27473331
vn 0.37639109 0.88496643 -0.27416084
vn 0.37949235 0.88023441 -0.28490864
vn 0.38031799 0.88017357 -0.28399423
vn 0.37949235 0.88023441 -0.28490864
vn 0.38031799 0.88017357 -0.28399423
vn 0.38713910 0.87550974 -0.28914705
vn 1.00000000 0.00000000 0.00000000
vn 0.38546622 0.87435115 -0.29483193
vn 0.38713910 0.87550974 -0.28914705
vn 1.00000000 0.00000000 0.00000000
vn 0.38042972 0.89547252 0.23108915
vn 0.38828108 0.91395340 -0.11801264
vn 0.39508699 0.86737551 0.30259875
vn 1.00000000 0.00000000 0.00000000
vn 0.18695472 0.78386377 0.59211952
vn 0.19337976 0.60253536 0.77430963
vn 0.23470038 0.96790084 0.08990941
vn 0.24698130 0.96602764 0.07609760
vn 0.26359047 0.70045457 0.66323711
vn 0.31110718 0.94663842 0.08419038
vn 0.35542094 0.92446564 0.13798271
vn 0.38042972 0.89547252 0.23108915
vn 0.39508699 0.86737551 0.30259875
vn 0.17108249 0.56760298 0.80533076
vn 0.17241900 0.73627735 0.65434498
vn 0.18635508 0.58786024 0.78720526
vn 0.18695472 0.78386377 0.59211952
vn 0.19337976 0.60253536 0.77430963
vn 0.14944829 0.50826821 0.84813244
vn 0.15631552 0.46477151 0.87152332
vn 0.17108249 0.56760298 0.80533076
vn 0.18635508 0.58786024 0.78720526
vn 0.13208474 0.48885023 0.86231031
vn 0.14249118 0.65393502 0.74301094
vn 0.14944829 0.50826821 0.84813244
vn 0.16363887 0.71614451 0.67849787
vn 0.17108249 0.56760298 0.80533076
vn 0.17241900 0.73627735 0.65434498
vn 0.09192432 0.41857990 0.90351579
vn 0.09774721 0.54149334 0.83500326
vn 0.10579084 0.43244695 0.89543170
vn 0.11274041 0.59098188 0.79876781
vn 0.13208474 0.48885023 0.86231031
vn 0.14249118 0.65393502 0.74301094
vn 0.07971873 0.51980962 0.85055445
vn 0.08549847 0.40067805 0.91222098
vn 0.09192432 0.41857990 0.90351579
vn 0.09774721 0.54149334 0.83500326
vn 0.04691489 0.95872048 0.28045325
vn 0.05341474 0.52072481 0.85205196
vn 0.05343066 0.96332051 0.26298054
vn 0.07971873 0.51980962 0.85055445
vn 0.08165694 0.97126210 0.22356670
vn 0.08694407 0.97082620 0.22346637
vn 0.09774721 0.54149334 0.83500326
vn 0.11274041 0.59098188 0.79876781
vn 0.03659591 0.95518689 0.29373243
vn 0.04147639 0.50721984 0.86081807
vn 0.04691489 0.95872048 0.28045325
vn 0.05341474 0.52072481 0.85205196
vn 0.02917512 0.95506397 0.29496037
vn 0.03012138 0.95539345 0.29379595
vn 0.03498797 0.49549592 0.86790531
vn 0.03659591 0.95518689 0.29373243
vn 0.03758248 0.49835315 0.86615916
vn 0.04147639 0.50721984 0.86081807
vn 0.00000000 0.95657949 0.29147159
vn 0.00000000 0.97532831 -0.22075935
vn 0.00122060 0.97532758 -0.22075918
vn 0.00304771 0.95546626 0.29508461
vn 0.02917512 0.95506397 0.29496037
vn 0.03012138 0.95539345 0.29379595
vn 0.03092862 0.98099755 -0.19153908
vn 0.00000000 0.95657949 0.29147159
vn 0.00000000 0.97532831 -0.22075935
vn -1.00000000 0.00000000 0.00000000
vn 0.16927863 0.94920960 -0.26522799
vn 0.19899542 0.94034364 -0.27596135
vn 0.20068814 0.94427249 -0.26090943
vn 0.20391333 0.94288815 -0.26340329
vn 0.20444356 0.94070455 -0.27069870
vn 0.20522350 0.94129154 -0.26805513
vn 0.19899542 0.94034364 -0.27596135
vn 0.20275602 0.93588405 -0.28811635
vn 0.20444356 0.94070455 -0.27069870
vn 0.20689067 0.93808750 -0.27782744
vn 0.20192390 0.93471858 -0.29245157
vn 0.20275602 0.93588405 -0.28811635
vn 0.20689067 0.93808750 -0.27782744
vn 0.20936188 0.93331986 -0.29168756
vn 0.21061915 0.93872633 -0.27282313
vn 0.21084975 0.93868121 -0.27280024
vn 0.21139986 0.93367060 -0.28908356
vn 0.21236077 0.93791457 -0.27426112
vn 0.20000643 0.93180470 -0.30288187
vn 0.20120581 0.93453750 -0.29352324
vn 0.20192390 0.93471858 -0.29245157
vn 0.20936188 0.93331986 -0.29168756
vn 0.20997519 0.93256683 -0.29364865
vn 0.19419567 0.93048968 -0.31060745
vn 0.19495120 0.93410983 -0.29905325
vn 0.19898650 0.93116397 -0.30551275
vn 0.20000643 0.93180470 -0.30288187
vn 0.20120581 0.93453750 -0.29352324
vn 0.10379974 0.96467596 -0.24212788
vn 0.10464068 0.96350237 -0.24640112
vn 0.12934350 0.96176779 -0.24139795
vn 0.13038350 0.96055090 -0.24564632
vn 0.12934350 0.96176779 -0.24139795
vn 0.13038350 0.96055090 -0.24564632
vn 0.13824568 0.96265969 -0.23275406
vn 0.15695591 0.95970731 -0.23308092
vn 0.15947231 0.95385788 -0.25440858
vn 0.18409184 0.95169440 -0.24573961
vn 0.19423651 0.95218078 -0.23584728
vn 0.19419551 0.95221505 -0.23574267
vn 0.18409184 0.95169440 -0.24573961
vn 0.19423651 0.95218078 -0.23584728
vn 0.19643335 0.94962815 -0.24417272
vn 0.19714658 0.95132503 -0.23688375
vn 0.19735510 0.95115253 -0.23740226
vn 0.19643335 0.94962815 -0.24417272
vn 0.19735510 0.95115253 -0.23740226
vn 0.20134317 0.94735452 -0.24895850
vn 0.20700775 0.94621186 -0.24865822
vn 0.20710056 0.94663608 -0.24696051
vn 0.20068814 0.94427249 -0.26090943
vn 0.20134317 0.94735452 -0.24895850
vn 0.20391333 0.94288815 -0.26340329
vn 0.20663002 0.94233937 -0.26324999
vn 0.20700775 0.94621186 -0.24865822
vn 0.21210034 0.94264316 -0.25775436
vn 0.21224990 0.94368441 -0.25379070
vn 0.00000000 0.96556476 -0.26016282
vn 0.00003542 0.96554668 -0.26022990
vn -1.00000000 0.00000000 0.00000000
vn 0.00000000 0.96804939 -0.25075962
vn 0.00000000 0.96556476 -0.26016282
vn -1.00000000 0.00000000 0.00000000
vn 0.00000000 0.96855966 -0.24878138
vn 0.00000000 0.96804939 -0.25075962
vn 0.00055014 0.96830229 -0.24978065
vn -1.00000000 0.00000000 0.00000000
vn 0.00000000 0.97064378 -0.24052163
vn 0.00000000 0.96855966 -0.24878138
vn 0.00028163 0.97070934 -0.24025675
vn 0.00055014 0.96830229 -0.24978065
vn 0.01984716 0.96811171 -0.24973149
vn 0.02317913 0.97044857 -0.24019221
vn 0.02484478 0.96928073 -0.24469900
vn 0.02509868 0.96995130 -0.24200110
vn 0.00000000 0.97178330 -0.23587542
vn 0.00000000 0.97077629 -0.23998626
vn 0.00028163 0.97070934 -0.24025675
vn 0.02320476 0.97152163 -0.23581191
vn 0.02317913 0.97044857 -0.24019221
vn 0.02320214 0.97152110 -0.23581438
vn 0.02325003 0.97352615 -0.22739014
vn 0.05475104 0.97032507 -0.23552407
vn 0.05486115 0.97232285 -0.22710909
vn 0.05662575 0.97064711 -0.23374713
vn 0.05669352 0.97180889 -0.22885221
vn 0.10324201 0.96489105 -0.24150848
vn 0.10346650 0.96698914 -0.23286623
vn 0.10379974 0.96467596 -0.24212788
vn 0.10419986 0.96707924 -0.23216402
vn 0.12475873 0.96477543 -0.23161095
vn 0.12934350 0.96176779 -0.24139795
vn 0.13824568 0.96265969 -0.23275406
vn 0.05662575 0.97064711 -0.23374713
vn 0.05669352 0.97180889 -0.22885221
vn 0.08281232 0.97003105 -0.22843355
vn 0.10262422 0.96760864 -0.23065514
vn 0.10346650 0.96698914 -0.23286623
vn 0.10419986 0.96707924 -0.23216402
vn 0.20922038 0.94024054 -0.26865323
vn 0.21061915 0.93872633 -0.27282313
vn 0.21084975 0.93868121 -0.27280024
vn 0.21156874 0.94035338 -0.26640982
vn 0.20663002 0.94233937 -0.26324999
vn 0.20822214 0.94068219 -0.26788160
vn 0.20922038 0.94024054 -0.26865323
vn 0.21156874 0.94035338 -0.26640982
vn 0.21210034 0.94264316 -0.25775436
vn 0.21425988 0.94182789 -0.25894579
vn 0.21210034 0.94264316 -0.25775436
vn 0.21224990 0.94368441 -0.25379070
vn 0.21425988 0.94182789 -0.25894579
vn 0.21560470 0.94293643 -0.25374298
vn 0.21618334 0.94191620 -0.25701875
vn 0.21628900 0.94237655 -0.25523617
vn 0.21618334 0.94191620 -0.25701875
vn 0.21628900 0.94237655 -0.25523617
vn 0.21823643 0.94243348 -0.25336140
vn 0.22722344 0.94045061 -0.25282833
vn 0.23373674 0.93803506 -0.25584637
vn 0.22722344 0.94045061 -0.25282833
vn 0.22968078 0.94049099 -0.25044647
vn 0.23266702 0.93999086 -0.24956610
vn 0.23373674 0.93803506 -0.25584637
vn 0.24328527 0.93526325 -0.25708933
vn 0.24360977 0.93521978 -0.25694014
vn 0.24505131 0.93524618 -0.25546905
vn 0.24360977 0.93521978 -0.25694014
vn 0.24505131 0.93524618 -0.25546905
vn 0.26513828 0.93143423 -0.24926286
vn 0.29453383 0.92149602 -0.25316970
vn 0.32639092 0.91192006 -0.24873834
vn 0.33360832 0.91128284 -0.24138989
vn 0.33681375 0.91043920 -0.24011864
vn 0.34489442 0.90480245 -0.24976060
vn 0.35720511 0.90337691 -0.23730713
vn 0.36096767 0.89922815 -0.24716610
vn 0.36205308 0.89891805 -0.24670612
vn 0.36222114 0.89991763 -0.24278405
vn 0.23266702 0.93999086 -0.24956610
vn 0.24505131 0.93524618 -0.25546905
vn 0.25012169 0.93997098 -0.23215017
vn 0.25865422 0.93673523 -0.23584977
vn 0.26513828 0.93143423 -0.24926286
vn 0.25012169 0.93997098 -0.23215017
vn 0.25013267 0.94002110 -0.23193527
vn 0.25865422 0.93673523 -0.23584977
vn 0.26229563 0.93666745 -0.23206698
vn 0.22461162 0.94736952 -0.22812411
vn 0.23331509 0.97180417 -0.03406930
vn 0.23626475 0.94406341 -0.23005055
vn 0.24765896 0.96867819 -0.01809962
vn 0.25013267 0.94002110 -0.23193527
vn 0.26229563 0.93666745 -0.23206698
vn 0.30085124 0.92537051 -0.23060345
vn 0.31215202 0.94981766 -0.02018721
vn 0.34869160 0.90938760 -0.22677823
vn 0.35745987 0.90627059 -0.22560153
vn 0.35808184 0.93138676 -0.06554456
vn 0.35899761 0.90573581 -0.22530727
vn 0.36509347 0.90370272 -0.22366974
vn 0.37389267 0.90073854 -0.22107544
vn 0.37957339 0.91625446 -0.12806953
vn 0.38215523 0.89790842 -0.21844416
vn 0.39179475 0.90040402 -0.18912818
vn 0.30085124 0.92537051 -0.23060345
vn 0.33360832 0.91128284 -0.24138989
vn 0.33681375 0.91043920 -0.24011864
vn 0.34869160 0.90938760 -0.22677823
vn 0.35573465 0.89971300 -0.25292167
vn 0.36096767 0.89922815 -0.24716610
vn 0.36205308 0.89891805 -0.24670612
vn 0.36362285 0.89346781 -0.26361656
vn 0.36893415 0.89549894 -0.24893622
vn 0.37372163 0.88842233 -0.26652939
vn 0.37734208 0.89102886 -0.25235003
vn 0.37753437 0.89088862 -0.25255745
vn 0.37949460 0.88898326 -0.25630570
vn 0.38068549 0.88759478 -0.25933390
vn 0.34489442 0.90480245 -0.24976060
vn 0.35573465 0.89971300 -0.25292167
vn 0.36096767 0.89922815 -0.24716610
vn 0.37282735 0.88629644 -0.27473331
vn 0.37372163 0.88842233 -0.26652939
vn 0.37639109 0.88496643 -0.27416084
vn 0.38023497 0.88364841 -0.27310594
vn 0.38068549 0.88759478 -0.25933390
vn 0.38096470 0.88747124 -0.25934666
vn 0.37639109 0.88496643 -0.27416084
vn 0.38023497 0.88364841 -0.27310594
vn 0.38031799 0.88017357 -0.28399423
vn 1.00000000 0.00000000 0.00000000
vn 0.37957339 0.91625446 -0.12806953
vn 0.38828108 0.91395340 -0.11801264
vn 0.39179475 0.90040402 -0.18912818
vn 1.00000000 0.00000000 0.00000000
vn 0.35542094 0.92446564 0.13798271
vn 0.35808184 0.93138676 -0.06554456
vn 0.37957339 0.91625446 -0.12806953
vn 0.38042972 0.89547252 0.23108915
vn 0.38828108 0.91395340 -0.11801264
vn 0.31110718 0.94663842 0.08419038
vn 0.31215202 0.94981766 -0.02018721
vn 0.35542094 0.92446564 0.13798271
vn 0.35808184 0.93138676 -0.06554456
vn 0.24698130 0.96602764 0.07609760
vn 0.24765896 0.96867819 -0.01809962
vn 0.31110718 0.94663842 0.08419038
vn 0.31215202 0.94981766 -0.02018721
vn 0.23200331 0.97036752 0.06753767
vn 0.23244409 0.97221113 -0.02784367
vn 0.23331509 0.97180417 -0.03406930
vn 0.23470038 0.96790084 0.08990941
vn 0.24698130 0.96602764 0.07609760
vn 0.24765896 0.96867819 -0.01809962
vn 0.12000853 0.97826162 0.16912170
vn 0.14581491 0.98472297 0.09517709
vn 0.16363887 0.71614451 0.67849787
vn 0.17241900 0.73627735 0.65434498
vn 0.18695472 0.78386377 0.59211952
vn 0.20205015 0.97871731 0.03589102
vn 0.21667008 0.97553994 0.03709319
vn 0.22583206 0.97301194 0.04740932
vn 0.23179054 0.97050016 0.06635196
vn 0.23200331 0.97036752 0.06753767
vn 0.23470038 0.96790084 0.08990941
vn 0.08694407 0.97082620 0.22346637
vn 0.11274041 0.59098188 0.79876781
vn 0.12000853 0.97826162 0.16912170
vn 0.14249118 0.65393502 0.74301094
vn 0.16363887 0.71614451 0.67849787
vn 0.08165694 0.97126210 0.22356670
vn 0.08285302 0.98548877 -0.14814609
vn 0.08694407 0.97082620 0.22346637
vn 0.10238450 0.98369208 -0.14787600
vn 0.12000853 0.97826162 0.16912170
vn 0.13077461 0.98577379 -0.10558424
vn 0.14581491 0.98472297 0.09517709
vn 0.14620653 0.98736770 -0.06106282
vn 0.05343066 0.96332051 0.26298054
vn 0.05453591 0.98324740 -0.17392636
vn 0.06106443 0.98287520 -0.17386052
vn 0.08165694 0.97126210 0.22356670
vn 0.08285302 0.98548877 -0.14814609
vn 0.03012138 0.95539345 0.29379595
vn 0.03092862 0.98099755 -0.19153908
vn 0.03659591 0.95518689 0.29373243
vn 0.03784834 0.98076387 -0.19149345
vn 0.04691489 0.95872048 0.28045325
vn 0.05343066 0.96332051 0.26298054
vn 0.05453591 0.98324740 -0.17392636
vn 0.00122060 0.97532758 -0.22075918
vn 0.02233958 0.97432436 -0.22403790
vn 0.03092862 0.98099755 -0.19153908
vn 0.03784834 0.98076387 -0.19149345
vn 0.03945824 0.97380860 -0.22391931
vn 0.00000000 0.97532831 -0.22075935
vn 0.00000000 0.97399520 -0.22656864
vn 0.00122060 0.97532758 -0.22075918
vn 0.02232647 0.97375242 -0.22651216
vn 0.02233958 0.97432436 -0.22403790
vn 0.00000000 0.97532831 -0.22075935
vn 0.00000000 0.97399520 -0.22656864
vn -1.00000000 0.00000000 0.00000000
vn 0.20391333 0.94288815 -0.26340329
vn 0.20522350 0.94129154 -0.26805513
vn 0.20663002 0.94233937 -0.26324999
vn 0.20822214 0.94068219 -0.26788160
vn 0.20444356 0.94070455 -0.27069870
vn 0.20522350 0.94129154 -0.26805513
vn 0.20689067 0.93808750 -0.27782744
vn 0.20822214 0.94068219 -0.26788160
vn 0.20922038 0.94024054 -0.26865323
vn 0.21061915 0.93872633 -0.27282313
vn 0.19423651 0.95218078 -0.23584728
vn 0.19419551 0.95221505 -0.23574267
vn 0.19705316 0.95163142 -0.23572800
vn 0.19714658 0.95132503 -0.23688375
vn 0.10238450 0.98369208 -0.14787600
vn 0.11460724 0.96633501 -0.23035154
vn 0.12475873 0.96477543 -0.23161095
vn 0.13077461 0.98577379 -0.10558424
vn 0.13824568 0.96265969 -0.23275406
vn 0.15695591 0.95970731 -0.23308092
vn 0.13077461 0.98577379 -0.10558424
vn 0.14620653 0.98736770 -0.06106282
vn 0.15695591 0.95970731 -0.23308092
vn 0.19419551 0.95221505 -0.23574267
vn 0.19705316 0.95163142 -0.23572800
vn 0.20218042 0.97934829 0.00000000
vn 0.21306328 0.94902592 -0.23227966
vn 0.21649643 0.94852747 -0.23113836
vn 0.21681929 0.97621176 0.00000000
vn 0.22461162 0.94736952 -0.22812411
vn 0.22607689 0.97406681 -0.00911507
vn 0.23221948 0.97229612 -0.02672755
vn 0.23244409 0.97221113 -0.02784367
vn 0.23331509 0.97180417 -0.03406930
vn 0.19705316 0.95163142 -0.23572800
vn 0.19714658 0.95132503 -0.23688375
vn 0.19735510 0.95115253 -0.23740226
vn 0.20710056 0.94663608 -0.24696051
vn 0.21228520 0.94556018 -0.24667982
vn 0.21306328 0.94902592 -0.23227966
vn 0.20700775 0.94621186 -0.24865822
vn 0.20710056 0.94663608 -0.24696051
vn 0.21224990 0.94368441 -0.25379070
vn 0.21228520 0.94556018 -0.24667982
vn 0.21560470 0.94293643 -0.25374298
vn 0.21671253 0.94298339 -0.25262225
vn 0.21681033 0.94336041 -0.25112631
vn 0.00000000 0.97064378 -0.24052163
vn 0.00000000 0.96855966 -0.24878138
vn -1.00000000 0.00000000 0.00000000
vn 0.00000000 0.97077629 -0.23998626
vn 0.00000000 0.97064378 -0.24052163
vn 0.00028163 0.97070934 -0.24025675
vn -1.00000000 0.00000000 0.00000000
vn 0.00000000 0.97178330 -0.23587542
vn 0.00000000 0.97077629 -0.23998626
vn -1.00000000 0.00000000 0.00000000
vn 0.00000000 0.97399520 -0.22656864
vn 0.00000000 0.97178330 -0.23587542
vn 0.02232647 0.97375242 -0.22651216
vn 0.02320343 0.97152136 -0.23581317
vn 0.02325003 0.97352615 -0.22739014
vn 0.02232647 0.97375242 -0.22651216
vn 0.02233958 0.97432436 -0.22403790
vn 0.02325003 0.97352615 -0.22739014
vn 0.03945824 0.97380860 -0.22391931
vn 0.05486115 0.97232285 -0.22710909
vn 0.05487347 0.97254123 -0.22616911
vn 0.05486115 0.97232285 -0.22710909
vn 0.05487347 0.97254123 -0.22616911
vn 0.05669352 0.97180889 -0.22885221
vn 0.06536096 0.97192601 -0.22602604
vn 0.08281232 0.97003105 -0.22843355
vn 0.10262422 0.96760864 -0.23065514
vn 0.10419986 0.96707924 -0.23216402
vn 0.11460724 0.96633501 -0.23035154
vn 0.12475873 0.96477543 -0.23161095
vn 0.06106443 0.98287520 -0.17386052
vn 0.06536096 0.97192601 -0.22602604
vn 0.08281232 0.97003105 -0.22843355
vn 0.08285302 0.98548877 -0.14814609
vn 0.10238450 0.98369208 -0.14787600
vn 0.10262422 0.96760864 -0.23065514
vn 0.11460724 0.96633501 -0.23035154
vn 0.21560470 0.94293643 -0.25374298
vn 0.21628900 0.94237655 -0.25523617
vn 0.21671253 0.94298339 -0.25262225
vn 0.21823643 0.94243348 -0.25336140
vn 0.21671253 0.94298339 -0.25262225
vn 0.21681033 0.94336041 -0.25112631
vn 0.21823643 0.94243348 -0.25336140
vn 0.22722344 0.94045061 -0.25282833
vn 0.22968078 0.94049099 -0.25044647
vn 0.21228520 0.94556018 -0.24667982
vn 0.21306328 0.94902592 -0.23227966
vn 0.21649643 0.94852747 -0.23113836
vn 0.21681033 0.94336041 -0.25112631
vn 0.22968078 0.94049099 -0.25044647
vn 0.23266702 0.93999086 -0.24956610
vn 0.23626475 0.94406341 -0.23005055
vn 0.25012169 0.93997098 -0.23215017
vn 0.25013267 0.94002110 -0.23193527
vn 0.33681375 0.91043920 -0.24011864
vn 0.34869160 0.90938760 -0.22677823
vn 0.35720511 0.90337691 -0.23730713
vn 0.35745987 0.90627059 -0.22560153
vn 0.35831224 0.90587075 -0.22585510
vn 0.35720511 0.90337691 -0.23730713
vn 0.35831224 0.90587075 -0.22585510
vn 0.35899761 0.90573581 -0.22530727
vn 0.36222114 0.89991763 -0.24278405
vn 0.36509347 0.90370272 -0.22366974
vn 0.36535194 0.89873111 -0.24248783
vn 0.37214211 0.89645483 -0.24058052
vn 0.37371872 0.90037436 -0.22284597
vn 0.37466659 0.89611136 -0.23792724
vn 0.37603161 0.89937615 -0.22298604
vn 0.36205308 0.89891805 -0.24670612
vn 0.36222114 0.89991763 -0.24278405
vn 0.36535194 0.89873111 -0.24248783
vn 0.36893415 0.89549894 -0.24893622
vn 0.21649643 0.94852747 -0.23113836
vn 0.22461162 0.94736952 -0.22812411
vn 0.23626475 0.94406341 -0.23005055
vn 0.38215523 0.89790842 -0.21844416
vn 0.39179475 0.90040402 -0.18912818
vn 1.00000000 0.00000000 0.00000000
vn 0.37371872 0.90037436 -0.22284597
vn 0.37389267 0.90073854 -0.22107544
vn 0.37603161 0.89937615 -0.22298604
vn 0.38215523 0.89790842 -0.21844416
vn 1.00000000 0.00000000 0.00000000
vn 0.36509347 0.90370272 -0.22366974
vn 0.37371872 0.90037436 -0.22284597
vn 0.37389267 0.90073854 -0.22107544
vn 0.35745987 0.90627059 -0.22560153
vn 0.35831224 0.90587075 -0.22585510
vn 0.35899761 0.90573581 -0.22530727
vn 0.36535194 0.89873111 -0.24248783
vn 0.36893415 0.89549894 -0.24893622
vn 0.37214211 0.89645483 -0.24058052
vn 0.37734208 0.89102886 -0.25235003
vn 1.00000000 0.00000000 0.00000000
vn 0.37734208 0.89102886 -0.25235003
vn 0.37753437 0.89088862 -0.25255745
vn 0.37967626 0.88976216 -0.25331648
vn 1.00000000 0.00000000 0.00000000
vn 0.37753437 0.89088862 -0.25255745
vn 0.37949460 0.88898326 -0.25630570
vn 0.37967626 0.88976216 -0.25331648
vn 0.37949460 0.88898326 -0.25630570
vn 0.37967626 0.88976216 -0.25331648
vn 0.38068549 0.88759478 -0.25933390
vn 0.38096470 0.88747124 -0.25934666
vn 1.00000000 0.00000000 0.00000000
vn 0.38023497 0.88364841 -0.27310594
vn 0.38096470 0.88747124 -0.25934666
vn 1.00000000 0.00000000 0.00000000
vn 0.23179054 0.97050016 0.06635196
vn 0.23200331 0.97036752 0.06753767
vn 0.23221948 0.97229612 -0.02672755
vn 0.23244409 0.97221113 -0.02784367
vn 0.22583206 0.97301194 0.04740932
vn 0.22607689 0.97406681 -0.00911507
vn 0.23179054 0.97050016 0.06635196
vn 0.23221948 0.97229612 -0.02672755
vn 0.21667008 0.97553994 0.03709319
vn 0.21681929 0.97621176 0.00000000
vn 0.22583206 0.97301194 0.04740932
vn 0.22607689 0.97406681 -0.00911507
vn 0.20205015 0.97871731 0.03589102
vn 0.20218042 0.97934829 0.00000000
vn 0.21667008 0.97553994 0.03709319
vn 0.21681929 0.97621176 0.00000000
vn 0.14581491 0.98472297 0.09517709
vn 0.14620653 0.98736770 -0.06106282
vn 0.20205015 0.97871731 0.03589102
vn 0.20218042 0.97934829 0.00000000
vn 0.03784834 0.98076387 -0.19149345
vn 0.03945824 0.97380860 -0.22391931
vn 0.05453591 0.98324740 -0.17392636
vn 0.05487347 0.97254123 -0.22616911
vn 0.06106443 0.98287520 -0.17386052
vn 0.06536096 0.97192601 -0.22602604
vn 0.00000000 0.97399520 -0.22656864
vn 0.00000000 0.97178330 -0.23587542
vn -1.00000000 0.00000000 0.00000000
vn 0.37466659 0.89611136 -0.23792724
vn 0.37603161 0.89937615 -0.22298604
vn 1.00000000 0.00000000 0.00000000
vn 0.37214211 0.89645483 -0.24058052
vn 0.37466659 0.89611136 -0.23792724
vn 1.00000000 0.00000000 0.00000000
f 3//3 6//6 23//23
f 3//3 23//23 52//52
f 3//3 52//52 49//49
f 3//3 49//49 95//95
f 3//3 95//95 155//155
f 3//3 155//155 250//250
f 3//3 250//250 400//400
f 3//3 400//400 607//607
f 3//3 607//607 851//851
f 3//3 851//851 1115//1115
f 3//3 1115//1115 1302//1302
f 3//3 1302//1302 1172//1172
f 3//3 1172//1172 1169//1169
f 3//3 1169//1169 1165//1165
f 3//3 1165//1165 918//918
f 3//3 918//918 914//914
f 3//3 914//914 911//911
f 3//3 911//911 658//658
f 3//3 658//658 438//438
f 3//3 438//438 282//282
f 3//3 282//282 278//278
f 3//3 278//278 253//253
f 3//3 253//253 160//160
f 3//3 160//160 98//98
f 3//3 98//98 56//56
f 3//3 56//56 26//26
f 3//3 26//26 10//10
f 1//1 8//8 11//11
f 2//2 12//12 34//34
f 2//2 34//34 75//75
f 2//2 75//75 126//126
f 2//2 126//126 208//208
f 2//2 208//208 321//321
f 2//2 321//321 317//317
f 2//2 317//317 471//471
f 2//2 471//471 467//467
f 2//2 467//467 483//483
f 2//2 483//483 324//324
f 2//2 324//324 212//212
f 2//2 212//212 129//129
f 2//2 129//129 79//79
f 2//2 79//79 39//39
f 2//2 39//39 15//15
f 2//2 15//15 4//4
f 5//5 20//20 22//22
f 7//7 25//25 28//28
f 9//9 30//30 13//13
f 14//14 31//31 35//35
f 16//16 41//41 87//87
f 16//16 87//87 146//146
f 16//16 146//146 235//235
f 16//16 235//235 372//372
f 16//16 372//372 537//537
f 16//16 537//537 557//557
f 16//16 557//557 785//785
f 16//16 785//785 782//782
f 16//16 782//782 1043//1043
f 16//16 1043//1043 1273//1273
f 16//16 1273//1273 1270//1270
f 16//16 1270//1270 1262//1262
f 16//16 1262//1262 1258//1258
f 16//16 1258//1258 1308//1308
f 16//16 1308//1308 1305//1305
f 16//16 1305//1305 1247//1247
f 16//16 1247//1247 1242//1242
f 16//16 1242//1242 1047//1047
f 16//16 1047//1047 789//789
f 16//16 789//789 561//561
f 16//16 561//561 376//376
f 16//16 376//376 238//238
f 16//16 238//238 147//147
f 16//16 147//147 88//88
f 16//16 88//88 42//42
f 17//17 44//44 47//47
f 18//18 48//48 50//50
f 19//19 51//51 21//21
f 24//24 54//54 27//27
f 32//32 57//57 36//36
f 29//29 55//55 66//66
f 33//33 67//67 58//58
f 38//38 71//71 76//76
f 37//37 60//60 70//70
f 40//40 80//80 85//85
f 43//43 91//91 46//46
f 45//45 90//90 94//94
f 53//53 97//97 65//65
f 59//59 68//68 99//99
f 62//62 102//102 107//107
f 61//61 106//106 72//72
f 64//64 96//96 158//158
f 63//63 157//157 112//112
f 69//69 115//115 100//100
f 73//73 109//109 118//118
f 74//74 119//119 77//77
f 78//78 120//120 127//127
f 81//81 132//132 135//135
f 82//82 136//136 138//138
f 83//83 141//141 143//143
f 84//84 145//145 86//86
f 89//89 150//150 93//93
f 92//92 149//149 154//154
f 101//101 117//117 162//162
f 104//104 165//165 167//167
f 105//105 168//168 172//172
f 103//103 171//171 108//108
f 110//110 174//174 121//121
f 111//111 156//156 179//179
f 113//113 181//181 186//186
f 114//114 188//188 191//191
f 116//116 192//192 161//161
f 123//123 175//175 196//196
f 124//124 198//198 201//201
f 125//125 202//202 210//210
f 122//122 209//209 128//128
f 130//130 215//215 219//219
f 131//131 220//220 133//133
f 137//137 228//228 139//139
f 134//134 221//221 225//225
f 140//140 229//229 232//232
f 142//142 234//234 144//144
f 148//148 240//240 153//153
f 152//152 239//239 245//245
f 151//151 244//244 249//249
f 159//159 251//251 183//183
f 163//163 195//195 255//255
f 164//164 256//256 166//166
f 169//169 258//258 260//260
f 170//170 262//262 173//173
f 176//176 269//269 197//197
f 177//177 264//264 270//270
f 184//184 252//252 277//277
f 182//182 276//276 281//281
f 178//178 280//280 284//284
f 180//180 286//286 185//185
f 187//187 287//287 289//289
f 190//190 293//293 297//297
f 189//189 296//296 193//193
f 194//194 299//299 254//254
f 199//199 273//273 302//302
f 200//200 304//304 205//205
f 207//207 309//309 319//319
f 204//204 318//318 323//323
f 203//203 322//322 211//211
f 206//206 305//305 308//308
f 213//213 326//326 335//335
f 214//214 336//336 218//218
f 216//216 334//334 340//340
f 217//217 341//341 223//223
f 224//224 347//347 351//351
f 226//226 354//354 356//356
f 227//227 357//357 364//364
f 230//230 365//365 368//368
f 231//231 369//369 233//233
f 222//222 339//339 345//345
f 237//237 374//374 383//383
f 236//236 377//377 241//241
f 242//242 378//378 385//385
f 243//243 391//391 248//248
f 247//247 384//384 393//393
f 246//246 392//392 398//398
f 257//257 300//300 259//259
f 261//261 301//301 404//404
f 263//263 405//405 407//407
f 265//265 410//410 414//414
f 267//267 415//415 418//418
f 268//268 419//419 426//426
f 266//266 425//425 271//271
f 274//274 428//428 303//303
f 272//272 427//427 421//421
f 275//275 422//422 429//429
f 279//279 435//435 283//283
f 285//285 437//437 441//441
f 288//288 443//443 290//290
f 294//294 401//401 298//298
f 291//291 444//444 446//446
f 292//292 449//449 453//453
f 295//295 454//454 402//402
f 306//306 431//431 460//460
f 307//307 462//462 313//313
f 312//312 327//327 469//469
f 311//311 468//468 473//473
f 310//310 472//472 320//320
f 314//314 464//464 474//474
f 316//316 475//475 478//478
f 315//315 477//477 329//329
f 325//325 485//485 333//333
f 330//330 480//480 486//486
f 331//331 489//489 495//495
f 332//332 496//496 337//337
f 328//328 484//484 470//470
f 338//338 498//498 342//342
f 343//343 499//499 506//506
f 344//344 507//507 511//511
f 346//346 513//513 348//348
f 349//349 514//514 517//517
f 350//350 518//518 524//524
f 352//352 525//525 529//529
f 353//353 530//530 355//355
f 360//360 535//535 541//541
f 359//359 539//539 367//367
f 358//358 533//533 543//543
f 361//361 546//546 550//550
f 362//362 551//551 553//553
f 363//363 556//556 536//536
f 366//366 538//538 370//370
f 371//371 540//540 534//534
f 375//375 558//558 567//567
f 373//373 564//564 382//382
f 381//381 562//562 573//573
f 380//380 570//570 580//580
f 379//379 576//576 390//390
f 389//389 575//575 585//585
f 388//388 583//583 592//592
f 387//387 589//589 596//596
f 386//386 594//594 396//396
f 395//395 593//593 600//600
f 394//394 599//599 399//399
f 397//397 597//597 605//605
f 403//403 456//456 608//608
f 406//406 610//610 408//408
f 411//411 613//613 416//416
f 409//409 611//611 623//623
f 412//412 628//628 630//630
f 413//413 632//632 615//615
f 417//417 614//614 420//420
f 424//424 617//617 639//639
f 423//423 638//638 430//430
f 432//432 640//640 643//643
f 434//434 644//644 652//652
f 433//433 651//651 461//461
f 436//436 656//656 439//439
f 440//440 657//657 663//663
f 442//442 665//665 667//667
f 445//445 668//668 447//447
f 448//448 671//671 451//451
f 450//450 670//670 674//674
f 452//452 675//675 679//679
f 455//455 680//680 682//682
f 457//457 685//685 688//688
f 458//458 689//689 694//694
f 459//459 695//695 609//609
f 466//466 701//701 481//481
f 465//465 479//479 476//476
f 463//463 653//653 698//698
f 482//482 702//702 487//487
f 488//488 704//704 491//491
f 490//490 703//703 706//706
f 492//492 707//707 649//649
f 493//493 650//650 710//710
f 494//494 713//713 715//715
f 497//497 717//717 504//504
f 500//500 722//722 726//726
f 502//502 727//727 734//734
f 503//503 735//735 737//737
f 505//505 740//740 744//744
f 508//508 746//746 520//520
f 509//509 521//521 515//515
f 510//510 516//516 512//512
f 501//501 716//716 723//723
f 526//526 747//747 531//531
f 519//519 745//745 741//741
f 522//522 743//743 757//757
f 523//523 758//758 761//761
f 527//527 765//765 767//767
f 528//528 769//769 749//749
f 532//532 748//748 542//542
f 544//544 750//750 773//773
f 545//545 777//777 779//779
f 549//549 781//781 784//784
f 548//548 783//783 555//555
f 547//547 554//554 552//552
f 560//560 788//788 798//798
f 559//559 794//794 568//568
f 566//566 791//791 803//803
f 565//565 801//801 807//807
f 563//563 805//805 574//574
f 572//572 804//804 810//810
f 571//571 808//808 818//818
f 569//569 816//816 579//579
f 578//578 814//814 822//822
f 577//577 821//821 587//587
f 586//586 820//820 827//827
f 584//584 825//825 835//835
f 582//582 833//833 841//841
f 581//581 840//840 591//591
f 590//590 838//838 603//603
f 588//588 601//601 595//595
f 602//602 836//836 846//846
f 598//598 845//845 606//606
f 604//604 842//842 849//849
f 612//612 696//696 624//624
f 616//616 633//633 852//852
f 619//619 853//853 858//858
f 622//622 859//859 863//863
f 621//621 862//862 872//872
f 620//620 871//871 879//879
f 618//618 876//876 642//642
f 625//625 697//697 690//690
f 626//626 693//693 881//881
f 627//627 883//883 885//885
f 629//629 888//888 631//631
f 634//634 889//889 892//892
f 635//635 894//894 897//897
f 637//637 899//899 903//903
f 636//636 902//902 854//854
f 641//641 875//875 645//645
f 648//648 705//705 700//700
f 646//646 699//699 654//654
f 647//647 877//877 708//708
f 655//655 910//910 661//661
f 659//659 912//912 916//916
f 662//662 917//917 922//922
f 664//664 923//923 666//666
f 660//660 909//909 913//913
f 669//669 925//925 672//672
f 673//673 926//926 678//678
f 677//677 924//924 931//931
f 676//676 930//930 1176//1176
f 676//676 1176//1176 932//932
f 681//681 934//934 683//683
f 686//686 938//938 691//691
f 684//684 936//936 945//945
f 687//687 949//949 939//939
f 692//692 940//940 880//880
f 709//709 878//878 870//870
f 711//711 874//874 719//719
f 712//712 721//721 714//714
f 720//720 868//868 724//724
f 718//718 873//873 865//865
f 725//725 869//869 730//730
f 728//728 867//867 953//953
f 729//729 954//954 958//958
f 731//731 960//960 963//963
f 732//732 965//965 967//967
f 733//733 971//971 975//975
f 736//736 976//976 738//738
f 739//739 977//977 979//979
f 742//742 982//982 755//755
f 751//751 770//770 774//774
f 759//759 983//983 762//762
f 754//754 981//981 995//995
f 752//752 994//994 998//998
f 753//753 999//999 1005//1005
f 756//756 1006//1006 1017//1017
f 760//760 1018//1018 984//984
f 766//766 1024//1024 768//768
f 763//763 986//986 1031//1031
f 764//764 1032//1032 1021//1021
f 772//772 1026//1026 1035//1035
f 771//771 1034//1034 775//775
f 778//778 1042//1042 780//780
f 776//776 1036//1036 1040//1040
f 787//787 1045//1045 1052//1052
f 786//786 1051//1051 797//797
f 796//796 1048//1048 1055//1055
f 795//795 1053//1053 1059//1059
f 793//793 1057//1057 1065//1065
f 792//792 1064//1064 1077//1077
f 790//790 1071//1071 802//802
f 799//799 812//812 806//806
f 800//800 1070//1070 813//813
f 811//811 1069//1069 1082//1082
f 809//809 1081//1081 819//819
f 817//817 1079//1079 831//831
f 815//815 830//830 823//823
f 829//829 1078//1078 1085//1085
f 828//828 1083//1083 1094//1094
f 826//826 1091//1091 1101//1101
f 824//824 1100//1100 834//834
f 832//832 1098//1098 839//839
f 837//837 1096//1096 847//847
f 848//848 1097//1097 1105//1105
f 844//844 1103//1103 1110//1110
f 843//843 1108//1108 1113//1113
f 843//843 1113//1113 850//850
f 857//857 1117//1117 1121//1121
f 856//856 1120//1120 860//860
f 855//855 904//904 1116//1116
f 861//861 1122//1122 864//864
f 866//866 1125//1125 952//952
f 882//882 943//943 884//884
f 890//890 1126//1126 893//893
f 886//886 944//944 1134//1134
f 887//887 1135//1135 1138//1138
f 891//891 1139//1139 1127//1127
f 895//895 1129//1129 1151//1151
f 896//896 1152//1152 898//898
f 901//901 1153//1153 1157//1157
f 900//900 1156//1156 906//906
f 908//908 1158//1158 962//962
f 907//907 961//961 959//959
f 905//905 955//955 1118//1118
f 915//915 1164//1164 920//920
f 919//919 1163//1163 1167//1167
f 921//921 1168//1168 929//929
f 928//928 1166//1166 1171//1171
f 927//927 1170//1170 1301//1301
f 927//927 1301//1301 1174//1174
f 933//933 1177//1177 1180//1180
f 935//935 1182//1182 1184//1184
f 937//937 1186//1186 946//946
f 941//941 950//950 1190//1190
f 942//942 1192//1192 1132//1132
f 947//947 1188//1188 1195//1195
f 948//948 1198//1198 1189//1189
f 951//951 1124//1124 957//957
f 956//956 1123//1123 1119//1119
f 966//966 1201//1201 968//968
f 964//964 1160//1160 1200//1200
f 969//969 1203//1203 1206//1206
f 970//970 1207//1207 972//972
f 973//973 1208//1208 1213//1213
f 974//974 1214//1214 991//991
f 978//978 992//992 980//980
f 985//985 1019//1019 1218//1218
f 987//987 1220//1220 1223//1223
f 990//990 1226//1226 1234//1234
f 989//989 1233//1233 1023//1023
f 988//988 1022//1022 1033//1033
f 993//993 1216//1216 996//996
f 997//997 1217//1217 1004//1004
f 1000//1000 1238//1238 1145//1145
f 1001//1001 1149//1149 1063//1063
f 1003//1003 1066//1066 1058//1058
f 1007//1007 1060//1060 1054//1054
f 1010//1010 1056//1056 1049//1049
f 1014//1014 1050//1050 1044//1044
f 1016//1016 1046//1046 1241//1241
f 1015//1015 1240//1240 1246//1246
f 1013//1013 1244//1244 1250//1250
f 1012//1012 1248//1248 1227//1227
f 1011//1011 1225//1225 1253//1253
f 1009//1009 1251//1251 1221//1221
f 1008//1008 1219//1219 1020//1020
f 1002//1002 1215//1215 1239//1239
f 1025//1025 1236//1236 1255//1255
f 1027//1027 1257//1257 1259//1259
f 1028//1028 1260//1260 1263//1263
f 1029//1029 1264//1264 1266//1266
f 1030//1030 1268//1268 1038//1038
f 1039//1039 1269//1269 1272//1272
f 1037//1037 1271//1271 1041//1041
f 1061//1061 1275//1275 1076//1076
f 1062//1062 1148//1148 1277//1277
f 1075//1075 1274//1274 1280//1280
f 1074//1074 1278//1278 1284//1284
f 1073//1073 1282//1282 1288//1288
f 1072//1072 1286//1286 1292//1292
f 1068//1068 1290//1290 1089//1089
f 1067//1067 1087//1087 1080//1080
f 1088//1088 1136//1136 1133//1133
f 1086//1086 1130//1130 1197//1197
f 1084//1084 1196//1196 1095//1095
f 1090//1090 1291//1291 1137//1137
f 1093//1093 1193//1193 1298//1298
f 1092//1092 1296//1296 1102//1102
f 1099//1099 1294//1294 1106//1106
f 1107//1107 1295//1295 1181//1181
f 1104//1104 1179//1179 1112//1112
f 1111//1111 1178//1178 1175//1175
f 1109//1109 1173//1173 1300//1300
f 1109//1109 1300//1300 1114//1114
f 1128//1128 1140//1140 1150//1150
f 1131//1131 1191//1191 1199//1199
f 1141//1141 1293//1293 1287//1287
f 1144//1144 1289//1289 1283//1283
f 1146//1146 1285//1285 1279//1279
f 1147//1147 1281//1281 1276//1276
f 1143//1143 1237//1237 1211//1211
f 1142//1142 1210//1210 1155//1155
f 1154//1154 1209//1209 1159//1159
f 1162//1162 1212//1212 1205//1205
f 1161//1161 1204//1204 1202//1202
f 1183//1183 1297//1297 1185//1185
f 1187//1187 1299//1299 1194//1194
f 1222//1222 1252//1252 1224//1224
f 1230//1230 1249//1249 1243//1243
f 1232//1232 1245//1245 1304//1304
f 1231//1231 1303//1303 1307//1307
f 1229//1229 1306//1306 1256//1256
f 1228//1228 1254//1254 1235//1235
f 1261//1261 1267//1267 1265//1265

