# https://github.com/mikedh/trimesh
v 0.64649284 -0.80690283 0.24789867
v 0.64649284 -0.80690283 0.24789867
v 0.64649284 -0.80690283 0.24789867
v 0.64649284 -0.80690283 0.24789867
v 0.64649284 -0.80690283 0.24789867
v 0.64649284 -0.80690283 0.24789867
v 0.64649284 -0.80690283 0.24789867
v 0.92206889 -0.44867682 0.24789867
v 0.92206889 -0.44867682 0.24789867
v 0.92206889 -0.44867682 0.24789867
v 0.83163768 -0.80690283 0.24789867
v 0.83163768 -0.80690283 0.24789867
v 0.83163768 -0.80690283 0.24789867
v 0.83163768 -0.80690283 0.24789867
v 0.94584042 -0.80690283 0.98798394
v 0.94584042 -0.80690283 0.98798394
v 0.94584042 -0.80690283 0.98798394
v 1.16146004 -0.44867682 0.99442890
v 1.16146004 -0.44867682 0.99442890
v 1.16146004 -0.44867682 0.99442890
v 1.16146004 -0.44867682 0.99442890
v 1.16146004 -0.44867682 0.99442890
v 1.16146004 -0.44867682 0.99442890
v 1.15779805 -0.44867682 0.98425674
v 1.15779805 -0.44867682 0.98425674
v 1.15779805 -0.44867682 0.98425674
v 1.06240165 -0.44867682 0.24789867
v 1.06240165 -0.44867682 0.24789867
v 1.06240165 -0.44867682 0.24789867
v 0.84144419 -0.79662877 0.24789867
v 0.84144419 -0.79662877 0.24789867
v 0.84144419 -0.79662877 0.24789867
v 0.84436136 -0.79964429 0.25527543
v 0.84436136 -0.79964429 0.25527543
v 0.84436136 -0.79964429 0.25527543
v 0.84436136 -0.79964429 0.25527543
v 0.84436136 -0.79964429 0.25527543
v 0.84436136 -0.79964429 0.25527543
v 0.84436136 -0.79964429 0.25527543
v 0.84436136 -0.79964429 0.25527543
v 0.84436136 -0.79964429 0.25527543
v 0.84436136 -0.79964429 0.25527543
v 0.83207214 -0.80690283 0.24851987
v 0.83207214 -0.80690283 0.24851987
v 0.83207214 -0.80690283 0.24851987
v 0.83207214 -0.80690283 0.24851987
v 0.96526724 -0.80690283 1.01904410
v 0.96526724 -0.80690283 1.01904410
v 0.96526724 -0.80690283 1.01904410
v 0.96526724 -0.80690283 1.01904410
v 0.96526724 -0.80690283 1.01904410
v 1.15351546 -0.48314592 1.01360855
v 1.15351546 -0.48314592 1.01360855
v 1.15351546 -0.48314592 1.01360855
v 1.18132138 -0.44867682 1.02401370
v 1.18132138 -0.44867682 1.02401370
v 1.18132138 -0.44867682 1.02401370
v 1.18132138 -0.44867682 1.02401370
v 1.18132138 -0.44867682 1.02401370
v 1.06389117 -0.44867682 0.25030583
v 1.06389117 -0.44867682 0.25030583
v 1.06389117 -0.44867682 0.25030583
v 1.06389117 -0.44867682 0.25030583
v 1.06389117 -0.44867682 0.25030583
v 1.06140852 -0.45099112 0.24789867
v 1.06140852 -0.45099112 0.24789867
v 1.06140852 -0.45099112 0.24789867
v 0.87576711 -0.75903887 0.24789867
v 0.87576711 -0.75903887 0.24789867
v 0.87576711 -0.75903887 0.24789867
v 0.87576711 -0.75903887 0.24789867
v 0.88762182 -0.75367391 0.25744966
v 0.88762182 -0.75367391 0.25744966
v 0.88762182 -0.75367391 0.25744966
v 0.88762182 -0.75367391 0.25744966
v 0.88762182 -0.75367391 0.25744966
v 0.88762182 -0.75367391 0.25744966
v 0.88762182 -0.75367391 0.25744966
v 0.88762182 -0.75367391 0.25744966
v 0.87030524 -0.78141046 0.27119377
v 0.87030524 -0.78141046 0.27119377
v 0.87030524 -0.78141046 0.27119377
v 0.87030524 -0.78141046 0.27119377
v 0.85416788 -0.80690283 0.28400609
v 0.85416788 -0.80690283 0.28400609
v 0.85416788 -0.80690283 0.28400609
v 0.85416788 -0.80690283 0.28400609
v 0.85416788 -0.80690283 0.28400609
v 0.85416788 -0.80690283 0.28400609
v 0.85131282 -0.80690283 0.27903646
v 0.85131282 -0.80690283 0.27903646
v 0.85131282 -0.80690283 0.27903646
v 0.84051323 -0.80690283 0.26071098
v 0.84051323 -0.80690283 0.26071098
v 0.84051323 -0.80690283 0.26071098
v 0.83505136 -0.80690283 0.25279063
v 0.83505136 -0.80690283 0.25279063
v 0.83505136 -0.80690283 0.25279063
v 0.97252899 -0.80690283 1.02370310
v 0.97252899 -0.80690283 1.02370310
v 0.97252899 -0.80690283 1.02370310
v 0.97252899 -0.80690283 1.02370310
v 1.19584489 -0.44867682 1.03115755
v 1.19584489 -0.44867682 1.03115755
v 1.19584489 -0.44867682 1.03115755
v 1.19584489 -0.44867682 1.03115755
v 1.06842208 -0.44867682 0.25884739
v 1.06842208 -0.44867682 0.25884739
v 1.06842208 -0.44867682 0.25884739
v 1.06842208 -0.44867682 0.25884739
v 1.06842208 -0.44867682 0.25884739
v 1.06842208 -0.44867682 0.25884739
v 1.02454090 -0.53711128 0.25123763
v 1.02454090 -0.53711128 0.25123763
v 1.02454090 -0.53711128 0.25123763
v 1.02454090 -0.53711128 0.25123763
v 1.02454090 -0.53711128 0.25123763
v 1.02454090 -0.53711128 0.25123763
v 1.02454090 -0.53711128 0.25123763
v 1.02454090 -0.53711128 0.25123763
v 1.02454090 -0.53711128 0.25123763
v 1.02454090 -0.53711128 0.25123763
v 1.02658916 -0.52830988 0.24789867
v 1.02658916 -0.52830988 0.24789867
v 1.02658916 -0.52830988 0.24789867
v 1.02658916 -0.52830988 0.24789867
v 0.88513917 -0.74816865 0.24789867
v 0.88513917 -0.74816865 0.24789867
v 0.88513917 -0.74816865 0.24789867
v 0.90922105 -0.71748656 0.24789867
v 0.90922105 -0.71748656 0.24789867
v 0.90922105 -0.71748656 0.24789867
v 0.90922105 -0.71748656 0.24789867
v 0.92908233 -0.70426702 0.26319578
v 0.92908233 -0.70426702 0.26319578
v 0.92908233 -0.70426702 0.26319578
v 0.92908233 -0.70426702 0.26319578
v 0.92908233 -0.70426702 0.26319578
v 0.92908233 -0.70426702 0.26319578
v 0.92908233 -0.70426702 0.26319578
v 0.91244853 -0.73456341 0.27515393
v 0.91244853 -0.73456341 0.27515393
v 0.91244853 -0.73456341 0.27515393
v 0.91244853 -0.73456341 0.27515393
v 0.89581466 -0.76321155 0.28711206
v 0.89581466 -0.76321155 0.28711206
v 0.89581466 -0.76321155 0.28711206
v 0.89581466 -0.76321155 0.28711206
v 0.89581466 -0.76321155 0.28711206
v 0.89581466 -0.76321155 0.28711206
v 0.89581466 -0.76321155 0.28711206
v 0.89581466 -0.76321155 0.28711206
v 0.89581466 -0.76321155 0.28711206
v 0.88265646 -0.79284167 0.31211549
v 0.88265646 -0.79284167 0.31211549
v 0.88265646 -0.79284167 0.31211549
v 0.88265646 -0.79284167 0.31211549
v 0.88265646 -0.79284167 0.31211549
v 0.88265646 -0.79284167 0.31211549
v 0.88265646 -0.79284167 0.31211549
v 0.85640228 -0.80690283 0.28804390
v 0.85640228 -0.80690283 0.28804390
v 0.85640228 -0.80690283 0.28804390
v 1.00008667 -0.80690283 1.03403056
v 1.00008667 -0.80690283 1.03403056
v 1.00008667 -0.80690283 1.03403056
v 1.00008667 -0.80690283 1.03403056
v 1.22284389 -0.44867682 1.04039794
v 1.22284389 -0.44867682 1.04039794
v 1.22284389 -0.44867682 1.04039794
v 1.22284389 -0.44867682 1.04039794
v 1.22284389 -0.44867682 1.04039794
v 1.22284389 -0.44867682 1.04039794
v 1.22284389 -0.44867682 1.04039794
v 1.07760799 -0.44867682 0.27895878
v 1.07760799 -0.44867682 0.27895878
v 1.07760799 -0.44867682 0.27895878
v 1.07760799 -0.44867682 0.27895878
v 1.07202196 -0.46277303 0.28020120
v 1.07202196 -0.46277303 0.28020120
v 1.07202196 -0.46277303 0.28020120
v 1.06780148 -0.49040440 0.29743956
v 1.06780148 -0.49040440 0.29743956
v 1.06780148 -0.49040440 0.29743956
v 1.06780148 -0.49040440 0.29743956
v 1.06780148 -0.49040440 0.29743956
v 1.06780148 -0.49040440 0.29743956
v 1.06780148 -0.49040440 0.29743956
v 1.06780148 -0.49040440 0.29743956
v 1.06780148 -0.49040440 0.29743956
v 1.06780148 -0.49040440 0.29743956
v 1.06780148 -0.49040440 0.29743956
v 1.06780148 -0.49040440 0.29743956
v 1.06091201 -0.47494069 0.26777717
v 1.06091201 -0.47494069 0.26777717
v 1.06091201 -0.47494069 0.26777717
v 1.06091201 -0.47494069 0.26777717
v 0.99189383 -0.59332073 0.24789867
v 0.99189383 -0.59332073 0.24789867
v 0.99189383 -0.59332073 0.24789867
v 0.99189383 -0.59332073 0.24789867
v 1.02075481 -0.54033726 0.24789867
v 1.02075481 -0.54033726 0.24789867
v 1.02075481 -0.54033726 0.24789867
v 1.02367198 -0.53444630 0.24789867
v 1.02367198 -0.53444630 0.24789867
v 1.02367198 -0.53444630 0.24789867
v 1.05203640 -0.50762141 0.28020120
v 1.05203640 -0.50762141 0.28020120
v 1.05203640 -0.50762141 0.28020120
v 1.05203640 -0.50762141 0.28020120
v 1.03006494 -0.55345160 0.27903646
v 1.03006494 -0.55345160 0.27903646
v 1.03006494 -0.55345160 0.27903646
v 1.03006494 -0.55345160 0.27903646
v 1.03006494 -0.55345160 0.27903646
v 1.03006494 -0.55345160 0.27903646
v 1.01703084 -0.56677639 0.26583588
v 1.01703084 -0.56677639 0.26583588
v 1.01703084 -0.56677639 0.26583588
v 1.01703084 -0.56677639 0.26583588
v 1.01703084 -0.56677639 0.26583588
v 1.01703084 -0.56677639 0.26583588
v 1.01703084 -0.56677639 0.26583588
v 0.92250335 -0.69907737 0.24789867
v 0.92250335 -0.69907737 0.24789867
v 0.92250335 -0.69907737 0.24789867
v 0.93938541 -0.67537326 0.24789867
v 0.93938541 -0.67537326 0.24789867
v 0.93938541 -0.67537326 0.24789867
v 0.93938541 -0.67537326 0.24789867
v 0.97867364 -0.62302095 0.25364479
v 0.97867364 -0.62302095 0.25364479
v 0.97867364 -0.62302095 0.25364479
v 0.97867364 -0.62302095 0.25364479
v 0.97867364 -0.62302095 0.25364479
v 0.97867364 -0.62302095 0.25364479
v 0.97867364 -0.62302095 0.25364479
v 0.97867364 -0.62302095 0.25364479
v 0.97867364 -0.62302095 0.25364479
v 0.97867364 -0.62302095 0.25364479
v 0.93684071 -0.71548784 0.29285823
v 0.93684071 -0.71548784 0.29285823
v 0.93684071 -0.71548784 0.29285823
v 0.93684071 -0.71548784 0.29285823
v 0.93684071 -0.71548784 0.29285823
v 0.93684071 -0.71548784 0.29285823
v 0.93684071 -0.71548784 0.29285823
v 0.93684071 -0.71548784 0.29285823
v 0.93684071 -0.71548784 0.29285823
v 0.93684071 -0.71548784 0.29285823
v 0.93684071 -0.71548784 0.29285823
v 0.92659974 -0.74659067 0.32104528
v 0.92659974 -0.74659067 0.32104528
v 0.92659974 -0.74659067 0.32104528
v 0.93262023 -0.75419980 0.34604867
v 0.93262023 -0.75419980 0.34604867
v 0.93262023 -0.75419980 0.34604867
v 0.93262023 -0.75419980 0.34604867
v 0.93262023 -0.75419980 0.34604867
v 0.93262023 -0.75419980 0.34604867
v 0.93262023 -0.75419980 0.34604867
v 0.93262023 -0.75419980 0.34604867
v 0.93262023 -0.75419980 0.34604867
v 0.93262023 -0.75419980 0.34604867
v 0.90183514 -0.77800912 0.32461718
v 0.90183514 -0.77800912 0.32461718
v 0.90183514 -0.77800912 0.32461718
v 0.90183514 -0.77800912 0.32461718
v 0.89010453 -0.80101186 0.34177792
v 0.89010453 -0.80101186 0.34177792
v 0.89010453 -0.80101186 0.34177792
v 0.89010453 -0.80101186 0.34177792
v 0.89010453 -0.80101186 0.34177792
v 0.89010453 -0.80101186 0.34177792
v 0.89010453 -0.80101186 0.34177792
v 0.88203585 -0.80690283 0.33696359
v 0.88203585 -0.80690283 0.33696359
v 0.88203585 -0.80690283 0.33696359
v 0.88203585 -0.80690283 0.33696359
v 0.87309819 -0.80690283 0.31956992
v 0.87309819 -0.80690283 0.31956992
v 0.87309819 -0.80690283 0.31956992
v 1.01603782 -0.80690283 1.03946614
v 1.01603782 -0.80690283 1.03946614
v 1.01603782 -0.80690283 1.03946614
v 1.01603782 -0.80690283 1.03946614
v 1.04496086 -0.77797401 1.04063088
v 1.04496086 -0.77797401 1.04063088
v 1.04496086 -0.77797401 1.04063088
v 1.04496086 -0.77797401 1.04063088
v 1.04496086 -0.77797401 1.04063088
v 1.04496086 -0.77797401 1.04063088
v 1.17834210 -0.55569583 1.04109675
v 1.17834210 -0.55569583 1.04109675
v 1.17834210 -0.55569583 1.04109675
v 1.17834210 -0.55569583 1.04109675
v 1.17834210 -0.55569583 1.04109675
v 1.22284389 -0.46673539 1.04078615
v 1.22284389 -0.46673539 1.04078615
v 1.22284389 -0.46673539 1.04078615
v 1.22284389 -0.46673539 1.04078615
v 1.22284389 -0.46673539 1.04078615
v 1.22284389 -0.46673539 1.04078615
v 1.24165010 -0.44867682 1.03457415
v 1.24165010 -0.44867682 1.03457415
v 1.24165010 -0.44867682 1.03457415
v 1.24165010 -0.44867682 1.03457415
v 1.08418703 -0.44867682 0.29417825
v 1.08418703 -0.44867682 0.29417825
v 1.08418703 -0.44867682 0.29417825
v 1.09511077 -0.44867682 0.31995817
v 1.09511077 -0.44867682 0.31995817
v 1.09511077 -0.44867682 0.31995817
v 1.09511077 -0.44867682 0.31995817
v 1.08766270 -0.46673539 0.32104528
v 1.08766270 -0.46673539 0.32104528
v 1.08766270 -0.46673539 0.32104528
v 1.08766270 -0.46673539 0.32104528
v 1.08766270 -0.46673539 0.32104528
v 1.07251847 -0.50109929 0.32104528
v 1.07251847 -0.50109929 0.32104528
v 1.07251847 -0.50109929 0.32104528
v 1.06718075 -0.53339434 0.34333093
v 1.06718075 -0.53339434 0.34333093
v 1.06718075 -0.53339434 0.34333093
v 1.06718075 -0.53339434 0.34333093
v 1.06718075 -0.53339434 0.34333093
v 1.06718075 -0.53339434 0.34333093
v 1.06718075 -0.53339434 0.34333093
v 1.06718075 -0.53339434 0.34333093
v 1.06718075 -0.53339434 0.34333093
v 1.06718075 -0.53339434 0.34333093
v 1.06718075 -0.53339434 0.34333093
v 1.06264985 -0.52333063 0.32104528
v 1.06264985 -0.52333063 0.32104528
v 1.06264985 -0.52333063 0.32104528
v 1.06264985 -0.52333063 0.32104528
v 1.06264985 -0.52333063 0.32104528
v 0.98245972 -0.61032736 0.24789867
v 0.98245972 -0.61032736 0.24789867
v 0.98245972 -0.61032736 0.24789867
v 0.98245972 -0.61032736 0.24789867
v 1.02429271 -0.58094275 0.29549833
v 1.02429271 -0.58094275 0.29549833
v 1.02429271 -0.58094275 0.29549833
v 1.02429271 -0.58094275 0.29549833
v 1.02429271 -0.58094275 0.29549833
v 1.02429271 -0.58094275 0.29549833
v 1.02429271 -0.58094275 0.29549833
v 1.02429271 -0.58094275 0.29549833
v 1.00666571 -0.59752858 0.27903646
v 1.00666571 -0.59752858 0.27903646
v 1.00666571 -0.59752858 0.27903646
v 1.00666571 -0.59752858 0.27903646
v 1.00666571 -0.59752858 0.27903646
v 0.94062674 -0.67354989 0.24789867
v 0.94062674 -0.67354989 0.24789867
v 0.94062674 -0.67354989 0.24789867
v 0.97091532 -0.62863135 0.24789867
v 0.97091532 -0.62863135 0.24789867
v 0.97091532 -0.62863135 0.24789867
v 0.97718406 -0.61898845 0.24789867
v 0.97718406 -0.61898845 0.24789867
v 0.97718406 -0.61898845 0.24789867
v 0.98463202 -0.63168204 0.27655162
v 0.98463202 -0.63168204 0.27655162
v 0.98463202 -0.63168204 0.27655162
v 0.98463202 -0.63168204 0.27655162
v 0.98463202 -0.63168204 0.27655162
v 0.97619098 -0.66380179 0.30349632
v 0.97619098 -0.66380179 0.30349632
v 0.97619098 -0.66380179 0.30349632
v 0.97619098 -0.66380179 0.30349632
v 1.02243066 -0.62189889 0.34395212
v 1.02243066 -0.62189889 0.34395212
v 1.02243066 -0.62189889 0.34395212
v 1.02243066 -0.62189889 0.34395212
v 1.02243066 -0.62189889 0.34395212
v 1.02243066 -0.62189889 0.34395212
v 1.02243066 -0.62189889 0.34395212
v 1.02243066 -0.62189889 0.34395212
v 1.02243066 -0.62189889 0.34395212
v 1.02243066 -0.62189889 0.34395212
v 1.02243066 -0.62189889 0.34395212
v 1.02243066 -0.62189889 0.34395212
v 1.02243066 -0.62189889 0.34395212
v 0.96669477 -0.68859291 0.31941463
v 0.96669477 -0.68859291 0.31941463
v 0.96669477 -0.68859291 0.31941463
v 0.96669477 -0.68859291 0.31941463
v 0.94317150 -0.72435939 0.32104528
v 0.94317150 -0.72435939 0.32104528
v 0.94317150 -0.72435939 0.32104528
v 0.94317150 -0.72435939 0.32104528
v 0.94317150 -0.72435939 0.32104528
v 0.92002064 -0.77720255 0.36274350
v 0.92002064 -0.77720255 0.36274350
v 0.92002064 -0.77720255 0.36274350
v 0.92002064 -0.77720255 0.36274350
v 0.95595729 -0.73323089 0.36608247
v 0.95595729 -0.73323089 0.36608247
v 0.95595729 -0.73323089 0.36608247
v 0.95595729 -0.73323089 0.36608247
v 0.95595729 -0.73323089 0.36608247
v 0.96799815 -0.74133092 0.40995491
v 0.96799815 -0.74133092 0.40995491
v 0.96799815 -0.74133092 0.40995491
v 0.96799815 -0.74133092 0.40995491
v 0.96799815 -0.74133092 0.40995491
v 0.96799815 -0.74133092 0.40995491
v 0.93895096 -0.76184404 0.37571110
v 0.93895096 -0.76184404 0.37571110
v 0.93895096 -0.76184404 0.37571110
v 0.93895096 -0.76184404 0.37571110
v 0.93895096 -0.76184404 0.37571110
v 0.93895096 -0.76184404 0.37571110
v 0.92684799 -0.79228061 0.40995491
v 0.92684799 -0.79228061 0.40995491
v 0.92684799 -0.79228061 0.40995491
v 0.92684799 -0.79228061 0.40995491
v 0.92684799 -0.79228061 0.40995491
v 0.92684799 -0.79228061 0.40995491
v 0.92684799 -0.79228061 0.40995491
v 0.92684799 -0.79228061 0.40995491
v 0.89494568 -0.80690283 0.36553891
v 0.89494568 -0.80690283 0.36553891
v 0.89494568 -0.80690283 0.36553891
v 0.89494568 -0.80690283 0.36553891
v 0.89494568 -0.80690283 0.36553891
v 1.04707110 -0.80690283 1.03348702
v 1.04707110 -0.80690283 1.03348702
v 1.04707110 -0.80690283 1.03348702
v 1.04707110 -0.80690283 1.03348702
v 1.08940065 -0.73351139 1.04000962
v 1.08940065 -0.73351139 1.04000962
v 1.08940065 -0.73351139 1.04000962
v 1.08940065 -0.73351139 1.04000962
v 1.08940065 -0.73351139 1.04000962
v 1.08940065 -0.73351139 1.04000962
v 1.08940065 -0.73351139 1.04000962
v 1.13390243 -0.64458603 1.04117441
v 1.13390243 -0.64458603 1.04117441
v 1.13390243 -0.64458603 1.04117441
v 1.13390243 -0.64458603 1.04117441
v 1.17834210 -0.60015845 1.03651541
v 1.17834210 -0.60015845 1.03651541
v 1.17834210 -0.60015845 1.03651541
v 1.17834210 -0.60015845 1.03651541
v 1.17834210 -0.60015845 1.03651541
v 1.17834210 -0.60015845 1.03651541
v 1.17834210 -0.60015845 1.03651541
v 1.17834210 -0.60015845 1.03651541
v 1.17834210 -0.60015845 1.03651541
v 1.22284389 -0.51123315 1.03472942
v 1.22284389 -0.51123315 1.03472942
v 1.22284389 -0.51123315 1.03472942
v 1.22284389 -0.51123315 1.03472942
v 1.25971162 -0.46673539 1.02494550
v 1.25971162 -0.46673539 1.02494550
v 1.25971162 -0.46673539 1.02494550
v 1.25971162 -0.46673539 1.02494550
v 1.25971162 -0.46673539 1.02494550
v 1.25971162 -0.46673539 1.02494550
v 1.25971162 -0.46673539 1.02494550
v 1.26387000 -0.44867682 1.02502316
v 1.26387000 -0.44867682 1.02502316
v 1.26387000 -0.44867682 1.02502316
v 1.10293114 -0.44867682 0.33960369
v 1.10293114 -0.44867682 0.33960369
v 1.10293114 -0.44867682 0.33960369
v 1.10293114 -0.44867682 0.33960369
v 1.06184292 -0.55804515 0.36111283
v 1.06184292 -0.55804515 0.36111283
v 1.06184292 -0.55804515 0.36111283
v 1.06184292 -0.55804515 0.36111283
v 1.06184292 -0.55804515 0.36111283
v 1.06184292 -0.55804515 0.36111283
v 1.04731941 -0.55569583 0.32104528
v 1.04731941 -0.55569583 0.32104528
v 1.04731941 -0.55569583 0.32104528
v 1.04731941 -0.55569583 0.32104528
v 1.04731941 -0.55569583 0.32104528
v 1.10808265 -0.44867682 0.35288191
v 1.10808265 -0.44867682 0.35288191
v 1.10808265 -0.44867682 0.35288191
v 1.10808265 -0.44867682 0.35288191
v 1.11540651 -0.45298985 0.37765236
v 1.11540651 -0.45298985 0.37765236
v 1.11540651 -0.45298985 0.37765236
v 1.11540651 -0.45298985 0.37765236
v 1.11540651 -0.45298985 0.37765236
v 1.11540651 -0.45298985 0.37765236
v 1.11540651 -0.45298985 0.37765236
v 1.10882747 -0.48265499 0.39605550
v 1.10882747 -0.48265499 0.39605550
v 1.10882747 -0.48265499 0.39605550
v 1.10882747 -0.48265499 0.39605550
v 1.10882747 -0.48265499 0.39605550
v 1.07258046 -0.54479051 0.37299335
v 1.07258046 -0.54479051 0.37299335
v 1.07258046 -0.54479051 0.37299335
v 1.07258046 -0.54479051 0.37299335
v 1.07258046 -0.54479051 0.37299335
v 1.07258046 -0.54479051 0.37299335
v 1.02963042 -0.59093630 0.32104528
v 1.02963042 -0.59093630 0.32104528
v 1.02963042 -0.59093630 0.32104528
v 1.02963042 -0.59093630 0.32104528
v 1.02963042 -0.59093630 0.32104528
v 1.01746535 -0.61316764 0.32104528
v 1.01746535 -0.61316764 0.32104528
v 1.01746535 -0.61316764 0.32104528
v 1.01746535 -0.61316764 0.32104528
v 1.01746535 -0.61316764 0.32104528
v 0.97290146 -0.70314491 0.35645382
v 0.97290146 -0.70314491 0.35645382
v 0.97290146 -0.70314491 0.35645382
v 0.97290146 -0.70314491 0.35645382
v 0.97290146 -0.70314491 0.35645382
v 1.03831971 -0.60429615 0.36150108
v 1.03831971 -0.60429615 0.36150108
v 1.03831971 -0.60429615 0.36150108
v 1.03831971 -0.60429615 0.36150108
v 1.03831971 -0.60429615 0.36150108
v 1.05793285 -0.59970260 0.40847954
v 1.05793285 -0.59970260 0.40847954
v 1.05793285 -0.59970260 0.40847954
v 1.05793285 -0.59970260 0.40847954
v 1.05793285 -0.59970260 0.40847954
v 1.06296027 -0.61425471 0.44497520
v 1.06296027 -0.61425471 0.44497520
v 1.06296027 -0.61425471 0.44497520
v 1.06296027 -0.61425471 0.44497520
v 1.06296027 -0.61425471 0.44497520
v 1.06296027 -0.61425471 0.44497520
v 1.02801669 -0.63073534 0.37361455
v 1.02801669 -0.63073534 0.37361455
v 1.02801669 -0.63073534 0.37361455
v 1.02801669 -0.63073534 0.37361455
v 1.02801669 -0.63073534 0.37361455
v 1.02801669 -0.63073534 0.37361455
v 1.01839626 -0.66036540 0.39916150
v 1.01839626 -0.66036540 0.39916150
v 1.01839626 -0.66036540 0.39916150
v 1.01839626 -0.66036540 0.39916150
v 1.01839626 -0.66036540 0.39916150
v 0.97892195 -0.71229690 0.38603860
v 0.97892195 -0.71229690 0.38603860
v 0.97892195 -0.71229690 0.38603860
v 0.97892195 -0.71229690 0.38603860
v 0.97892195 -0.71229690 0.38603860
v 0.97892195 -0.71229690 0.38603860
v 0.98345280 -0.71909958 0.40995491
v 0.98345280 -0.71909958 0.40995491
v 0.98345280 -0.71909958 0.40995491
v 0.98345280 -0.71909958 0.40995491
v 0.98345280 -0.71909958 0.40995491
v 0.97432899 -0.75030762 0.44287864
v 0.97432899 -0.75030762 0.44287864
v 0.97432899 -0.75030762 0.44287864
v 0.97432899 -0.75030762 0.44287864
v 0.97432899 -0.75030762 0.44287864
v 0.97432899 -0.75030762 0.44287864
v 0.97432899 -0.75030762 0.44287864
v 0.94584042 -0.77004933 0.40995491
v 0.94584042 -0.77004933 0.40995491
v 0.94584042 -0.77004933 0.40995491
v 0.94584042 -0.77004933 0.40995491
v 0.94584042 -0.77004933 0.40995491
v 0.94584042 -0.77004933 0.40995491
v 0.93224776 -0.79838198 0.43643366
v 0.93224776 -0.79838198 0.43643366
v 0.93224776 -0.79838198 0.43643366
v 0.93224776 -0.79838198 0.43643366
v 0.93224776 -0.79838198 0.43643366
v 0.93224776 -0.79838198 0.43643366
v 0.93224776 -0.79838198 0.43643366
v 0.91344154 -0.80690283 0.40995491
v 0.91344154 -0.80690283 0.40995491
v 0.91344154 -0.80690283 0.40995491
v 0.91344154 -0.80690283 0.40995491
v 0.89556640 -0.80690283 0.36701427
v 0.89556640 -0.80690283 0.36701427
v 0.89556640 -0.80690283 0.36701427
v 0.89556640 -0.80690283 0.36701427
v 1.06525671 -0.80690283 1.02805150
v 1.06525671 -0.80690283 1.02805150
v 1.06525671 -0.80690283 1.02805150
v 1.06525671 -0.80690283 1.02805150
v 1.09082818 -0.77814937 1.02688676
v 1.09082818 -0.77814937 1.02688676
v 1.09082818 -0.77814937 1.02688676
v 1.09082818 -0.77814937 1.02688676
v 1.09082818 -0.77814937 1.02688676
v 1.09082818 -0.77814937 1.02688676
v 1.13390243 -0.68904871 1.03480709
v 1.13390243 -0.68904871 1.03480709
v 1.13390243 -0.68904871 1.03480709
v 1.13390243 -0.68904871 1.03480709
v 1.13390243 -0.68904871 1.03480709
v 1.13390243 -0.68904871 1.03480709
v 1.17908692 -0.64220160 1.02447957
v 1.17908692 -0.64220160 1.02447957
v 1.17908692 -0.64220160 1.02447957
v 1.17908692 -0.64220160 1.02447957
v 1.20850658 -0.60015845 1.01950997
v 1.20850658 -0.60015845 1.01950997
v 1.20850658 -0.60015845 1.01950997
v 1.20850658 -0.60015845 1.01950997
v 1.20850658 -0.60015845 1.01950997
v 1.20850658 -0.60015845 1.01950997
v 1.20850658 -0.60015845 1.01950997
v 1.22365081 -0.55229449 1.02362543
v 1.22365081 -0.55229449 1.02362543
v 1.22365081 -0.55229449 1.02362543
v 1.22365081 -0.55229449 1.02362543
v 1.22365081 -0.55229449 1.02362543
v 1.25120842 -0.51123315 1.01756874
v 1.25120842 -0.51123315 1.01756874
v 1.25120842 -0.51123315 1.01756874
v 1.25120842 -0.51123315 1.01756874
v 1.25120842 -0.51123315 1.01756874
v 1.28050387 -0.44867682 0.98798394
v 1.28050387 -0.44867682 0.98798394
v 1.28050387 -0.44867682 0.98798394
v 1.28050387 -0.44867682 0.98798394
v 1.28050387 -0.44867682 0.98798394
v 1.28050387 -0.44867682 0.98798394
v 1.06550491 -0.57445568 0.39271653
v 1.06550491 -0.57445568 0.39271653
v 1.06550491 -0.57445568 0.39271653
v 1.06550491 -0.57445568 0.39271653
v 1.06550491 -0.57445568 0.39271653
v 1.06550491 -0.57445568 0.39271653
v 1.11348248 -0.44867682 0.36748017
v 1.11348248 -0.44867682 0.36748017
v 1.11348248 -0.44867682 0.36748017
v 1.11646163 -0.44867682 0.37555580
v 1.11646163 -0.44867682 0.37555580
v 1.11646163 -0.44867682 0.37555580
v 1.11882019 -0.44867682 0.38215607
v 1.11882019 -0.44867682 0.38215607
v 1.11882019 -0.44867682 0.38215607
v 1.11882019 -0.44867682 0.38215607
v 1.12062013 -0.46740165 0.41049845
v 1.12062013 -0.46740165 0.41049845
v 1.12062013 -0.46740165 0.41049845
v 1.12062013 -0.46740165 0.41049845
v 1.12062013 -0.46740165 0.41049845
v 1.12062013 -0.46740165 0.41049845
v 1.12062013 -0.46740165 0.41049845
v 1.12062013 -0.46740165 0.41049845
v 1.12062013 -0.46740165 0.41049845
v 1.10162771 -0.50972533 0.41049845
v 1.10162771 -0.50972533 0.41049845
v 1.10162771 -0.50972533 0.41049845
v 1.10162771 -0.50972533 0.41049845
v 1.10162771 -0.50972533 0.41049845
v 1.10162771 -0.50972533 0.41049845
v 1.07866299 -0.55804515 0.40847954
v 1.07866299 -0.55804515 0.40847954
v 1.07866299 -0.55804515 0.40847954
v 1.07866299 -0.55804515 0.40847954
v 1.07866299 -0.55804515 0.40847954
v 1.07866299 -0.55804515 0.40847954
v 1.07053232 -0.58458948 0.42237894
v 1.07053232 -0.58458948 0.42237894
v 1.07053232 -0.58458948 0.42237894
v 1.07053232 -0.58458948 0.42237894
v 1.07053232 -0.58458948 0.42237894
v 1.07053232 -0.58458948 0.42237894
v 1.07456660 -0.59970260 0.45763220
v 1.07456660 -0.59970260 0.45763220
v 1.07456660 -0.59970260 0.45763220
v 1.07456660 -0.59970260 0.45763220
v 1.07456660 -0.59970260 0.45763220
v 1.07456660 -0.59970260 0.45763220
v 1.07456660 -0.59970260 0.45763220
v 1.06786346 -0.62354696 0.47463762
v 1.06786346 -0.62354696 0.47463762
v 1.06786346 -0.62354696 0.47463762
v 1.06786346 -0.62354696 0.47463762
v 1.06786346 -0.62354696 0.47463762
v 1.06786346 -0.62354696 0.47463762
v 1.06786346 -0.62354696 0.47463762
v 1.06786346 -0.62354696 0.47463762
v 1.06786346 -0.62354696 0.47463762
v 1.06786346 -0.62354696 0.47463762
v 1.06786346 -0.62354696 0.47463762
v 1.03304410 -0.64514709 0.41236207
v 1.03304410 -0.64514709 0.41236207
v 1.03304410 -0.64514709 0.41236207
v 1.03304410 -0.64514709 0.41236207
v 1.02398229 -0.66874599 0.42874628
v 1.02398229 -0.66874599 0.42874628
v 1.02398229 -0.66874599 0.42874628
v 1.02398229 -0.66874599 0.42874628
v 1.02398229 -0.66874599 0.42874628
v 1.02398229 -0.66874599 0.42874628
v 1.02398229 -0.66874599 0.42874628
v 1.02398229 -0.66874599 0.42874628
v 0.98959744 -0.73470354 0.45638979
v 0.98959744 -0.73470354 0.45638979
v 0.98959744 -0.73470354 0.45638979
v 0.98959744 -0.73470354 0.45638979
v 0.98959744 -0.73470354 0.45638979
v 0.97966671 -0.75763619 0.47254106
v 0.97966671 -0.75763619 0.47254106
v 0.97966671 -0.75763619 0.47254106
v 0.97966671 -0.75763619 0.47254106
v 0.97966671 -0.75763619 0.47254106
v 0.97966671 -0.75763619 0.47254106
v 0.97966671 -0.75763619 0.47254106
v 0.97966671 -0.75763619 0.47254106
v 0.97966671 -0.75763619 0.47254106
v 0.97966671 -0.75763619 0.47254106
v 0.97966671 -0.75763619 0.47254106
v 0.97966671 -0.75763619 0.47254106
v 0.95614344 -0.77800912 0.45444853
v 0.95614344 -0.77800912 0.45444853
v 0.95614344 -0.77800912 0.45444853
v 0.95614344 -0.77800912 0.45444853
v 0.95614344 -0.77800912 0.45444853
v 0.93789589 -0.80472881 0.46609608
v 0.93789589 -0.80472881 0.46609608
v 0.93789589 -0.80472881 0.46609608
v 0.93789589 -0.80472881 0.46609608
v 0.93789589 -0.80472881 0.46609608
v 0.93789589 -0.80472881 0.46609608
v 0.92604113 -0.80690283 0.44085974
v 0.92604113 -0.80690283 0.44085974
v 0.92604113 -0.80690283 0.44085974
v 0.92604113 -0.80690283 0.44085974
v 0.91927582 -0.80690283 0.42400960
v 0.91927582 -0.80690283 0.42400960
v 0.91927582 -0.80690283 0.42400960
v 1.07940781 -0.80690283 1.02106297
v 1.07940781 -0.80690283 1.02106297
v 1.07940781 -0.80690283 1.02106297
v 1.07940781 -0.80690283 1.02106297
v 1.11689615 -0.76345706 1.01686987
v 1.11689615 -0.76345706 1.01686987
v 1.11689615 -0.76345706 1.01686987
v 1.11689615 -0.76345706 1.01686987
v 1.11689615 -0.76345706 1.01686987
v 1.11689615 -0.76345706 1.01686987
v 1.13259900 -0.72933859 1.02129591
v 1.13259900 -0.72933859 1.02129591
v 1.13259900 -0.72933859 1.02129591
v 1.13259900 -0.72933859 1.02129591
v 1.16282547 -0.68904871 1.01772401
v 1.16282547 -0.68904871 1.01772401
v 1.16282547 -0.68904871 1.01772401
v 1.16282547 -0.68904871 1.01772401
v 1.16282547 -0.68904871 1.01772401
v 1.16282547 -0.68904871 1.01772401
v 1.16282547 -0.68904871 1.01772401
v 1.20242405 -0.62582618 1.01298735
v 1.20242405 -0.62582618 1.01298735
v 1.20242405 -0.62582618 1.01298735
v 1.20242405 -0.62582618 1.01298735
v 1.20242405 -0.62582618 1.01298735
v 1.20242405 -0.62582618 1.01298735
v 1.24587071 -0.53521770 1.01151198
v 1.24587071 -0.53521770 1.01151198
v 1.24587071 -0.53521770 1.01151198
v 1.24587071 -0.53521770 1.01151198
v 1.24587071 -0.53521770 1.01151198
v 1.24587071 -0.53521770 1.01151198
v 1.24587071 -0.53521770 1.01151198
v 1.24587071 -0.53521770 1.01151198
v 1.24587071 -0.53521770 1.01151198
v 1.27466965 -0.46673539 0.98798394
v 1.27466965 -0.46673539 0.98798394
v 1.27466965 -0.46673539 0.98798394
v 1.27466965 -0.46673539 0.98798394
v 1.27466965 -0.46673539 0.98798394
v 1.27466965 -0.46673539 0.98798394
v 1.27119386 -0.44867682 0.94411150
v 1.27119386 -0.44867682 0.94411150
v 1.27119386 -0.44867682 0.94411150
v 1.27119386 -0.44867682 0.94411150
v 1.12844050 -0.44867682 0.41026551
v 1.12844050 -0.44867682 0.41026551
v 1.12844050 -0.44867682 0.41026551
v 1.13439894 -0.44867682 0.42796978
v 1.13439894 -0.44867682 0.42796978
v 1.13439894 -0.44867682 0.42796978
v 1.14948106 -0.44867682 0.47300696
v 1.14948106 -0.44867682 0.47300696
v 1.14948106 -0.44867682 0.47300696
v 1.14948106 -0.44867682 0.47300696
v 1.13557816 -0.46673539 0.45444853
v 1.13557816 -0.46673539 0.45444853
v 1.13557816 -0.46673539 0.45444853
v 1.13557816 -0.46673539 0.45444853
v 1.13557816 -0.46673539 0.45444853
v 1.13557816 -0.46673539 0.45444853
v 1.13557816 -0.46673539 0.45444853
v 1.11385489 -0.49391091 0.42571793
v 1.11385489 -0.49391091 0.42571793
v 1.11385489 -0.49391091 0.42571793
v 1.11385489 -0.49391091 0.42571793
v 1.10721374 -0.52354103 0.44598466
v 1.10721374 -0.52354103 0.44598466
v 1.10721374 -0.52354103 0.44598466
v 1.10721374 -0.52354103 0.44598466
v 1.10721374 -0.52354103 0.44598466
v 1.10721374 -0.52354103 0.44598466
v 1.09815204 -0.55169839 0.45825341
v 1.09815204 -0.55169839 0.45825341
v 1.09815204 -0.55169839 0.45825341
v 1.09815204 -0.55169839 0.45825341
v 1.09815204 -0.55169839 0.45825341
v 1.09815204 -0.55169839 0.45825341
v 1.10522759 -0.56414652 0.49894217
v 1.10522759 -0.56414652 0.49894217
v 1.10522759 -0.56414652 0.49894217
v 1.10522759 -0.56414652 0.49894217
v 1.10522759 -0.56414652 0.49894217
v 1.10963428 -0.57364917 0.52782810
v 1.10963428 -0.57364917 0.52782810
v 1.10963428 -0.57364917 0.52782810
v 1.10963428 -0.57364917 0.52782810
v 1.10963428 -0.57364917 0.52782810
v 1.10963428 -0.57364917 0.52782810
v 1.10963428 -0.57364917 0.52782810
v 1.08735240 -0.60015845 0.49894217
v 1.08735240 -0.60015845 0.49894217
v 1.08735240 -0.60015845 0.49894217
v 1.08735240 -0.60015845 0.49894217
v 1.08735240 -0.60015845 0.49894217
v 1.10144150 -0.59847534 0.54296991
v 1.10144150 -0.59847534 0.54296991
v 1.10144150 -0.59847534 0.54296991
v 1.10144150 -0.59847534 0.54296991
v 1.10671711 -0.61302739 0.58785180
v 1.10671711 -0.61302739 0.58785180
v 1.10671711 -0.61302739 0.58785180
v 1.10671711 -0.61302739 0.58785180
v 1.10671711 -0.61302739 0.58785180
v 1.10671711 -0.61302739 0.58785180
v 1.10671711 -0.61302739 0.58785180
v 1.10671711 -0.61302739 0.58785180
v 1.07152534 -0.62985867 0.49894217
v 1.07152534 -0.62985867 0.49894217
v 1.07152534 -0.62985867 0.49894217
v 1.07152534 -0.62985867 0.49894217
v 1.06351876 -0.66085631 0.53310832
v 1.06351876 -0.66085631 0.53310832
v 1.06351876 -0.66085631 0.53310832
v 1.06351876 -0.66085631 0.53310832
v 1.06351876 -0.66085631 0.53310832
v 1.06351876 -0.66085631 0.53310832
v 1.05811906 -0.65209001 0.49894217
v 1.05811906 -0.65209001 0.49894217
v 1.05811906 -0.65209001 0.49894217
v 1.05811906 -0.65209001 0.49894217
v 1.05811906 -0.65209001 0.49894217
v 1.05147779 -0.64083409 0.45763220
v 1.05147779 -0.64083409 0.45763220
v 1.05147779 -0.64083409 0.45763220
v 1.05147779 -0.64083409 0.45763220
v 1.05147779 -0.64083409 0.45763220
v 1.02851319 -0.67544341 0.45444853
v 1.02851319 -0.67544341 0.45444853
v 1.02851319 -0.67544341 0.45444853
v 1.02851319 -0.67544341 0.45444853
v 1.02851319 -0.67544341 0.45444853
v 1.02851319 -0.67544341 0.45444853
v 1.01920319 -0.70602030 0.48752758
v 1.01920319 -0.70602030 0.48752758
v 1.01920319 -0.70602030 0.48752758
v 1.01920319 -0.70602030 0.48752758
v 1.01920319 -0.70602030 0.48752758
v 1.01920319 -0.70602030 0.48752758
v 1.00728631 -0.73021525 0.50096108
v 1.00728631 -0.73021525 0.50096108
v 1.00728631 -0.73021525 0.50096108
v 1.00728631 -0.73021525 0.50096108
v 1.01293445 -0.74136597 0.54335816
v 1.01293445 -0.74136597 0.54335816
v 1.01293445 -0.74136597 0.54335816
v 1.01293445 -0.74136597 0.54335816
v 1.01293445 -0.74136597 0.54335816
v 1.01845837 -0.74953616 0.57969852
v 1.01845837 -0.74953616 0.57969852
v 1.01845837 -0.74953616 0.57969852
v 1.01845837 -0.74953616 0.57969852
v 1.01845837 -0.74953616 0.57969852
v 1.01845837 -0.74953616 0.57969852
v 0.98382515 -0.76328170 0.49894217
v 0.98382515 -0.76328170 0.49894217
v 0.98382515 -0.76328170 0.49894217
v 0.98382515 -0.76328170 0.49894217
v 0.98382515 -0.76328170 0.49894217
v 0.98382515 -0.76328170 0.49894217
v 0.97774267 -0.79964429 0.56711917
v 0.97774267 -0.79964429 0.56711917
v 0.97774267 -0.79964429 0.56711917
v 0.97774267 -0.79964429 0.56711917
v 0.97774267 -0.79964429 0.56711917
v 0.97774267 -0.79964429 0.56711917
v 0.97774267 -0.79964429 0.56711917
v 0.97774267 -0.79964429 0.56711917
v 0.97774267 -0.79964429 0.56711917
v 0.97774267 -0.79964429 0.56711917
v 0.97377038 -0.79477024 0.54335816
v 0.97377038 -0.79477024 0.54335816
v 0.97377038 -0.79477024 0.54335816
v 0.97377038 -0.79477024 0.54335816
v 0.96607411 -0.78551304 0.49894217
v 0.96607411 -0.78551304 0.49894217
v 0.96607411 -0.78551304 0.49894217
v 0.96607411 -0.78551304 0.49894217
v 0.96607411 -0.78551304 0.49894217
v 0.96607411 -0.78551304 0.49894217
v 0.96607411 -0.78551304 0.49894217
v 0.93516493 -0.80690283 0.46431014
v 0.93516493 -0.80690283 0.46431014
v 0.93516493 -0.80690283 0.46431014
v 0.93981993 -0.80690283 0.47657888
v 0.93981993 -0.80690283 0.47657888
v 0.93981993 -0.80690283 0.47657888
v 0.93981993 -0.80690283 0.47657888
v 1.09039366 -0.80690283 0.98798394
v 1.09039366 -0.80690283 0.98798394
v 1.09039366 -0.80690283 0.98798394
v 1.09039366 -0.80690283 0.98798394
v 1.09039366 -0.80690283 0.98798394
v 1.09039366 -0.80690283 0.98798394
v 1.09039366 -0.80690283 0.98798394
v 1.15637052 -0.71170086 1.01065782
v 1.15637052 -0.71170086 1.01065782
v 1.15637052 -0.71170086 1.01065782
v 1.15637052 -0.71170086 1.01065782
v 1.15637052 -0.71170086 1.01065782
v 1.15637052 -0.71170086 1.01065782
v 1.15637052 -0.71170086 1.01065782
v 1.15637052 -0.71170086 1.01065782
v 1.15637052 -0.71170086 1.01065782
v 1.20329285 -0.62750930 0.98798394
v 1.20329285 -0.62750930 0.98798394
v 1.20329285 -0.62750930 0.98798394
v 1.20329285 -0.62750930 0.98798394
v 1.20329285 -0.62750930 0.98798394
v 1.21638906 -0.60015845 0.98798394
v 1.21638906 -0.60015845 0.98798394
v 1.21638906 -0.60015845 0.98798394
v 1.21638906 -0.60015845 0.98798394
v 1.21638906 -0.60015845 0.98798394
v 1.21638906 -0.60015845 0.98798394
v 1.23594010 -0.55815035 0.98798394
v 1.23594010 -0.55815035 0.98798394
v 1.23594010 -0.55815035 0.98798394
v 1.23594010 -0.55815035 0.98798394
v 1.24618101 -0.53591901 0.98798394
v 1.24618101 -0.53591901 0.98798394
v 1.24618101 -0.53591901 0.98798394
v 1.24618101 -0.53591901 0.98798394
v 1.25722885 -0.51123315 0.98798394
v 1.25722885 -0.51123315 0.98798394
v 1.25722885 -0.51123315 0.98798394
v 1.25722885 -0.51123315 0.98798394
v 1.24574649 -0.53500730 0.96406764
v 1.24574649 -0.53500730 0.96406764
v 1.24574649 -0.53500730 0.96406764
v 1.24574649 -0.53500730 0.96406764
v 1.24574649 -0.53500730 0.96406764
v 1.24574649 -0.53500730 0.96406764
v 1.24574649 -0.53500730 0.96406764
v 1.24574649 -0.53500730 0.96406764
v 1.24574649 -0.53500730 0.96406764
v 1.24574649 -0.53500730 0.96406764
v 1.24574649 -0.53500730 0.96406764
v 1.24574649 -0.53500730 0.96406764
v 1.24574649 -0.53500730 0.96406764
v 1.26504922 -0.46673539 0.94349030
v 1.26504922 -0.46673539 0.94349030
v 1.26504922 -0.46673539 0.94349030
v 1.26504922 -0.46673539 0.94349030
v 1.20242405 -0.44867682 0.65727119
v 1.20242405 -0.44867682 0.65727119
v 1.20242405 -0.44867682 0.65727119
v 1.20242405 -0.44867682 0.65727119
v 1.15326726 -0.44867682 0.48488747
v 1.15326726 -0.44867682 0.48488747
v 1.15326726 -0.44867682 0.48488747
v 1.15326726 -0.44867682 0.48488747
v 1.14886045 -0.46694580 0.49669031
v 1.14886045 -0.46694580 0.49669031
v 1.14886045 -0.46694580 0.49669031
v 1.11199284 -0.53420085 0.47564708
v 1.11199284 -0.53420085 0.47564708
v 1.11199284 -0.53420085 0.47564708
v 1.11199284 -0.53420085 0.47564708
v 1.11199284 -0.53420085 0.47564708
v 1.11199284 -0.53420085 0.47564708
v 1.11199284 -0.53420085 0.47564708
v 1.11199284 -0.53420085 0.47564708
v 1.11553073 -0.54191518 0.49894217
v 1.11553073 -0.54191518 0.49894217
v 1.11553073 -0.54191518 0.49894217
v 1.11553073 -0.54191518 0.49894217
v 1.11553073 -0.54191518 0.49894217
v 1.15295684 -0.48191860 0.53209887
v 1.15295684 -0.48191860 0.53209887
v 1.15295684 -0.48191860 0.53209887
v 1.15295684 -0.48191860 0.53209887
v 1.15295684 -0.48191860 0.53209887
v 1.15295684 -0.48191860 0.53209887
v 1.15295684 -0.48191860 0.53209887
v 1.12148905 -0.55758929 0.54296991
v 1.12148905 -0.55758929 0.54296991
v 1.12148905 -0.55758929 0.54296991
v 1.12148905 -0.55758929 0.54296991
v 1.12148905 -0.55758929 0.54296991
v 1.11404109 -0.58255571 0.55749052
v 1.11404109 -0.58255571 0.55749052
v 1.11404109 -0.58255571 0.55749052
v 1.11404109 -0.58255571 0.55749052
v 1.11404109 -0.58255571 0.55749052
v 1.11404109 -0.58255571 0.55749052
v 1.11404109 -0.58255571 0.55749052
v 1.11404109 -0.58255571 0.55749052
v 1.08909023 -0.64458603 0.58785180
v 1.08909023 -0.64458603 0.58785180
v 1.08909023 -0.64458603 0.58785180
v 1.08909023 -0.64458603 0.58785180
v 1.08909023 -0.64458603 0.58785180
v 1.07649076 -0.64546269 0.54607593
v 1.07649076 -0.64546269 0.54607593
v 1.07649076 -0.64546269 0.54607593
v 1.07649076 -0.64546269 0.54607593
v 1.07649076 -0.64546269 0.54607593
v 1.11819959 -0.59079605 0.58785180
v 1.11819959 -0.59079605 0.58785180
v 1.11819959 -0.59079605 0.58785180
v 1.11819959 -0.59079605 0.58785180
v 1.11044121 -0.62007546 0.61464116
v 1.11044121 -0.62007546 0.61464116
v 1.11044121 -0.62007546 0.61464116
v 1.11044121 -0.62007546 0.61464116
v 1.11044121 -0.62007546 0.61464116
v 1.06804967 -0.66814989 0.56269310
v 1.06804967 -0.66814989 0.56269310
v 1.06804967 -0.66814989 0.56269310
v 1.06804967 -0.66814989 0.56269310
v 1.06804967 -0.66814989 0.56269310
v 1.06804967 -0.66814989 0.56269310
v 1.06804967 -0.66814989 0.56269310
v 1.06804967 -0.66814989 0.56269310
v 1.03403711 -0.69034612 0.50096108
v 1.03403711 -0.69034612 0.50096108
v 1.03403711 -0.69034612 0.50096108
v 1.03403711 -0.69034612 0.50096108
v 1.03403711 -0.69034612 0.50096108
v 1.03403711 -0.69034612 0.50096108
v 1.03403711 -0.69034612 0.50096108
v 1.02398229 -0.71317357 0.51719000
v 1.02398229 -0.71317357 0.51719000
v 1.02398229 -0.71317357 0.51719000
v 1.02398229 -0.71317357 0.51719000
v 1.02398229 -0.71317357 0.51719000
v 1.02398229 -0.71317357 0.51719000
v 1.02801669 -0.71913469 0.54335816
v 1.02801669 -0.71913469 0.54335816
v 1.02801669 -0.71913469 0.54335816
v 1.02801669 -0.71913469 0.54335816
v 1.02801669 -0.71913469 0.54335816
v 1.03248549 -0.73424780 0.59188962
v 1.03248549 -0.73424780 0.59188962
v 1.03248549 -0.73424780 0.59188962
v 1.03248549 -0.73424780 0.59188962
v 1.03248549 -0.73424780 0.59188962
v 1.03248549 -0.73424780 0.59188962
v 1.02292717 -0.75605834 0.60936093
v 1.02292717 -0.75605834 0.60936093
v 1.02292717 -0.75605834 0.60936093
v 1.02292717 -0.75605834 0.60936093
v 1.02292717 -0.75605834 0.60936093
v 1.02292717 -0.75605834 0.60936093
v 1.02292717 -0.75605834 0.60936093
v 1.01032770 -0.78316367 0.63234544
v 1.01032770 -0.78316367 0.63234544
v 1.01032770 -0.78316367 0.63234544
v 1.01032770 -0.78316367 0.63234544
v 1.01032770 -0.78316367 0.63234544
v 1.01032770 -0.78316367 0.63234544
v 1.01032770 -0.78316367 0.63234544
v 0.99071461 -0.77253896 0.54335816
v 0.99071461 -0.77253896 0.54335816
v 0.99071461 -0.77253896 0.54335816
v 0.97327381 -0.80690283 0.57294294
v 0.97327381 -0.80690283 0.57294294
v 0.97327381 -0.80690283 0.57294294
v 0.96923947 -0.80690283 0.56075184
v 0.96923947 -0.80690283 0.56075184
v 0.96923947 -0.80690283 0.56075184
v 0.95217115 -0.80690283 0.51121093
v 0.95217115 -0.80690283 0.51121093
v 0.95217115 -0.80690283 0.51121093
v 0.95217115 -0.80690283 0.51121093
v 0.95217115 -0.80690283 0.51121093
v 0.98252177 -0.80518466 0.59670394
v 0.98252177 -0.80518466 0.59670394
v 0.98252177 -0.80518466 0.59670394
v 0.98252177 -0.80518466 0.59670394
v 0.98252177 -0.80518466 0.59670394
v 0.98059773 -0.80690283 0.59538388
v 0.98059773 -0.80690283 0.59538388
v 0.98059773 -0.80690283 0.59538388
v 0.98059773 -0.80690283 0.59538388
v 0.94782650 -0.80690283 0.49894217
v 0.94782650 -0.80690283 0.49894217
v 0.94782650 -0.80690283 0.49894217
v 1.08089745 -0.80690283 0.95257536
v 1.08089745 -0.80690283 0.95257536
v 1.08089745 -0.80690283 0.95257536
v 1.08089745 -0.80690283 0.95257536
v 1.11608934 -0.76219475 0.95723438
v 1.11608934 -0.76219475 0.95723438
v 1.11608934 -0.76219475 0.95723438
v 1.11608934 -0.76219475 0.95723438
v 1.11608934 -0.76219475 0.95723438
v 1.15599811 -0.71106970 0.97074556
v 1.15599811 -0.71106970 0.97074556
v 1.15599811 -0.71106970 0.97074556
v 1.15599811 -0.71106970 0.97074556
v 1.15599811 -0.71106970 0.97074556
v 1.15599811 -0.71106970 0.97074556
v 1.15599811 -0.71106970 0.97074556
v 1.15599811 -0.71106970 0.97074556
v 1.15599811 -0.71106970 0.97074556
v 1.15599811 -0.71106970 0.97074556
v 1.15599811 -0.71106970 0.97074556
v 1.15599811 -0.71106970 0.97074556
v 1.15599811 -0.71106970 0.97074556
v 1.15599811 -0.71106970 0.97074556
v 1.15599811 -0.71106970 0.97074556
v 1.15599811 -0.71106970 0.97074556
v 1.15599811 -0.71106970 0.97074556
v 1.15599811 -0.71106970 0.97074556
v 1.10348976 -0.78859884 0.98798394
v 1.10348976 -0.78859884 0.98798394
v 1.10348976 -0.78859884 0.98798394
v 1.10348976 -0.78859884 0.98798394
v 1.15637052 -0.71170086 1.00040802
v 1.15637052 -0.71170086 1.00040802
v 1.15637052 -0.71170086 1.00040802
v 1.15637052 -0.71170086 1.00040802
v 1.15637052 -0.71170086 1.00040802
v 1.15637052 -0.71170086 1.00040802
v 1.19118989 -0.64970559 0.98798394
v 1.19118989 -0.64970559 0.98798394
v 1.19118989 -0.64970559 0.98798394
v 1.19118989 -0.64970559 0.98798394
v 1.19118989 -0.64970559 0.98798394
v 1.19118989 -0.64970559 0.98798394
v 1.11894441 -0.76636744 0.98798394
v 1.11894441 -0.76636744 0.98798394
v 1.11894441 -0.76636744 0.98798394
v 1.11894441 -0.76636744 0.98798394
v 1.11894441 -0.76636744 0.98798394
v 1.20236194 -0.62579107 0.96189344
v 1.20236194 -0.62579107 0.96189344
v 1.20236194 -0.62579107 0.96189344
v 1.20236194 -0.62579107 0.96189344
v 1.20236194 -0.62579107 0.96189344
v 1.20236194 -0.62579107 0.96189344
v 1.20236194 -0.62579107 0.96189344
v 1.20236194 -0.62579107 0.96189344
v 1.20236194 -0.62579107 0.96189344
v 1.20236194 -0.62579107 0.96189344
v 1.13495755 -0.55569583 0.58785180
v 1.13495755 -0.55569583 0.58785180
v 1.13495755 -0.55569583 0.58785180
v 1.13495755 -0.55569583 0.58785180
v 1.13495755 -0.55569583 0.58785180
v 1.13495755 -0.55569583 0.58785180
v 1.13495755 -0.55569583 0.58785180
v 1.15450859 -0.52988780 0.61627182
v 1.15450859 -0.52988780 0.61627182
v 1.15450859 -0.52988780 0.61627182
v 1.15450859 -0.52988780 0.61627182
v 1.16083932 -0.49924082 0.58785180
v 1.16083932 -0.49924082 0.58785180
v 1.16083932 -0.49924082 0.58785180
v 1.16083932 -0.49924082 0.58785180
v 1.16083932 -0.49924082 0.58785180
v 1.16083932 -0.49924082 0.58785180
v 1.18957627 -0.46368477 0.63444199
v 1.18957627 -0.46368477 0.63444199
v 1.18957627 -0.46368477 0.63444199
v 1.18957627 -0.46368477 0.63444199
v 1.20025170 -0.44867682 0.64880730
v 1.20025170 -0.44867682 0.64880730
v 1.20025170 -0.44867682 0.64880730
v 1.20025170 -0.44867682 0.64880730
v 1.20025170 -0.44867682 0.64880730
v 1.20025170 -0.44867682 0.64880730
v 1.15804636 -0.44867682 0.50010693
v 1.15804636 -0.44867682 0.50010693
v 1.15804636 -0.44867682 0.50010693
v 1.15959799 -0.45228857 0.50996853
v 1.15959799 -0.45228857 0.50996853
v 1.15959799 -0.45228857 0.50996853
v 1.15959799 -0.45228857 0.50996853
v 1.15959799 -0.45228857 0.50996853
v 1.15959799 -0.45228857 0.50996853
v 1.15959799 -0.45228857 0.50996853
v 1.15959799 -0.45228857 0.50996853
v 1.15959799 -0.45228857 0.50996853
v 1.15959799 -0.45228857 0.50996853
v 1.12955773 -0.51123315 0.49894217
v 1.12955773 -0.51123315 0.49894217
v 1.12955773 -0.51123315 0.49894217
v 1.12955773 -0.51123315 0.49894217
v 1.16350818 -0.46694580 0.54553237
v 1.16350818 -0.46694580 0.54553237
v 1.16350818 -0.46694580 0.54553237
v 1.16350818 -0.46694580 0.54553237
v 1.15723944 -0.49142131 0.56176129
v 1.15723944 -0.49142131 0.56176129
v 1.15723944 -0.49142131 0.56176129
v 1.15723944 -0.49142131 0.56176129
v 1.15723944 -0.49142131 0.56176129
v 1.15723944 -0.49142131 0.56176129
v 1.15723944 -0.49142131 0.56176129
v 1.10193801 -0.64321852 0.63063714
v 1.10193801 -0.64321852 0.63063714
v 1.10193801 -0.64321852 0.63063714
v 1.10193801 -0.64321852 0.63063714
v 1.10193801 -0.64321852 0.63063714
v 1.10193801 -0.64321852 0.63063714
v 1.10193801 -0.64321852 0.63063714
v 1.05147779 -0.68540198 0.54607593
v 1.05147779 -0.68540198 0.54607593
v 1.05147779 -0.68540198 0.54607593
v 1.05147779 -0.68540198 0.54607593
v 1.05147779 -0.68540198 0.54607593
v 1.05147779 -0.68540198 0.54607593
v 1.07177365 -0.67376029 0.58785180
v 1.07177365 -0.67376029 0.58785180
v 1.07177365 -0.67376029 0.58785180
v 1.07177365 -0.67376029 0.58785180
v 1.07177365 -0.67376029 0.58785180
v 1.07177365 -0.67376029 0.58785180
v 1.07177365 -0.67376029 0.58785180
v 1.05693972 -0.69599164 0.58785180
v 1.05693972 -0.69599164 0.58785180
v 1.05693972 -0.69599164 0.58785180
v 1.05693972 -0.69599164 0.58785180
v 1.05693972 -0.69599164 0.58785180
v 1.06339467 -0.70563459 0.63234544
v 1.06339467 -0.70563459 0.63234544
v 1.06339467 -0.70563459 0.63234544
v 1.06339467 -0.70563459 0.63234544
v 1.06339467 -0.70563459 0.63234544
v 1.06339467 -0.70563459 0.63234544
v 1.06339467 -0.70563459 0.63234544
v 1.04465055 -0.73351139 0.63234544
v 1.04465055 -0.73351139 0.63234544
v 1.04465055 -0.73351139 0.63234544
v 1.04465055 -0.73351139 0.63234544
v 1.02621675 -0.76089728 0.63234544
v 1.02621675 -0.76089728 0.63234544
v 1.02621675 -0.76089728 0.63234544
v 1.02621675 -0.76089728 0.63234544
v 1.02621675 -0.76089728 0.63234544
v 1.01684463 -0.79214036 0.67668377
v 1.01684463 -0.79214036 0.67668377
v 1.01684463 -0.79214036 0.67668377
v 1.01684463 -0.79214036 0.67668377
v 1.01684463 -0.79214036 0.67668377
v 1.01684463 -0.79214036 0.67668377
v 1.01684463 -0.79214036 0.67668377
v 0.98401141 -0.80690283 0.60617728
v 0.98401141 -0.80690283 0.60617728
v 0.98401141 -0.80690283 0.60617728
v 0.98401141 -0.80690283 0.60617728
v 1.02087903 -0.80690283 0.73173787
v 1.02087903 -0.80690283 0.73173787
v 1.02087903 -0.80690283 0.73173787
v 1.02497542 -0.80315083 0.73499918
v 1.02497542 -0.80315083 0.73499918
v 1.02497542 -0.80315083 0.73499918
v 1.02497542 -0.80315083 0.73499918
v 1.02497542 -0.80315083 0.73499918
v 1.02087903 -0.79771572 0.70533675
v 1.02087903 -0.79771572 0.70533675
v 1.02087903 -0.79771572 0.70533675
v 1.02087903 -0.79771572 0.70533675
v 1.02087903 -0.79771572 0.70533675
v 1.02087903 -0.79771572 0.70533675
v 1.16654944 -0.69336176 0.98650858
v 1.16654944 -0.69336176 0.98650858
v 1.16654944 -0.69336176 0.98650858
v 1.14408135 -0.72933859 0.98650858
v 1.14408135 -0.72933859 0.98650858
v 1.14408135 -0.72933859 0.98650858
v 1.07816648 -0.68340319 0.63234544
v 1.07816648 -0.68340319 0.63234544
v 1.07816648 -0.68340319 0.63234544
v 1.10634482 -0.65741992 0.67668377
v 1.10634482 -0.65741992 0.67668377
v 1.10634482 -0.65741992 0.67668377
v 1.15066040 -0.52147216 0.58785180
v 1.15066040 -0.52147216 0.58785180
v 1.15066040 -0.52147216 0.58785180
v 1.15066040 -0.52147216 0.58785180
v 1.17554915 -0.46673539 0.58785180
v 1.17554915 -0.46673539 0.58785180
v 1.17554915 -0.46673539 0.58785180
v 1.17554915 -0.46673539 0.58785180
v 1.17554915 -0.46673539 0.58785180
v 1.17554915 -0.46673539 0.58785180
v 1.16208065 -0.44867682 0.51400633
v 1.16208065 -0.44867682 0.51400633
v 1.16208065 -0.44867682 0.51400633
v 0.99505925 -0.80690283 0.64313883
v 0.99505925 -0.80690283 0.64313883
v 0.99505925 -0.80690283 0.64313883
v 0.99505925 -0.80690283 0.64313883
v 1.01069999 -0.80690283 0.69679521
v 1.01069999 -0.80690283 0.69679521
v 1.01069999 -0.80690283 0.69679521
v 1.01069999 -0.80690283 0.69679521
vn -0.00000000 -1.00000000 0.00000000
vn 0.00000000 -1.00000000 0.00000000
vn 0.00000000 -1.00000000 0.00000000
vn -0.00000000 -0.00000000 -1.00000000
vn -0.76825998 0.59100694 0.24594186
vn -0.79007389 0.54303240 0.28442762
vn -0.81185804 0.48275709 0.32837802
vn 0.00000000 1.00000000 -0.00000000
vn 0.00000000 -0.00000000 -1.00000000
vn -0.76825998 0.59100694 0.24594186
vn 0.00000000 -1.00000000 0.00000000
vn 0.00000000 0.00000000 -1.00000000
vn 0.62315065 -0.64941649 -0.43582279
vn 0.62890790 -0.60028834 -0.49409387
vn -0.00000000 -1.00000000 0.00000000
vn -0.75808216 0.44776628 0.47414850
vn -0.81185804 0.48275709 0.32837802
vn 0.00000000 1.00000000 -0.00000000
vn -0.74215689 0.44828935 0.49823670
vn -0.75082393 0.44476430 0.48831152
vn -0.75808216 0.44776628 0.47414850
vn -0.79007389 0.54303240 0.28442762
vn -0.81185804 0.48275709 0.32837802
vn 0.00000000 1.00000000 -0.00000000
vn -0.76825998 0.59100694 0.24594186
vn -0.79007389 0.54303240 0.28442762
vn 0.00000000 1.00000000 0.00000000
vn -0.00000000 -0.00000000 -1.00000000
vn 0.79883819 -0.34280451 -0.49431024
vn 0.00000000 0.00000000 -1.00000000
vn 0.62890790 -0.60028834 -0.49409387
vn 0.64220773 -0.58639258 -0.49367294
vn 0.62303204 -0.65033725 -0.43461770
vn 0.62315065 -0.64941649 -0.43582279
vn 0.62368154 -0.65272014 -0.43009040
vn 0.62890790 -0.60028834 -0.49409387
vn 0.64220773 -0.58639258 -0.49367294
vn 0.65128924 -0.59034651 -0.47677386
vn 0.66066772 -0.64181649 -0.38934529
vn 0.67698991 -0.62483302 -0.38893233
vn 0.67744140 -0.62432711 -0.38895862
vn 0.67808654 -0.61940085 -0.39565292
vn 0.00000000 -1.00000000 0.00000000
vn 0.00000000 -1.00000000 0.00000000
vn 0.62303204 -0.65033725 -0.43461770
vn 0.62315065 -0.64941649 -0.43582279
vn -0.00000000 -1.00000000 0.00000000
vn -0.51519456 0.29958542 0.80300881
vn -0.73488587 0.43601992 0.51945104
vn -0.75082393 0.44476430 0.48831152
vn -0.75808216 0.44776628 0.47414850
vn -0.73488587 0.43601992 0.51945104
vn -0.74215689 0.44828935 0.49823670
vn -0.75082393 0.44476430 0.48831152
vn 0.00000000 1.00000000 -0.00000000
vn -0.42753863 0.24843769 0.86918895
vn -0.51519456 0.29958542 0.80300881
vn -0.73488587 0.43601992 0.51945104
vn -0.74215689 0.44828935 0.49823670
vn 0.00000000 1.00000000 0.00000000
vn 0.79883819 -0.34280451 -0.49431024
vn 0.80041449 -0.36045488 -0.47896652
vn 0.80724526 -0.36409081 -0.46453521
vn 0.82078089 -0.36980657 -0.43538699
vn -0.00000000 0.00000000 -1.00000000
vn 0.79883819 -0.34280451 -0.49431024
vn 0.80041449 -0.36045488 -0.47896652
vn 0.00000000 0.00000000 -1.00000000
vn 0.64220773 -0.58639258 -0.49367294
vn 0.65128924 -0.59034651 -0.47677386
vn 0.65706328 -0.56650505 -0.49733277
vn 0.65128924 -0.59034651 -0.47677386
vn 0.65706328 -0.56650505 -0.49733277
vn 0.67808654 -0.61940085 -0.39565292
vn 0.68331029 -0.61870692 -0.38767099
vn 0.68623887 -0.53861806 -0.48884230
vn 0.70863966 -0.54214814 -0.45155867
vn 0.71945233 -0.57829522 -0.38465956
vn 0.72167206 -0.55794866 -0.40973494
vn 0.67744140 -0.62432711 -0.38895862
vn 0.67808654 -0.61940085 -0.39565292
vn 0.68262565 -0.62359920 -0.38098065
vn 0.68331029 -0.61870692 -0.38767099
vn 0.00000000 -1.00000000 0.00000000
vn 0.67698991 -0.62483302 -0.38893233
vn 0.67744140 -0.62432711 -0.38895862
vn 0.68163247 -0.62697828 -0.37719413
vn 0.68262565 -0.62359920 -0.38098065
vn 0.68288500 -0.62391646 -0.37999516
vn 0.00000000 -1.00000000 0.00000000
vn 0.66066772 -0.64181649 -0.38934529
vn 0.67698991 -0.62483302 -0.38893233
vn 0.00000000 -1.00000000 0.00000000
vn 0.62368154 -0.65272014 -0.43009040
vn 0.66066772 -0.64181649 -0.38934529
vn 0.00000000 -1.00000000 0.00000000
vn 0.62303204 -0.65033725 -0.43461770
vn 0.62368154 -0.65272014 -0.43009040
vn -0.00000000 -1.00000000 0.00000000
vn -0.34415774 0.19543562 0.91834654
vn -0.42753863 0.24843769 0.86918895
vn -0.51519456 0.29958542 0.80300881
vn 0.00000000 1.00000000 -0.00000000
vn -0.31843305 0.18147473 0.93041245
vn -0.34415774 0.19543562 0.91834654
vn -0.42753863 0.24843769 0.86918895
vn 0.00000000 1.00000000 0.00000000
vn 0.82078089 -0.36980657 -0.43538699
vn 0.83062397 -0.37688336 -0.40990577
vn 0.84169159 -0.37331865 -0.39011339
vn 0.84452072 -0.37032875 -0.38683508
vn 0.84540012 -0.36904780 -0.38613775
vn 0.77269924 -0.38263600 -0.50648353
vn 0.77476892 -0.42202971 -0.47076963
vn 0.77836930 -0.42461618 -0.46243090
vn 0.78202308 -0.37176329 -0.50023190
vn 0.80724526 -0.36409081 -0.46453521
vn 0.82078089 -0.36980657 -0.43538699
vn 0.82118999 -0.40548759 -0.40153058
vn 0.83062397 -0.37688336 -0.40990577
vn 0.83241216 -0.37956507 -0.40375778
vn 0.83258491 -0.38913199 -0.39418100
vn -0.00000000 0.00000000 -1.00000000
vn 0.78202308 -0.37176329 -0.50023190
vn 0.80041449 -0.36045488 -0.47896652
vn 0.80724526 -0.36409081 -0.46453521
vn 0.00000000 0.00000000 -1.00000000
vn 0.65706328 -0.56650505 -0.49733277
vn 0.68623887 -0.53861806 -0.48884230
vn 0.00000000 0.00000000 -1.00000000
vn 0.68623887 -0.53861806 -0.48884230
vn 0.70863966 -0.54214814 -0.45155867
vn 0.71138852 -0.51326939 -0.48008428
vn 0.70863966 -0.54214814 -0.45155867
vn 0.71138852 -0.51326939 -0.48008428
vn 0.71457602 -0.50892085 -0.47997988
vn 0.72167206 -0.55794866 -0.40973494
vn 0.72697189 -0.55741205 -0.40100334
vn 0.73601766 -0.50257020 -0.45354294
vn 0.76342370 -0.51223379 -0.39344733
vn 0.71945233 -0.57829522 -0.38465956
vn 0.72167206 -0.55794866 -0.40973494
vn 0.72458344 -0.57763007 -0.37592864
vn 0.72697189 -0.55741205 -0.40100334
vn 0.68262565 -0.62359920 -0.38098065
vn 0.68288500 -0.62391646 -0.37999516
vn 0.68331029 -0.61870692 -0.38767099
vn 0.70567418 -0.61308863 -0.35517078
vn 0.71370395 -0.60486774 -0.35321622
vn 0.71603267 -0.60089500 -0.35527794
vn 0.71945233 -0.57829522 -0.38465956
vn 0.72458344 -0.57763007 -0.37592864
vn 0.72493611 -0.57810296 -0.37451917
vn 0.67372963 -0.64713288 -0.35680165
vn 0.67873878 -0.64627820 -0.34876661
vn 0.67938733 -0.64576266 -0.34845868
vn 0.68163247 -0.62697828 -0.37719413
vn 0.68288500 -0.62391646 -0.37999516
vn 0.70479969 -0.61855373 -0.34734519
vn 0.70567418 -0.61308863 -0.35517078
vn 0.00000000 -1.00000000 0.00000000
vn 0.67372963 -0.64713288 -0.35680165
vn 0.68163247 -0.62697828 -0.37719413
vn -0.00000000 -1.00000000 0.00000000
vn -0.31724009 0.18072306 0.93096611
vn -0.31843305 0.18147473 0.93041245
vn -0.34415774 0.19543562 0.91834654
vn -0.00000000 1.00000000 -0.00000000
vn 0.29575202 0.02053058 0.95504410
vn -0.03596209 0.02147813 0.99912232
vn -0.04675183 0.02596123 0.99856912
vn -0.08868256 0.04860917 0.99487313
vn -0.31724009 0.18072306 0.93096611
vn -0.31843305 0.18147473 0.93041245
vn 0.00000000 1.00000000 0.00000000
vn 0.84540012 -0.36904780 -0.38613775
vn 0.84604703 -0.36916881 -0.38460214
vn 0.85475182 -0.36452174 -0.36949050
vn 0.84452072 -0.37032875 -0.38683508
vn 0.84540012 -0.36904780 -0.38613775
vn 0.84604703 -0.36916881 -0.38460214
vn 0.83949569 -0.39292470 -0.37530943
vn 0.83952240 -0.37680928 -0.39142932
vn 0.84110002 -0.39584755 -0.36858579
vn 0.84169159 -0.37331865 -0.39011339
vn 0.84452072 -0.37032875 -0.38683508
vn 0.84604703 -0.36916881 -0.38460214
vn 0.85475182 -0.36452174 -0.36949050
vn 0.85628313 -0.38267521 -0.34689896
vn 0.85722484 -0.36500373 -0.36323250
vn 0.85930641 -0.37901248 -0.34342690
vn 0.85945094 -0.37876153 -0.34334209
vn 0.85954214 -0.37538691 -0.34680249
vn 0.83062397 -0.37688336 -0.40990577
vn 0.83241216 -0.37956507 -0.40375778
vn 0.83952240 -0.37680928 -0.39142932
vn 0.84169159 -0.37331865 -0.39011339
vn -0.00000000 0.00000000 -1.00000000
vn 0.77476892 -0.42202971 -0.47076963
vn 0.77836930 -0.42461618 -0.46243090
vn 0.77975846 -0.43255601 -0.45262793
vn -0.00000000 0.00000000 -1.00000000
vn 0.77269924 -0.38263600 -0.50648353
vn 0.77476892 -0.42202971 -0.47076963
vn -0.00000000 0.00000000 -1.00000000
vn 0.77269924 -0.38263600 -0.50648353
vn 0.78202308 -0.37176329 -0.50023190
vn 0.83241216 -0.37956507 -0.40375778
vn 0.83258491 -0.38913199 -0.39418100
vn 0.83949569 -0.39292470 -0.37530943
vn 0.83952240 -0.37680928 -0.39142932
vn 0.82117181 -0.41007453 -0.39688253
vn 0.82118999 -0.40548759 -0.40153058
vn 0.83258491 -0.38913199 -0.39418100
vn 0.83949569 -0.39292470 -0.37530943
vn 0.84098579 -0.39681998 -0.36779994
vn 0.84110002 -0.39584755 -0.36858579
vn 0.77836930 -0.42461618 -0.46243090
vn 0.77975846 -0.43255601 -0.45262793
vn 0.78096354 -0.43557019 -0.44763217
vn 0.78916378 -0.44685871 -0.42135238
vn 0.79812437 -0.44388423 -0.40738715
vn 0.82117181 -0.41007453 -0.39688253
vn 0.82118999 -0.40548759 -0.40153058
vn 0.00000000 -0.00000000 -1.00000000
vn 0.71138852 -0.51326939 -0.48008428
vn 0.71457602 -0.50892085 -0.47997988
vn -0.00000000 -0.00000000 -1.00000000
vn 0.71457602 -0.50892085 -0.47997988
vn 0.73198026 -0.49832372 -0.46462713
vn 0.73601766 -0.50257020 -0.45354294
vn 0.71898141 -0.46740169 -0.51439420
vn 0.71920481 -0.48495993 -0.49755231
vn 0.73198026 -0.49832372 -0.46462713
vn 0.73601766 -0.50257020 -0.45354294
vn 0.73669215 -0.44873586 -0.50588616
vn 0.76342370 -0.51223379 -0.39344733
vn 0.76408678 -0.51207496 -0.39236543
vn 0.78096354 -0.43557019 -0.44763217
vn 0.78760601 -0.48000494 -0.38635739
vn 0.78916378 -0.44685871 -0.42135238
vn 0.72458344 -0.57763007 -0.37592864
vn 0.72493611 -0.57810296 -0.37451917
vn 0.72697189 -0.55741205 -0.40100334
vn 0.74677161 -0.56453486 -0.35161421
vn 0.75602121 -0.55630942 -0.34489382
vn 0.76342370 -0.51223379 -0.39344733
vn 0.76408678 -0.51207496 -0.39236543
vn 0.77441665 -0.51352685 -0.36955248
vn 0.77827333 -0.52740014 -0.34079276
vn 0.77851235 -0.52053311 -0.35066195
vn 0.77880111 -0.52395821 -0.34487189
vn 0.71603267 -0.60089500 -0.35527794
vn 0.72493611 -0.57810296 -0.37451917
vn 0.74677161 -0.56453486 -0.35161421
vn 0.71171601 -0.61551006 -0.33853757
vn 0.71370395 -0.60486774 -0.35321622
vn 0.71603267 -0.60089500 -0.35527794
vn 0.71647476 -0.62187712 -0.31612146
vn 0.71846762 -0.62097062 -0.31336844
vn 0.74677161 -0.56453486 -0.35161421
vn 0.75602121 -0.55630942 -0.34489382
vn 0.76414628 -0.56621191 -0.30900571
vn 0.76936706 -0.55637761 -0.31387622
vn 0.77126278 -0.54635193 -0.32657816
vn 0.70479969 -0.61855373 -0.34734519
vn 0.70567418 -0.61308863 -0.35517078
vn 0.71171601 -0.61551006 -0.33853757
vn 0.71370395 -0.60486774 -0.35321622
vn 0.67343202 -0.67373911 -0.30424484
vn 0.67938733 -0.64576266 -0.34845868
vn 0.70479969 -0.61855373 -0.34734519
vn 0.71153109 -0.63433135 -0.30223708
vn 0.71171601 -0.61551006 -0.33853757
vn 0.71460802 -0.62978468 -0.30447764
vn 0.71647476 -0.62187712 -0.31612146
vn 0.00000000 -1.00000000 0.00000000
vn 0.67343202 -0.67373911 -0.30424484
vn 0.67873878 -0.64627820 -0.34876661
vn 0.67938733 -0.64576266 -0.34845868
vn 0.00000000 -1.00000000 0.00000000
vn 0.67372963 -0.64713288 -0.35680165
vn 0.67873878 -0.64627820 -0.34876661
vn -0.00000000 -1.00000000 0.00000000
vn 0.18442754 -0.22293073 0.95722953
vn -0.08868256 0.04860917 0.99487313
vn -0.31724009 0.18072306 0.93096611
vn 0.05412244 -0.04015380 0.99772663
vn 0.18442754 -0.22293073 0.95722953
vn 0.23074716 -0.21737676 0.94842137
vn -0.02964212 0.01569247 0.99943739
vn -0.04675183 0.02596123 0.99856912
vn -0.08868256 0.04860917 0.99487313
vn 0.20247158 -0.10037232 0.97413072
vn 0.20723512 -0.10027013 0.97313900
vn -0.02964212 0.01569247 0.99943739
vn -0.03596209 0.02147813 0.99912232
vn -0.04675183 0.02596123 0.99856912
vn 0.20723512 -0.10027013 0.97313900
vn 0.29546079 -0.12884818 0.94662615
vn 0.29575202 0.02053058 0.95504410
vn 0.39171407 -0.12409162 0.91168051
vn 0.39299382 -0.09462930 0.91465903
vn -0.03596209 0.02147813 0.99912232
vn -0.00000000 1.00000000 -0.00000000
vn 0.29575202 0.02053058 0.95504410
vn 0.39299382 -0.09462930 0.91465903
vn 0.39313747 -0.09446194 0.91461460
vn 0.00000000 1.00000000 0.00000000
vn 0.85475182 -0.36452174 -0.36949050
vn 0.85722484 -0.36500373 -0.36323250
vn 0.00000000 1.00000000 0.00000000
vn 0.85722484 -0.36500373 -0.36323250
vn 0.85954214 -0.37538691 -0.34680249
vn 0.86101031 -0.37574822 -0.34274557
vn 0.85945094 -0.37876153 -0.34334209
vn 0.85954341 -0.37880228 -0.34306553
vn 0.85954214 -0.37538691 -0.34680249
vn 0.86091159 -0.37826862 -0.34021183
vn 0.86101031 -0.37574822 -0.34274557
vn 0.85930641 -0.37901248 -0.34342690
vn 0.85945094 -0.37876153 -0.34334209
vn 0.85954341 -0.37880228 -0.34306553
vn 0.84437585 -0.42144548 -0.33077655
vn 0.84562938 -0.40054948 -0.35280456
vn 0.85554542 -0.41170201 -0.31391638
vn 0.85628313 -0.38267521 -0.34689896
vn 0.85930641 -0.37901248 -0.34342690
vn 0.85954341 -0.37880228 -0.34306553
vn 0.86091159 -0.37826862 -0.34021183
vn 0.86280799 -0.37882820 -0.33474106
vn 0.86612752 -0.38180340 -0.32256672
vn 0.86706501 -0.39140860 -0.30821675
vn 0.86745179 -0.38662951 -0.31312141
vn 0.84098579 -0.39681998 -0.36779994
vn 0.84110002 -0.39584755 -0.36858579
vn 0.84153699 -0.39861104 -0.36458843
vn 0.84562938 -0.40054948 -0.35280456
vn 0.85628313 -0.38267521 -0.34689896
vn -0.00000000 0.00000000 -1.00000000
vn 0.73669215 -0.44873586 -0.50588616
vn 0.77975846 -0.43255601 -0.45262793
vn 0.78096354 -0.43557019 -0.44763217
vn 0.79683606 -0.46990750 -0.37978842
vn 0.79812437 -0.44388423 -0.40738715
vn 0.82085291 -0.45135592 -0.34996905
vn 0.82117181 -0.41007453 -0.39688253
vn 0.82341757 -0.44857090 -0.34751642
vn 0.84030147 -0.42179016 -0.34056790
vn 0.84098579 -0.39681998 -0.36779994
vn 0.84153699 -0.39861104 -0.36458843
vn 0.78760601 -0.48000494 -0.38635739
vn 0.78899631 -0.48122004 -0.38198441
vn 0.78916378 -0.44685871 -0.42135238
vn 0.79683606 -0.46990750 -0.37978842
vn 0.79812437 -0.44388423 -0.40738715
vn -0.00000000 0.00000000 -1.00000000
vn 0.71920481 -0.48495993 -0.49755231
vn 0.73198026 -0.49832372 -0.46462713
vn -0.00000000 0.00000000 -1.00000000
vn 0.71898141 -0.46740169 -0.51439420
vn 0.71920481 -0.48495993 -0.49755231
vn -0.00000000 0.00000000 -1.00000000
vn 0.71898141 -0.46740169 -0.51439420
vn 0.73669215 -0.44873586 -0.50588616
vn 0.76408678 -0.51207496 -0.39236543
vn 0.77441665 -0.51352685 -0.36955248
vn 0.77983019 -0.50974652 -0.36335018
vn 0.78760601 -0.48000494 -0.38635739
vn 0.78899631 -0.48122004 -0.38198441
vn 0.77441665 -0.51352685 -0.36955248
vn 0.77851235 -0.52053311 -0.35066195
vn 0.77983236 -0.50975312 -0.36333627
vn 0.77983019 -0.50974652 -0.36335018
vn 0.77851235 -0.52053311 -0.35066195
vn 0.77880111 -0.52395821 -0.34487189
vn 0.77965926 -0.52727543 -0.33780476
vn 0.77983236 -0.50975312 -0.36333627
vn 0.78510117 -0.52834731 -0.32321088
vn 0.79330815 -0.52519318 -0.30795178
vn 0.79640090 -0.52195289 -0.30546814
vn 0.82085291 -0.45135592 -0.34996905
vn 0.82341757 -0.44857090 -0.34751642
vn 0.82961784 -0.47274418 -0.29706427
vn 0.83409611 -0.46317663 -0.29958486
vn 0.83813126 -0.45172652 -0.30574359
vn 0.84001560 -0.43511524 -0.32411188
vn 0.77827333 -0.52740014 -0.34079276
vn 0.77880111 -0.52395821 -0.34487189
vn 0.77918775 -0.52787241 -0.33796029
vn 0.77965926 -0.52727543 -0.33780476
vn 0.75602121 -0.55630942 -0.34489382
vn 0.77126278 -0.54635193 -0.32657816
vn 0.77501758 -0.54100479 -0.32659084
vn 0.77827333 -0.52740014 -0.34079276
vn 0.77918775 -0.52787241 -0.33796029
vn 0.71460802 -0.62978468 -0.30447764
vn 0.71647476 -0.62187712 -0.31612146
vn 0.71709352 -0.62718204 -0.30400586
vn 0.71846762 -0.62097062 -0.31336844
vn 0.76936706 -0.55637761 -0.31387622
vn 0.77126278 -0.54635193 -0.32657816
vn 0.77403008 -0.54983132 -0.31394738
vn 0.77501758 -0.54100479 -0.32659084
vn 0.77566903 -0.54092045 -0.32518092
vn 0.76154968 -0.57308103 -0.30268832
vn 0.76414628 -0.56621191 -0.30900571
vn 0.76936706 -0.55637761 -0.31387622
vn 0.77403008 -0.54983132 -0.31394738
vn 0.78249884 -0.54397285 -0.30296716
vn 0.78348645 -0.54465941 -0.29915732
vn 0.71709352 -0.62718204 -0.30400586
vn 0.71846762 -0.62097062 -0.31336844
vn 0.72651008 -0.62066543 -0.29488563
vn 0.74976128 -0.59330031 -0.29300644
vn 0.76154968 -0.57308103 -0.30268832
vn 0.76414628 -0.56621191 -0.30900571
vn 0.70466067 -0.64607204 -0.29333301
vn 0.70481795 -0.64621624 -0.29263669
vn 0.70819768 -0.64006087 -0.29795660
vn 0.71153109 -0.63433135 -0.30223708
vn 0.71460802 -0.62978468 -0.30447764
vn 0.71709352 -0.62718204 -0.30400586
vn 0.72651008 -0.62066543 -0.29488563
vn 0.72730179 -0.62134180 -0.29149009
vn 0.00000000 -1.00000000 0.00000000
vn 0.00000000 -1.00000000 0.00000000
vn 0.67343202 -0.67373911 -0.30424484
vn 0.70819768 -0.64006087 -0.29795660
vn 0.71153109 -0.63433135 -0.30223708
vn 0.00000000 -1.00000000 0.00000000
vn 0.18442754 -0.22293073 0.95722953
vn 0.23074716 -0.21737676 0.94842137
vn 0.27780194 -0.24282938 0.92944068
vn 0.05412244 -0.04015380 0.99772663
vn 0.22784974 -0.12667069 0.96542169
vn 0.23074716 -0.21737676 0.94842137
vn 0.25951981 -0.14808443 0.95431676
vn 0.27780194 -0.24282938 0.92944068
vn 0.32984279 -0.25653923 0.90851052
vn 0.35770934 -0.25283834 0.89895317
vn 0.05412244 -0.04015380 0.99772663
vn 0.20247158 -0.10037232 0.97413072
vn 0.22784974 -0.12667069 0.96542169
vn -0.02964212 0.01569247 0.99943739
vn 0.20247158 -0.10037232 0.97413072
vn 0.20723512 -0.10027013 0.97313900
vn 0.22784974 -0.12667069 0.96542169
vn 0.25951981 -0.14808443 0.95431676
vn 0.29546079 -0.12884818 0.94662615
vn 0.44517551 -0.23914436 0.86291873
vn 0.47560583 -0.22091115 0.85146777
vn 0.47745932 -0.23399346 0.84692364
vn 0.47856764 -0.22440916 0.84888959
vn 0.29546079 -0.12884818 0.94662615
vn 0.39171407 -0.12409162 0.91168051
vn 0.47560583 -0.22091115 0.85146777
vn 0.48832792 -0.21885053 0.84477233
vn 0.39171407 -0.12409162 0.91168051
vn 0.39299382 -0.09462930 0.91465903
vn 0.39313747 -0.09446194 0.91461460
vn 0.48832792 -0.21885053 0.84477233
vn 0.53104024 -0.23637335 0.81370996
vn 0.89173276 -0.23456478 0.38702978
vn 0.89243099 -0.20722526 0.40078002
vn -0.00000000 1.00000000 -0.00000000
vn 0.39313747 -0.09446194 0.91461460
vn 0.89243099 -0.20722526 0.40078002
vn 0.00000000 1.00000000 0.00000000
vn 0.86091159 -0.37826862 -0.34021183
vn 0.86101031 -0.37574822 -0.34274557
vn 0.86280799 -0.37882820 -0.33474106
vn 0.84237101 -0.43114301 -0.32330602
vn 0.84287439 -0.43138527 -0.32166678
vn 0.84348527 -0.42338827 -0.33056765
vn 0.84437585 -0.42144548 -0.33077655
vn 0.85551282 -0.41229923 -0.31322061
vn 0.85554542 -0.41170201 -0.31391638
vn 0.84030147 -0.42179016 -0.34056790
vn 0.84153699 -0.39861104 -0.36458843
vn 0.84348527 -0.42338827 -0.33056765
vn 0.84437585 -0.42144548 -0.33077655
vn 0.84562938 -0.40054948 -0.35280456
vn 0.00000000 1.00000000 0.00000000
vn 0.86280799 -0.37882820 -0.33474106
vn 0.86612752 -0.38180340 -0.32256672
vn 0.87086799 -0.37124313 -0.32212959
vn 0.86612752 -0.38180340 -0.32256672
vn 0.86745179 -0.38662951 -0.31312141
vn 0.87086799 -0.37124313 -0.32212959
vn 0.87125550 -0.38336687 -0.30650237
vn 0.87176403 -0.36959528 -0.32160038
vn 0.87552150 -0.37570760 -0.30381886
vn 0.87614795 -0.36652816 -0.31308447
vn 0.86706501 -0.39140860 -0.30821675
vn 0.86745179 -0.38662951 -0.31312141
vn 0.86762668 -0.39315827 -0.30438546
vn 0.87080738 -0.39076809 -0.29831998
vn 0.87125550 -0.38336687 -0.30650237
vn 0.85551282 -0.41229923 -0.31322061
vn 0.85554542 -0.41170201 -0.31391638
vn 0.86387098 -0.40509075 -0.29938006
vn 0.86695564 -0.39958867 -0.29785368
vn 0.86706501 -0.39140860 -0.30821675
vn 0.86762668 -0.39315827 -0.30438546
vn 0.82341757 -0.44857090 -0.34751642
vn 0.84001560 -0.43511524 -0.32411188
vn 0.84030147 -0.42179016 -0.34056790
vn 0.84237101 -0.43114301 -0.32330602
vn 0.84348527 -0.42338827 -0.33056765
vn 0.77983236 -0.50975312 -0.36333627
vn 0.77983019 -0.50974652 -0.36335018
vn 0.78899631 -0.48122004 -0.38198441
vn 0.79683606 -0.46990750 -0.37978842
vn 0.82085291 -0.45135592 -0.34996905
vn 0.77501758 -0.54100479 -0.32659084
vn 0.77566903 -0.54092045 -0.32518092
vn 0.77918775 -0.52787241 -0.33796029
vn 0.77965926 -0.52727543 -0.33780476
vn 0.78510117 -0.52834731 -0.32321088
vn 0.83813126 -0.45172652 -0.30574359
vn 0.84001560 -0.43511524 -0.32411188
vn 0.84126794 -0.44446615 -0.30776305
vn 0.84237101 -0.43114301 -0.32330602
vn 0.84287439 -0.43138527 -0.32166678
vn 0.83409611 -0.46317663 -0.29958486
vn 0.83813126 -0.45172652 -0.30574359
vn 0.84126794 -0.44446615 -0.30776305
vn 0.84943182 -0.43940230 -0.29221775
vn 0.84956529 -0.43816466 -0.29368445
vn 0.82222097 -0.49007955 -0.28943862
vn 0.82961784 -0.47274418 -0.29706427
vn 0.83409611 -0.46317663 -0.29958486
vn 0.84943182 -0.43940230 -0.29221775
vn 0.85422180 -0.43890067 -0.27869573
vn 0.85466411 -0.43455378 -0.28409907
vn 0.79640090 -0.52195289 -0.30546814
vn 0.80216357 -0.51740952 -0.29802853
vn 0.80491141 -0.51442833 -0.29577206
vn 0.82180528 -0.49090767 -0.28921574
vn 0.82222097 -0.49007955 -0.28943862
vn 0.82961784 -0.47274418 -0.29706427
vn 0.79330815 -0.52519318 -0.30795178
vn 0.79435874 -0.52784295 -0.30062603
vn 0.79473017 -0.52787338 -0.29958913
vn 0.79640090 -0.52195289 -0.30546814
vn 0.80216357 -0.51740952 -0.29802853
vn 0.77403008 -0.54983132 -0.31394738
vn 0.77566903 -0.54092045 -0.32518092
vn 0.78249884 -0.54397285 -0.30296716
vn 0.78510117 -0.52834731 -0.32321088
vn 0.79330815 -0.52519318 -0.30795178
vn 0.79435874 -0.52784295 -0.30062603
vn 0.78249884 -0.54397285 -0.30296716
vn 0.78348645 -0.54465941 -0.29915732
vn 0.79435874 -0.52784295 -0.30062603
vn 0.79473017 -0.52787338 -0.29958913
vn 0.79581082 -0.53396274 -0.28560275
vn 0.74545058 -0.60339774 -0.28322182
vn 0.74976128 -0.59330031 -0.29300644
vn 0.76154968 -0.57308103 -0.30268832
vn 0.78348645 -0.54465941 -0.29915732
vn 0.79556919 -0.53915669 -0.27636883
vn 0.79581082 -0.53396274 -0.28560275
vn 0.79655213 -0.53403204 -0.28339809
vn 0.72651008 -0.62066543 -0.29488563
vn 0.72730179 -0.62134180 -0.29149009
vn 0.73640862 -0.61557957 -0.28064950
vn 0.74257398 -0.60808773 -0.28073689
vn 0.74545058 -0.60339774 -0.28322182
vn 0.74976128 -0.59330031 -0.29300644
vn 0.70029508 -0.65614910 -0.28116749
vn 0.70393149 -0.65519378 -0.27422905
vn 0.70474803 -0.64633180 -0.29254985
vn 0.70481795 -0.64621624 -0.29263669
vn 0.72730179 -0.62134180 -0.29149009
vn 0.73495510 -0.62083016 -0.27278364
vn 0.73640862 -0.61557957 -0.28064950
vn 0.00000000 -1.00000000 0.00000000
vn 0.70466067 -0.64607204 -0.29333301
vn 0.70474803 -0.64633180 -0.29254985
vn 0.70481795 -0.64621624 -0.29263669
vn 0.00000000 -1.00000000 0.00000000
vn 0.00000000 -1.00000000 0.00000000
vn 0.70466067 -0.64607204 -0.29333301
vn 0.70819768 -0.64006087 -0.29795660
vn 0.00000000 -1.00000000 0.00000000
vn 0.27780194 -0.24282938 0.92944068
vn 0.32984279 -0.25653923 0.90851052
vn 0.41695670 -0.33661381 0.84429749
vn 0.32984279 -0.25653923 0.90851052
vn 0.35770934 -0.25283834 0.89895317
vn 0.41695670 -0.33661381 0.84429749
vn 0.45799575 -0.29592443 0.83825332
vn 0.49560676 -0.33220555 0.80250446
vn 0.50426013 -0.35932798 0.78524208
vn 0.25951981 -0.14808443 0.95431676
vn 0.35770934 -0.25283834 0.89895317
vn 0.44517551 -0.23914436 0.86291873
vn 0.45799575 -0.29592443 0.83825332
vn 0.48640797 -0.29190550 0.82352806
vn 0.48701631 -0.28795690 0.82455803
vn 0.44517551 -0.23914436 0.86291873
vn 0.47745932 -0.23399346 0.84692364
vn 0.48701631 -0.28795690 0.82455803
vn 0.56810184 -0.30728899 0.76343551
vn 0.47745932 -0.23399346 0.84692364
vn 0.47856764 -0.22440916 0.84888959
vn 0.53390832 -0.23867472 0.81115737
vn 0.56810184 -0.30728899 0.76343551
vn 0.60977918 -0.32786615 0.72157685
vn 0.69117810 -0.31773342 0.64909037
vn 0.70349552 -0.32705119 0.63097668
vn 0.47560583 -0.22091115 0.85146777
vn 0.47856764 -0.22440916 0.84888959
vn 0.48832792 -0.21885053 0.84477233
vn 0.53104024 -0.23637335 0.81370996
vn 0.53390832 -0.23867472 0.81115737
vn 0.53104024 -0.23637335 0.81370996
vn 0.53390832 -0.23867472 0.81115737
vn 0.69117810 -0.31773342 0.64909037
vn 0.89173276 -0.23456478 0.38702978
vn 0.90921061 -0.28012282 0.30800532
vn -0.00000000 1.00000000 -0.00000000
vn 0.89173276 -0.23456478 0.38702978
vn 0.89243099 -0.20722526 0.40078002
vn 0.90921061 -0.28012282 0.30800532
vn 0.91869071 -0.29680345 0.26060525
vn 0.93274526 -0.30134409 -0.19793437
vn 0.84126794 -0.44446615 -0.30776305
vn 0.84287439 -0.43138527 -0.32166678
vn 0.84956529 -0.43816466 -0.29368445
vn 0.85551282 -0.41229923 -0.31322061
vn 0.86292226 -0.41517173 -0.28809304
vn 0.86387098 -0.40509075 -0.29938006
vn 0.00000000 1.00000000 0.00000000
vn 0.87086799 -0.37124313 -0.32212959
vn 0.87176403 -0.36959528 -0.32160038
vn 0.00000000 1.00000000 0.00000000
vn 0.87176403 -0.36959528 -0.32160038
vn 0.87614795 -0.36652816 -0.31308447
vn 0.00000000 1.00000000 0.00000000
vn 0.87552150 -0.37570760 -0.30381886
vn 0.87614795 -0.36652816 -0.31308447
vn 0.87870380 -0.37072904 -0.30073179
vn 0.87080738 -0.39076809 -0.29831998
vn 0.87125550 -0.38336687 -0.30650237
vn 0.87203811 -0.39132037 -0.29396923
vn 0.87343076 -0.39017184 -0.29134968
vn 0.87552150 -0.37570760 -0.30381886
vn 0.87870380 -0.37072904 -0.30073179
vn 0.87922536 -0.37522270 -0.29354845
vn 0.87997076 -0.37257438 -0.29468593
vn 0.88003755 -0.37122945 -0.29618002
vn 0.86695564 -0.39958867 -0.29785368
vn 0.86762668 -0.39315827 -0.30438546
vn 0.86833886 -0.40046557 -0.29260033
vn 0.87080738 -0.39076809 -0.29831998
vn 0.87180195 -0.39425684 -0.29072825
vn 0.87203811 -0.39132037 -0.29396923
vn 0.86292226 -0.41517173 -0.28809304
vn 0.86387098 -0.40509075 -0.29938006
vn 0.86420982 -0.41424095 -0.28556231
vn 0.86695564 -0.39958867 -0.29785368
vn 0.86779507 -0.40483635 -0.28816532
vn 0.86833886 -0.40046557 -0.29260033
vn 0.84943182 -0.43940230 -0.29221775
vn 0.84956529 -0.43816466 -0.29368445
vn 0.85466411 -0.43455378 -0.28409907
vn 0.86292226 -0.41517173 -0.28809304
vn 0.86328626 -0.42053852 -0.27907740
vn 0.86420982 -0.41424095 -0.28556231
vn 0.85422180 -0.43890067 -0.27869573
vn 0.85466411 -0.43455378 -0.28409907
vn 0.85902468 -0.43452741 -0.27067052
vn 0.86177293 -0.42855511 -0.27145522
vn 0.86217367 -0.42733265 -0.27210913
vn 0.86328626 -0.42053852 -0.27907740
vn 0.86335662 -0.42057665 -0.27880213
vn 0.81729844 -0.50899736 -0.27008322
vn 0.82007229 -0.49523569 -0.28674563
vn 0.82180528 -0.49090767 -0.28921574
vn 0.82222097 -0.49007955 -0.28943862
vn 0.82487021 -0.50236722 -0.25926110
vn 0.83144529 -0.49433096 -0.25364470
vn 0.85013805 -0.46416564 -0.24862735
vn 0.85175076 -0.46072800 -0.24950023
vn 0.85422180 -0.43890067 -0.27869573
vn 0.85687937 -0.44681604 -0.25712480
vn 0.85902468 -0.43452741 -0.27067052
vn 0.80491141 -0.51442833 -0.29577206
vn 0.81328207 -0.50857386 -0.28270994
vn 0.82007229 -0.49523569 -0.28674563
vn 0.82180528 -0.49090767 -0.28921574
vn 0.79473017 -0.52787338 -0.29958913
vn 0.79581082 -0.53396274 -0.28560275
vn 0.79655213 -0.53403204 -0.28339809
vn 0.79828259 -0.53339010 -0.27971398
vn 0.80216357 -0.51740952 -0.29802853
vn 0.80491141 -0.51442833 -0.29577206
vn 0.81219600 -0.51344483 -0.27696942
vn 0.81328207 -0.50857386 -0.28270994
vn 0.79556919 -0.53915669 -0.27636883
vn 0.79655213 -0.53403204 -0.28339809
vn 0.79828259 -0.53339010 -0.27971398
vn 0.80081522 -0.53557470 -0.26805733
vn 0.80101741 -0.53483287 -0.26893291
vn 0.74042163 -0.61590932 -0.26913105
vn 0.74257398 -0.60808773 -0.28073689
vn 0.74545058 -0.60339774 -0.28322182
vn 0.75024661 -0.60917864 -0.25696576
vn 0.76181299 -0.59763400 -0.24994912
vn 0.76688638 -0.59217271 -0.24742020
vn 0.79194275 -0.55955290 -0.24439153
vn 0.79449239 -0.55538078 -0.24562989
vn 0.79556919 -0.53915669 -0.27636883
vn 0.79952493 -0.54607086 -0.25013297
vn 0.80081522 -0.53557470 -0.26805733
vn 0.80159979 -0.53874112 -0.25922147
vn 0.73495510 -0.62083016 -0.27278364
vn 0.73640862 -0.61557957 -0.28064950
vn 0.73669569 -0.62039380 -0.26905576
vn 0.74042163 -0.61590932 -0.26913105
vn 0.74257398 -0.60808773 -0.28073689
vn 0.70082369 -0.66192143 -0.26590633
vn 0.70211716 -0.65757805 -0.27317137
vn 0.70393149 -0.65519378 -0.27422905
vn 0.73445613 -0.62502213 -0.26442679
vn 0.73495510 -0.62083016 -0.27278364
vn 0.73669569 -0.62039380 -0.26905576
vn 0.00000000 -1.00000000 0.00000000
vn 0.70029508 -0.65614910 -0.28116749
vn 0.70211716 -0.65757805 -0.27317137
vn 0.70393149 -0.65519378 -0.27422905
vn 0.00000000 -1.00000000 0.00000000
vn 0.70029508 -0.65614910 -0.28116749
vn 0.70474803 -0.64633180 -0.29254985
vn 0.00000000 -1.00000000 0.00000000
vn 0.41695670 -0.33661381 0.84429749
vn 0.50426013 -0.35932798 0.78524208
vn 0.74523911 -0.61916236 0.24750080
vn 0.49560676 -0.33220555 0.80250446
vn 0.50426013 -0.35932798 0.78524208
vn 0.56225108 -0.35562538 0.74659514
vn 0.61780393 -0.38918896 0.68326441
vn 0.74523911 -0.61916236 0.24750080
vn 0.79443188 -0.58736318 0.15453960
vn 0.45799575 -0.29592443 0.83825332
vn 0.48640797 -0.29190550 0.82352806
vn 0.49560676 -0.33220555 0.80250446
vn 0.56225108 -0.35562538 0.74659514
vn 0.48640797 -0.29190550 0.82352806
vn 0.48701631 -0.28795690 0.82455803
vn 0.56225108 -0.35562538 0.74659514
vn 0.56810184 -0.30728899 0.76343551
vn 0.60977918 -0.32786615 0.72157685
vn 0.61780393 -0.38918896 0.68326441
vn 0.69129778 -0.38728242 0.61001615
vn 0.60977918 -0.32786615 0.72157685
vn 0.69129778 -0.38728242 0.61001615
vn 0.70349552 -0.32705119 0.63097668
vn 0.87884760 -0.47300725 0.06237817
vn 0.90029546 -0.43108219 0.06030121
vn 0.90042158 -0.43076274 0.06069960
vn 0.69117810 -0.31773342 0.64909037
vn 0.70349552 -0.32705119 0.63097668
vn 0.90042158 -0.43076274 0.06069960
vn 0.90624801 -0.42177792 0.02859944
vn 0.90799411 -0.41826935 0.02444266
vn 0.90921061 -0.28012282 0.30800532
vn 0.91249335 -0.40837471 0.02420707
vn 0.91869071 -0.29680345 0.26060525
vn 0.92825878 -0.36382893 0.07722790
vn 0.91869071 -0.29680345 0.26060525
vn 0.92537576 -0.32194051 -0.20008500
vn 0.92775273 -0.36363059 -0.08395034
vn 0.92825878 -0.36382893 0.07722790
vn 0.92946955 -0.30934988 -0.20097016
vn 0.93274526 -0.30134409 -0.19793437
vn -0.00000000 1.00000000 0.00000000
vn 0.92540498 -0.30724808 -0.22186536
vn 0.92946955 -0.30934988 -0.20097016
vn 0.93274526 -0.30134409 -0.19793437
vn 0.00000000 1.00000000 0.00000000
vn 0.87870380 -0.37072904 -0.30073179
vn 0.88003755 -0.37122945 -0.29618002
vn 0.00000000 1.00000000 -0.00000000
vn 0.87997076 -0.37257438 -0.29468593
vn 0.88003755 -0.37122945 -0.29618002
vn -0.00000000 1.00000000 -0.00000000
vn 0.87798658 -0.38839162 -0.27980621
vn 0.87922536 -0.37522270 -0.29354845
vn 0.87997076 -0.37257438 -0.29468593
vn 0.87312740 -0.39299536 -0.28844962
vn 0.87343076 -0.39017184 -0.29134968
vn 0.87435948 -0.39447662 -0.28263703
vn 0.87639549 -0.39358366 -0.27752990
vn 0.87739371 -0.39113921 -0.27783160
vn 0.87798658 -0.38839162 -0.27980621
vn 0.87922536 -0.37522270 -0.29354845
vn 0.87180195 -0.39425684 -0.29072825
vn 0.87203811 -0.39132037 -0.29396923
vn 0.87312740 -0.39299536 -0.28844962
vn 0.87343076 -0.39017184 -0.29134968
vn 0.86779507 -0.40483635 -0.28816532
vn 0.86833886 -0.40046557 -0.29260033
vn 0.86916079 -0.40399211 -0.28521903
vn 0.87180195 -0.39425684 -0.29072825
vn 0.87312740 -0.39299536 -0.28844962
vn 0.87435948 -0.39447662 -0.28263703
vn 0.86328626 -0.42053852 -0.27907740
vn 0.86335662 -0.42057665 -0.27880213
vn 0.86420982 -0.41424095 -0.28556231
vn 0.86779507 -0.40483635 -0.28816532
vn 0.86829333 -0.41157037 -0.27690525
vn 0.86916079 -0.40399211 -0.28521903
vn 0.86217367 -0.42733265 -0.27210913
vn 0.86335662 -0.42057665 -0.27880213
vn 0.86829333 -0.41157037 -0.27690525
vn 0.87436364 -0.40522481 -0.26698518
vn 0.87443113 -0.40525609 -0.26671651
vn 0.85979132 -0.43964878 -0.25974574
vn 0.86177293 -0.42855511 -0.27145522
vn 0.86217367 -0.42733265 -0.27210913
vn 0.87443113 -0.40525609 -0.26671651
vn 0.87688175 -0.40873895 -0.25300369
vn 0.87715289 -0.40203516 -0.26262242
vn 0.87766755 -0.40238358 -0.26035961
vn 0.85687937 -0.44681604 -0.25712480
vn 0.85810635 -0.44416904 -0.25761863
vn 0.85902468 -0.43452741 -0.27067052
vn 0.85979132 -0.43964878 -0.25974574
vn 0.86177293 -0.42855511 -0.27145522
vn 0.85175076 -0.46072800 -0.24950023
vn 0.85678876 -0.45244163 -0.24740573
vn 0.85687937 -0.44681604 -0.25712480
vn 0.85810635 -0.44416904 -0.25761863
vn 0.84636444 -0.47273169 -0.24534053
vn 0.84643420 -0.47247843 -0.24558764
vn 0.84704835 -0.47311368 -0.24222415
vn 0.85013805 -0.46416564 -0.24862735
vn 0.85175076 -0.46072800 -0.24950023
vn 0.85678876 -0.45244163 -0.24740573
vn 0.86271549 -0.44559216 -0.23910166
vn 0.86311438 -0.44579818 -0.23727106
vn 0.83144529 -0.49433096 -0.25364470
vn 0.83395403 -0.49164188 -0.25061710
vn 0.84643420 -0.47247843 -0.24558764
vn 0.85013805 -0.46416564 -0.24862735
vn 0.80844406 -0.53064132 -0.25463304
vn 0.81030368 -0.52393297 -0.26249227
vn 0.82487021 -0.50236722 -0.25926110
vn 0.83144529 -0.49433096 -0.25364470
vn 0.83376164 -0.49270829 -0.24915873
vn 0.83395403 -0.49164188 -0.25061710
vn 0.80991782 -0.52376987 -0.26400426
vn 0.81030368 -0.52393297 -0.26249227
vn 0.81336430 -0.51476706 -0.27102284
vn 0.81729844 -0.50899736 -0.27008322
vn 0.82487021 -0.50236722 -0.25926110
vn 0.81219600 -0.51344483 -0.27696942
vn 0.81328207 -0.50857386 -0.28270994
vn 0.81336430 -0.51476706 -0.27102284
vn 0.81729844 -0.50899736 -0.27008322
vn 0.82007229 -0.49523569 -0.28674563
vn 0.79828259 -0.53339010 -0.27971398
vn 0.80101741 -0.53483287 -0.26893291
vn 0.80355365 -0.53247169 -0.26603652
vn 0.80991782 -0.52376987 -0.26400426
vn 0.81219600 -0.51344483 -0.27696942
vn 0.81336430 -0.51476706 -0.27102284
vn 0.80081522 -0.53557470 -0.26805733
vn 0.80101741 -0.53483287 -0.26893291
vn 0.80159979 -0.53874112 -0.25922147
vn 0.80167729 -0.53869705 -0.25907335
vn 0.80248945 -0.53755599 -0.25892903
vn 0.80355365 -0.53247169 -0.26603652
vn 0.79952493 -0.54607086 -0.25013297
vn 0.79990384 -0.54555476 -0.25004771
vn 0.80159979 -0.53874112 -0.25922147
vn 0.80167729 -0.53869705 -0.25907335
vn 0.79449239 -0.55538078 -0.24562989
vn 0.79952493 -0.54607086 -0.25013297
vn 0.79990384 -0.54555476 -0.25004771
vn 0.80178105 -0.54394771 -0.24752382
vn 0.80244347 -0.54439711 -0.24436910
vn 0.78978833 -0.56326283 -0.24283612
vn 0.79194275 -0.55955290 -0.24439153
vn 0.79449239 -0.55538078 -0.24562989
vn 0.80244347 -0.54439711 -0.24436910
vn 0.80318101 -0.54489317 -0.24081467
vn 0.80353017 -0.54332339 -0.24318502
vn 0.76688638 -0.59217271 -0.24742020
vn 0.77553409 -0.58314868 -0.24183567
vn 0.78261009 -0.57396131 -0.24101840
vn 0.78578126 -0.56961934 -0.24100128
vn 0.78978833 -0.56326283 -0.24283612
vn 0.79194275 -0.55955290 -0.24439153
vn 0.72816525 -0.64164613 -0.24096808
vn 0.72999318 -0.64058562 -0.23824364
vn 0.73043464 -0.63492848 -0.25165662
vn 0.73135002 -0.63364098 -0.25224245
vn 0.73263465 -0.63773641 -0.23777877
vn 0.76181299 -0.59763400 -0.24994912
vn 0.76688638 -0.59217271 -0.24742020
vn 0.77067838 -0.59215473 -0.23538819
vn 0.77553409 -0.58314868 -0.24183567
vn 0.77636889 -0.58252189 -0.24066491
vn 0.73135002 -0.63364098 -0.25224245
vn 0.73573816 -0.62619945 -0.25799926
vn 0.75024661 -0.60917864 -0.25696576
vn 0.76181299 -0.59763400 -0.24994912
vn 0.73403347 -0.62620330 -0.26280084
vn 0.73445613 -0.62502213 -0.26442679
vn 0.73458339 -0.62667244 -0.26013247
vn 0.73573816 -0.62619945 -0.25799926
vn 0.73669569 -0.62039380 -0.26905576
vn 0.74042163 -0.61590932 -0.26913105
vn 0.75024661 -0.60917864 -0.25696576
vn 0.00000000 -1.00000000 0.00000000
vn 0.70082369 -0.66192143 -0.26590633
vn 0.70211716 -0.65757805 -0.27317137
vn 0.00000000 -1.00000000 0.00000000
vn 0.70082369 -0.66192143 -0.26590633
vn 0.73403347 -0.62620330 -0.26280084
vn 0.73445613 -0.62502213 -0.26442679
vn 0.00000000 -1.00000000 0.00000000
vn 0.74523911 -0.61916236 0.24750080
vn 0.77889770 -0.59133952 -0.20889220
vn 0.79443188 -0.58736318 0.15453960
vn 0.79804651 -0.57735906 -0.17256384
vn 0.80544850 -0.57628032 -0.13839689
vn 0.81089387 -0.58017636 0.07646253
vn 0.61780393 -0.38918896 0.68326441
vn 0.69129778 -0.38728242 0.61001615
vn 0.79443188 -0.58736318 0.15453960
vn 0.81089387 -0.58017636 0.07646253
vn 0.82091102 -0.57067447 0.02087475
vn 0.82514779 -0.56491692 0.00000000
vn 0.87189370 -0.48969519 0.00000000
vn 0.87728625 -0.47835744 0.03928100
vn 0.87884760 -0.47300725 0.06237817
vn 0.87623480 -0.47778411 -0.06272901
vn 0.87728625 -0.47835744 0.03928100
vn 0.87884760 -0.47300725 0.06237817
vn 0.90028400 -0.43107671 -0.06051110
vn 0.90029546 -0.43108219 0.06030121
vn 0.90028400 -0.43107671 -0.06051110
vn 0.90029546 -0.43108219 0.06030121
vn 0.90042158 -0.43076274 0.06069960
vn 0.90106485 -0.42910315 -0.06286984
vn 0.90601331 -0.42166869 -0.03654314
vn 0.90624801 -0.42177792 0.02859944
vn 0.90601331 -0.42166869 -0.03654314
vn 0.90624801 -0.42177792 0.02859944
vn 0.90778761 -0.41817422 -0.03243414
vn 0.90799411 -0.41826935 0.02444266
vn 0.90778761 -0.41817422 -0.03243414
vn 0.90799411 -0.41826935 0.02444266
vn 0.91228930 -0.40828338 -0.03213888
vn 0.91249335 -0.40837471 0.02420707
vn 0.91228930 -0.40828338 -0.03213888
vn 0.91249335 -0.40837471 0.02420707
vn 0.92775273 -0.36363059 -0.08395034
vn 0.92825878 -0.36382893 0.07722790
vn 0.87895510 -0.41438964 -0.23604905
vn 0.88211761 -0.40683125 -0.23739600
vn 0.88375235 -0.40304791 -0.23776915
vn 0.88386669 -0.40279601 -0.23777101
vn 0.88442339 -0.40166135 -0.23762036
vn 0.90013040 -0.36931169 -0.23102843
vn 0.90106485 -0.42910315 -0.06286984
vn 0.90601331 -0.42166869 -0.03654314
vn 0.90778761 -0.41817422 -0.03243414
vn 0.91228930 -0.40828338 -0.03213888
vn 0.91881341 -0.32658276 -0.22164301
vn 0.92537576 -0.32194051 -0.20008500
vn 0.92775273 -0.36363059 -0.08395034
vn 0.91881341 -0.32658276 -0.22164301
vn 0.92537576 -0.32194051 -0.20008500
vn 0.92540498 -0.30724808 -0.22186536
vn 0.92946955 -0.30934988 -0.20097016
vn -0.00000000 1.00000000 0.00000000
vn 0.90013040 -0.36931169 -0.23102843
vn 0.91881341 -0.32658276 -0.22164301
vn 0.92540498 -0.30724808 -0.22186536
vn -0.00000000 1.00000000 0.00000000
vn 0.87740222 -0.39113119 -0.27781601
vn 0.87798658 -0.38839162 -0.27980621
vn 0.88333145 -0.37787238 -0.27737701
vn 0.87639549 -0.39358366 -0.27752990
vn 0.87706307 -0.39545472 -0.27271953
vn 0.87740540 -0.39112820 -0.27781020
vn 0.86829333 -0.41157037 -0.27690525
vn 0.86916079 -0.40399211 -0.28521903
vn 0.87435948 -0.39447662 -0.28263703
vn 0.87436364 -0.40522481 -0.26698518
vn 0.87639549 -0.39358366 -0.27752990
vn 0.87672783 -0.40081643 -0.26588437
vn 0.87706307 -0.39545472 -0.27271953
vn 0.87726791 -0.39647258 -0.27057440
vn 0.87436364 -0.40522481 -0.26698518
vn 0.87443113 -0.40525609 -0.26671651
vn 0.87672783 -0.40081643 -0.26588437
vn 0.87708518 -0.40097980 -0.26445564
vn 0.87715289 -0.40203516 -0.26262242
vn 0.87708518 -0.40097980 -0.26445564
vn 0.87715289 -0.40203516 -0.26262242
vn 0.87766755 -0.40238358 -0.26035961
vn 0.87767948 -0.39710815 -0.26829806
vn 0.87904595 -0.40230126 -0.25579663
vn 0.88310851 -0.39453367 -0.25389474
vn 0.88346891 -0.39089151 -0.25823732
vn 0.87688175 -0.40873895 -0.25300369
vn 0.87766755 -0.40238358 -0.26035961
vn 0.87904595 -0.40230126 -0.25579663
vn 0.87985311 -0.40607641 -0.24690170
vn 0.88013938 -0.40538548 -0.24701676
vn 0.85678876 -0.45244163 -0.24740573
vn 0.85810635 -0.44416904 -0.25761863
vn 0.85979132 -0.43964878 -0.25974574
vn 0.86271549 -0.44559216 -0.23910166
vn 0.87082778 -0.43108363 -0.23627502
vn 0.87688175 -0.40873895 -0.25300369
vn 0.87787112 -0.41656117 -0.23626065
vn 0.87985311 -0.40607641 -0.24690170
vn 0.83617028 -0.49545447 -0.23525334
vn 0.83777697 -0.48925466 -0.24240385
vn 0.84631894 -0.47608990 -0.23891977
vn 0.84636444 -0.47273169 -0.24534053
vn 0.84704835 -0.47311368 -0.24222415
vn 0.83376164 -0.49270829 -0.24915873
vn 0.83395403 -0.49164188 -0.25061710
vn 0.83777697 -0.48925466 -0.24240385
vn 0.84636444 -0.47273169 -0.24534053
vn 0.84643420 -0.47247843 -0.24558764
vn 0.86271549 -0.44559216 -0.23910166
vn 0.86311438 -0.44579818 -0.23727106
vn 0.86393893 -0.44486701 -0.23601454
vn 0.87082778 -0.43108363 -0.23627502
vn 0.84631894 -0.47608990 -0.23891977
vn 0.84704835 -0.47311368 -0.24222415
vn 0.84973827 -0.47306077 -0.23271955
vn 0.86311438 -0.44579818 -0.23727106
vn 0.86393893 -0.44486701 -0.23601454
vn 0.80568856 -0.54049404 -0.24234715
vn 0.80757452 -0.53885647 -0.23970211
vn 0.80808225 -0.53142198 -0.25415300
vn 0.80844406 -0.53064132 -0.25463304
vn 0.83376164 -0.49270829 -0.24915873
vn 0.83559127 -0.49680052 -0.23447063
vn 0.83617028 -0.49545447 -0.23525334
vn 0.83777697 -0.48925466 -0.24240385
vn 0.80248945 -0.53755599 -0.25892903
vn 0.80355365 -0.53247169 -0.26603652
vn 0.80611610 -0.53494324 -0.25300702
vn 0.80808225 -0.53142198 -0.25415300
vn 0.80844406 -0.53064132 -0.25463304
vn 0.80991782 -0.52376987 -0.26400426
vn 0.81030368 -0.52393297 -0.26249227
vn 0.79990384 -0.54555476 -0.25004771
vn 0.80167729 -0.53869705 -0.25907335
vn 0.80178105 -0.54394771 -0.24752382
vn 0.80248945 -0.53755599 -0.25892903
vn 0.80473619 -0.53979123 -0.24703257
vn 0.80611610 -0.53494324 -0.25300702
vn 0.80178105 -0.54394771 -0.24752382
vn 0.80244347 -0.54439711 -0.24436910
vn 0.80353017 -0.54332339 -0.24318502
vn 0.80473619 -0.53979123 -0.24703257
vn 0.80550108 -0.54068477 -0.24254481
vn 0.80318101 -0.54489317 -0.24081467
vn 0.80353017 -0.54332339 -0.24318502
vn 0.80550108 -0.54068477 -0.24254481
vn 0.80563879 -0.54056328 -0.24235819
vn 0.80753278 -0.54139197 -0.23406311
vn 0.80767207 -0.54102603 -0.23442835
vn 0.78578126 -0.56961934 -0.24100128
vn 0.78978833 -0.56326283 -0.24283612
vn 0.79174162 -0.56497808 -0.23226059
vn 0.80318101 -0.54489317 -0.24081467
vn 0.80734176 -0.54343254 -0.22995731
vn 0.80749115 -0.54294994 -0.23057192
vn 0.80753278 -0.54139197 -0.23406311
vn 0.76974223 -0.59414490 -0.23342823
vn 0.77067838 -0.59215473 -0.23538819
vn 0.77636889 -0.58252189 -0.24066491
vn 0.78261009 -0.57396131 -0.24101840
vn 0.78578126 -0.56961934 -0.24100128
vn 0.79174162 -0.56497808 -0.23226059
vn 0.79201743 -0.56517489 -0.23083704
vn 0.77553409 -0.58314868 -0.24183567
vn 0.77636889 -0.58252189 -0.24066491
vn 0.78261009 -0.57396131 -0.24101840
vn 0.00000000 -1.00000000 0.00000000
vn 0.72816525 -0.64164613 -0.24096808
vn 0.72999318 -0.64058562 -0.23824364
vn 0.00000000 -1.00000000 0.00000000
vn 0.72816525 -0.64164613 -0.24096808
vn 0.73043464 -0.63492848 -0.25165662
vn 0.00000000 -1.00000000 0.00000000
vn 0.73043464 -0.63492848 -0.25165662
vn 0.73135002 -0.63364098 -0.25224245
vn 0.73458339 -0.62667244 -0.26013247
vn 0.73573816 -0.62619945 -0.25799926
vn 0.73149529 -0.64139710 -0.23135341
vn 0.73263465 -0.63773641 -0.23777877
vn 0.76398195 -0.60304138 -0.22950527
vn 0.76974223 -0.59414490 -0.23342823
vn 0.77067838 -0.59215473 -0.23538819
vn 0.00000000 -1.00000000 0.00000000
vn 0.72999318 -0.64058562 -0.23824364
vn 0.73149529 -0.64139710 -0.23135341
vn 0.73263465 -0.63773641 -0.23777877
vn 0.00000000 -1.00000000 0.00000000
vn 0.73403347 -0.62620330 -0.26280084
vn 0.73458339 -0.62667244 -0.26013247
vn 0.00000000 -1.00000000 -0.00000000
vn 0.74415005 -0.63666216 -0.20224243
vn 0.77872517 -0.59105258 -0.21034251
vn 0.77889770 -0.59133952 -0.20889220
vn 0.77872517 -0.59105258 -0.21034251
vn 0.77889770 -0.59133952 -0.20889220
vn 0.78514915 -0.58084148 -0.21485809
vn 0.79621722 -0.56298257 -0.22155986
vn 0.79804651 -0.57735906 -0.17256384
vn 0.79621722 -0.56298257 -0.22155986
vn 0.79628886 -0.56284980 -0.22163968
vn 0.79804651 -0.57735906 -0.17256384
vn 0.79899551 -0.55795034 -0.22427124
vn 0.80544850 -0.57628032 -0.13839689
vn 0.80740623 -0.54347594 -0.22962815
vn 0.80765490 -0.54306005 -0.22973755
vn 0.81048266 -0.53853123 -0.23043863
vn 0.81930203 -0.56955594 -0.06595615
vn 0.81958716 -0.52416625 -0.23135822
vn 0.82658133 -0.56218525 -0.02666547
vn 0.82843753 -0.55963700 -0.02230884
vn 0.83356668 -0.50124814 -0.23220012
vn 0.84134029 -0.48856302 -0.23119839
vn 0.84461992 -0.48313918 -0.23063764
vn 0.86715244 -0.49757964 -0.02147446
vn 0.87087694 -0.49046061 -0.03196495
vn 0.87357042 -0.48196582 -0.06770285
vn 0.80544850 -0.57628032 -0.13839689
vn 0.81089387 -0.58017636 0.07646253
vn 0.81930203 -0.56955594 -0.06595615
vn 0.82091102 -0.57067447 0.02087475
vn 0.82514779 -0.56491692 0.00000000
vn 0.82690593 -0.56205578 -0.01788538
vn 0.82843753 -0.55963700 -0.02230884
vn 0.86715244 -0.49757964 -0.02147446
vn 0.87096280 -0.49124056 -0.01032017
vn 0.87189370 -0.48969519 0.00000000
vn 0.87087694 -0.49046061 -0.03196495
vn 0.87096280 -0.49124056 -0.01032017
vn 0.87189370 -0.48969519 0.00000000
vn 0.87357042 -0.48196582 -0.06770285
vn 0.87623480 -0.47778411 -0.06272901
vn 0.87728625 -0.47835744 0.03928100
vn 0.81930203 -0.56955594 -0.06595615
vn 0.82091102 -0.57067447 0.02087475
vn 0.82514779 -0.56491692 0.00000000
vn 0.82658133 -0.56218525 -0.02666547
vn 0.82690593 -0.56205578 -0.01788538
vn 0.84461992 -0.48313918 -0.23063764
vn 0.84973827 -0.47306077 -0.23271955
vn 0.86393893 -0.44486701 -0.23601454
vn 0.87082778 -0.43108363 -0.23627502
vn 0.87357042 -0.48196582 -0.06770285
vn 0.87623480 -0.47778411 -0.06272901
vn 0.87787112 -0.41656117 -0.23626065
vn 0.87895510 -0.41438964 -0.23604905
vn 0.90028400 -0.43107671 -0.06051110
vn 0.90106485 -0.42910315 -0.06286984
vn 0.87787112 -0.41656117 -0.23626065
vn 0.87895510 -0.41438964 -0.23604905
vn 0.87985311 -0.40607641 -0.24690170
vn 0.88013938 -0.40538548 -0.24701676
vn 0.88151947 -0.40446744 -0.24357652
vn 0.88211761 -0.40683125 -0.23739600
vn 0.88246680 -0.40490210 -0.23938806
vn 0.88211761 -0.40683125 -0.23739600
vn 0.88246680 -0.40490210 -0.23938806
vn 0.88282464 -0.40421335 -0.23923257
vn 0.88375235 -0.40304791 -0.23776915
vn 0.88203346 -0.40385110 -0.24273701
vn 0.88282464 -0.40421335 -0.23923257
vn 0.88375235 -0.40304791 -0.23776915
vn 0.88386669 -0.40279601 -0.23777101
vn 0.88400538 -0.40004307 -0.24186780
vn 0.88441249 -0.40022730 -0.24006802
vn 0.88386669 -0.40279601 -0.23777101
vn 0.88442339 -0.40166135 -0.23762036
vn 0.88441249 -0.40022730 -0.24006802
vn 0.88474478 -0.39939947 -0.24022226
vn -0.00000000 1.00000000 0.00000000
vn 0.88442339 -0.40166135 -0.23762036
vn 0.88474478 -0.39939947 -0.24022226
vn 0.89348429 -0.37176052 -0.25195226
vn 0.90013040 -0.36931169 -0.23102843
vn 0.90621747 -0.33603752 -0.25660999
vn -0.00000000 1.00000000 0.00000000
vn 0.88333145 -0.37787238 -0.27737701
vn 0.90686872 -0.32909847 -0.26321726
vn 0.87706307 -0.39545472 -0.27271953
vn 0.87726791 -0.39647258 -0.27057440
vn 0.87741572 -0.39111847 -0.27779129
vn 0.87767948 -0.39710815 -0.26829806
vn 0.88333145 -0.37787238 -0.27737701
vn 0.88346891 -0.39089151 -0.25823732
vn 0.89266095 -0.37361491 -0.25212761
vn 0.89348429 -0.37176052 -0.25195226
vn 0.90621747 -0.33603752 -0.25660999
vn 0.90686872 -0.32909847 -0.26321726
vn 0.87672783 -0.40081643 -0.26588437
vn 0.87708518 -0.40097980 -0.26445564
vn 0.87726791 -0.39647258 -0.27057440
vn 0.87767948 -0.39710815 -0.26829806
vn 0.88310851 -0.39453367 -0.25389474
vn 0.88346891 -0.39089151 -0.25823732
vn 0.88518476 -0.39242127 -0.24990694
vn 0.89266095 -0.37361491 -0.25212761
vn 0.87904595 -0.40230126 -0.25579663
vn 0.88013938 -0.40538548 -0.24701676
vn 0.88151947 -0.40446744 -0.24357652
vn 0.88203346 -0.40385110 -0.24273701
vn 0.88310851 -0.39453367 -0.25389474
vn 0.88400538 -0.40004307 -0.24186780
vn 0.88518476 -0.39242127 -0.24990694
vn 0.83524531 -0.49784830 -0.23347879
vn 0.83559127 -0.49680052 -0.23447063
vn 0.83617028 -0.49545447 -0.23525334
vn 0.84134029 -0.48856302 -0.23119839
vn 0.84461992 -0.48313918 -0.23063764
vn 0.84631894 -0.47608990 -0.23891977
vn 0.84973827 -0.47306077 -0.23271955
vn 0.80473619 -0.53979123 -0.24703257
vn 0.80550108 -0.54068477 -0.24254481
vn 0.80563879 -0.54056328 -0.24235819
vn 0.80568856 -0.54049404 -0.24234715
vn 0.80611610 -0.53494324 -0.25300702
vn 0.80808225 -0.53142198 -0.25415300
vn 0.80757452 -0.53885647 -0.23970211
vn 0.80867803 -0.53959279 -0.23426367
vn 0.80997125 -0.53819142 -0.23301622
vn 0.81958716 -0.52416625 -0.23135822
vn 0.83356668 -0.50124814 -0.23220012
vn 0.83524531 -0.49784830 -0.23347879
vn 0.83559127 -0.49680052 -0.23447063
vn 0.80563879 -0.54056328 -0.24235819
vn 0.80568856 -0.54049404 -0.24234715
vn 0.80757452 -0.53885647 -0.23970211
vn 0.80767207 -0.54102603 -0.23442835
vn 0.80867803 -0.53959279 -0.23426367
vn 0.80749115 -0.54294994 -0.23057192
vn 0.80753278 -0.54139197 -0.23406311
vn 0.80765490 -0.54306005 -0.22973755
vn 0.80767207 -0.54102603 -0.23442835
vn 0.80867803 -0.53959279 -0.23426367
vn 0.80997125 -0.53819142 -0.23301622
vn 0.81048266 -0.53853123 -0.23043863
vn 0.80734176 -0.54343254 -0.22995731
vn 0.80740623 -0.54347594 -0.22962815
vn 0.80749115 -0.54294994 -0.23057192
vn 0.80765490 -0.54306005 -0.22973755
vn 0.79174162 -0.56497808 -0.23226059
vn 0.79201743 -0.56517489 -0.23083704
vn 0.79899551 -0.55795034 -0.22427124
vn 0.80734176 -0.54343254 -0.22995731
vn 0.80740623 -0.54347594 -0.22962815
vn 0.76020992 -0.60925400 -0.22558911
vn 0.76165095 -0.60667916 -0.22765811
vn 0.76398195 -0.60304138 -0.22950527
vn 0.76974223 -0.59414490 -0.23342823
vn 0.79201743 -0.56517489 -0.23083704
vn 0.79628886 -0.56284980 -0.22163968
vn 0.79899551 -0.55795034 -0.22427124
vn 0.00000000 -1.00000000 0.00000000
vn 0.73149529 -0.64139710 -0.23135341
vn 0.76165095 -0.60667916 -0.22765811
vn 0.76398195 -0.60304138 -0.22950527
vn -0.00000000 -1.00000000 0.00000000
vn 0.74415005 -0.63666216 -0.20224243
vn 0.74783717 -0.62712107 -0.21785025
vn 0.74415005 -0.63666216 -0.20224243
vn 0.74783717 -0.62712107 -0.21785025
vn 0.74837632 -0.62638222 -0.21812428
vn 0.77872517 -0.59105258 -0.21034251
vn 0.78514915 -0.58084148 -0.21485809
vn 0.74838342 -0.62636394 -0.21815240
vn 0.74837632 -0.62638222 -0.21812428
vn 0.76020992 -0.60925400 -0.22558911
vn 0.78514915 -0.58084148 -0.21485809
vn 0.79621722 -0.56298257 -0.22155986
vn 0.79628886 -0.56284980 -0.22163968
vn 0.86715244 -0.49757964 -0.02147446
vn 0.87087694 -0.49046061 -0.03196495
vn 0.87096280 -0.49124056 -0.01032017
vn 0.82658133 -0.56218525 -0.02666547
vn 0.82690593 -0.56205578 -0.01788538
vn 0.82843753 -0.55963700 -0.02230884
vn 0.80997125 -0.53819142 -0.23301622
vn 0.81048266 -0.53853123 -0.23043863
vn 0.81958716 -0.52416625 -0.23135822
vn 0.83356668 -0.50124814 -0.23220012
vn 0.83524531 -0.49784830 -0.23347879
vn 0.84134029 -0.48856302 -0.23119839
vn 0.88151947 -0.40446744 -0.24357652
vn 0.88203346 -0.40385110 -0.24273701
vn 0.88246680 -0.40490210 -0.23938806
vn 0.88282464 -0.40421335 -0.23923257
vn 0.88400538 -0.40004307 -0.24186780
vn 0.88441249 -0.40022730 -0.24006802
vn 0.88474478 -0.39939947 -0.24022226
vn 0.88518476 -0.39242127 -0.24990694
vn 0.89266095 -0.37361491 -0.25212761
vn 0.89348429 -0.37176052 -0.25195226
vn -0.00000000 1.00000000 0.00000000
vn 0.90621747 -0.33603752 -0.25660999
vn 0.90686872 -0.32909847 -0.26321726
vn 0.00000000 -1.00000000 0.00000000
vn 0.74838342 -0.62636394 -0.21815240
vn 0.76020992 -0.60925400 -0.22558911
vn 0.76165095 -0.60667916 -0.22765811
vn 0.00000000 -1.00000000 0.00000000
vn 0.74783717 -0.62712107 -0.21785025
vn 0.74838342 -0.62636394 -0.21815240
vn 0.74837632 -0.62638222 -0.21812428
f 4//4 9//9 28//28
f 4//4 28//28 65//65
f 4//4 65//65 123//123
f 4//4 123//123 205//205
f 4//4 205//205 202//202
f 4//4 202//202 198//198
f 4//4 198//198 340//340
f 4//4 340//340 363//363
f 4//4 363//363 360//360
f 4//4 360//360 357//357
f 4//4 357//357 228//228
f 4//4 228//228 225//225
f 4//4 225//225 130//130
f 4//4 130//130 127//127
f 4//4 127//127 68//68
f 4//4 68//68 30//30
f 4//4 30//30 12//12
f 3//3 11//11 44//44
f 1//1 43//43 96//96
f 1//1 96//96 93//93
f 1//1 93//93 90//90
f 1//1 90//90 84//84
f 1//1 84//84 161//161
f 1//1 161//161 281//281
f 1//1 281//281 277//277
f 1//1 277//277 426//426
f 2//2 427//427 584//584
f 1//1 583//583 579//579
f 1//1 579//579 735//735
f 1//1 735//735 731//731
f 1//1 731//731 920//920
f 1//1 920//920 923//923
f 1//1 923//923 1115//1115
f 1//1 1115//1115 1101//1101
f 1//1 1101//1101 1098//1098
f 1//1 1098//1098 1095//1095
f 1//1 1095//1095 1111//1111
f 1//1 1111//1111 1279//1279
f 1//1 1279//1279 1322//1322
f 1//1 1322//1322 1326//1326
f 1//1 1326//1326 1283//1283
f 1//1 1283//1283 1118//1118
f 1//1 1118//1118 927//927
f 1//1 927//927 738//738
f 1//1 738//738 587//587
f 1//1 587//587 431//431
f 1//1 431//431 284//284
f 1//1 284//284 164//164
f 1//1 164//164 99//99
f 1//1 99//99 47//47
f 1//1 47//47 15//15
f 7//7 17//17 23//23
f 6//6 22//22 26//26
f 5//5 25//25 10//10
f 8//8 24//24 18//18
f 8//8 18//18 55//55
f 8//8 55//55 103//103
f 8//8 103//103 168//168
f 8//8 168//168 305//305
f 8//8 305//305 466//466
f 8//8 466//466 624//624
f 8//8 624//624 780//780
f 8//8 780//780 983//983
f 8//8 983//983 1197//1197
f 8//8 1197//1197 1319//1319
f 8//8 1319//1319 1203//1203
f 8//8 1203//1203 987//987
f 8//8 987//987 790//790
f 8//8 790//790 787//787
f 8//8 787//787 784//784
f 8//8 784//784 642//642
f 8//8 642//642 639//639
f 8//8 639//639 636//636
f 8//8 636//636 484//484
f 8//8 484//484 469//469
f 8//8 469//469 312//312
f 8//8 312//312 309//309
f 8//8 309//309 175//175
f 8//8 175//175 107//107
f 8//8 107//107 60//60
f 8//8 60//60 27//27
f 14//14 31//31 36//36
f 13//13 34//34 46//46
f 16//16 51//51 21//21
f 20//20 50//50 54//54
f 19//19 53//53 59//59
f 29//29 61//61 66//66
f 32//32 69//69 37//37
f 42//42 74//74 81//81
f 41//41 80//80 86//86
f 40//40 85//85 92//92
f 39//39 91//91 95//95
f 35//35 94//94 98//98
f 33//33 97//97 45//45
f 38//38 70//70 72//72
f 48//48 102//102 57//57
f 49//49 58//58 52//52
f 56//56 101//101 106//106
f 64//64 108//108 118//118
f 63//63 117//117 126//126
f 62//62 125//125 67//67
f 71//71 128//128 73//73
f 76//76 129//129 131//131
f 77//77 132//132 134//134
f 79//79 137//137 142//142
f 78//78 141//141 151//151
f 75//75 147//147 83//83
f 82//82 145//145 88//88
f 89//89 146//146 158//158
f 87//87 157//157 163//163
f 100//100 167//167 105//105
f 104//104 166//166 174//174
f 112//112 176//176 180//180
f 111//111 179//179 186//186
f 110//110 185//185 197//197
f 109//109 194//194 120//120
f 114//114 199//199 204//204
f 113//113 203//203 206//206
f 116//116 207//207 124//124
f 121//121 195//195 208//208
f 122//122 209//209 214//214
f 119//119 213//213 224//224
f 115//115 218//218 200//200
f 133//133 226//226 135//135
f 136//136 227//227 229//229
f 139//139 231//231 235//235
f 140//140 237//237 247//247
f 138//138 244//244 144//144
f 143//143 242//242 152//152
f 153//153 243//243 254//254
f 150//150 253//253 258//258
f 149//149 257//257 269//269
f 148//148 267//267 160//160
f 159//159 266//266 272//272
f 156//156 271//271 280//280
f 155//155 279//279 283//283
f 154//154 282//282 162//162
f 165//165 287//287 173//173
f 172//172 286//286 293//293
f 171//171 292//292 298//298
f 170//170 297//297 304//304
f 169//169 301//301 306//306
f 178//178 310//310 188//188
f 177//177 187//187 181//181
f 182//182 215//215 210//210
f 183//183 211//211 196//196
f 190//190 311//311 313//313
f 193//193 314//314 318//318
f 192//192 316//316 322//322
f 191//191 321//321 328//328
f 189//189 327//327 339//339
f 184//184 336//336 217//217
f 201//201 219//219 342//342
f 216//216 335//335 350//350
f 212//212 347//347 223//223
f 222//222 345//345 356//356
f 221//221 354//354 241//241
f 220//220 239//239 343//343
f 230//230 359//359 234//234
f 233//233 358//358 362//362
f 232//232 361//361 364//364
f 236//236 365//365 341//341
f 240//240 352//352 369//369
f 238//238 366//366 248//248
f 249//249 367//367 371//371
f 251//251 372//372 375//375
f 252//252 376//376 389//389
f 250//250 388//388 395//395
f 246//246 392//392 262//262
f 245//245 261//261 255//255
f 259//259 398//398 276//276
f 256//256 274//274 268//268
f 265//265 393//393 402//402
f 264//264 401//401 408//408
f 263//263 407//407 417//417
f 260//260 413//413 400//400
f 275//275 397//397 422//422
f 273//273 421//421 430//430
f 270//270 428//428 278//278
f 285//285 432//432 289//289
f 288//288 435//435 442//442
f 291//291 445//445 296//296
f 290//290 433//433 437//437
f 294//294 443//443 446//446
f 295//295 447//447 299//299
f 300//300 450//450 455//455
f 302//302 456//456 459//459
f 303//303 460//460 307//307
f 308//308 461//461 467//467
f 315//315 471//471 320//320
f 319//319 470//470 330//330
f 317//317 329//329 323//323
f 324//324 476//476 482//482
f 325//325 483//483 338//338
f 331//331 472//472 485//485
f 332//332 486//486 488//488
f 334//334 489//489 496//496
f 333//333 495//495 504//504
f 326//326 501//501 478//478
f 337//337 480//480 351//351
f 349//349 479//479 508//508
f 348//348 506//506 383//383
f 346//346 382//382 515//515
f 344//344 514//514 355//355
f 353//353 513//513 370//370
f 368//368 512//512 374//374
f 373//373 511//511 378//378
f 377//377 519//519 391//391
f 387//387 507//507 522//522
f 386//386 521//521 527//527
f 385//385 526//526 533//533
f 384//384 532//532 542//542
f 381//381 537//537 546//546
f 380//380 543//543 552//552
f 379//379 551//551 520//520
f 390//390 518//518 396//396
f 394//394 516//516 404//404
f 399//399 412//412 423//423
f 403//403 548//548 409//409
f 405//405 517//517 549//549
f 410//410 550//550 554//554
f 411//411 555//555 562//562
f 406//406 561//561 416//416
f 415//415 560//560 571//571
f 414//414 566//566 424//424
f 425//425 567//567 576//576
f 419//419 575//575 582//582
f 418//418 580//580 585//585
f 420//420 586//586 429//429
f 434//434 588//588 439//439
f 440//440 589//589 591//591
f 441//441 592//592 598//598
f 438//438 597//597 449//449
f 436//436 448//448 444//444
f 451//451 599//599 603//603
f 453//453 604//604 607//607
f 454//454 608//608 615//615
f 452//452 614//614 457//457
f 458//458 616//616 462//462
f 463//463 617//617 619//619
f 464//464 622//622 625//625
f 465//465 626//626 468//468
f 473//473 524//524 509//509
f 475//475 510//510 481//481
f 477//477 500//500 633//633
f 474//474 631//631 525//525
f 487//487 637//637 490//490
f 492//492 638//638 640//640
f 494//494 641//641 644//644
f 493//493 643//643 650//650
f 491//491 647//647 499//499
f 498//498 646//646 658//658
f 497//497 656//656 505//505
f 503//503 655//655 664//664
f 502//502 662//662 635//635
f 523//523 630//630 528//528
f 530//530 632//632 668//668
f 529//529 667//667 534//534
f 536//536 669//669 674//674
f 535//535 673//673 688//688
f 531//531 683//683 541//541
f 540//540 682//682 694//694
f 539//539 691//691 700//700
f 538//538 699//699 547//547
f 544//544 556//556 553//553
f 545//545 695//695 557//557
f 558//558 696//696 564//564
f 565//565 697//697 704//704
f 563//563 703//703 716//716
f 559//559 710//710 570//570
f 569//569 709//709 724//724
f 568//568 721//721 578//578
f 577//577 720//720 729//729
f 573//573 727//727 734//734
f 572//572 732//732 736//736
f 574//574 737//737 581//581
f 590//590 739//739 593//593
f 596//596 740//740 743//743
f 595//595 742//742 750//750
f 594//594 748//748 600//600
f 601//601 749//749 752//752
f 602//602 753//753 605//605
f 606//606 755//755 610//610
f 611//611 756//756 759//759
f 613//613 761//761 766//766
f 612//612 765//765 621//621
f 609//609 620//620 618//618
f 623//623 770//770 627//627
f 629//629 779//779 783//783
f 628//628 772//772 774//774
f 634//634 661//661 670//670
f 645//645 785//785 651//651
f 654//654 786//786 789//789
f 653//653 788//788 793//793
f 652//652 792//792 800//800
f 649//649 795//795 804//804
f 648//648 802//802 660//660
f 659//659 801//801 808//808
f 657//657 806//806 666//666
f 665//665 805//805 814//814
f 663//663 813//813 672//672
f 671//671 811//811 678//678
f 679//679 812//812 818//818
f 677//677 817//817 824//824
f 676//676 823//823 833//833
f 675//675 831//831 690//690
f 689//689 829//829 836//836
f 687//687 834//834 842//842
f 686//686 841//841 849//849
f 685//685 846//846 853//853
f 684//684 852//852 860//860
f 680//680 859//859 864//864
f 681//681 865//865 693//693
f 692//692 862//862 702//702
f 701//701 861//861 870//870
f 698//698 866//866 705//705
f 707//707 867//867 873//873
f 706//706 872//872 718//718
f 719//719 874//874 880//880
f 717//717 878//878 883//883
f 715//715 882//882 889//889
f 714//714 888//888 898//898
f 713//713 893//893 905//905
f 712//712 904//904 912//912
f 711//711 911//911 919//919
f 708//708 918//918 723//723
f 722//722 917//917 730//730
f 726//726 922//922 733//733
f 728//728 914//914 926//926
f 725//725 924//924 921//921
f 741//741 928//928 746//746
f 745//745 934//934 757//757
f 744//744 754//754 751//751
f 747//747 930//930 936//936
f 758//758 935//935 760//760
f 762//762 942//942 945//945
f 763//763 947//947 949//949
f 764//764 950//950 767//767
f 768//768 953//953 955//955
f 769//769 957//957 959//959
f 771//771 961//961 963//963
f 773//773 965//965 777//777
f 776//776 964//964 978//978
f 775//775 977//977 980//980
f 778//778 982//982 782//782
f 781//781 981//981 986//986
f 791//791 989//989 799//799
f 794//794 809//809 803//803
f 798//798 988//988 993//993
f 797//797 991//991 998//998
f 796//796 996//996 810//810
f 807//807 995//995 816//816
f 815//815 994//994 819//819
f 820//820 997//997 1002//1002
f 821//821 1003//1003 825//825
f 827//827 1006//1006 1008//1008
f 828//828 1009//1009 1015//1015
f 826//826 1014//1014 1024//1024
f 822//822 1021//1021 832//832
f 830//830 1020//1020 837//837
f 835//835 1019//1019 843//843
f 838//838 1030//1030 1035//1035
f 839//839 1036//1036 848//848
f 844//844 1022//1022 1037//1037
f 845//845 1038//1038 1044//1044
f 840//840 1042//1042 1031//1031
f 847//847 1033//1033 855//855
f 854//854 1032//1032 1050//1050
f 850//850 1049//1049 1058//1058
f 851//851 1060//1060 857//857
f 856//856 1059//1059 869//869
f 858//858 871//871 863//863
f 868//868 1055//1055 877//877
f 876//876 1054//1054 1064//1064
f 875//875 1062//1062 881//881
f 879//879 1061//1061 884//884
f 886//886 1068//1068 890//890
f 885//885 1063//1063 1067//1067
f 892//892 1069//1069 1073//1073
f 891//891 1072//1072 1081//1081
f 887//887 1079//1079 897//897
f 896//896 1078//1078 1089//1089
f 895//895 1088//1088 1094//1094
f 894//894 1092//1092 907//907
f 899//899 1096//1096 1099//1099
f 901//901 1100//1100 1102//1102
f 902//902 1103//1103 909//909
f 908//908 1093//1093 1087//1087
f 906//906 1086//1086 1110//1110
f 903//903 1107//1107 1114//1114
f 900//900 1112//1112 1097//1097
f 910//910 1105//1105 916//916
f 915//915 1104//1104 1117//1117
f 913//913 1116//1116 925//925
f 929//929 1121//1121 1123//1123
f 931//931 1126//1126 1129//1129
f 932//932 1131//1131 1145//1145
f 933//933 1146//1146 937//937
f 940//940 1154//1154 1157//1157
f 941//941 1160//1160 944//944
f 938//938 1148//1148 1162//1162
f 939//939 1163//1163 1149//1149
f 943//943 1159//1159 1171//1171
f 946//946 1174//1174 948//948
f 951//951 1175//1175 972//972
f 952//952 973//973 954//954
f 956//956 974//974 958//958
f 960//960 975//975 962//962
f 966//966 1173//1173 1177//1177
f 967//967 1181//1181 1183//1183
f 968//968 1186//1186 1189//1189
f 969//969 1190//1190 1193//1193
f 970//970 1194//1194 1198//1198
f 971//971 1201//1201 984//984
f 976//976 985//985 979//979
f 990//990 1204//1204 1210//1210
f 988//988 1208//1208 993//993
f 992//992 1206//1206 1000//1000
f 1001//1001 1207//1207 1218//1218
f 999//999 1216//1216 1004//1004
f 1005//1005 1217//1217 1007//1007
f 1012//1012 1220//1220 1228//1228
f 1011//1011 1224//1224 1016//1016
f 1010//1010 1219//1219 1209//1209
f 1013//1013 1211//1211 1221//1221
f 1018//1018 1225//1225 1179//1179
f 1017//1017 1178//1178 1026//1026
f 1025//1025 1176//1176 1172//1172
f 1023//1023 1169//1169 1040//1040
f 1029//1029 1041//1041 1236//1236
f 1027//1027 1233//1233 1052//1052
f 1028//1028 1053//1053 1034//1034
f 1039//1039 1168//1168 1045//1045
f 1043//1043 1167//1167 1237//1237
f 1048//1048 1243//1243 1057//1057
f 1051//1051 1232//1232 1250//1250
f 1047//1047 1244//1244 1253//1253
f 1046//1046 1252//1252 1241//1241
f 1056//1056 1242//1242 1066//1066
f 1065//1065 1238//1238 1070//1070
f 1071//1071 1239//1239 1074//1074
f 1076//1076 1257//1257 1084//1084
f 1075//1075 1240//1240 1251//1251
f 1077//1077 1254//1254 1259//1259
f 1083//1083 1256//1256 1265//1265
f 1082//1082 1263//1263 1270//1270
f 1080//1080 1267//1267 1090//1090
f 1091//1091 1268//1268 1276//1276
f 1085//1085 1275//1275 1109//1109
f 1108//1108 1274//1274 1282//1282
f 1106//1106 1280//1280 1113//1113
f 1119//1119 1284//1284 1286//1286
f 1120//1120 1289//1289 1122//1122
f 1124//1124 1290//1290 1294//1294
f 1125//1125 1295//1295 1127//1127
f 1144//1144 1170//1170 1158//1158
f 1143//1143 1155//1155 1298//1298
f 1142//1142 1297//1297 1152//1152
f 1138//1138 1151//1151 1302//1302
f 1137//1137 1300//1300 1164//1164
f 1135//1135 1161//1161 1147//1147
f 1128//1128 1296//1296 1277//1277
f 1130//1130 1278//1278 1269//1269
f 1132//1132 1271//1271 1264//1264
f 1133//1133 1266//1266 1258//1258
f 1134//1134 1262//1262 1304//1304
f 1136//1136 1305//1305 1247//1247
f 1139//1139 1248//1248 1306//1306
f 1140//1140 1308//1308 1234//1234
f 1141//1141 1235//1235 1166//1166
f 1150//1150 1165//1165 1301//1301
f 1153//1153 1299//1299 1156//1156
f 1182//1182 1311//1311 1184//1184
f 1180//1180 1226//1226 1309//1309
f 1185//1185 1312//1312 1188//1188
f 1187//1187 1310//1310 1227//1227
f 1191//1191 1229//1229 1313//1313
f 1192//1192 1314//1314 1195//1195
f 1196//1196 1315//1315 1199//1199
f 1200//1200 1318//1318 1213//1213
f 1202//1202 1214//1214 1320//1320
f 1205//1205 1321//1321 1215//1215
f 1212//1212 1317//1317 1223//1223
f 1222//1222 1316//1316 1230//1230
f 1231//1231 1307//1307 1249//1249
f 1246//1246 1303//1303 1261//1261
f 1245//1245 1260//1260 1255//1255
f 1272//1272 1293//1293 1324//1324
f 1273//1273 1325//1325 1281//1281
f 1285//1285 1327//1327 1287//1287
f 1288//1288 1329//1329 1292//1292
f 1291//1291 1328//1328 1323//1323

