# https://github.com/mikedh/trimesh
v 1.22285008 -0.44867682 1.04039514
v 1.22285008 -0.44867682 1.04039514
v 1.22285008 -0.44867682 1.04039514
v 1.22285008 -0.44867682 1.04039514
v 1.22285008 -0.44867682 1.04039514
v 1.22285008 -0.44867682 1.04039514
v 1.24167514 -0.44867682 1.03457534
v 1.24167514 -0.44867682 1.03457534
v 1.24167514 -0.44867682 1.03457534
v 1.24167514 -0.44867682 1.03457534
v 1.26728404 -0.33330938 1.03938633
v 1.26728404 -0.33330938 1.03938633
v 1.26728404 -0.33330938 1.03938633
v 1.26728404 -0.33330938 1.03938633
v 1.26728404 -0.33330938 1.03938633
v 1.26728404 -0.33330938 1.03938633
v 1.26728404 -0.33330938 1.03938633
v 1.26728404 -0.33330938 1.03938633
v 1.26728404 -0.33330938 1.03938633
v 1.26728404 -0.28882244 1.04062790
v 1.26728404 -0.28882244 1.04062790
v 1.26728404 -0.28882244 1.04062790
v 1.26728404 -0.28882244 1.04062790
v 1.26728404 -0.28882244 1.04062790
v 1.31176054 -0.00003053 1.03915358
v 1.31176054 -0.00003053 1.03915358
v 1.31176054 -0.00003053 1.03915358
v 1.31176054 -0.00003053 1.03915358
v 1.31176054 -0.00003053 1.03915358
v 1.31176054 -0.00003053 1.03915358
v 1.22285008 -0.42223939 1.03977436
v 1.22285008 -0.42223939 1.03977436
v 1.22285008 -0.42223939 1.03977436
v 1.22285008 -0.42223939 1.03977436
v 1.19584191 -0.44867682 1.03116113
v 1.19584191 -0.44867682 1.03116113
v 1.19584191 -0.44867682 1.03116113
v 1.19584191 -0.44867682 1.03116113
v 1.26389217 -0.44867682 1.02503091
v 1.26389217 -0.44867682 1.02503091
v 1.26389217 -0.44867682 1.02503091
v 1.26389217 -0.44867682 1.02503091
v 1.26389217 -0.44867682 1.02503091
v 1.26389217 -0.44867682 1.02503091
v 1.26728404 -0.37775245 1.03434253
v 1.26728404 -0.37775245 1.03434253
v 1.26728404 -0.37775245 1.03434253
v 1.26728404 -0.37775245 1.03434253
v 1.26728404 -0.37775245 1.03434253
v 1.30599427 -0.28882244 1.02588451
v 1.30599427 -0.28882244 1.02588451
v 1.30599427 -0.28882244 1.02588451
v 1.30599427 -0.28882244 1.02588451
v 1.30599427 -0.28882244 1.02588451
v 1.30599427 -0.28882244 1.02588451
v 1.30599427 -0.28882244 1.02588451
v 1.31176054 -0.19993636 1.03193700
v 1.31176054 -0.19993636 1.03193700
v 1.31176054 -0.19993636 1.03193700
v 1.31176054 -0.19993636 1.03193700
v 1.31176054 -0.19993636 1.03193700
v 1.31176054 -0.19993636 1.03193700
v 1.31176054 -0.19993636 1.03193700
v 1.31176054 -0.19993636 1.03193700
v 1.31176054 -0.15549332 1.03449774
v 1.31176054 -0.15549332 1.03449774
v 1.31176054 -0.15549332 1.03449774
v 1.31176054 -0.15549332 1.03449774
v 1.31176054 -0.11100636 1.03659290
v 1.31176054 -0.11100636 1.03659290
v 1.31176054 -0.11100636 1.03659290
v 1.31176054 -0.11100636 1.03659290
v 1.31176054 -0.06651942 1.03837758
v 1.31176054 -0.06651942 1.03837758
v 1.31176054 -0.06651942 1.03837758
v 1.31176054 -0.06651942 1.03837758
v 1.31176054 -0.06651942 1.03837758
v 1.31176054 -0.06651942 1.03837758
v 1.31176054 -0.02207638 1.03923118
v 1.31176054 -0.02207638 1.03923118
v 1.31176054 -0.02207638 1.03923118
v 1.31176054 -0.02207638 1.03923118
v 1.31176054 -0.02207638 1.03923118
v 1.31176054 -0.02207638 1.03923118
v 1.32778728 -0.00003053 1.03085071
v 1.32778728 -0.00003053 1.03085071
v 1.32778728 -0.00003053 1.03085071
v 1.26889527 -0.00003053 1.02704847
v 1.26889527 -0.00003053 1.02704847
v 1.26889527 -0.00003053 1.02704847
v 1.26889527 -0.00003053 1.02704847
v 1.26889527 -0.00003053 1.02704847
v 1.18134153 -0.44867682 1.02402216
v 1.18134153 -0.44867682 1.02402216
v 1.18134153 -0.44867682 1.02402216
v 1.18134153 -0.44867682 1.02402216
v 1.18134153 -0.44867682 1.02402216
v 1.29111230 -0.40585870 1.01261541
v 1.29111230 -0.40585870 1.01261541
v 1.29111230 -0.40585870 1.01261541
v 1.29111230 -0.40585870 1.01261541
v 1.29111230 -0.40585870 1.01261541
v 1.29111230 -0.40585870 1.01261541
v 1.29111230 -0.40585870 1.01261541
v 1.29111230 -0.40585870 1.01261541
v 1.29475856 -0.37775245 1.01719365
v 1.29475856 -0.37775245 1.01719365
v 1.29475856 -0.37775245 1.01719365
v 1.29475856 -0.37775245 1.01719365
v 1.30056715 -0.33330938 1.02285826
v 1.30056715 -0.33330938 1.02285826
v 1.30056715 -0.33330938 1.02285826
v 1.30056715 -0.33330938 1.02285826
v 1.30056715 -0.33330938 1.02285826
v 1.28047013 -0.44867682 0.98801726
v 1.28047013 -0.44867682 0.98801726
v 1.28047013 -0.44867682 0.98801726
v 1.28047013 -0.44867682 0.98801726
v 1.28047013 -0.44867682 0.98801726
v 1.33537674 -0.22843789 1.01238266
v 1.33537674 -0.22843789 1.01238266
v 1.33537674 -0.22843789 1.01238266
v 1.33537674 -0.22843789 1.01238266
v 1.33537674 -0.22843789 1.01238266
v 1.33537674 -0.22843789 1.01238266
v 1.33537674 -0.22843789 1.01238266
v 1.33537674 -0.22843789 1.01238266
v 1.33537674 -0.22843789 1.01238266
v 1.33537674 -0.22843789 1.01238266
v 1.33537674 -0.22843789 1.01238266
v 1.33537674 -0.22843789 1.01238266
v 1.33537674 -0.22843789 1.01238266
v 1.33711505 -0.19993636 1.01486576
v 1.33711505 -0.19993636 1.01486576
v 1.33711505 -0.19993636 1.01486576
v 1.33711505 -0.19993636 1.01486576
v 1.33711505 -0.19993636 1.01486576
v 1.33711505 -0.19993636 1.01486576
v 1.31489801 -0.24372067 1.02495337
v 1.31489801 -0.24372067 1.02495337
v 1.31489801 -0.24372067 1.02495337
v 1.33919251 -0.15549332 1.01734886
v 1.33919251 -0.15549332 1.01734886
v 1.33919251 -0.15549332 1.01734886
v 1.33919251 -0.15549332 1.01734886
v 1.34110057 -0.11100636 1.01952153
v 1.34110057 -0.11100636 1.01952153
v 1.34110057 -0.11100636 1.01952153
v 1.34110057 -0.11100636 1.01952153
v 1.34288120 -0.06651942 1.02138388
v 1.34288120 -0.06651942 1.02138388
v 1.34288120 -0.06651942 1.02138388
v 1.34288120 -0.06651942 1.02138388
v 1.34288120 -0.06651942 1.02138388
v 1.34288120 -0.06651942 1.02138388
v 1.34288120 -0.06651942 1.02138388
v 1.34288120 -0.06651942 1.02138388
v 1.34398365 -0.02207638 1.02231508
v 1.34398365 -0.02207638 1.02231508
v 1.34398365 -0.02207638 1.02231508
v 1.34398365 -0.02207638 1.02231508
v 1.34398365 -0.02207638 1.02231508
v 1.34398365 -0.02207638 1.02231508
v 1.34406853 -0.00003053 1.02231508
v 1.34406853 -0.00003053 1.02231508
v 1.34406853 -0.00003053 1.02231508
v 1.34406853 -0.00003053 1.02231508
v 1.25787151 -0.00003053 1.01610732
v 1.25787151 -0.00003053 1.01610732
v 1.25787151 -0.00003053 1.01610732
v 1.24667823 -0.00003053 1.00493339
v 1.24667823 -0.00003053 1.00493339
v 1.24667823 -0.00003053 1.00493339
v 1.24667823 -0.00003053 1.00493339
v 1.24667823 -0.00003053 1.00493339
v 1.24667823 -0.00003053 1.00493339
v 1.16149890 -0.44867682 0.99438021
v 1.16149890 -0.44867682 0.99438021
v 1.16149890 -0.44867682 0.99438021
v 1.28585482 -0.43194482 0.98801726
v 1.28585482 -0.43194482 0.98801726
v 1.28585482 -0.43194482 0.98801726
v 1.28585482 -0.43194482 0.98801726
v 1.29229939 -0.40972334 0.98801726
v 1.29229939 -0.40972334 0.98801726
v 1.29229939 -0.40972334 0.98801726
v 1.29229939 -0.40972334 0.98801726
v 1.30090642 -0.37775245 0.98801726
v 1.30090642 -0.37775245 0.98801726
v 1.30090642 -0.37775245 0.98801726
v 1.30090642 -0.37775245 0.98801726
v 1.31265080 -0.33330938 0.98801726
v 1.31265080 -0.33330938 0.98801726
v 1.31265080 -0.33330938 0.98801726
v 1.31265080 -0.33330938 0.98801726
v 1.31265080 -0.33330938 0.98801726
v 1.31265080 -0.33330938 0.98801726
v 1.27118468 -0.44867682 0.94417503
v 1.27118468 -0.44867682 0.94417503
v 1.27118468 -0.44867682 0.94417503
v 1.27118468 -0.44867682 0.94417503
v 1.29162097 -0.40708837 0.96093595
v 1.29162097 -0.40708837 0.96093595
v 1.29162097 -0.40708837 0.96093595
v 1.29162097 -0.40708837 0.96093595
v 1.29162097 -0.40708837 0.96093595
v 1.29162097 -0.40708837 0.96093595
v 1.29162097 -0.40708837 0.96093595
v 1.29162097 -0.40708837 0.96093595
v 1.29162097 -0.40708837 0.96093595
v 1.29162097 -0.40708837 0.96093595
v 1.29162097 -0.40708837 0.96093595
v 1.29162097 -0.40708837 0.96093595
v 1.32367456 -0.28882244 0.98801726
v 1.32367456 -0.28882244 0.98801726
v 1.32367456 -0.28882244 0.98801726
v 1.32367456 -0.28882244 0.98801726
v 1.33143353 -0.25619280 0.98801726
v 1.33143353 -0.25619280 0.98801726
v 1.33143353 -0.25619280 0.98801726
v 1.33143353 -0.25619280 0.98801726
v 1.33669114 -0.23397130 0.98801726
v 1.33669114 -0.23397130 0.98801726
v 1.33669114 -0.23397130 0.98801726
v 1.33669114 -0.23397130 0.98801726
v 1.34143972 -0.19993636 0.98801726
v 1.34143972 -0.19993636 0.98801726
v 1.34143972 -0.19993636 0.98801726
v 1.34143972 -0.19993636 0.98801726
v 1.34538281 -0.15549332 0.98801726
v 1.34538281 -0.15549332 0.98801726
v 1.34538281 -0.15549332 0.98801726
v 1.34538281 -0.15549332 0.98801726
v 1.34919870 -0.11100636 0.98801726
v 1.34919870 -0.11100636 0.98801726
v 1.34919870 -0.11100636 0.98801726
v 1.34919870 -0.11100636 0.98801726
v 1.34919870 -0.11100636 0.98801726
v 1.35288739 -0.06651942 0.98801726
v 1.35288739 -0.06651942 0.98801726
v 1.35288739 -0.06651942 0.98801726
v 1.35288739 -0.06651942 0.98801726
v 1.35288739 -0.06651942 0.98801726
v 1.35288739 -0.06651942 0.98801726
v 1.35288739 -0.06651942 0.98801726
v 1.35288739 -0.06651942 0.98801726
v 1.35288739 -0.06651942 0.98801726
v 1.35288739 -0.06651942 0.98801726
v 1.35500741 -0.02207638 0.98801726
v 1.35500741 -0.02207638 0.98801726
v 1.35500741 -0.02207638 0.98801726
v 1.35500741 -0.02207638 0.98801726
v 1.35500741 -0.02207638 0.98801726
v 1.35500741 -0.02207638 0.98801726
v 1.35517693 -0.00003053 0.98801726
v 1.35517693 -0.00003053 0.98801726
v 1.35517693 -0.00003053 0.98801726
v 1.35517693 -0.00003053 0.98801726
v 1.15781021 -0.44867682 0.98421499
v 1.15781021 -0.44867682 0.98421499
v 1.15781021 -0.44867682 0.98421499
v 1.02573764 -0.00003053 0.24789864
v 1.02573764 -0.00003053 0.24789864
v 1.02573764 -0.00003053 0.24789864
v 0.92202991 -0.44867682 0.24789864
v 0.92202991 -0.44867682 0.24789864
v 0.92202991 -0.44867682 0.24789864
v 0.92202991 -0.44867682 0.24789864
v 1.33622468 -0.23159984 0.96008238
v 1.33622468 -0.23159984 0.96008238
v 1.33622468 -0.23159984 0.96008238
v 1.33622468 -0.23159984 0.96008238
v 1.33622468 -0.23159984 0.96008238
v 1.33622468 -0.23159984 0.96008238
v 1.33622468 -0.23159984 0.96008238
v 1.33622468 -0.23159984 0.96008238
v 1.33622468 -0.23159984 0.96008238
v 1.33622468 -0.23159984 0.96008238
v 1.33622468 -0.23159984 0.96008238
v 1.33622468 -0.23159984 0.96008238
v 1.33622468 -0.23159984 0.96008238
v 1.33622468 -0.23159984 0.96008238
v 1.33622468 -0.23159984 0.96008238
v 1.20241380 -0.44867682 0.65729953
v 1.20241380 -0.44867682 0.65729953
v 1.20241380 -0.44867682 0.65729953
v 1.20160818 -0.44674453 0.65062621
v 1.20160818 -0.44674453 0.65062621
v 1.20160818 -0.44674453 0.65062621
v 1.20160818 -0.44674453 0.65062621
v 1.20160818 -0.44674453 0.65062621
v 1.20160818 -0.44674453 0.65062621
v 1.20160818 -0.44674453 0.65062621
v 1.20160818 -0.44674453 0.65062621
v 1.21581185 -0.42223939 0.67669874
v 1.21581185 -0.42223939 0.67669874
v 1.21581185 -0.42223939 0.67669874
v 1.21581185 -0.42223939 0.67669874
v 1.21581185 -0.42223939 0.67669874
v 1.22882831 -0.37775245 0.67669874
v 1.22882831 -0.37775245 0.67669874
v 1.22882831 -0.37775245 0.67669874
v 1.22882831 -0.37775245 0.67669874
v 1.22984588 -0.33330938 0.63231336
v 1.22984588 -0.33330938 0.63231336
v 1.22984588 -0.33330938 0.63231336
v 1.22984588 -0.33330938 0.63231336
v 1.22984588 -0.33330938 0.63231336
v 1.22984588 -0.33330938 0.63231336
v 1.24061513 -0.29013991 0.63083902
v 1.24061513 -0.29013991 0.63083902
v 1.24061513 -0.29013991 0.63083902
v 1.24061513 -0.29013991 0.63083902
v 1.24061513 -0.29013991 0.63083902
v 1.33830225 -0.19993636 0.95488337
v 1.33830225 -0.19993636 0.95488337
v 1.33830225 -0.19993636 0.95488337
v 1.33830225 -0.19993636 0.95488337
v 1.33830225 -0.19993636 0.95488337
v 1.33830225 -0.19993636 0.95488337
v 1.33830225 -0.19993636 0.95488337
v 1.33830225 -0.19993636 0.95488337
v 1.33830225 -0.19993636 0.95488337
v 1.33830225 -0.19993636 0.95488337
v 1.34504366 -0.06651942 0.94355425
v 1.34504366 -0.06651942 0.94355425
v 1.34504366 -0.06651942 0.94355425
v 1.34504366 -0.06651942 0.94355425
v 1.34729087 -0.02207638 0.94355425
v 1.34729087 -0.02207638 0.94355425
v 1.34729087 -0.02207638 0.94355425
v 1.34729087 -0.02207638 0.94355425
v 1.34729087 -0.02207638 0.94355425
v 1.34729087 -0.02207638 0.94355425
v 1.34729087 -0.02207638 0.94355425
v 1.35127628 -0.00003053 0.96551415
v 1.35127628 -0.00003053 0.96551415
v 1.35127628 -0.00003053 0.96551415
v 1.35127628 -0.00003053 0.96551415
v 1.15267980 -0.00003053 0.24789864
v 1.15267980 -0.00003053 0.24789864
v 1.15267980 -0.00003053 0.24789864
v 1.06245506 -0.44867682 0.24789864
v 1.06245506 -0.44867682 0.24789864
v 1.06245506 -0.44867682 0.24789864
v 1.06245506 -0.44867682 0.24789864
v 1.24387991 -0.26155058 0.61500926
v 1.24387991 -0.26155058 0.61500926
v 1.24387991 -0.26155058 0.61500926
v 1.24387991 -0.26155058 0.61500926
v 1.24387991 -0.26155058 0.61500926
v 1.24735665 -0.23190725 0.60119703
v 1.24735665 -0.23190725 0.60119703
v 1.24735665 -0.23190725 0.60119703
v 1.24735665 -0.23190725 0.60119703
v 1.24735665 -0.23190725 0.60119703
v 1.24354064 -0.21289159 0.57155503
v 1.24354064 -0.21289159 0.57155503
v 1.24354064 -0.21289159 0.57155503
v 1.24354064 -0.21289159 0.57155503
v 1.24354064 -0.21289159 0.57155503
v 1.24354064 -0.21289159 0.57155503
v 1.24354064 -0.21289159 0.57155503
v 1.24354064 -0.21289159 0.57155503
v 1.24968851 -0.19879454 0.58699680
v 1.24968851 -0.19879454 0.58699680
v 1.24968851 -0.19879454 0.58699680
v 1.24595749 -0.18324825 0.56216582
v 1.24595749 -0.18324825 0.56216582
v 1.24595749 -0.18324825 0.56216582
v 1.24595749 -0.18324825 0.56216582
v 1.24595749 -0.18324825 0.56216582
v 1.24595749 -0.18324825 0.56216582
v 1.24595749 -0.18324825 0.56216582
v 1.24595749 -0.18324825 0.56216582
v 1.24595749 -0.18324825 0.56216582
v 1.24595749 -0.18324825 0.56216582
v 1.24595749 -0.18324825 0.56216582
v 1.20025146 -0.44867682 0.64876388
v 1.20025146 -0.44867682 0.64876388
v 1.20025146 -0.44867682 0.64876388
v 1.19766510 -0.43519461 0.62106182
v 1.19766510 -0.43519461 0.62106182
v 1.19766510 -0.43519461 0.62106182
v 1.19766510 -0.43519461 0.62106182
v 1.19766510 -0.43519461 0.62106182
v 1.19766510 -0.43519461 0.62106182
v 1.20550895 -0.42109758 0.63448606
v 1.20550895 -0.42109758 0.63448606
v 1.20550895 -0.42109758 0.63448606
v 1.20550895 -0.42109758 0.63448606
v 1.20550895 -0.42109758 0.63448606
v 1.16209245 -0.44867682 0.51397818
v 1.16209245 -0.44867682 0.51397818
v 1.16209245 -0.44867682 0.51397818
v 1.16209245 -0.44867682 0.51397818
v 1.16209245 -0.44867682 0.51397818
v 1.21767735 -0.37775245 0.63231336
v 1.21767735 -0.37775245 0.63231336
v 1.21767735 -0.37775245 0.63231336
v 1.21767735 -0.37775245 0.63231336
v 1.21767735 -0.37775245 0.63231336
v 1.21767735 -0.37775245 0.63231336
v 1.21767735 -0.37775245 0.63231336
v 1.21767735 -0.37775245 0.63231336
v 1.21818614 -0.33330938 0.58785037
v 1.21818614 -0.33330938 0.58785037
v 1.21818614 -0.33330938 0.58785037
v 1.21818614 -0.33330938 0.58785037
v 1.21818614 -0.33330938 0.58785037
v 1.21818614 -0.33330938 0.58785037
v 1.21818614 -0.33330938 0.58785037
v 1.21818614 -0.33330938 0.58785037
v 1.21818614 -0.33330938 0.58785037
v 1.22997308 -0.28882244 0.58785037
v 1.22997308 -0.28882244 0.58785037
v 1.22997308 -0.28882244 0.58785037
v 1.22997308 -0.28882244 0.58785037
v 1.22997308 -0.28882244 0.58785037
v 1.22997308 -0.28882244 0.58785037
v 1.22997308 -0.28882244 0.58785037
v 1.26558816 -0.15549332 0.63231336
v 1.26558816 -0.15549332 0.63231336
v 1.26558816 -0.15549332 0.63231336
v 1.26558816 -0.15549332 0.63231336
v 1.26558816 -0.15549332 0.63231336
v 1.27614546 -0.15549332 0.67669874
v 1.27614546 -0.15549332 0.67669874
v 1.27614546 -0.15549332 0.67669874
v 1.26287460 -0.06651942 0.58785037
v 1.26287460 -0.06651942 0.58785037
v 1.26287460 -0.06651942 0.58785037
v 1.26287460 -0.06651942 0.58785037
v 1.26287460 -0.06651942 0.58785037
v 1.26287460 -0.06651942 0.58785037
v 1.26287460 -0.06651942 0.58785037
v 1.26287460 -0.06651942 0.58785037
v 1.26287460 -0.06651942 0.58785037
v 1.26287460 -0.06651942 0.58785037
v 1.26287460 -0.06651942 0.58785037
v 1.27334714 -0.06651942 0.63231336
v 1.27334714 -0.06651942 0.63231336
v 1.27334714 -0.06651942 0.63231336
v 1.27334714 -0.06651942 0.63231336
v 1.28979790 -0.04759161 0.69780508
v 1.28979790 -0.04759161 0.69780508
v 1.28979790 -0.04759161 0.69780508
v 1.28979790 -0.04759161 0.69780508
v 1.28979790 -0.04759161 0.69780508
v 1.28979790 -0.04759161 0.69780508
v 1.34741807 -0.00003053 0.94355425
v 1.34741807 -0.00003053 0.94355425
v 1.34741807 -0.00003053 0.94355425
v 1.34741807 -0.00003053 0.94355425
v 1.34741807 -0.00003053 0.94355425
v 1.27555192 -0.02207638 0.63231336
v 1.27555192 -0.02207638 0.63231336
v 1.27555192 -0.02207638 0.63231336
v 1.27555192 -0.02207638 0.63231336
v 1.15632617 -0.00003053 0.25395116
v 1.15632617 -0.00003053 0.25395116
v 1.15632617 -0.00003053 0.25395116
v 1.15632617 -0.00003053 0.25395116
v 1.15632617 -0.00003053 0.25395116
v 1.15272236 -0.01294184 0.24789864
v 1.15272236 -0.01294184 0.24789864
v 1.15272236 -0.01294184 0.24789864
v 1.15272236 -0.01294184 0.24789864
v 1.06588936 -0.44090366 0.24789864
v 1.06588936 -0.44090366 0.24789864
v 1.06588936 -0.44090366 0.24789864
v 1.06758535 -0.44525141 0.25371841
v 1.06758535 -0.44525141 0.25371841
v 1.06758535 -0.44525141 0.25371841
v 1.06758535 -0.44525141 0.25371841
v 1.06758535 -0.44525141 0.25371841
v 1.06758535 -0.44525141 0.25371841
v 1.06393898 -0.44867682 0.25030413
v 1.06393898 -0.44867682 0.25030413
v 1.06393898 -0.44867682 0.25030413
v 1.24040318 -0.24578471 0.58699680
v 1.24040318 -0.24578471 0.58699680
v 1.24040318 -0.24578471 0.58699680
v 1.24040318 -0.24578471 0.58699680
v 1.22908270 -0.24437942 0.54338738
v 1.22908270 -0.24437942 0.54338738
v 1.22908270 -0.24437942 0.54338738
v 1.22908270 -0.24437942 0.54338738
v 1.22908270 -0.24437942 0.54338738
v 1.22908270 -0.24437942 0.54338738
v 1.22908270 -0.24437942 0.54338738
v 1.21661735 -0.24437942 0.49892439
v 1.21661735 -0.24437942 0.49892439
v 1.21661735 -0.24437942 0.49892439
v 1.21661735 -0.24437942 0.49892439
v 1.21661735 -0.24437942 0.49892439
v 1.21661735 -0.24437942 0.49892439
v 1.22577560 -0.19993636 0.49892439
v 1.22577560 -0.19993636 0.49892439
v 1.22577560 -0.19993636 0.49892439
v 1.22577560 -0.19993636 0.49892439
v 1.22577560 -0.19993636 0.49892439
v 1.22577560 -0.19993636 0.49892439
v 1.22577560 -0.19993636 0.49892439
v 1.23900402 -0.19879454 0.54571529
v 1.23900402 -0.19879454 0.54571529
v 1.23900402 -0.19879454 0.54571529
v 1.23213542 -0.15549332 0.49892439
v 1.23213542 -0.15549332 0.49892439
v 1.23213542 -0.15549332 0.49892439
v 1.23213542 -0.15549332 0.49892439
v 1.23213542 -0.15549332 0.49892439
v 1.23213542 -0.15549332 0.49892439
v 1.24167514 -0.15549332 0.53454135
v 1.24167514 -0.15549332 0.53454135
v 1.24167514 -0.15549332 0.53454135
v 1.24167514 -0.15549332 0.53454135
v 1.24167514 -0.15549332 0.53454135
v 1.24167514 -0.15549332 0.53454135
v 1.24167514 -0.15549332 0.53454135
v 1.24727178 -0.15549332 0.55681163
v 1.24727178 -0.15549332 0.55681163
v 1.24727178 -0.15549332 0.55681163
v 1.24727178 -0.15549332 0.55681163
v 1.25490367 -0.15549332 0.58785037
v 1.25490367 -0.15549332 0.58785037
v 1.25490367 -0.15549332 0.58785037
v 1.25490367 -0.15549332 0.58785037
v 1.20224416 -0.40550736 0.60375772
v 1.20224416 -0.40550736 0.60375772
v 1.20224416 -0.40550736 0.60375772
v 1.20224416 -0.40550736 0.60375772
v 1.20224416 -0.40550736 0.60375772
v 1.18045115 -0.42223939 0.54338738
v 1.18045115 -0.42223939 0.54338738
v 1.18045115 -0.42223939 0.54338738
v 1.18045115 -0.42223939 0.54338738
v 1.18045115 -0.42223939 0.54338738
v 1.18045115 -0.42223939 0.54338738
v 1.18045115 -0.42223939 0.54338738
v 1.18045115 -0.42223939 0.54338738
v 1.19325566 -0.42109758 0.58847114
v 1.19325566 -0.42109758 0.58847114
v 1.19325566 -0.42109758 0.58847114
v 1.19325566 -0.42109758 0.58847114
v 1.16043890 -0.44867682 0.50823601
v 1.16043890 -0.44867682 0.50823601
v 1.16043890 -0.44867682 0.50823601
v 1.16043890 -0.44867682 0.50823601
v 1.16043890 -0.44867682 0.50823601
v 1.19838583 -0.39189342 0.57411573
v 1.19838583 -0.39189342 0.57411573
v 1.19838583 -0.39189342 0.57411573
v 1.19838583 -0.39189342 0.57411573
v 1.19838583 -0.39189342 0.57411573
v 1.19838583 -0.39189342 0.57411573
v 1.19838583 -0.39189342 0.57411573
v 1.19838583 -0.39189342 0.57411573
v 1.20622969 -0.37735718 0.58847114
v 1.20622969 -0.37735718 0.58847114
v 1.20622969 -0.37735718 0.58847114
v 1.19418836 -0.37735718 0.54377537
v 1.19418836 -0.37735718 0.54377537
v 1.19418836 -0.37735718 0.54377537
v 1.19418836 -0.37735718 0.54377537
v 1.19838583 -0.34745035 0.52918716
v 1.19838583 -0.34745035 0.52918716
v 1.19838583 -0.34745035 0.52918716
v 1.19838583 -0.34745035 0.52918716
v 1.19838583 -0.34745035 0.52918716
v 1.19838583 -0.34745035 0.52918716
v 1.20631444 -0.33291414 0.54377537
v 1.20631444 -0.33291414 0.54377537
v 1.20631444 -0.33291414 0.54377537
v 1.20631444 -0.33291414 0.54377537
v 1.21805894 -0.28882244 0.54338738
v 1.21805894 -0.28882244 0.54338738
v 1.21805894 -0.28882244 0.54338738
v 1.21805894 -0.28882244 0.54338738
v 1.21805894 -0.28882244 0.54338738
v 1.21805894 -0.28882244 0.54338738
v 1.21805894 -0.28882244 0.54338738
v 1.25066376 -0.06805648 0.54005072
v 1.25066376 -0.06805648 0.54005072
v 1.25066376 -0.06805648 0.54005072
v 1.24608457 -0.05426685 0.51778042
v 1.24608457 -0.05426685 0.51778042
v 1.24608457 -0.05426685 0.51778042
v 1.24608457 -0.05426685 0.51778042
v 1.24608457 -0.05426685 0.51778042
v 1.24608457 -0.05426685 0.51778042
v 1.24608457 -0.05426685 0.51778042
v 1.24608457 -0.05426685 0.51778042
v 1.24608457 -0.05426685 0.51778042
v 1.25422513 -0.02207638 0.54338738
v 1.25422513 -0.02207638 0.54338738
v 1.25422513 -0.02207638 0.54338738
v 1.25422513 -0.02207638 0.54338738
v 1.25422513 -0.02207638 0.54338738
v 1.25422513 -0.02207638 0.54338738
v 1.25422513 -0.02207638 0.54338738
v 1.25422513 -0.02207638 0.54338738
v 1.26529133 -0.02207638 0.58785037
v 1.26529133 -0.02207638 0.58785037
v 1.26529133 -0.02207638 0.58785037
v 1.26529133 -0.02207638 0.58785037
v 1.26529133 -0.02207638 0.58785037
v 1.26529133 -0.02207638 0.58785037
v 1.26529133 -0.02207638 0.58785037
v 1.26533365 -0.00003053 0.58785037
v 1.26533365 -0.00003053 0.58785037
v 1.26533365 -0.00003053 0.58785037
v 1.26533365 -0.00003053 0.58785037
v 1.16391551 -0.00003053 0.27241923
v 1.16391551 -0.00003053 0.27241923
v 1.16391551 -0.00003053 0.27241923
v 1.16391551 -0.00003053 0.27241923
v 1.16395795 -0.02251554 0.27234162
v 1.16395795 -0.02251554 0.27234162
v 1.16395795 -0.02251554 0.27234162
v 1.16395795 -0.02251554 0.27234162
v 1.16395795 -0.02251554 0.27234162
v 1.16395795 -0.02251554 0.27234162
v 1.15632617 -0.00797934 0.25395116
v 1.15632617 -0.00797934 0.25395116
v 1.15632617 -0.00797934 0.25395116
v 1.15632617 -0.00797934 0.25395116
v 1.15632617 -0.00797934 0.25395116
v 1.15221345 -0.03204533 0.24789864
v 1.15221345 -0.03204533 0.24789864
v 1.15221345 -0.03204533 0.24789864
v 1.15221345 -0.03204533 0.24789864
v 1.07110441 -0.42895851 0.24789864
v 1.07110441 -0.42895851 0.24789864
v 1.07110441 -0.42895851 0.24789864
v 1.07110441 -0.42895851 0.24789864
v 1.06847572 -0.44867682 0.25883982
v 1.06847572 -0.44867682 0.25883982
v 1.06847572 -0.44867682 0.25883982
v 1.06847572 -0.44867682 0.25883982
v 1.08806396 -0.42223939 0.27660945
v 1.08806396 -0.42223939 0.27660945
v 1.08806396 -0.42223939 0.27660945
v 1.08806396 -0.42223939 0.27660945
v 1.08806396 -0.42223939 0.27660945
v 1.08806396 -0.42223939 0.27660945
v 1.08806396 -0.42223939 0.27660945
v 1.08806396 -0.42223939 0.27660945
v 1.08806396 -0.42223939 0.27660945
v 1.20220184 -0.27261743 0.47161030
v 1.20220184 -0.27261743 0.47161030
v 1.20220184 -0.27261743 0.47161030
v 1.20220184 -0.27261743 0.47161030
v 1.20220184 -0.27261743 0.47161030
v 1.20220184 -0.27261743 0.47161030
v 1.20220184 -0.27261743 0.47161030
v 1.20220184 -0.27261743 0.47161030
v 1.20220184 -0.27261743 0.47161030
v 1.20220184 -0.27261743 0.47161030
v 1.20466089 -0.24077828 0.45585816
v 1.20466089 -0.24077828 0.45585816
v 1.20466089 -0.24077828 0.45585816
v 1.20466089 -0.24077828 0.45585816
v 1.20092976 -0.22365102 0.43118236
v 1.20092976 -0.22365102 0.43118236
v 1.20092976 -0.22365102 0.43118236
v 1.20092976 -0.22365102 0.43118236
v 1.20092976 -0.22365102 0.43118236
v 1.20092976 -0.22365102 0.43118236
v 1.20092976 -0.22365102 0.43118236
v 1.20092976 -0.22365102 0.43118236
v 1.21267438 -0.19993636 0.45446141
v 1.21267438 -0.19993636 0.45446141
v 1.21267438 -0.19993636 0.45446141
v 1.21267438 -0.19993636 0.45446141
v 1.21924615 -0.15549332 0.45446141
v 1.21924615 -0.15549332 0.45446141
v 1.21924615 -0.15549332 0.45446141
v 1.21924615 -0.15549332 0.45446141
v 1.21924615 -0.15549332 0.45446141
v 1.21924615 -0.15549332 0.45446141
v 1.23607850 -0.11100636 0.49892439
v 1.23607850 -0.11100636 0.49892439
v 1.23607850 -0.11100636 0.49892439
v 1.23607850 -0.11100636 0.49892439
v 1.22331643 -0.11100636 0.45446141
v 1.22331643 -0.11100636 0.45446141
v 1.22331643 -0.11100636 0.45446141
v 1.22331643 -0.11100636 0.45446141
v 1.22331643 -0.11100636 0.45446141
v 1.22331643 -0.11100636 0.45446141
v 1.22331643 -0.11100636 0.45446141
v 1.22331643 -0.11100636 0.45446141
v 1.16595078 -0.42491826 0.49667409
v 1.16595078 -0.42491826 0.49667409
v 1.16595078 -0.42491826 0.49667409
v 1.16595078 -0.42491826 0.49667409
v 1.15607178 -0.39984223 0.43234631
v 1.15607178 -0.39984223 0.43234631
v 1.15607178 -0.39984223 0.43234631
v 1.15607178 -0.39984223 0.43234631
v 1.15607178 -0.39984223 0.43234631
v 1.15607178 -0.39984223 0.43234631
v 1.15607178 -0.39984223 0.43234631
v 1.15607178 -0.39984223 0.43234631
v 1.15607178 -0.39984223 0.43234631
v 1.15607178 -0.39984223 0.43234631
v 1.15607178 -0.39984223 0.43234631
v 1.15607178 -0.39984223 0.43234631
v 1.15607178 -0.39984223 0.43234631
v 1.15607178 -0.39984223 0.43234631
v 1.15607178 -0.39984223 0.43234631
v 1.15607178 -0.39984223 0.43234631
v 1.18159592 -0.37775245 0.49892439
v 1.18159592 -0.37775245 0.49892439
v 1.18159592 -0.37775245 0.49892439
v 1.18159592 -0.37775245 0.49892439
v 1.18159592 -0.37775245 0.49892439
v 1.18159592 -0.37775245 0.49892439
v 1.18159592 -0.37775245 0.49892439
v 1.18159592 -0.37775245 0.49892439
v 1.15806448 -0.44867682 0.50008835
v 1.15806448 -0.44867682 0.50008835
v 1.15806448 -0.44867682 0.50008835
v 1.15501177 -0.44151852 0.48037875
v 1.15501177 -0.44151852 0.48037875
v 1.15501177 -0.44151852 0.48037875
v 1.15501177 -0.44151852 0.48037875
v 1.15501177 -0.44151852 0.48037875
v 1.15501177 -0.44151852 0.48037875
v 1.15501177 -0.44151852 0.48037875
v 1.19401884 -0.33291414 0.49946757
v 1.19401884 -0.33291414 0.49946757
v 1.19401884 -0.33291414 0.49946757
v 1.19401884 -0.33291414 0.49946757
v 1.20241380 -0.31780702 0.51467655
v 1.20241380 -0.31780702 0.51467655
v 1.20241380 -0.31780702 0.51467655
v 1.20241380 -0.31780702 0.51467655
v 1.20241380 -0.31780702 0.51467655
v 1.20241380 -0.31780702 0.51467655
v 1.20610249 -0.28798804 0.49946757
v 1.20610249 -0.28798804 0.49946757
v 1.20610249 -0.28798804 0.49946757
v 1.20610249 -0.28798804 0.49946757
v 1.24672067 -0.02207638 0.51576290
v 1.24672067 -0.02207638 0.51576290
v 1.24672067 -0.02207638 0.51576290
v 1.24672067 -0.02207638 0.51576290
v 1.24672067 -0.02207638 0.51576290
v 1.22662354 -0.06651942 0.45446141
v 1.22662354 -0.06651942 0.45446141
v 1.22662354 -0.06651942 0.45446141
v 1.22662354 -0.06651942 0.45446141
v 1.21509099 -0.02207638 0.40999842
v 1.21509099 -0.02207638 0.40999842
v 1.21509099 -0.02207638 0.40999842
v 1.21509099 -0.02207638 0.40999842
v 1.21509099 -0.02207638 0.40999842
v 1.21509099 -0.02207638 0.40999842
v 1.21509099 -0.02207638 0.40999842
v 1.25973701 -0.00003053 0.56542488
v 1.25973701 -0.00003053 0.56542488
v 1.25973701 -0.00003053 0.56542488
v 1.25045168 -0.00003053 0.52941995
v 1.25045168 -0.00003053 0.52941995
v 1.25045168 -0.00003053 0.52941995
v 1.25045168 -0.00003053 0.52941995
v 1.25422513 -0.00003053 0.54338738
v 1.25422513 -0.00003053 0.54338738
v 1.25422513 -0.00003053 0.54338738
v 1.18375826 -0.00003053 0.32107243
v 1.18375826 -0.00003053 0.32107243
v 1.18375826 -0.00003053 0.32107243
v 1.18375826 -0.00003053 0.32107243
v 1.18384302 -0.02207638 0.32107243
v 1.18384302 -0.02207638 0.32107243
v 1.18384302 -0.02207638 0.32107243
v 1.18384302 -0.02207638 0.32107243
v 1.18384302 -0.02207638 0.32107243
v 1.18384302 -0.02207638 0.32107243
v 1.18384302 -0.02207638 0.32107243
v 1.16459394 -0.06651942 0.27932537
v 1.16459394 -0.06651942 0.27932537
v 1.16459394 -0.06651942 0.27932537
v 1.16459394 -0.06651942 0.27932537
v 1.16459394 -0.06651942 0.27932537
v 1.16459394 -0.06651942 0.27932537
v 1.16459394 -0.06651942 0.27932537
v 1.15594459 -0.03762266 0.25472715
v 1.15594459 -0.03762266 0.25472715
v 1.15594459 -0.03762266 0.25472715
v 1.15594459 -0.03762266 0.25472715
v 1.15594459 -0.03762266 0.25472715
v 1.15594459 -0.03762266 0.25472715
v 1.15145028 -0.04631804 0.24789864
v 1.15145028 -0.04631804 0.24789864
v 1.15145028 -0.04631804 0.24789864
v 1.15145028 -0.04631804 0.24789864
v 1.07373321 -0.42223939 0.24789864
v 1.07373321 -0.42223939 0.24789864
v 1.07373321 -0.42223939 0.24789864
v 1.07763386 -0.44867682 0.27893737
v 1.07763386 -0.44867682 0.27893737
v 1.07763386 -0.44867682 0.27893737
v 1.11045051 -0.39558235 0.30190603
v 1.11045051 -0.39558235 0.30190603
v 1.11045051 -0.39558235 0.30190603
v 1.11045051 -0.39558235 0.30190603
v 1.11045051 -0.39558235 0.30190603
v 1.11045051 -0.39558235 0.30190603
v 1.11045051 -0.39558235 0.30190603
v 1.11045051 -0.39558235 0.30190603
v 1.11045051 -0.39558235 0.30190603
v 1.11045051 -0.39558235 0.30190603
v 1.11045051 -0.39558235 0.30190603
v 1.10527790 -0.42425951 0.31843415
v 1.10527790 -0.42425951 0.31843415
v 1.10527790 -0.42425951 0.31843415
v 1.10527790 -0.42425951 0.31843415
v 1.10527790 -0.42425951 0.31843415
v 1.10527790 -0.42425951 0.31843415
v 1.10527790 -0.42425951 0.31843415
v 1.08424807 -0.44867682 0.29422395
v 1.08424807 -0.44867682 0.29422395
v 1.08424807 -0.44867682 0.29422395
v 1.08424807 -0.44867682 0.29422395
v 1.07492030 -0.41903353 0.24789864
v 1.07492030 -0.41903353 0.24789864
v 1.07492030 -0.41903353 0.24789864
v 1.07492030 -0.41903353 0.24789864
v 1.07492030 -0.41903353 0.24789864
v 1.18074799 -0.33330938 0.45446141
v 1.18074799 -0.33330938 0.45446141
v 1.18074799 -0.33330938 0.45446141
v 1.18074799 -0.33330938 0.45446141
v 1.18074799 -0.33330938 0.45446141
v 1.19321322 -0.28798804 0.45585816
v 1.19321322 -0.28798804 0.45585816
v 1.19321322 -0.28798804 0.45585816
v 1.19321322 -0.28798804 0.45585816
v 1.17833114 -0.28882244 0.40999842
v 1.17833114 -0.28882244 0.40999842
v 1.17833114 -0.28882244 0.40999842
v 1.17833114 -0.28882244 0.40999842
v 1.17833114 -0.28882244 0.40999842
v 1.17833114 -0.28882244 0.40999842
v 1.17833114 -0.28882244 0.40999842
v 1.17833114 -0.28882244 0.40999842
v 1.17833114 -0.28882244 0.40999842
v 1.17833114 -0.28882244 0.40999842
v 1.19753790 -0.25325045 0.44196831
v 1.19753790 -0.25325045 0.44196831
v 1.19753790 -0.25325045 0.44196831
v 1.19753790 -0.25325045 0.44196831
v 1.19753790 -0.25325045 0.44196831
v 1.19821620 -0.30226073 0.48503456
v 1.19821620 -0.30226073 0.48503456
v 1.19821620 -0.30226073 0.48503456
v 1.19821620 -0.30226073 0.48503456
v 1.19821620 -0.30226073 0.48503456
v 1.19821620 -0.30226073 0.48503456
v 1.19821620 -0.30226073 0.48503456
v 1.20330417 -0.19993636 0.42388826
v 1.20330417 -0.19993636 0.42388826
v 1.20330417 -0.19993636 0.42388826
v 1.20330417 -0.19993636 0.42388826
v 1.20330417 -0.19993636 0.42388826
v 1.20330417 -0.19993636 0.42388826
v 1.19130528 -0.24077828 0.41380067
v 1.19130528 -0.24077828 0.41380067
v 1.19130528 -0.24077828 0.41380067
v 1.19130528 -0.24077828 0.41380067
v 1.19130528 -0.24077828 0.41380067
v 1.18371582 -0.19993636 0.36553542
v 1.18371582 -0.19993636 0.36553542
v 1.18371582 -0.19993636 0.36553542
v 1.18371582 -0.19993636 0.36553542
v 1.18371582 -0.19993636 0.36553542
v 1.18371582 -0.19993636 0.36553542
v 1.18371582 -0.19993636 0.36553542
v 1.18371582 -0.19993636 0.36553542
v 1.18371582 -0.19993636 0.36553542
v 1.18371582 -0.19993636 0.36553542
v 1.19601154 -0.19993636 0.40169555
v 1.19601154 -0.19993636 0.40169555
v 1.19601154 -0.19993636 0.40169555
v 1.19601154 -0.19993636 0.40169555
v 1.20648408 -0.15549332 0.41395587
v 1.20648408 -0.15549332 0.41395587
v 1.20648408 -0.15549332 0.41395587
v 1.20648408 -0.15549332 0.41395587
v 1.20648408 -0.15549332 0.41395587
v 1.20648408 -0.15549332 0.41395587
v 1.20758641 -0.11425616 0.40588578
v 1.20758641 -0.11425616 0.40588578
v 1.20758641 -0.11425616 0.40588578
v 1.20758641 -0.11425616 0.40588578
v 1.20758641 -0.11425616 0.40588578
v 1.21301341 -0.06651942 0.40999842
v 1.21301341 -0.06651942 0.40999842
v 1.21301341 -0.06651942 0.40999842
v 1.21301341 -0.06651942 0.40999842
v 1.21301341 -0.06651942 0.40999842
v 1.21301341 -0.06651942 0.40999842
v 1.21301341 -0.06651942 0.40999842
v 1.15187430 -0.42491826 0.45011599
v 1.15187430 -0.42491826 0.45011599
v 1.15187430 -0.42491826 0.45011599
v 1.15187430 -0.42491826 0.45011599
v 1.13957858 -0.42223939 0.40999842
v 1.13957858 -0.42223939 0.40999842
v 1.13957858 -0.42223939 0.40999842
v 1.13957858 -0.42223939 0.40999842
v 1.13957858 -0.42223939 0.40999842
v 1.13957858 -0.42223939 0.40999842
v 1.12249184 -0.42425951 0.36390591
v 1.12249184 -0.42425951 0.36390591
v 1.12249184 -0.42425951 0.36390591
v 1.12249184 -0.42425951 0.36390591
v 1.12249184 -0.42425951 0.36390591
v 1.12249184 -0.42425951 0.36390591
v 1.11617446 -0.41077730 0.33154802
v 1.11617446 -0.41077730 0.33154802
v 1.11617446 -0.41077730 0.33154802
v 1.11617446 -0.41077730 0.33154802
v 1.11617446 -0.41077730 0.33154802
v 1.13902736 -0.37775245 0.36553542
v 1.13902736 -0.37775245 0.36553542
v 1.13902736 -0.37775245 0.36553542
v 1.13902736 -0.37775245 0.36553542
v 1.13902736 -0.37775245 0.36553542
v 1.13902736 -0.37775245 0.36553542
v 1.13902736 -0.37775245 0.36553542
v 1.15242553 -0.38214403 0.40743773
v 1.15242553 -0.38214403 0.40743773
v 1.15242553 -0.38214403 0.40743773
v 1.15242553 -0.38214403 0.40743773
v 1.16014206 -0.37019888 0.42055159
v 1.16014206 -0.37019888 0.42055159
v 1.16014206 -0.37019888 0.42055159
v 1.16014206 -0.37019888 0.42055159
v 1.16014206 -0.37019888 0.42055159
v 1.16616273 -0.38214403 0.45011599
v 1.16616273 -0.38214403 0.45011599
v 1.16616273 -0.38214403 0.45011599
v 1.16616273 -0.38214403 0.45011599
v 1.14950001 -0.44867682 0.47300704
v 1.14950001 -0.44867682 0.47300704
v 1.14950001 -0.44867682 0.47300704
v 1.13444841 -0.44867682 0.42792330
v 1.13444841 -0.44867682 0.42792330
v 1.13444841 -0.44867682 0.42792330
v 1.13444841 -0.44867682 0.42792330
v 1.13444841 -0.44867682 0.42792330
v 1.24672067 -0.00003053 0.51576290
v 1.24672067 -0.00003053 0.51576290
v 1.24672067 -0.00003053 0.51576290
v 1.24672067 -0.00003053 0.51576290
v 1.20449138 -0.02207638 0.37686457
v 1.20449138 -0.02207638 0.37686457
v 1.20449138 -0.02207638 0.37686457
v 1.20449138 -0.02207638 0.37686457
v 1.20449138 -0.02207638 0.37686457
v 1.20449138 -0.02207638 0.37686457
v 1.20449138 -0.02207638 0.37686457
v 1.20449138 -0.02207638 0.37686457
v 1.20449138 -0.02207638 0.37686457
v 1.21496379 -0.00003053 0.40999842
v 1.21496379 -0.00003053 0.40999842
v 1.21496379 -0.00003053 0.40999842
v 1.21496379 -0.00003053 0.40999842
v 1.19003332 -0.00003053 0.33783337
v 1.19003332 -0.00003053 0.33783337
v 1.19003332 -0.00003053 0.33783337
v 1.19643545 -0.02207638 0.35467187
v 1.19643545 -0.02207638 0.35467187
v 1.19643545 -0.02207638 0.35467187
v 1.19643545 -0.02207638 0.35467187
v 1.19643545 -0.02207638 0.35467187
v 1.19643545 -0.02207638 0.35467187
v 1.19537556 -0.06651942 0.35777575
v 1.19537556 -0.06651942 0.35777575
v 1.19537556 -0.06651942 0.35777575
v 1.19537556 -0.06651942 0.35777575
v 1.19537556 -0.06651942 0.35777575
v 1.19537556 -0.06651942 0.35777575
v 1.19537556 -0.06651942 0.35777575
v 1.19537556 -0.06651942 0.35777575
v 1.18159592 -0.06651942 0.32107243
v 1.18159592 -0.06651942 0.32107243
v 1.18159592 -0.06651942 0.32107243
v 1.18159592 -0.06651942 0.32107243
v 1.18159592 -0.06651942 0.32107243
v 1.18159592 -0.06651942 0.32107243
v 1.16272843 -0.11100636 0.28351557
v 1.16272843 -0.11100636 0.28351557
v 1.16272843 -0.11100636 0.28351557
v 1.16272843 -0.11100636 0.28351557
v 1.15492702 -0.06651942 0.25705504
v 1.15492702 -0.06651942 0.25705504
v 1.15492702 -0.06651942 0.25705504
v 1.15492702 -0.06651942 0.25705504
v 1.15492702 -0.06651942 0.25705504
v 1.15492702 -0.06651942 0.25705504
v 1.14848244 -0.08281227 0.24789864
v 1.14848244 -0.08281227 0.24789864
v 1.14848244 -0.08281227 0.24789864
v 1.12117743 -0.37955299 0.31843415
v 1.12117743 -0.37955299 0.31843415
v 1.12117743 -0.37955299 0.31843415
v 1.12117743 -0.37955299 0.31843415
v 1.10387874 -0.37955299 0.27715266
v 1.10387874 -0.37955299 0.27715266
v 1.10387874 -0.37955299 0.27715266
v 1.10387874 -0.37955299 0.27715266
v 1.10387874 -0.37955299 0.27715266
v 1.10387874 -0.37955299 0.27715266
v 1.11447847 -0.36593899 0.29243919
v 1.11447847 -0.36593899 0.29243919
v 1.11447847 -0.36593899 0.29243919
v 1.11447847 -0.36593899 0.29243919
v 1.11447847 -0.36593899 0.29243919
v 1.11447847 -0.36593899 0.29243919
v 1.14759195 -0.28825152 0.32285717
v 1.14759195 -0.28825152 0.32285717
v 1.14759195 -0.28825152 0.32285717
v 1.14759195 -0.28825152 0.32285717
v 1.14759195 -0.28825152 0.32285717
v 1.14759195 -0.28825152 0.32285717
v 1.13478756 -0.33330938 0.32107243
v 1.13478756 -0.33330938 0.32107243
v 1.13478756 -0.33330938 0.32107243
v 1.13478756 -0.33330938 0.32107243
v 1.13478756 -0.33330938 0.32107243
v 1.10994184 -0.44042063 0.34799854
v 1.10994184 -0.44042063 0.34799854
v 1.10994184 -0.44042063 0.34799854
v 1.10994184 -0.44042063 0.34799854
v 1.10994184 -0.44042063 0.34799854
v 1.10994184 -0.44042063 0.34799854
v 1.10994184 -0.44042063 0.34799854
v 1.10298836 -0.44867682 0.33954050
v 1.10298836 -0.44867682 0.33954050
v 1.10298836 -0.44867682 0.33954050
v 1.10298836 -0.44867682 0.33954050
v 1.09518695 -0.44867682 0.31990850
v 1.09518695 -0.44867682 0.31990850
v 1.09518695 -0.44867682 0.31990850
v 1.08874238 -0.37849900 0.24789864
v 1.08874238 -0.37849900 0.24789864
v 1.08874238 -0.37849900 0.24789864
v 1.16510272 -0.33537343 0.40743773
v 1.16510272 -0.33537343 0.40743773
v 1.16510272 -0.33537343 0.40743773
v 1.16510272 -0.33537343 0.40743773
v 1.15908206 -0.32193512 0.37927008
v 1.15908206 -0.32193512 0.37927008
v 1.15908206 -0.32193512 0.37927008
v 1.15908206 -0.32193512 0.37927008
v 1.15908206 -0.32193512 0.37927008
v 1.15908206 -0.32193512 0.37927008
v 1.16306758 -0.28825152 0.36491466
v 1.16306758 -0.28825152 0.36491466
v 1.16306758 -0.28825152 0.36491466
v 1.16306758 -0.28825152 0.36491466
v 1.16306758 -0.28825152 0.36491466
v 1.17409122 -0.24437942 0.36553542
v 1.17409122 -0.24437942 0.36553542
v 1.17409122 -0.24437942 0.36553542
v 1.17409122 -0.24437942 0.36553542
v 1.17409122 -0.24437942 0.36553542
v 1.17409122 -0.24437942 0.36553542
v 1.19931865 -0.15549332 0.39176315
v 1.19931865 -0.15549332 0.39176315
v 1.19931865 -0.15549332 0.39176315
v 1.19931865 -0.15549332 0.39176315
v 1.19931865 -0.15549332 0.39176315
v 1.19931865 -0.15549332 0.39176315
v 1.19028771 -0.15549332 0.36553542
v 1.19028771 -0.15549332 0.36553542
v 1.19028771 -0.15549332 0.36553542
v 1.19028771 -0.15549332 0.36553542
v 1.19028771 -0.15549332 0.36553542
v 1.19028771 -0.15549332 0.36553542
v 1.19028771 -0.15549332 0.36553542
v 1.16120207 -0.24437942 0.33015127
v 1.16120207 -0.24437942 0.33015127
v 1.16120207 -0.24437942 0.33015127
v 1.16120207 -0.24437942 0.33015127
v 1.16120207 -0.24437942 0.33015127
v 1.16120207 -0.24437942 0.33015127
v 1.16556919 -0.20248349 0.31765817
v 1.16556919 -0.20248349 0.31765817
v 1.16556919 -0.20248349 0.31765817
v 1.16556919 -0.20248349 0.31765817
v 1.15861571 -0.18935260 0.29305997
v 1.15861571 -0.18935260 0.29305997
v 1.15861571 -0.18935260 0.29305997
v 1.15861571 -0.18935260 0.29305997
v 1.15861571 -0.18935260 0.29305997
v 1.15861571 -0.18935260 0.29305997
v 1.15861571 -0.18935260 0.29305997
v 1.17400646 -0.15549332 0.32107243
v 1.17400646 -0.15549332 0.32107243
v 1.17400646 -0.15549332 0.32107243
v 1.17400646 -0.15549332 0.32107243
v 1.17400646 -0.15549332 0.32107243
v 1.17400646 -0.15549332 0.32107243
v 1.20042109 -0.13125166 0.38834889
v 1.20042109 -0.13125166 0.38834889
v 1.20042109 -0.13125166 0.38834889
v 1.20042109 -0.13125166 0.38834889
v 1.20042109 -0.13125166 0.38834889
v 1.20177782 -0.10160834 0.38439147
v 1.20177782 -0.10160834 0.38439147
v 1.20177782 -0.10160834 0.38439147
v 1.20177782 -0.10160834 0.38439147
v 1.20177782 -0.10160834 0.38439147
v 1.20334661 -0.06651942 0.38004604
v 1.20334661 -0.06651942 0.38004604
v 1.20334661 -0.06651942 0.38004604
v 1.20334661 -0.06651942 0.38004604
v 1.20334661 -0.06651942 0.38004604
v 1.12851250 -0.44867682 0.41030881
v 1.12851250 -0.44867682 0.41030881
v 1.12851250 -0.44867682 0.41030881
v 1.11884546 -0.44867682 0.38214114
v 1.11884546 -0.44867682 0.38214114
v 1.11884546 -0.44867682 0.38214114
v 1.11884546 -0.44867682 0.38214114
v 1.11651361 -0.44867682 0.37562302
v 1.11651361 -0.44867682 0.37562302
v 1.11651361 -0.44867682 0.37562302
v 1.11651361 -0.44867682 0.37562302
v 1.15505421 -0.35157844 0.39083199
v 1.15505421 -0.35157844 0.39083199
v 1.15505421 -0.35157844 0.39083199
v 1.15505421 -0.35157844 0.39083199
v 1.15505421 -0.35157844 0.39083199
v 1.15505421 -0.35157844 0.39083199
v 1.15390944 -0.30265599 0.34962809
v 1.15390944 -0.30265599 0.34962809
v 1.15390944 -0.30265599 0.34962809
v 1.15390944 -0.30265599 0.34962809
v 1.15390944 -0.30265599 0.34962809
v 1.15390944 -0.30265599 0.34962809
v 1.15390944 -0.30265599 0.34962809
v 1.15039039 -0.33537343 0.36491466
v 1.15039039 -0.33537343 0.36491466
v 1.15039039 -0.33537343 0.36491466
v 1.15039039 -0.33537343 0.36491466
v 1.20046341 -0.00003053 0.36607862
v 1.20046341 -0.00003053 0.36607862
v 1.20046341 -0.00003053 0.36607862
v 1.20440650 -0.00003053 0.37701976
v 1.20440650 -0.00003053 0.37701976
v 1.20440650 -0.00003053 0.37701976
v 1.19639313 -0.00003053 0.35482706
v 1.19639313 -0.00003053 0.35482706
v 1.19639313 -0.00003053 0.35482706
v 1.19639313 -0.00003053 0.35482706
v 1.17786479 -0.11100636 0.32107243
v 1.17786479 -0.11100636 0.32107243
v 1.17786479 -0.11100636 0.32107243
v 1.17786479 -0.11100636 0.32107243
v 1.16082048 -0.15549332 0.28786099
v 1.16082048 -0.15549332 0.28786099
v 1.16082048 -0.15549332 0.28786099
v 1.16082048 -0.15549332 0.28786099
v 1.16082048 -0.15549332 0.28786099
v 1.16082048 -0.15549332 0.28786099
v 1.16082048 -0.15549332 0.28786099
v 1.15306139 -0.11100636 0.26124528
v 1.15306139 -0.11100636 0.26124528
v 1.15306139 -0.11100636 0.26124528
v 1.15306139 -0.11100636 0.26124528
v 1.15306139 -0.11100636 0.26124528
v 1.15306139 -0.11100636 0.26124528
v 1.15306139 -0.11100636 0.26124528
v 1.14398813 -0.13133951 0.24789864
v 1.14398813 -0.13133951 0.24789864
v 1.14398813 -0.13133951 0.24789864
v 1.14398813 -0.13133951 0.24789864
v 1.09505975 -0.35812193 0.24789864
v 1.09505975 -0.35812193 0.24789864
v 1.09505975 -0.35812193 0.24789864
v 1.09505975 -0.35812193 0.24789864
v 1.09505975 -0.35812193 0.24789864
v 1.10794902 -0.34191692 0.26279724
v 1.10794902 -0.34191692 0.26279724
v 1.10794902 -0.34191692 0.26279724
v 1.10794902 -0.34191692 0.26279724
v 1.10794902 -0.34191692 0.26279724
v 1.11765838 -0.32957652 0.27715266
v 1.11765838 -0.32957652 0.27715266
v 1.11765838 -0.32957652 0.27715266
v 1.11765838 -0.32957652 0.27715266
v 1.12834287 -0.28882244 0.27660945
v 1.12834287 -0.28882244 0.27660945
v 1.12834287 -0.28882244 0.27660945
v 1.12834287 -0.28882244 0.27660945
v 1.12834287 -0.28882244 0.27660945
v 1.12834287 -0.28882244 0.27660945
v 1.15781021 -0.27301264 0.33891973
v 1.15781021 -0.27301264 0.33891973
v 1.15781021 -0.27301264 0.33891973
v 1.15781021 -0.27301264 0.33891973
v 1.15781021 -0.27301264 0.33891973
v 1.15781021 -0.27301264 0.33891973
v 1.15781021 -0.27301264 0.33891973
v 1.15259504 -0.24437942 0.30795856
v 1.15259504 -0.24437942 0.30795856
v 1.15259504 -0.24437942 0.30795856
v 1.15259504 -0.24437942 0.30795856
v 1.15259504 -0.24437942 0.30795856
v 1.15259504 -0.24437942 0.30795856
v 1.11354566 -0.44867682 0.36747536
v 1.11354566 -0.44867682 0.36747536
v 1.11354566 -0.44867682 0.36747536
v 1.10811865 -0.44867682 0.35288715
v 1.10811865 -0.44867682 0.35288715
v 1.10811865 -0.44867682 0.35288715
v 1.15543580 -0.21899593 0.30058688
v 1.15543580 -0.21899593 0.30058688
v 1.15543580 -0.21899593 0.30058688
v 1.15543580 -0.21899593 0.30058688
v 1.15543580 -0.21899593 0.30058688
v 1.15543580 -0.21899593 0.30058688
v 1.14899111 -0.20248349 0.27754061
v 1.14899111 -0.20248349 0.27754061
v 1.14899111 -0.20248349 0.27754061
v 1.14899111 -0.20248349 0.27754061
v 1.14899111 -0.20248349 0.27754061
v 1.14899111 -0.20248349 0.27754061
v 1.14899111 -0.20248349 0.27754061
v 1.14899111 -0.20248349 0.27754061
v 1.15111113 -0.15549332 0.26566833
v 1.15111113 -0.15549332 0.26566833
v 1.15111113 -0.15549332 0.26566833
v 1.15111113 -0.15549332 0.26566833
v 1.15111113 -0.15549332 0.26566833
v 1.15111113 -0.15549332 0.26566833
v 1.14169860 -0.15549332 0.24789864
v 1.14169860 -0.15549332 0.24789864
v 1.14169860 -0.15549332 0.24789864
v 1.14169860 -0.15549332 0.24789864
v 1.11201930 -0.31227359 0.25371841
v 1.11201930 -0.31227359 0.25371841
v 1.11201930 -0.31227359 0.25371841
v 1.11201930 -0.31227359 0.25371841
v 1.11201930 -0.31227359 0.25371841
v 1.11201930 -0.31227359 0.25371841
v 1.11201930 -0.31227359 0.25371841
v 1.11201930 -0.31227359 0.25371841
v 1.11201930 -0.31227359 0.25371841
v 1.10710108 -0.31798267 0.24789864
v 1.10710108 -0.31798267 0.24789864
v 1.10710108 -0.31798267 0.24789864
v 1.13923943 -0.24437942 0.27660945
v 1.13923943 -0.24437942 0.27660945
v 1.13923943 -0.24437942 0.27660945
v 1.13923943 -0.24437942 0.27660945
v 1.13923943 -0.24437942 0.27660945
v 1.13923943 -0.24437942 0.27660945
v 1.13923943 -0.24437942 0.27660945
v 1.12512064 -0.24437942 0.24789864
v 1.12512064 -0.24437942 0.24789864
v 1.12512064 -0.24437942 0.24789864
v 1.12512064 -0.24437942 0.24789864
v 1.12728298 -0.23449828 0.24789864
v 1.12728298 -0.23449828 0.24789864
v 1.12728298 -0.23449828 0.24789864
v 1.13385475 -0.20178083 0.24789864
v 1.13385475 -0.20178083 0.24789864
v 1.13385475 -0.20178083 0.24789864
v 1.13817942 -0.17740743 0.24789864
v 1.13817942 -0.17740743 0.24789864
v 1.13817942 -0.17740743 0.24789864
v 1.13817942 -0.17740743 0.24789864
v 1.10998416 -0.30735502 0.24789864
v 1.10998416 -0.30735502 0.24789864
v 1.10998416 -0.30735502 0.24789864
v 1.11498725 -0.28882244 0.24789864
v 1.11498725 -0.28882244 0.24789864
v 1.11498725 -0.28882244 0.24789864
v 1.11528409 -0.28763673 0.24789864
v 1.11528409 -0.28763673 0.24789864
v 1.11528409 -0.28763673 0.24789864
v 1.11528409 -0.28763673 0.24789864
vn 0.00000000 -1.00000000 0.00000000
vn 0.09470014 -0.02777228 0.99511838
vn 0.29373211 -0.10482322 0.95012291
vn -0.05285278 0.01323735 0.99851457
vn -0.10392830 0.02334760 0.99431072
vn -0.32343134 0.02221299 0.94599088
vn 0.00000000 -1.00000000 0.00000000
vn 0.29373211 -0.10482322 0.95012291
vn 0.30593179 -0.10735853 0.94598091
vn 0.39093154 -0.13816782 0.90999021
vn 0.09470014 -0.02777228 0.99511838
vn 0.18667419 -0.02740727 0.98203951
vn 0.25444862 -0.03876541 0.96630903
vn 0.28547726 -0.04508626 0.95732438
vn 0.29373211 -0.10482322 0.95012291
vn 0.30593179 -0.10735853 0.94598091
vn 0.32165446 -0.05446601 0.94528930
vn 0.41734114 -0.08865806 0.90441479
vn 0.42991149 -0.10181247 0.89711222
vn 0.01029073 0.00351997 0.99994085
vn 0.09470014 -0.02777228 0.99511838
vn 0.14501765 -0.01900003 0.98924662
vn 0.18667419 -0.02740727 0.98203951
vn -0.05285278 0.01323735 0.99851457
vn 0.00000000 1.00000000 -0.00000000
vn 0.01029073 0.00351997 0.99994085
vn 0.45999651 0.00312562 0.88791522
vn -0.05285278 0.01323735 0.99851457
vn -0.10392830 0.02334760 0.99431072
vn -0.27130390 0.05854483 0.96071156
vn -0.10392830 0.02334760 0.99431072
vn -0.27130390 0.05854483 0.96071156
vn -0.32343134 0.02221299 0.94599088
vn -0.36256028 0.06755656 0.92950856
vn 0.00000000 -1.00000000 0.00000000
vn -0.32343134 0.02221299 0.94599088
vn -0.36256028 0.06755656 0.92950856
vn -0.44028810 0.07989024 0.89429522
vn 0.00000000 -1.00000000 0.00000000
vn 0.39093154 -0.13816782 0.90999021
vn 0.48128285 -0.13669252 0.86584177
vn 0.60591465 -0.17801667 0.77535637
vn 0.65293765 -0.20354286 0.72954968
vn 0.82860433 -0.41914621 0.37112170
vn 0.30593179 -0.10735853 0.94598091
vn 0.39093154 -0.13816782 0.90999021
vn 0.42991149 -0.10181247 0.89711222
vn 0.45873257 -0.11589186 0.88098440
vn 0.48128285 -0.13669252 0.86584177
vn 0.41734114 -0.08865806 0.90441479
vn 0.42991149 -0.10181247 0.89711222
vn 0.45873257 -0.11589186 0.88098440
vn 0.55396122 -0.09227769 0.82741271
vn 0.55794438 -0.09312132 0.82463718
vn 0.58634611 -0.10573136 0.80313082
vn 0.61946704 -0.12825506 0.77447481
vn 0.32165446 -0.05446601 0.94528930
vn 0.41734114 -0.08865806 0.90441479
vn 0.50503899 -0.04964786 0.86166740
vn 0.52975011 -0.05663056 0.84626107
vn 0.54769214 -0.06423239 0.83421071
vn 0.55396122 -0.09227769 0.82741271
vn 0.55614186 -0.09189471 0.82599128
vn 0.55704489 -0.07226300 0.82733249
vn 0.28547726 -0.04508626 0.95732438
vn 0.32165446 -0.05446601 0.94528930
vn 0.48555209 -0.04112621 0.87323983
vn 0.50503899 -0.04964786 0.86166740
vn 0.25444862 -0.03876541 0.96630903
vn 0.28547726 -0.04508626 0.95732438
vn 0.47896385 -0.03518778 0.87712910
vn 0.48555209 -0.04112621 0.87323983
vn 0.14501765 -0.01900003 0.98924662
vn 0.18667419 -0.02740727 0.98203951
vn 0.25444862 -0.03876541 0.96630903
vn 0.46474443 -0.01700322 0.88528160
vn 0.47904111 -0.03026424 0.87727059
vn 0.47896385 -0.03518778 0.87712910
vn 0.01029073 0.00351997 0.99994085
vn 0.14501765 -0.01900003 0.98924662
vn 0.45999651 0.00312562 0.88791522
vn 0.46432058 -0.00087259 0.88566677
vn 0.46474443 -0.01700322 0.88528160
vn 0.46481088 -0.00178953 0.88540818
vn 0.00000000 1.00000000 -0.00000000
vn 0.45999651 0.00312562 0.88791522
vn 0.46432058 -0.00087259 0.88566677
vn 0.00000000 1.00000000 -0.00000000
vn -0.27130390 0.05854483 0.96071156
vn -0.36256028 0.06755656 0.92950856
vn -0.44028810 0.07989024 0.89429522
vn -0.69832204 0.13153215 0.70359478
vn 0.00000000 -1.00000000 0.00000000
vn -0.44028810 0.07989024 0.89429522
vn -0.69832204 0.13153215 0.70359478
vn -0.70032824 0.13183813 0.70154049
vn -0.82243266 0.14319580 0.55054472
vn 0.65293765 -0.20354286 0.72954968
vn 0.79213347 -0.19687021 0.57772544
vn 0.82860433 -0.41914621 0.37112170
vn 0.94497992 -0.30411282 0.12053361
vn 0.95654943 -0.27741420 0.08974716
vn 0.96143063 -0.23968881 0.13490896
vn 0.96194906 -0.25897073 0.08711006
vn 0.96265608 -0.25438833 0.09262749
vn 0.60591465 -0.17801667 0.77535637
vn 0.65293765 -0.20354286 0.72954968
vn 0.73666435 -0.17938669 0.65203225
vn 0.79213347 -0.19687021 0.57772544
vn 0.45873257 -0.11589186 0.88098440
vn 0.48128285 -0.13669252 0.86584177
vn 0.60591465 -0.17801667 0.77535637
vn 0.61946704 -0.12825506 0.77447481
vn 0.73666435 -0.17938669 0.65203225
vn 0.00000000 -1.00000000 0.00000000
vn 0.82860433 -0.41914621 0.37112170
vn 0.90919533 -0.36916696 -0.19256065
vn 0.94497992 -0.30411282 0.12053361
vn 0.94900096 -0.30540687 -0.07825489
vn 0.58634611 -0.10573136 0.80313082
vn 0.61946704 -0.12825506 0.77447481
vn 0.73666435 -0.17938669 0.65203225
vn 0.79213347 -0.19687021 0.57772544
vn 0.96143063 -0.23968881 0.13490896
vn 0.96255539 -0.23851898 0.12882477
vn 0.96744573 -0.23004813 0.10548280
vn 0.96783430 -0.22898952 0.10421404
vn 0.97799100 -0.07655754 0.19409419
vn 0.98295436 -0.08150295 0.16479682
vn 0.98483468 -0.08447466 0.15154106
vn 0.98585014 -0.08746682 0.14300019
vn 0.98686409 -0.13768810 0.08450595
vn 0.55614186 -0.09189471 0.82599128
vn 0.55704489 -0.07226300 0.82733249
vn 0.55794438 -0.09312132 0.82463718
vn 0.58634611 -0.10573136 0.80313082
vn 0.96173519 -0.05989315 0.26735415
vn 0.97799100 -0.07655754 0.19409419
vn 0.55396122 -0.09227769 0.82741271
vn 0.55614186 -0.09189471 0.82599128
vn 0.55794438 -0.09312132 0.82463718
vn 0.54769214 -0.06423239 0.83421071
vn 0.55704489 -0.07226300 0.82733249
vn 0.95812459 -0.05482068 0.28105508
vn 0.96173519 -0.05989315 0.26735415
vn 0.52975011 -0.05663056 0.84626107
vn 0.54769214 -0.06423239 0.83421071
vn 0.95664377 -0.05030029 0.28688427
vn 0.95812459 -0.05482068 0.28105508
vn 0.47904111 -0.03026424 0.87727059
vn 0.47896385 -0.03518778 0.87712910
vn 0.48555209 -0.04112621 0.87323983
vn 0.50503899 -0.04964786 0.86166740
vn 0.52975011 -0.05663056 0.84626107
vn 0.95160403 -0.03001390 0.30585772
vn 0.95664377 -0.05030029 0.28688427
vn 0.95685797 -0.04564395 0.28694851
vn 0.46474443 -0.01700322 0.88528160
vn 0.46481088 -0.00178953 0.88540818
vn 0.47904111 -0.03026424 0.87727059
vn 0.95134025 -0.00366268 0.30812061
vn 0.95160403 -0.03001390 0.30585772
vn 0.95200743 -0.00732020 0.30598738
vn -0.00000000 1.00000000 -0.00000000
vn 0.46432058 -0.00087259 0.88566677
vn 0.46481088 -0.00178953 0.88540818
vn 0.95134025 -0.00366268 0.30812061
vn 0.00000000 1.00000000 -0.00000000
vn -0.69832204 0.13153215 0.70359478
vn -0.70032824 0.13183813 0.70154049
vn 0.00000000 1.00000000 -0.00000000
vn -0.70032824 0.13183813 0.70154049
vn -0.82243266 0.14319580 0.55054472
vn -0.92665886 0.16802448 0.33626050
vn -0.93715733 0.21663048 0.27350937
vn -0.93817771 0.17196127 0.30041954
vn 0.00000000 -1.00000000 0.00000000
vn -0.82243266 0.14319580 0.55054472
vn -0.92665886 0.16802448 0.33626050
vn 0.94497992 -0.30411282 0.12053361
vn 0.94900096 -0.30540687 -0.07825489
vn 0.95654943 -0.27741420 0.08974716
vn 0.95917067 -0.27817440 -0.05109437
vn 0.95654943 -0.27741420 0.08974716
vn 0.95917067 -0.27817440 -0.05109437
vn 0.96194906 -0.25897073 0.08711006
vn 0.96443962 -0.25964123 -0.04942311
vn 0.96194906 -0.25897073 0.08711006
vn 0.96265608 -0.25438833 0.09262749
vn 0.96443962 -0.25964123 -0.04942311
vn 0.96536745 -0.25510483 -0.05465530
vn 0.96143063 -0.23968881 0.13490896
vn 0.96255539 -0.23851898 0.12882477
vn 0.96265608 -0.25438833 0.09262749
vn 0.96536745 -0.25510483 -0.05465530
vn 0.96597122 -0.24590969 -0.08017495
vn 0.96909127 -0.24013855 -0.05652955
vn 0.00000000 -1.00000000 0.00000000
vn 0.90300177 -0.37111738 -0.21647102
vn 0.90785312 -0.35844131 -0.21753744
vn 0.90919533 -0.36916696 -0.19256065
vn 0.90785312 -0.35844131 -0.21753744
vn 0.90919533 -0.36916696 -0.19256065
vn 0.92813082 -0.29109654 -0.23202582
vn 0.93304542 -0.27300036 -0.23430120
vn 0.93836161 -0.25477633 -0.23359475
vn 0.94199434 -0.24290419 -0.23161222
vn 0.94271346 -0.24073168 -0.23095365
vn 0.94900096 -0.30540687 -0.07825489
vn 0.95917067 -0.27817440 -0.05109437
vn 0.96443962 -0.25964123 -0.04942311
vn 0.96536745 -0.25510483 -0.05465530
vn 0.96597122 -0.24590969 -0.08017495
vn 0.96255539 -0.23851898 0.12882477
vn 0.96744573 -0.23004813 0.10548280
vn 0.96909127 -0.24013855 -0.05652955
vn 0.97221502 -0.23118221 -0.03677973
vn 0.96744573 -0.23004813 0.10548280
vn 0.96783430 -0.22898952 0.10421404
vn 0.97221502 -0.23118221 -0.03677973
vn 0.97251026 -0.23009585 -0.03577270
vn 0.96783430 -0.22898952 0.10421404
vn 0.97251026 -0.23009585 -0.03577270
vn 0.98686409 -0.13768810 0.08450595
vn 0.99001131 -0.13812720 -0.02825750
vn 0.98585014 -0.08746682 0.14300019
vn 0.98686409 -0.13768810 0.08450595
vn 0.99001131 -0.13812720 -0.02825750
vn 0.99244227 -0.08805169 -0.08547065
vn 0.98483468 -0.08447466 0.15154106
vn 0.98585014 -0.08746682 0.14300019
vn 0.99198656 -0.08508811 -0.09339530
vn 0.99244227 -0.08805169 -0.08547065
vn 0.98295436 -0.08150295 0.16479682
vn 0.98483468 -0.08447466 0.15154106
vn 0.99103286 -0.08217279 -0.10536366
vn 0.99105400 -0.08228110 -0.10507993
vn 0.99198656 -0.08508811 -0.09339530
vn 0.95664377 -0.05030029 0.28688427
vn 0.95685797 -0.04564395 0.28694851
vn 0.95812459 -0.05482068 0.28105508
vn 0.96173519 -0.05989315 0.26735415
vn 0.97799100 -0.07655754 0.19409419
vn 0.98275080 -0.06437878 -0.17336737
vn 0.98295436 -0.08150295 0.16479682
vn 0.98357506 -0.04973341 -0.17351278
vn 0.98418574 -0.04694754 -0.17080502
vn 0.99103286 -0.08217279 -0.10536366
vn 0.95160403 -0.03001390 0.30585772
vn 0.95200743 -0.00732020 0.30598738
vn 0.95685797 -0.04564395 0.28694851
vn 0.98418574 -0.04694754 -0.17080502
vn 0.98524226 -0.00778838 -0.17098838
vn 0.98527894 -0.00757604 -0.17078643
vn 0.00000000 1.00000000 -0.00000000
vn 0.95134025 -0.00366268 0.30812061
vn 0.95200743 -0.00732020 0.30598738
vn 0.98527894 -0.00757604 -0.17078643
vn -0.00000000 -1.00000000 0.00000000
vn -0.92665886 0.16802448 0.33626050
vn -0.93817771 0.17196127 0.30041954
vn 0.00000000 1.00000000 -0.00000000
vn -0.00000000 -0.00000000 -1.00000000
vn -0.93715733 0.21663048 0.27350937
vn -0.00000000 -1.00000000 0.00000000
vn 0.00000000 -0.00000000 -1.00000000
vn -0.93715733 0.21663048 0.27350937
vn -0.93817771 0.17196127 0.30041954
vn 0.94271346 -0.24073168 -0.23095365
vn 0.94359486 -0.23621843 -0.23201206
vn 0.94689672 -0.22022158 -0.23428412
vn 0.95542283 -0.17682437 -0.23643255
vn 0.95854930 -0.15916147 -0.23632788
vn 0.96082262 -0.14585116 -0.23568480
vn 0.96597122 -0.24590969 -0.08017495
vn 0.96744860 -0.10153975 -0.23180353
vn 0.96909127 -0.24013855 -0.05652955
vn 0.97221502 -0.23118221 -0.03677973
vn 0.97251026 -0.23009585 -0.03577270
vn 0.99001131 -0.13812720 -0.02825750
vn 0.99105400 -0.08228110 -0.10507993
vn 0.99198656 -0.08508811 -0.09339530
vn 0.99244227 -0.08805169 -0.08547065
vn 0.00000000 -1.00000000 0.00000000
vn 0.88599212 -0.40575962 -0.22444841
vn 0.90300177 -0.37111738 -0.21647102
vn 0.88599212 -0.40575962 -0.22444841
vn 0.88931074 -0.38175574 -0.25177166
vn 0.90216706 -0.34723199 -0.25597762
vn 0.90300177 -0.37111738 -0.21647102
vn 0.90785312 -0.35844131 -0.21753744
vn 0.92715585 -0.29017764 -0.23702103
vn 0.92813082 -0.29109654 -0.23202582
vn 0.92829226 -0.28868729 -0.23437819
vn 0.92813082 -0.29109654 -0.23202582
vn 0.92829226 -0.28868729 -0.23437819
vn 0.93267906 -0.27361543 -0.23504120
vn 0.93302178 -0.27299344 -0.23440338
vn 0.93304542 -0.27300036 -0.23430120
vn 0.93302178 -0.27299344 -0.23440338
vn 0.93304542 -0.27300036 -0.23430120
vn 0.93737416 -0.25665334 -0.23549683
vn 0.93836161 -0.25477633 -0.23359475
vn 0.93505583 -0.25601858 -0.24520416
vn 0.93701042 -0.24826350 -0.24571672
vn 0.93737416 -0.25665334 -0.23549683
vn 0.93836161 -0.25477633 -0.23359475
vn 0.93992045 -0.24267736 -0.24011925
vn 0.94199434 -0.24290419 -0.23161222
vn 0.93992045 -0.24267736 -0.24011925
vn 0.94048947 -0.24039193 -0.24019007
vn 0.94199434 -0.24290419 -0.23161222
vn 0.94271346 -0.24073168 -0.23095365
vn 0.94359486 -0.23621843 -0.23201206
vn 0.96744860 -0.10153975 -0.23180353
vn 0.96774994 -0.09873953 -0.23175540
vn 0.96913075 -0.08746118 -0.23051275
vn 0.96938990 -0.08531398 -0.23022762
vn 0.97023386 -0.08014703 -0.22852287
vn 0.97208943 -0.06892861 -0.22425651
vn 0.97224755 -0.06813175 -0.22381413
vn 0.98275080 -0.06437878 -0.17336737
vn 0.99103286 -0.08217279 -0.10536366
vn 0.99105400 -0.08228110 -0.10507993
vn 0.97224755 -0.06813175 -0.22381413
vn 0.97364920 -0.04923151 -0.22267351
vn 0.98275080 -0.06437878 -0.17336737
vn 0.98357506 -0.04973341 -0.17351278
vn 0.97364920 -0.04923151 -0.22267351
vn 0.97393773 -0.03242305 -0.22448617
vn 0.97443466 -0.00562212 -0.22460071
vn 0.98357506 -0.04973341 -0.17351278
vn 0.98418574 -0.04694754 -0.17080502
vn 0.98489839 -0.00568250 -0.17304010
vn 0.98524226 -0.00778838 -0.17098838
vn -0.00000000 1.00000000 -0.00000000
vn 0.98489839 -0.00568250 -0.17304010
vn 0.98524226 -0.00778838 -0.17098838
vn 0.98527894 -0.00757604 -0.17078643
vn -0.00000000 1.00000000 -0.00000000
vn 0.00000000 0.00000000 -1.00000000
vn 0.85656035 0.00282336 -0.51603914
vn -0.00000000 -1.00000000 0.00000000
vn 0.00000000 -0.00000000 -1.00000000
vn 0.79487545 -0.35739593 -0.49034800
vn 0.79519445 -0.35132897 -0.49420011
vn 0.94042995 -0.23282490 -0.24775810
vn 0.94048947 -0.24039193 -0.24019007
vn 0.94359486 -0.23621843 -0.23201206
vn 0.94375180 -0.22401184 -0.24321026
vn 0.94689672 -0.22022158 -0.23428412
vn 0.94356366 -0.21505869 -0.25186778
vn 0.94375180 -0.22401184 -0.24321026
vn 0.94486628 -0.20651783 -0.25412220
vn 0.94689672 -0.22022158 -0.23428412
vn 0.95542283 -0.17682437 -0.23643255
vn 0.94406226 -0.19671197 -0.26467121
vn 0.94422772 -0.19457431 -0.26565929
vn 0.94486628 -0.20651783 -0.25412220
vn 0.94800844 -0.17821425 -0.26366586
vn 0.95422208 -0.15819887 -0.25383725
vn 0.95542283 -0.17682437 -0.23643255
vn 0.95827039 -0.15434156 -0.24061701
vn 0.95854930 -0.15916147 -0.23632788
vn 0.95827039 -0.15434156 -0.24061701
vn 0.95854930 -0.15916147 -0.23632788
vn 0.96082262 -0.14585116 -0.23568480
vn 0.95304667 -0.14490553 -0.26590306
vn 0.95361732 -0.13646299 -0.26831298
vn 0.95422208 -0.15819887 -0.25383725
vn 0.95827039 -0.15434156 -0.24061701
vn 0.96031893 -0.10783568 -0.25721394
vn 0.96082262 -0.14585116 -0.23568480
vn 0.96568200 -0.09254340 -0.24268083
vn 0.96698826 -0.09165714 -0.23776599
vn 0.96744860 -0.10153975 -0.23180353
vn 0.96774994 -0.09873953 -0.23175540
vn 0.96776138 -0.09672972 -0.23255381
vn 0.00000000 -1.00000000 0.00000000
vn 0.88599212 -0.40575962 -0.22444841
vn 0.88931074 -0.38175574 -0.25177166
vn 0.90216706 -0.34723199 -0.25597762
vn 0.90397122 -0.34151810 -0.25729635
vn 0.91996813 -0.29880744 -0.25371788
vn 0.92445506 -0.28814343 -0.24971225
vn 0.92715585 -0.29017764 -0.23702103
vn 0.92733944 -0.28464183 -0.24294156
vn 0.92715585 -0.29017764 -0.23702103
vn 0.92733944 -0.28464183 -0.24294156
vn 0.92829226 -0.28868729 -0.23437819
vn 0.93199171 -0.27356147 -0.23781416
vn 0.93267906 -0.27361543 -0.23504120
vn 0.00000000 -1.00000000 0.00000000
vn 0.88931074 -0.38175574 -0.25177166
vn 0.90216706 -0.34723199 -0.25597762
vn 0.90397122 -0.34151810 -0.25729635
vn 0.90429661 -0.33828344 -0.26040728
vn 0.93199171 -0.27356147 -0.23781416
vn 0.93220726 -0.26723797 -0.24407683
vn 0.93267906 -0.27361543 -0.23504120
vn 0.93302178 -0.27299344 -0.23440338
vn 0.93352621 -0.26069454 -0.24610398
vn 0.93446025 -0.25712377 -0.24631567
vn 0.93505583 -0.25601858 -0.24520416
vn 0.93737416 -0.25665334 -0.23549683
vn 0.93318690 -0.25467018 -0.25358491
vn 0.93318237 -0.25633823 -0.25191543
vn 0.93322639 -0.25446217 -0.25364838
vn 0.93355323 -0.25692853 -0.24993218
vn 0.93409623 -0.25104459 -0.25385203
vn 0.93446025 -0.25712377 -0.24631567
vn 0.93505583 -0.25601858 -0.24520416
vn 0.93576512 -0.24793355 -0.25074409
vn 0.93701042 -0.24826350 -0.24571672
vn 0.93576512 -0.24793355 -0.25074409
vn 0.93701042 -0.24826350 -0.24571672
vn 0.93933963 -0.23299616 -0.25170190
vn 0.93950547 -0.23267273 -0.25138193
vn 0.93992045 -0.24267736 -0.24011925
vn 0.94042995 -0.23282490 -0.24775810
vn 0.94048947 -0.24039193 -0.24019007
vn 0.96774994 -0.09873953 -0.23175540
vn 0.96776138 -0.09672972 -0.23255381
vn 0.96865290 -0.08677898 -0.23276805
vn 0.96913075 -0.08746118 -0.23051275
vn 0.96928376 -0.08565089 -0.23054915
vn 0.96913075 -0.08746118 -0.23051275
vn 0.96928376 -0.08565089 -0.23054915
vn 0.96938990 -0.08531398 -0.23022762
vn 0.96611009 -0.08393652 -0.24410235
vn 0.96635507 -0.08474525 -0.24284998
vn 0.96679827 -0.07397802 -0.24459838
vn 0.96742191 -0.08666870 -0.23787262
vn 0.96865290 -0.08677898 -0.23276805
vn 0.96896744 -0.05297405 -0.24144535
vn 0.96904819 -0.05269503 -0.24118217
vn 0.96928376 -0.08565089 -0.23054915
vn 0.96938990 -0.08531398 -0.23022762
vn 0.97023386 -0.08014703 -0.22852287
vn 0.97200452 -0.05285579 -0.22893992
vn 0.97023386 -0.08014703 -0.22852287
vn 0.97200452 -0.05285579 -0.22893992
vn 0.97201716 -0.05281029 -0.22889672
vn 0.97208943 -0.06892861 -0.22425651
vn 0.97201716 -0.05281029 -0.22889672
vn 0.97208943 -0.06892861 -0.22425651
vn 0.97224755 -0.06813175 -0.22381413
vn 0.97364920 -0.04923151 -0.22267351
vn 0.97385766 -0.03310396 -0.22473404
vn 0.97393773 -0.03242305 -0.22448617
vn -0.00000000 1.00000000 -0.00000000
vn 0.97439015 -0.00187044 -0.22485627
vn 0.97439002 -0.00185998 -0.22485689
vn 0.97443466 -0.00562212 -0.22460071
vn 0.98489839 -0.00568250 -0.17304010
vn 0.97385766 -0.03310396 -0.22473404
vn 0.97393773 -0.03242305 -0.22448617
vn 0.97439002 -0.00185998 -0.22485689
vn 0.97443466 -0.00562212 -0.22460071
vn -0.00000000 1.00000000 -0.00000000
vn 0.85656035 0.00282336 -0.51603914
vn 0.85922279 0.00000000 -0.51160160
vn 0.92362719 0.00000000 -0.38329208
vn 0.92494083 0.00305763 -0.38009883
vn 0.00000000 0.00000000 -1.00000000
vn 0.85656035 0.00282336 -0.51603914
vn 0.85922279 0.00000000 -0.51160160
vn 0.86720586 -0.02310180 -0.49741361
vn 0.00000000 -0.00000000 -1.00000000
vn 0.79519445 -0.35132897 -0.49420011
vn 0.79757841 -0.34820889 -0.49256395
vn 0.79487545 -0.35739593 -0.49034800
vn 0.79519445 -0.35132897 -0.49420011
vn 0.79757841 -0.34820889 -0.49256395
vn 0.79848560 -0.42697423 -0.42439812
vn 0.84402201 -0.33258221 -0.42073260
vn 0.84557052 -0.36404180 -0.39049207
vn -0.00000000 -1.00000000 0.00000000
vn 0.79487545 -0.35739593 -0.49034800
vn 0.79848560 -0.42697423 -0.42439812
vn 0.93950547 -0.23267273 -0.25138193
vn 0.94042995 -0.23282490 -0.24775810
vn 0.94356366 -0.21505869 -0.25186778
vn 0.94375180 -0.22401184 -0.24321026
vn 0.93732168 -0.23249562 -0.25956472
vn 0.93828622 -0.22454995 -0.26305188
vn 0.93933963 -0.23299616 -0.25170190
vn 0.93950547 -0.23267273 -0.25138193
vn 0.94356366 -0.21505869 -0.25186778
vn 0.94406226 -0.19671197 -0.26467121
vn 0.94486628 -0.20651783 -0.25412220
vn 0.93743729 -0.20984421 -0.27780701
vn 0.93828622 -0.22454995 -0.26305188
vn 0.94077095 -0.19482487 -0.27747664
vn 0.94102397 -0.19391412 -0.27725656
vn 0.94406226 -0.19671197 -0.26467121
vn 0.94422772 -0.19457431 -0.26565929
vn 0.94102511 -0.19390186 -0.27726127
vn 0.94422772 -0.19457431 -0.26565929
vn 0.94800844 -0.17821425 -0.26366586
vn 0.94972000 -0.14043461 -0.27983933
vn 0.95151289 -0.13616185 -0.27583177
vn 0.95304667 -0.14490553 -0.26590306
vn 0.95361732 -0.13646299 -0.26831298
vn 0.94800844 -0.17821425 -0.26366586
vn 0.95304667 -0.14490553 -0.26590306
vn 0.95422208 -0.15819887 -0.25383725
vn 0.95151289 -0.13616185 -0.27583177
vn 0.95361732 -0.13646299 -0.26831298
vn 0.95677094 -0.08753864 -0.27735601
vn 0.95772063 -0.08488723 -0.27489154
vn 0.96031893 -0.10783568 -0.25721394
vn 0.96243068 -0.08530471 -0.25777955
vn 0.96031893 -0.10783568 -0.25721394
vn 0.96243068 -0.08530471 -0.25777955
vn 0.96277505 -0.08445440 -0.25677160
vn 0.96464634 -0.08341450 -0.24999891
vn 0.96568200 -0.09254340 -0.24268083
vn 0.96611009 -0.08393652 -0.24410235
vn 0.96635507 -0.08474525 -0.24284998
vn 0.96568200 -0.09254340 -0.24268083
vn 0.96635507 -0.08474525 -0.24284998
vn 0.96698826 -0.09165714 -0.23776599
vn 0.96742191 -0.08666870 -0.23787262
vn 0.96698826 -0.09165714 -0.23776599
vn 0.96742191 -0.08666870 -0.23787262
vn 0.96776138 -0.09672972 -0.23255381
vn 0.96865290 -0.08677898 -0.23276805
vn 0.92445506 -0.28814343 -0.24971225
vn 0.92451315 -0.28616231 -0.25176688
vn 0.92733944 -0.28464183 -0.24294156
vn 0.93199171 -0.27356147 -0.23781416
vn 0.93220726 -0.26723797 -0.24407683
vn 0.90397122 -0.34151810 -0.25729635
vn 0.90429661 -0.33828344 -0.26040728
vn 0.90446193 -0.33705267 -0.26142707
vn 0.91010927 -0.31921445 -0.26420304
vn 0.91996813 -0.29880744 -0.25371788
vn 0.92310941 -0.28345963 -0.25984545
vn 0.92323224 -0.28749288 -0.25493150
vn 0.92336226 -0.28303284 -0.25941193
vn 0.91996813 -0.29880744 -0.25371788
vn 0.92323224 -0.28749288 -0.25493150
vn 0.92445506 -0.28814343 -0.24971225
vn 0.92451315 -0.28616231 -0.25176688
vn 0.00000000 -1.00000000 0.00000000
vn 0.90304416 -0.33949127 -0.26316710
vn 0.90384999 -0.33759699 -0.26283733
vn 0.90429661 -0.33828344 -0.26040728
vn 0.90446193 -0.33705267 -0.26142707
vn 0.92323224 -0.28749288 -0.25493150
vn 0.92336226 -0.28303284 -0.25941193
vn 0.92451315 -0.28616231 -0.25176688
vn 0.92744379 -0.27070548 -0.25800495
vn 0.93220726 -0.26723797 -0.24407683
vn 0.93318237 -0.25633823 -0.25191543
vn 0.93352621 -0.26069454 -0.24610398
vn 0.93355323 -0.25692853 -0.24993218
vn 0.93352621 -0.26069454 -0.24610398
vn 0.93355323 -0.25692853 -0.24993218
vn 0.93446025 -0.25712377 -0.24631567
vn 0.92744379 -0.27070548 -0.25800495
vn 0.93100538 -0.25706645 -0.25912511
vn 0.93318690 -0.25467018 -0.25358491
vn 0.93318237 -0.25633823 -0.25191543
vn 0.93099539 -0.25477513 -0.26141387
vn 0.93100538 -0.25706645 -0.25912511
vn 0.93113898 -0.25441112 -0.26125693
vn 0.93318690 -0.25467018 -0.25358491
vn 0.93322503 -0.25211476 -0.25598669
vn 0.93322639 -0.25446217 -0.25364838
vn 0.93322503 -0.25211476 -0.25598669
vn 0.93322639 -0.25446217 -0.25364838
vn 0.93368766 -0.25094977 -0.25544388
vn 0.93409623 -0.25104459 -0.25385203
vn 0.93365466 -0.24753325 -0.25887500
vn 0.93368766 -0.25094977 -0.25544388
vn 0.93409623 -0.25104459 -0.25385203
vn 0.93576512 -0.24793355 -0.25074409
vn 0.93729150 -0.23259874 -0.25958134
vn 0.93732168 -0.23249562 -0.25956472
vn 0.93933963 -0.23299616 -0.25170190
vn 0.96464634 -0.08341450 -0.24999891
vn 0.96611009 -0.08393652 -0.24410235
vn 0.96679827 -0.07397802 -0.24459838
vn 0.95723024 -0.03849199 -0.28675536
vn 0.95723185 -0.07115943 -0.28043453
vn 0.95742318 -0.03686442 -0.28632475
vn 0.95829251 -0.07758762 -0.27505569
vn 0.96277505 -0.08445440 -0.25677160
vn 0.96441731 -0.03547768 -0.26199350
vn 0.96464634 -0.08341450 -0.24999891
vn 0.96679827 -0.07397802 -0.24459838
vn 0.96896744 -0.05297405 -0.24144535
vn 0.96441731 -0.03547768 -0.26199350
vn 0.96502441 -0.00091658 -0.26215843
vn 0.96539002 0.00000000 -0.26081049
vn 0.96896744 -0.05297405 -0.24144535
vn 0.96904819 -0.05269503 -0.24118217
vn 0.97011655 0.00000000 -0.24263942
vn 0.97024138 -0.00053125 -0.24213919
vn 0.97039473 -0.00186277 -0.24151730
vn 0.96904819 -0.05269503 -0.24118217
vn 0.97039473 -0.00186277 -0.24151730
vn 0.97200452 -0.05285579 -0.22893992
vn 0.97201716 -0.05281029 -0.22889672
vn 0.97385766 -0.03310396 -0.22473404
vn 0.97439015 -0.00187044 -0.22485627
vn 0.97439002 -0.00185998 -0.22485689
vn -0.00000000 1.00000000 -0.00000000
vn 0.97024138 -0.00053125 -0.24213919
vn 0.97039473 -0.00186277 -0.24151730
vn 0.97439015 -0.00187044 -0.22485627
vn -0.00000000 1.00000000 -0.00000000
vn 0.92494083 0.00305763 -0.38009883
vn 0.92586736 0.00305157 -0.37783638
vn 0.92594632 0.00355991 -0.37763838
vn 0.91705765 -0.02222722 -0.39813467
vn 0.92362719 0.00000000 -0.38329208
vn 0.92379720 -0.04695603 -0.37999194
vn 0.92494083 0.00305763 -0.38009883
vn 0.92502743 -0.04647092 -0.37704734
vn 0.92586736 0.00305157 -0.37783638
vn 0.85922279 0.00000000 -0.51160160
vn 0.86720586 -0.02310180 -0.49741361
vn 0.86886574 -0.02412842 -0.49445944
vn 0.91705765 -0.02222722 -0.39813467
vn 0.92362719 0.00000000 -0.38329208
vn 0.00000000 0.00000000 -1.00000000
vn 0.86032806 -0.04600272 -0.50766069
vn 0.86720586 -0.02310180 -0.49741361
vn 0.86886574 -0.02412842 -0.49445944
vn 0.00000000 -0.00000000 -1.00000000
vn 0.79757841 -0.34820889 -0.49256395
vn 0.84402201 -0.33258221 -0.42073260
vn 0.84448720 -0.33039940 -0.42151822
vn -0.00000000 -1.00000000 0.00000000
vn 0.79848560 -0.42697423 -0.42439812
vn 0.84557052 -0.36404180 -0.39049207
vn 0.84619327 -0.36779353 -0.38559677
vn 0.84402201 -0.33258221 -0.42073260
vn 0.84448720 -0.33039940 -0.42151822
vn 0.84557052 -0.36404180 -0.39049207
vn 0.84619327 -0.36779353 -0.38559677
vn 0.84933439 -0.31449636 -0.42393765
vn 0.85031208 -0.31166458 -0.42406904
vn 0.85299766 -0.36902325 -0.36907564
vn 0.85309555 -0.36894124 -0.36893134
vn 0.85391919 -0.36679425 -0.36916663
vn 0.92515165 -0.23777948 -0.29589753
vn 0.92546422 -0.24565291 -0.28839316
vn 0.92594918 -0.23249677 -0.29759597
vn 0.92797817 -0.24993415 -0.27638638
vn 0.93204998 -0.24585004 -0.26615898
vn 0.93380701 -0.21398068 -0.28673461
vn 0.93729150 -0.23259874 -0.25958134
vn 0.93732168 -0.23249562 -0.25956472
vn 0.93743729 -0.20984421 -0.27780701
vn 0.93828622 -0.22454995 -0.26305188
vn 0.93372792 -0.21208779 -0.28839374
vn 0.93380701 -0.21398068 -0.28673461
vn 0.93743729 -0.20984421 -0.27780701
vn 0.94077095 -0.19482487 -0.27747664
vn 0.92738167 -0.20074589 -0.31569658
vn 0.92766736 -0.19982754 -0.31543974
vn 0.92872349 -0.21618907 -0.30122245
vn 0.93312951 -0.18774162 -0.30663073
vn 0.93372792 -0.21208779 -0.28839374
vn 0.94000522 -0.18272959 -0.28809735
vn 0.94077095 -0.19482487 -0.27747664
vn 0.94102616 -0.19389058 -0.27726560
vn 0.94000522 -0.18272959 -0.28809735
vn 0.94102929 -0.19385681 -0.27727857
vn 0.94668859 -0.13998636 -0.29014571
vn 0.94972000 -0.14043461 -0.27983933
vn 0.94515483 -0.13417778 -0.29778965
vn 0.94668859 -0.13998636 -0.29014571
vn 0.94972000 -0.14043461 -0.27983933
vn 0.95016860 -0.08693457 -0.29936934
vn 0.95151289 -0.13616185 -0.27583177
vn 0.95677094 -0.08753864 -0.27735601
vn 0.95772063 -0.08488723 -0.27489154
vn 0.95829251 -0.07758762 -0.27505569
vn 0.96243068 -0.08530471 -0.25777955
vn 0.96277505 -0.08445440 -0.25677160
vn 0.94960516 -0.08445734 -0.30185592
vn 0.94975598 -0.08194975 -0.30207253
vn 0.95016860 -0.08693457 -0.29936934
vn 0.95379930 -0.07090426 -0.29195801
vn 0.95677094 -0.08753864 -0.27735601
vn 0.95723185 -0.07115943 -0.28043453
vn 0.95772063 -0.08488723 -0.27489154
vn 0.95829251 -0.07758762 -0.27505569
vn 0.90384999 -0.33759699 -0.26283733
vn 0.90416283 -0.33233737 -0.26840537
vn 0.90446193 -0.33705267 -0.26142707
vn 0.91010927 -0.31921445 -0.26420304
vn 0.88591125 -0.35762661 -0.29540561
vn 0.88660814 -0.33980831 -0.31377750
vn 0.88684350 -0.33873028 -0.31427759
vn 0.89174755 -0.35136179 -0.28518626
vn 0.89932832 -0.29351672 -0.32412423
vn 0.90146779 -0.28629844 -0.32463677
vn 0.90416283 -0.33233737 -0.26840537
vn 0.91010927 -0.31921445 -0.26420304
vn 0.91126405 -0.26081104 -0.31870900
vn 0.91670220 -0.24991851 -0.31176564
vn 0.92306140 -0.24479780 -0.29670136
vn 0.92310941 -0.28345963 -0.25984545
vn 0.92357283 -0.24461038 -0.29526089
vn 0.92396166 -0.24507756 -0.29365260
vn 0.92761269 -0.25255610 -0.27522740
vn 0.92769092 -0.25770002 -0.27014859
vn 0.92310941 -0.28345963 -0.25984545
vn 0.92336226 -0.28303284 -0.25941193
vn 0.92744379 -0.27070548 -0.25800495
vn 0.92769092 -0.25770002 -0.27014859
vn 0.92848519 -0.25422432 -0.27071247
vn 0.92887140 -0.25408855 -0.26951239
vn 0.93099539 -0.25477513 -0.26141387
vn 0.93100538 -0.25706645 -0.25912511
vn 0.00000000 -1.00000000 0.00000000
vn 0.87792995 -0.39006652 -0.27764567
vn 0.90304416 -0.33949127 -0.26316710
vn 0.87792995 -0.39006652 -0.27764567
vn 0.87940106 -0.37477366 -0.29359577
vn 0.88074940 -0.37073867 -0.29467497
vn 0.89174755 -0.35136179 -0.28518626
vn 0.90304416 -0.33949127 -0.26316710
vn 0.90384999 -0.33759699 -0.26283733
vn 0.90416283 -0.33233737 -0.26840537
vn 0.92887140 -0.25408855 -0.26951239
vn 0.93099539 -0.25477513 -0.26141387
vn 0.93111985 -0.25174931 -0.26389035
vn 0.93113898 -0.25441112 -0.26125693
vn 0.93111985 -0.25174931 -0.26389035
vn 0.93113898 -0.25441112 -0.26125693
vn 0.93209487 -0.24931853 -0.26275355
vn 0.93322503 -0.25211476 -0.25598669
vn 0.93365466 -0.24753325 -0.25887500
vn 0.93368766 -0.25094977 -0.25544388
vn 0.93204998 -0.24585004 -0.26615898
vn 0.93209487 -0.24931853 -0.26275355
vn 0.93365466 -0.24753325 -0.25887500
vn 0.93729150 -0.23259874 -0.25958134
vn 0.95742318 -0.03686442 -0.28632475
vn 0.95807441 0.00000000 -0.28651951
vn 0.96441731 -0.03547768 -0.26199350
vn 0.96464966 0.00000000 -0.26353564
vn 0.96502441 -0.00091658 -0.26215843
vn 0.95379930 -0.07090426 -0.29195801
vn 0.95525210 -0.04465518 -0.29240271
vn 0.95723024 -0.03849199 -0.28675536
vn 0.95723185 -0.07115943 -0.28043453
vn 0.95150833 -0.04448017 -0.30439023
vn 0.95243662 0.00549520 -0.30468720
vn 0.95525210 -0.04465518 -0.29240271
vn 0.95723024 -0.03849199 -0.28675536
vn 0.95742318 -0.03686442 -0.28632475
vn 0.95774302 0.00552582 -0.28757222
vn 0.95807441 0.00000000 -0.28651951
vn 0.00000000 1.00000000 -0.00000000
vn 0.97011655 0.00000000 -0.24263942
vn 0.97024138 -0.00053125 -0.24213919
vn 0.00000000 1.00000000 -0.00000000
vn 0.96464966 0.00000000 -0.26353564
vn 0.96502441 -0.00091658 -0.26215843
vn 0.96539002 0.00000000 -0.26081049
vn 0.00000000 1.00000000 -0.00000000
vn 0.96539002 0.00000000 -0.26081049
vn 0.97011655 0.00000000 -0.24263942
vn 0.00000000 1.00000000 -0.00000000
vn 0.92594632 0.00355991 -0.37763838
vn 0.93639047 0.00360006 -0.35094148
vn 0.93651007 0.00416497 -0.35061595
vn 0.92502743 -0.04647092 -0.37704734
vn 0.92512573 -0.04677550 -0.37676842
vn 0.92586736 0.00305157 -0.37783638
vn 0.92594632 0.00355991 -0.37763838
vn 0.93514874 -0.04728227 -0.35108578
vn 0.93537095 -0.04678989 -0.35055939
vn 0.93639047 0.00360006 -0.35094148
vn 0.91467239 -0.07575483 -0.39703353
vn 0.91467057 -0.07575247 -0.39703817
vn 0.91541323 -0.06424582 -0.39735511
vn 0.92358931 -0.07415833 -0.37614270
vn 0.92379720 -0.04695603 -0.37999194
vn 0.92502743 -0.04647092 -0.37704734
vn 0.92512573 -0.04677550 -0.37676842
vn 0.86032806 -0.04600272 -0.50766069
vn 0.86886574 -0.02412842 -0.49445944
vn 0.87176534 -0.06976382 -0.48493113
vn 0.91541323 -0.06424582 -0.39735511
vn 0.91705765 -0.02222722 -0.39813467
vn 0.92379720 -0.04695603 -0.37999194
vn 0.00000000 0.00000000 -1.00000000
vn 0.86032806 -0.04600272 -0.50766069
vn 0.87064051 -0.07080343 -0.48679768
vn 0.87176534 -0.06976382 -0.48493113
vn 0.00000000 -0.00000000 -1.00000000
vn 0.84448720 -0.33039940 -0.42151822
vn 0.84933439 -0.31449636 -0.42393765
vn -0.00000000 -1.00000000 0.00000000
vn 0.84619327 -0.36779353 -0.38559677
vn 0.85299766 -0.36902325 -0.36907564
vn 0.85031208 -0.31166458 -0.42406904
vn 0.85065808 -0.30855241 -0.42564803
vn 0.85391919 -0.36679425 -0.36916663
vn 0.86527192 -0.35820271 -0.35070690
vn 0.88527064 -0.24628231 -0.39451353
vn 0.89884340 -0.23937878 -0.36712170
vn 0.89932832 -0.29351672 -0.32412423
vn 0.90146779 -0.28629844 -0.32463677
vn 0.90160658 -0.24201461 -0.35851709
vn 0.90450319 -0.24634678 -0.34811959
vn 0.90559267 -0.26250422 -0.33315681
vn 0.85308391 -0.37449210 -0.36332288
vn 0.85309555 -0.36894124 -0.36893134
vn 0.85391919 -0.36679425 -0.36916663
vn 0.86094574 -0.37646119 -0.34212484
vn 0.86150865 -0.37585988 -0.34136814
vn 0.86517427 -0.36984376 -0.33865775
vn 0.86527192 -0.35820271 -0.35070690
vn -0.00000000 -1.00000000 0.00000000
vn 0.85299766 -0.36902325 -0.36907564
vn 0.85308391 -0.37449210 -0.36332288
vn 0.85309555 -0.36894124 -0.36893134
vn 0.00000000 -0.00000000 -1.00000000
vn 0.84610465 -0.28851762 -0.44817910
vn 0.84933439 -0.31449636 -0.42393765
vn 0.85031208 -0.31166458 -0.42406904
vn 0.85065808 -0.30855241 -0.42564803
vn 0.92396166 -0.24507756 -0.29365260
vn 0.92546422 -0.24565291 -0.28839316
vn 0.92761269 -0.25255610 -0.27522740
vn 0.92797817 -0.24993415 -0.27638638
vn 0.92805276 -0.25284352 -0.27347438
vn 0.92357283 -0.24461038 -0.29526089
vn 0.92396166 -0.24507756 -0.29365260
vn 0.92515165 -0.23777948 -0.29589753
vn 0.92546422 -0.24565291 -0.28839316
vn 0.91800573 -0.24238690 -0.31386950
vn 0.91811799 -0.24371128 -0.31251267
vn 0.92109811 -0.24510953 -0.30248900
vn 0.92156115 -0.22710313 -0.31487967
vn 0.92301843 -0.22453031 -0.31244697
vn 0.92306140 -0.24479780 -0.29670136
vn 0.92357283 -0.24461038 -0.29526089
vn 0.92515165 -0.23777948 -0.29589753
vn 0.92530417 -0.22576036 -0.30470387
vn 0.92594918 -0.23249677 -0.29759597
vn 0.92530417 -0.22576036 -0.30470387
vn 0.92594918 -0.23249677 -0.29759597
vn 0.92872349 -0.21618907 -0.30122245
vn 0.93372792 -0.21208779 -0.28839374
vn 0.93380701 -0.21398068 -0.28673461
vn 0.92797817 -0.24993415 -0.27638638
vn 0.92805276 -0.25284352 -0.27347438
vn 0.92848519 -0.25422432 -0.27071247
vn 0.92887140 -0.25408855 -0.26951239
vn 0.93111985 -0.25174931 -0.26389035
vn 0.93204998 -0.24585004 -0.26615898
vn 0.93209487 -0.24931853 -0.26275355
vn 0.93312951 -0.18774162 -0.30663073
vn 0.94000522 -0.18272959 -0.28809735
vn 0.94078711 -0.13909608 -0.30914705
vn 0.94285137 -0.13549506 -0.30442138
vn 0.94515483 -0.13417778 -0.29778965
vn 0.94668859 -0.13998636 -0.29014571
vn 0.92301843 -0.22453031 -0.31244697
vn 0.92530417 -0.22576036 -0.30470387
vn 0.92734342 -0.20082575 -0.31575813
vn 0.92738167 -0.20074589 -0.31569658
vn 0.92872349 -0.21618907 -0.30122245
vn 0.92022267 -0.19680523 -0.33831632
vn 0.92073611 -0.19939486 -0.33539038
vn 0.92685914 -0.15211704 -0.34320917
vn 0.92734342 -0.20082575 -0.31575813
vn 0.92738167 -0.20074589 -0.31569658
vn 0.92766736 -0.19982754 -0.31543974
vn 0.92925422 -0.13931025 -0.34216844
vn 0.93010159 -0.13753614 -0.34058017
vn 0.93641010 -0.13846899 -0.32243212
vn 0.93730722 -0.14097602 -0.31871763
vn 0.92766736 -0.19982754 -0.31543974
vn 0.93312951 -0.18774162 -0.30663073
vn 0.93730722 -0.14097602 -0.31871763
vn 0.94078711 -0.13909608 -0.30914705
vn 0.94285137 -0.13549506 -0.30442138
vn 0.94515483 -0.13417778 -0.29778965
vn 0.94808271 -0.08622973 -0.30611044
vn 0.94851073 -0.08506468 -0.30510884
vn 0.94960516 -0.08445734 -0.30185592
vn 0.95016860 -0.08693457 -0.29936934
vn 0.94834730 -0.08423496 -0.30584616
vn 0.94851073 -0.08506468 -0.30510884
vn 0.94900421 -0.08165469 -0.30450538
vn 0.94960516 -0.08445734 -0.30185592
vn 0.94975598 -0.08194975 -0.30207253
vn 0.94858956 -0.08032401 -0.30614686
vn 0.94900421 -0.08165469 -0.30450538
vn 0.94975598 -0.08194975 -0.30207253
vn 0.95063738 -0.04644953 -0.30680777
vn 0.95150833 -0.04448017 -0.30439023
vn 0.95379930 -0.07090426 -0.29195801
vn 0.95525210 -0.04465518 -0.29240271
vn 0.88074940 -0.37073867 -0.29467497
vn 0.88075043 -0.37071788 -0.29469803
vn 0.88591125 -0.35762661 -0.29540561
vn 0.89174755 -0.35136179 -0.28518626
vn 0.87828200 -0.37116681 -0.30142315
vn 0.87887094 -0.36268978 -0.30990644
vn 0.87973646 -0.37171737 -0.29646239
vn 0.88075043 -0.37071788 -0.29469803
vn 0.88591125 -0.35762661 -0.29540561
vn 0.88660814 -0.33980831 -0.31377750
vn 0.87452950 -0.36651736 -0.31758963
vn 0.87467161 -0.36248471 -0.32179872
vn 0.87656476 -0.36509645 -0.31359017
vn 0.87887094 -0.36268978 -0.30990644
vn 0.88660814 -0.33980831 -0.31377750
vn 0.88684350 -0.33873028 -0.31427759
vn 0.86517427 -0.36984376 -0.33865775
vn 0.86527192 -0.35820271 -0.35070690
vn 0.87467161 -0.36248471 -0.32179872
vn 0.88684350 -0.33873028 -0.31427759
vn 0.89932832 -0.29351672 -0.32412423
vn 0.90146779 -0.28629844 -0.32463677
vn 0.90559267 -0.26250422 -0.33315681
vn 0.90833342 -0.25089222 -0.33463936
vn 0.91126405 -0.26081104 -0.31870900
vn 0.91265053 -0.24945070 -0.32379524
vn 0.91373007 -0.24969258 -0.32054794
vn 0.91387217 -0.25167618 -0.31858556
vn 0.91126405 -0.26081104 -0.31870900
vn 0.91387217 -0.25167618 -0.31858556
vn 0.91666552 -0.24876860 -0.31279149
vn 0.91670220 -0.24991851 -0.31176564
vn 0.91666552 -0.24876860 -0.31279149
vn 0.91670220 -0.24991851 -0.31176564
vn 0.91688468 -0.24829009 -0.31252921
vn 0.92109811 -0.24510953 -0.30248900
vn 0.92306140 -0.24479780 -0.29670136
vn 0.92761269 -0.25255610 -0.27522740
vn 0.92769092 -0.25770002 -0.27014859
vn 0.92805276 -0.25284352 -0.27347438
vn 0.92848519 -0.25422432 -0.27071247
vn 0.00000000 -1.00000000 -0.00000000
vn 0.87792995 -0.39006652 -0.27764567
vn 0.87940106 -0.37477366 -0.29359577
vn -0.00000000 -1.00000000 0.00000000
vn 0.87940106 -0.37477366 -0.29359577
vn 0.87973646 -0.37171737 -0.29646239
vn 0.88074940 -0.37073867 -0.29467497
vn 0.88075043 -0.37071788 -0.29469803
vn -0.00000000 1.00000000 -0.00000000
vn 0.95774302 0.00552582 -0.28757222
vn 0.95807441 0.00000000 -0.28651951
vn 0.96464966 0.00000000 -0.26353564
vn 0.93898212 -0.04619787 -0.34084944
vn 0.93997742 0.00420640 -0.34121073
vn 0.94034736 0.00537926 -0.34017336
vn 0.94040936 -0.04831834 -0.33659408
vn 0.94075329 0.00600864 -0.33903855
vn 0.95063738 -0.04644953 -0.30680777
vn 0.95150833 -0.04448017 -0.30439023
vn 0.95237347 0.00581291 -0.30487863
vn 0.95243662 0.00549520 -0.30468720
vn -0.00000000 1.00000000 -0.00000000
vn 0.95237347 0.00581291 -0.30487863
vn 0.95243662 0.00549520 -0.30468720
vn 0.95774302 0.00552582 -0.28757222
vn -0.00000000 1.00000000 -0.00000000
vn 0.93651007 0.00416497 -0.35061595
vn 0.93655268 0.00426522 -0.35050090
vn 0.93537095 -0.04678989 -0.35055939
vn 0.93639047 0.00360006 -0.35094148
vn 0.93651007 0.00416497 -0.35061595
vn 0.93655268 0.00426522 -0.35050090
vn 0.93898212 -0.04619787 -0.34084944
vn 0.93997742 0.00420640 -0.34121073
vn 0.93332315 -0.07827806 -0.35040039
vn 0.93417894 -0.08102080 -0.34748430
vn 0.93514874 -0.04728227 -0.35108578
vn 0.93537095 -0.04678989 -0.35055939
vn 0.93575448 -0.08339339 -0.34265011
vn 0.93826498 -0.08294184 -0.33582656
vn 0.93898212 -0.04619787 -0.34084944
vn 0.94040936 -0.04831834 -0.33659408
vn 0.92358931 -0.07415833 -0.37614270
vn 0.92426008 -0.07617952 -0.37408553
vn 0.92512573 -0.04677550 -0.37676842
vn 0.92540093 -0.07761362 -0.37095720
vn 0.93332315 -0.07827806 -0.35040039
vn 0.93514874 -0.04728227 -0.35108578
vn 0.91451185 -0.07799669 -0.39696927
vn 0.91467057 -0.07575247 -0.39703817
vn 0.92358931 -0.07415833 -0.37614270
vn 0.92426008 -0.07617952 -0.37408553
vn 0.87064051 -0.07080343 -0.48679768
vn 0.87176534 -0.06976382 -0.48493113
vn 0.87734952 -0.08125500 -0.47292225
vn 0.87749155 -0.08131773 -0.47264787
vn 0.91467239 -0.07575483 -0.39703353
vn 0.91541323 -0.06424582 -0.39735511
vn 0.00000000 0.00000000 -1.00000000
vn 0.87064051 -0.07080343 -0.48679768
vn 0.87734952 -0.08125500 -0.47292225
vn 0.90450319 -0.24634678 -0.34811959
vn 0.90559267 -0.26250422 -0.33315681
vn 0.90669997 -0.24736397 -0.34162295
vn 0.90833342 -0.25089222 -0.33463936
vn 0.84610465 -0.28851762 -0.44817910
vn 0.85065808 -0.30855241 -0.42564803
vn 0.85264389 -0.26433992 -0.45069148
vn 0.85279993 -0.26408037 -0.45054838
vn 0.88526623 -0.24623369 -0.39455377
vn 0.88527064 -0.24628231 -0.39451353
vn 0.88526623 -0.24623369 -0.39455377
vn 0.88527064 -0.24628231 -0.39451353
vn 0.88750124 -0.24237091 -0.39191566
vn 0.89229037 -0.23903642 -0.38298759
vn 0.89783969 -0.23752492 -0.37076381
vn 0.89884340 -0.23937878 -0.36712170
vn 0.89783969 -0.23752492 -0.37076381
vn 0.89884340 -0.23937878 -0.36712170
vn 0.89972981 -0.22881562 -0.37165802
vn 0.90160658 -0.24201461 -0.35851709
vn 0.90470049 -0.22585115 -0.36125931
vn 0.90629922 -0.24387661 -0.34517521
vn 0.90160658 -0.24201461 -0.35851709
vn 0.90450319 -0.24634678 -0.34811959
vn 0.90629922 -0.24387661 -0.34517521
vn 0.90632716 -0.24391758 -0.34507287
vn 0.90669997 -0.24736397 -0.34162295
vn 0.86103253 -0.38611091 -0.33097032
vn 0.86150865 -0.37585988 -0.34136814
vn 0.86517427 -0.36984376 -0.33865775
vn 0.86614557 -0.38205729 -0.32221743
vn 0.87320968 -0.36922475 -0.31808481
vn 0.87452950 -0.36651736 -0.31758963
vn 0.87467161 -0.36248471 -0.32179872
vn -0.00000000 -1.00000000 0.00000000
vn 0.86094574 -0.37646119 -0.34212484
vn 0.86103253 -0.38611091 -0.33097032
vn 0.86150865 -0.37585988 -0.34136814
vn -0.00000000 -1.00000000 0.00000000
vn 0.85308391 -0.37449210 -0.36332288
vn 0.86094574 -0.37646119 -0.34212484
vn 0.00000000 -0.00000000 -1.00000000
vn 0.84610465 -0.28851762 -0.44817910
vn 0.85264389 -0.26433992 -0.45069148
vn 0.91681502 -0.24696067 -0.31378439
vn 0.91688468 -0.24829009 -0.31252921
vn 0.91811799 -0.24371128 -0.31251267
vn 0.92109811 -0.24510953 -0.30248900
vn 0.91397094 -0.24827057 -0.32096548
vn 0.91400898 -0.24909004 -0.32022138
vn 0.91589149 -0.24416602 -0.31863103
vn 0.91681502 -0.24696067 -0.31378439
vn 0.91800573 -0.24238690 -0.31386950
vn 0.91811799 -0.24371128 -0.31251267
vn 0.91552929 -0.23769944 -0.32450747
vn 0.91589149 -0.24416602 -0.31863103
vn 0.91800573 -0.24238690 -0.31386950
vn 0.92023372 -0.22671104 -0.31901725
vn 0.92156115 -0.22710313 -0.31487967
vn 0.91840115 -0.21124019 -0.33453984
vn 0.92023372 -0.22671104 -0.31901725
vn 0.92073611 -0.19939486 -0.33539038
vn 0.92156115 -0.22710313 -0.31487967
vn 0.92301843 -0.22453031 -0.31244697
vn 0.92734342 -0.20082575 -0.31575813
vn 0.93641010 -0.13846899 -0.32243212
vn 0.93730722 -0.14097602 -0.31871763
vn 0.94078711 -0.13909608 -0.30914705
vn 0.94180803 -0.08850494 -0.32429077
vn 0.94285137 -0.13549506 -0.30442138
vn 0.94808271 -0.08622973 -0.30611044
vn 0.93010159 -0.13753614 -0.34058017
vn 0.93575448 -0.08339339 -0.34265011
vn 0.93641010 -0.13846899 -0.32243212
vn 0.93826498 -0.08294184 -0.33582656
vn 0.93889179 -0.08333631 -0.33397194
vn 0.94135992 -0.08661857 -0.32609620
vn 0.94180803 -0.08850494 -0.32429077
vn 0.91033717 -0.21595559 -0.35305724
vn 0.91255410 -0.20490910 -0.35391704
vn 0.91519262 -0.19977090 -0.35002008
vn 0.91840115 -0.21124019 -0.33453984
vn 0.92022267 -0.19680523 -0.33831632
vn 0.92073611 -0.19939486 -0.33539038
vn 0.91380623 -0.18927142 -0.35935290
vn 0.91519262 -0.19977090 -0.35002008
vn 0.92022267 -0.19680523 -0.33831632
vn 0.92685914 -0.15211704 -0.34320917
vn 0.89173579 -0.14826202 -0.42758117
vn 0.89897056 -0.19590743 -0.39175530
vn 0.90950047 -0.12032061 -0.39790935
vn 0.91380623 -0.18927142 -0.35935290
vn 0.92310897 -0.11638440 -0.36650307
vn 0.92685914 -0.15211704 -0.34320917
vn 0.92925422 -0.13931025 -0.34216844
vn 0.92310897 -0.11638440 -0.36650307
vn 0.92642018 -0.08034789 -0.36781772
vn 0.92925422 -0.13931025 -0.34216844
vn 0.93010159 -0.13753614 -0.34058017
vn 0.93417894 -0.08102080 -0.34748430
vn 0.93575448 -0.08339339 -0.34265011
vn 0.94135992 -0.08661857 -0.32609620
vn 0.94180803 -0.08850494 -0.32429077
vn 0.94808271 -0.08622973 -0.30611044
vn 0.94834730 -0.08423496 -0.30584616
vn 0.94851073 -0.08506468 -0.30510884
vn 0.93889179 -0.08333631 -0.33397194
vn 0.94135992 -0.08661857 -0.32609620
vn 0.94834730 -0.08423496 -0.30584616
vn 0.94858956 -0.08032401 -0.30614686
vn 0.94900421 -0.08165469 -0.30450538
vn 0.93826498 -0.08294184 -0.33582656
vn 0.93889179 -0.08333631 -0.33397194
vn 0.94040936 -0.04831834 -0.33659408
vn 0.94858956 -0.08032401 -0.30614686
vn 0.95063738 -0.04644953 -0.30680777
vn -0.00000000 -1.00000000 0.00000000
vn 0.87828200 -0.37116681 -0.30142315
vn 0.87973646 -0.37171737 -0.29646239
vn -0.00000000 -1.00000000 0.00000000
vn 0.87656476 -0.36509645 -0.31359017
vn 0.87828200 -0.37116681 -0.30142315
vn 0.87887094 -0.36268978 -0.30990644
vn -0.00000000 -1.00000000 0.00000000
vn 0.87320968 -0.36922475 -0.31808481
vn 0.87452950 -0.36651736 -0.31758963
vn 0.87656476 -0.36509645 -0.31359017
vn 0.91373007 -0.24969258 -0.32054794
vn 0.91387217 -0.25167618 -0.31858556
vn 0.91400898 -0.24909004 -0.32022138
vn 0.91666552 -0.24876860 -0.31279149
vn 0.91681502 -0.24696067 -0.31378439
vn 0.91688468 -0.24829009 -0.31252921
vn 0.90632716 -0.24391758 -0.34507287
vn 0.90669997 -0.24736397 -0.34162295
vn 0.90833342 -0.25089222 -0.33463936
vn 0.91265053 -0.24945070 -0.32379524
vn 0.91397094 -0.24827057 -0.32096548
vn 0.91552929 -0.23769944 -0.32450747
vn 0.91589149 -0.24416602 -0.31863103
vn 0.91265053 -0.24945070 -0.32379524
vn 0.91373007 -0.24969258 -0.32054794
vn 0.91397094 -0.24827057 -0.32096548
vn 0.91400898 -0.24909004 -0.32022138
vn -0.00000000 1.00000000 -0.00000000
vn 0.94034736 0.00537926 -0.34017336
vn 0.94075329 0.00600864 -0.33903855
vn -0.00000000 1.00000000 -0.00000000
vn 0.94075329 0.00600864 -0.33903855
vn 0.95237347 0.00581291 -0.30487863
vn 0.00000000 1.00000000 -0.00000000
vn 0.93655268 0.00426522 -0.35050090
vn 0.93997742 0.00420640 -0.34121073
vn 0.94034736 0.00537926 -0.34017336
vn 0.92540093 -0.07761362 -0.37095720
vn 0.92642018 -0.08034789 -0.36781772
vn 0.93332315 -0.07827806 -0.35040039
vn 0.93417894 -0.08102080 -0.34748430
vn 0.90950047 -0.12032061 -0.39790935
vn 0.91323751 -0.07975955 -0.39954432
vn 0.91451185 -0.07799669 -0.39696927
vn 0.92310897 -0.11638440 -0.36650307
vn 0.92426008 -0.07617952 -0.37408553
vn 0.92540093 -0.07761362 -0.37095720
vn 0.92642018 -0.08034789 -0.36781772
vn 0.87749155 -0.08131773 -0.47264787
vn 0.87853057 -0.08327568 -0.47037133
vn 0.88048838 -0.08496997 -0.46639073
vn 0.91323751 -0.07975955 -0.39954432
vn 0.91451185 -0.07799669 -0.39696927
vn 0.91467239 -0.07575483 -0.39703353
vn 0.91467057 -0.07575247 -0.39703817
vn 0.00000000 0.00000000 -1.00000000
vn 0.87734952 -0.08125500 -0.47292225
vn 0.87749155 -0.08131773 -0.47264787
vn 0.87853057 -0.08327568 -0.47037133
vn 0.00000000 -0.00000000 -1.00000000
vn 0.84715975 -0.25413849 -0.46661975
vn 0.85146047 -0.25692912 -0.45716790
vn 0.85264389 -0.26433992 -0.45069148
vn 0.85279993 -0.26408037 -0.45054838
vn 0.85146047 -0.25692912 -0.45716790
vn 0.85279993 -0.26408037 -0.45054838
vn 0.88526623 -0.24623369 -0.39455377
vn 0.88746940 -0.24198400 -0.39222673
vn 0.88750124 -0.24237091 -0.39191566
vn 0.88746940 -0.24198400 -0.39222673
vn 0.88750124 -0.24237091 -0.39191566
vn 0.88941200 -0.23837566 -0.39002993
vn 0.89229037 -0.23903642 -0.38298759
vn 0.88614243 -0.21726485 -0.40932577
vn 0.88941200 -0.23837566 -0.39002993
vn 0.89229037 -0.23903642 -0.38298759
vn 0.89744273 -0.22003546 -0.38233616
vn 0.89783969 -0.23752492 -0.37076381
vn 0.89972981 -0.22881562 -0.37165802
vn 0.90470049 -0.22585115 -0.36125931
vn 0.90629922 -0.24387661 -0.34517521
vn 0.90632716 -0.24391758 -0.34507287
vn 0.91033717 -0.21595559 -0.35305724
vn 0.91552929 -0.23769944 -0.32450747
vn 0.91840115 -0.21124019 -0.33453984
vn 0.92023372 -0.22671104 -0.31901725
vn 0.89744273 -0.22003546 -0.38233616
vn 0.89910561 -0.21186304 -0.38304460
vn 0.89972981 -0.22881562 -0.37165802
vn 0.90470049 -0.22585115 -0.36125931
vn 0.91033717 -0.21595559 -0.35305724
vn 0.91255410 -0.20490910 -0.35391704
vn -0.00000000 -1.00000000 0.00000000
vn 0.86614557 -0.38205729 -0.32221743
vn 0.87320968 -0.36922475 -0.31808481
vn -0.00000000 -1.00000000 0.00000000
vn 0.86103253 -0.38611091 -0.33097032
vn 0.86614557 -0.38205729 -0.32221743
vn 0.89701042 -0.20002737 -0.39415906
vn 0.89897056 -0.19590743 -0.39175530
vn 0.89910561 -0.21186304 -0.38304460
vn 0.91255410 -0.20490910 -0.35391704
vn 0.91380623 -0.18927142 -0.35935290
vn 0.91519262 -0.19977090 -0.35002008
vn 0.87504615 -0.17576558 -0.45099966
vn 0.87822451 -0.15582708 -0.45215001
vn 0.87912411 -0.19238297 -0.43603852
vn 0.87940504 -0.15353121 -0.45063838
vn 0.88009787 -0.19523209 -0.43279575
vn 0.89173579 -0.14826202 -0.42758117
vn 0.89701042 -0.20002737 -0.39415906
vn 0.89897056 -0.19590743 -0.39175530
vn 0.87491832 -0.14050276 -0.46344030
vn 0.87940504 -0.15353121 -0.45063838
vn 0.88048838 -0.08496997 -0.46639073
vn 0.89173579 -0.14826202 -0.42758117
vn 0.90950047 -0.12032061 -0.39790935
vn 0.91323751 -0.07975955 -0.39954432
vn 0.00000000 0.00000000 -1.00000000
vn 0.87491832 -0.14050276 -0.46344030
vn 0.87853057 -0.08327568 -0.47037133
vn 0.88048838 -0.08496997 -0.46639073
vn 0.84251165 -0.22855702 -0.48778664
vn 0.84311106 -0.22760813 -0.48719429
vn 0.84715975 -0.25413849 -0.46661975
vn 0.85146047 -0.25692912 -0.45716790
vn 0.87322008 -0.21860132 -0.43554581
vn 0.88449876 -0.21501605 -0.41404112
vn 0.88614243 -0.21726485 -0.40932577
vn 0.88746940 -0.24198400 -0.39222673
vn 0.88941200 -0.23837566 -0.39002993
vn 0.00000000 -0.00000000 -1.00000000
vn 0.84251165 -0.22855702 -0.48778664
vn 0.84715975 -0.25413849 -0.46661975
vn 0.87924679 -0.19993751 -0.43237723
vn 0.88009787 -0.19523209 -0.43279575
vn 0.88449876 -0.21501605 -0.41404112
vn 0.88614243 -0.21726485 -0.40932577
vn 0.89701042 -0.20002737 -0.39415906
vn 0.89744273 -0.22003546 -0.38233616
vn 0.89910561 -0.21186304 -0.38304460
vn 0.00000000 -0.00000000 -1.00000000
vn 0.87912411 -0.19238297 -0.43603852
vn 0.87924679 -0.19993751 -0.43237723
vn 0.88009787 -0.19523209 -0.43279575
vn -0.00000000 -0.00000000 -1.00000000
vn 0.87504615 -0.17576558 -0.45099966
vn 0.87912411 -0.19238297 -0.43603852
vn -0.00000000 -0.00000000 -1.00000000
vn 0.87504615 -0.17576558 -0.45099966
vn 0.87822451 -0.15582708 -0.45215001
vn 0.00000000 0.00000000 -1.00000000
vn 0.87491832 -0.14050276 -0.46344030
vn 0.87822451 -0.15582708 -0.45215001
vn 0.87940504 -0.15353121 -0.45063838
vn 0.00000000 -0.00000000 -1.00000000
vn 0.84251165 -0.22855702 -0.48778664
vn 0.84311106 -0.22760813 -0.48719429
vn 0.00000000 -0.00000000 -1.00000000
vn 0.84311106 -0.22760813 -0.48719429
vn 0.87322008 -0.21860132 -0.43554581
vn 0.00000000 -0.00000000 -1.00000000
vn 0.87322008 -0.21860132 -0.43554581
vn 0.87924679 -0.19993751 -0.43237723
vn 0.88449876 -0.21501605 -0.41404112
f 3//3 8//8 15//15
f 2//2 11//11 21//21
f 4//4 24//24 28//28
f 5//5 29//29 31//31
f 6//6 33//33 36//36
f 1//1 35//35 93//93
f 1//1 93//93 177//177
f 1//1 177//177 259//259
f 1//1 259//259 265//265
f 1//1 265//265 343//343
f 1//1 343//343 478//478
f 1//1 478//478 637//637
f 1//1 637//637 803//803
f 1//1 803//803 824//824
f 1//1 824//824 1047//1047
f 1//1 1047//1047 1043//1043
f 1//1 1043//1043 1221//1221
f 1//1 1221//1221 1218//1218
f 1//1 1218//1218 1132//1132
f 1//1 1132//1132 1128//1128
f 1//1 1128//1128 1125//1125
f 1//1 1125//1125 951//951
f 1//1 951//951 948//948
f 1//1 948//948 722//722
f 1//1 722//722 546//546
f 1//1 546//546 393//393
f 1//1 393//393 379//379
f 1//1 379//379 284//284
f 1//1 284//284 198//198
f 1//1 198//198 115//115
f 1//1 115//115 39//39
f 1//1 39//39 7//7
f 10//10 40//40 46//46
f 9//9 45//45 16//16
f 19//19 47//47 51//51
f 18//18 50//50 58//58
f 17//17 57//57 66//66
f 14//14 65//65 70//70
f 13//13 69//69 75//75
f 12//12 74//74 23//23
f 22//22 73//73 80//80
f 20//20 79//79 26//26
f 27//27 81//81 86//86
f 25//25 85//85 164//164
f 25//25 164//164 255//255
f 25//25 255//255 336//336
f 25//25 336//336 451//451
f 25//25 451//451 610//610
f 25//25 610//610 762//762
f 25//25 762//762 769//769
f 25//25 769//769 765//765
f 25//25 765//765 956//956
f 25//25 956//956 969//969
f 25//25 969//969 1156//1156
f 25//25 1156//1156 1153//1153
f 25//25 1153//1153 1159//1159
f 25//25 1159//1159 973//973
f 25//25 973//973 772//772
f 25//25 772//772 614//614
f 25//25 614//614 460//460
f 25//25 460//460 340//340
f 25//25 340//340 262//262
f 25//25 262//262 171//171
f 25//25 171//171 168//168
f 25//25 168//168 88//88
f 30//30 89//89 32//32
f 34//34 90//90 37//37
f 38//38 91//91 94//94
f 43//43 98//98 107//107
f 42//42 106//106 112//112
f 41//41 111//111 49//49
f 44//44 116//116 100//100
f 48//48 110//110 52//52
f 56//56 113//113 121//121
f 55//55 120//120 136//136
f 54//54 135//135 141//141
f 53//53 139//139 62//62
f 63//63 140//140 133//133
f 64//64 134//134 143//143
f 61//61 142//142 147//147
f 60//60 146//146 154//154
f 59//59 153//153 68//68
f 67//67 152//152 72//72
f 71//71 151//151 78//78
f 77//77 150//150 160//160
f 76//76 158//158 83//83
f 84//84 159//159 166//166
f 82//82 165//165 87//87
f 92//92 169//169 95//95
f 96//96 170//170 172//172
f 97//97 173//173 178//178
f 99//99 123//123 109//109
f 101//101 118//118 180//180
f 102//102 182//182 184//184
f 104//104 186//186 188//188
f 105//105 189//189 194//194
f 103//103 192//192 124//124
f 108//108 122//122 114//114
f 117//117 201//201 203//203
f 119//119 209//209 181//181
f 125//125 193//193 214//214
f 126//126 215//215 218//218
f 127//127 219//219 222//222
f 132//132 224//224 227//227
f 131//131 226//226 231//231
f 130//130 230//230 235//235
f 129//129 234//234 245//245
f 128//128 243//243 138//138
f 137//137 242//242 145//145
f 144//144 241//241 149//149
f 148//148 239//239 156//156
f 157//157 240//240 251//251
f 155//155 249//249 162//162
f 163//163 250//250 257//257
f 161//161 256//256 167//167
f 174//174 260//260 179//179
f 175//175 264//264 267//267
f 176//176 268//268 261//261
f 183//183 210//210 185//185
f 187//187 211//211 190//190
f 191//191 212//212 195//195
f 196//196 213//213 275//275
f 197//197 277//277 216//216
f 199//199 286//286 290//290
f 200//200 291//291 202//202
f 204//204 293//293 295//295
f 205//205 299//299 301//301
f 206//206 303//303 307//307
f 207//207 309//309 312//312
f 208//208 313//313 269//269
f 217//217 278//278 220//220
f 221//221 279//279 223//223
f 225//225 280//280 228//228
f 229//229 283//283 233//233
f 232//232 282//282 238//238
f 237//237 281//281 324//324
f 236//236 323//323 248//248
f 244//244 322//322 327//327
f 246//246 328//328 332//332
f 247//247 333//333 252//252
f 253//253 335//335 338//338
f 254//254 339//339 258//258
f 263//263 341//341 465//465
f 263//263 465//465 629//629
f 263//263 629//629 796//796
f 263//263 796//796 1006//1006
f 263//263 1006//1006 1181//1181
f 263//263 1181//1181 1244//1244
f 263//263 1244//1244 1277//1277
f 263//263 1277//1277 1274//1274
f 263//263 1274//1274 1271//1271
f 263//263 1271//1271 1267//1267
f 263//263 1267//1267 1287//1287
f 263//263 1287//1287 1284//1284
f 263//263 1284//1284 1281//1281
f 263//263 1281//1281 1257//1257
f 263//263 1257//1257 1185//1185
f 263//263 1185//1185 1050//1050
f 263//263 1050//1050 828//828
f 263//263 828//828 800//800
f 263//263 800//800 633//633
f 263//263 633//633 469//469
f 263//263 469//469 344//344
f 263//263 344//344 266//266
f 270//270 314//314 349//349
f 271//271 351//351 355//355
f 272//272 356//356 362//362
f 273//273 364//364 366//366
f 274//274 367//367 373//373
f 276//276 376//376 315//315
f 285//285 380//380 287//287
f 292//292 386//386 388//388
f 294//294 390//390 296//296
f 288//288 381//381 394//394
f 289//289 395//395 382//382
f 297//297 392//392 400//400
f 298//298 401//401 300//300
f 302//302 405//405 306//306
f 304//304 404//404 412//412
f 305//305 414//414 416//416
f 308//308 419//419 310//310
f 311//311 421//421 348//348
f 316//316 377//377 422//422
f 317//317 425//425 427//427
f 318//318 429//429 438//438
f 319//319 439//439 441//441
f 320//320 444//444 446//446
f 321//321 447//447 325//325
f 326//326 448//448 329//329
f 334//334 455//455 337//337
f 330//330 450//450 457//457
f 331//331 459//459 454//454
f 342//342 461//461 466//466
f 346//346 470//470 473//473
f 345//345 472//472 479//479
f 347//347 420//420 482//482
f 350//350 484//484 353//353
f 352//352 483//483 489//489
f 354//354 491//491 359//359
f 357//357 490//490 496//496
f 358//358 497//497 499//499
f 360//360 500//500 505//505
f 361//361 507//507 370//370
f 363//363 371//371 365//365
f 368//368 506//506 503//503
f 369//369 504//504 509//509
f 372//372 512//512 514//514
f 374//374 518//518 521//521
f 375//375 523//523 525//525
f 378//378 527//527 423//423
f 387//387 531//531 389//389
f 383//383 396//396 534//534
f 384//384 538//538 542//542
f 385//385 544//544 529//529
f 391//391 532//532 398//398
f 397//397 549//549 535//535
f 399//399 533//533 555//555
f 402//402 557//557 559//559
f 403//403 561//561 411//411
f 409//409 560//560 558//558
f 407//407 556//556 565//565
f 406//406 564//564 569//569
f 408//408 571//571 573//573
f 410//410 575//575 578//578
f 413//413 579//579 415//415
f 417//417 582//582 487//487
f 418//418 488//488 481//481
f 424//424 528//528 434//434
f 426//426 437//437 428//428
f 433//433 526//526 524//524
f 431//431 522//522 520//520
f 430//430 519//519 584//584
f 432//432 585//585 593//593
f 435//435 594//594 598//598
f 436//436 599//599 603//603
f 440//440 605//605 442//442
f 443//443 606//606 445//445
f 449//449 607//607 456//456
f 453//453 458//458 609//609
f 452//452 608//608 613//613
f 464//464 615//615 621//621
f 463//463 619//619 628//628
f 462//462 624//624 467//467
f 468//468 625//625 631//631
f 471//471 634//634 474//474
f 475//475 638//638 480//480
f 476//476 635//635 641//641
f 477//477 643//643 639//639
f 485//485 581//581 657//657
f 486//486 659//659 493//493
f 492//492 658//658 662//662
f 494//494 663//663 670//670
f 495//495 671//671 498//498
f 498//498 671//671 673//673
f 501//501 675//675 678//678
f 502//502 680//680 508//508
f 513//513 684//684 515//515
f 510//510 681//681 690//690
f 511//511 692//692 682//682
f 516//516 685//685 590//590
f 517//517 592//592 583//583
f 530//530 545//545 553//553
f 536//536 550//550 696//696
f 537//537 697//697 705//705
f 539//539 709//709 714//714
f 541//541 715//715 552//552
f 540//540 551//551 543//543
f 547//547 724//724 729//729
f 548//548 730//730 694//694
f 554//554 716//716 562//562
f 563//563 721//721 567//567
f 566//566 720//720 733//733
f 568//568 735//735 737//737
f 570//570 739//739 572//572
f 574//574 741//741 577//577
f 576//576 740//740 744//744
f 580//580 745//745 656//656
f 591//591 748//748 595//595
f 589//589 683//683 693//693
f 587//587 691//691 754//754
f 586//586 753//753 758//758
f 588//588 759//759 746//746
f 601//601 764//764 611//611
f 602//602 612//612 604//604
f 596//596 750//750 767//767
f 597//597 768//768 770//770
f 600//600 771//771 763//763
f 617//617 773//773 779//779
f 616//616 778//778 623//623
f 622//622 776//776 788//788
f 620//620 787//787 795//795
f 618//618 794//794 627//627
f 626//626 791//791 632//632
f 630//630 790//790 797//797
f 636//636 801//801 642//642
f 640//640 644//644 804//804
f 649//649 808//808 819//819
f 648//648 818//818 827//827
f 647//647 825//825 805//805
f 645//645 802//802 830//830
f 646//646 831//831 806//806
f 651//651 834//834 841//841
f 650//650 840//840 849//849
f 652//652 851//851 853//853
f 655//655 856//856 661//661
f 654//654 742//742 862//862
f 653//653 857//857 836//836
f 660//660 855//855 668//668
f 669//669 865//865 672//672
f 666//666 854//854 874//874
f 664//664 873//873 879//879
f 665//665 880//880 885//885
f 667//667 886//886 864//864
f 674//674 869//869 677//677
f 676//676 868//868 890//890
f 679//679 894//894 688//688
f 686//686 893//893 898//898
f 687//687 899//899 902//902
f 689//689 905//905 751//751
f 695//695 731//731 704//704
f 698//698 909//909 915//915
f 699//699 916//916 921//921
f 700//700 922//922 926//926
f 702//702 927//927 812//812
f 703//703 813//813 928//928
f 706//706 931//931 935//935
f 707//707 938//938 940//940
f 708//708 943//943 847//847
f 710//710 848//848 838//838
f 711//711 839//839 833//833
f 712//712 835//835 944//944
f 713//713 945//945 717//717
f 701//701 728//728 910//910
f 719//719 860//860 732//732
f 718//718 947//947 859//859
f 723//723 949//949 725//725
f 726//726 950//950 952//952
f 727//727 954//954 907//907
f 734//734 861//861 736//736
f 738//738 863//863 743//743
f 749//749 959//959 766//766
f 747//747 761//761 958//958
f 752//752 906//906 757//757
f 755//755 904//904 966//966
f 756//756 968//968 971//971
f 760//760 972//972 957//957
f 775//775 974//974 978//978
f 774//774 977//977 782//782
f 781//781 976//976 985//985
f 780//780 984//984 995//995
f 777//777 992//992 789//789
f 786//786 990//990 998//998
f 784//784 997//997 1180//1180
f 783//783 1179//1179 1004//1004
f 785//785 1005//1005 793//793
f 792//792 1001//1001 799//799
f 798//798 1000//1000 1007//1007
f 816//816 1010//1010 929//929
f 809//809 924//924 823//823
f 807//807 832//832 1014//1014
f 810//810 1018//1018 1020//1020
f 811//811 1024//1024 1026//1026
f 814//814 1028//1028 1031//1031
f 815//815 1032//1032 1009//1009
f 822//822 923//923 1038//1038
f 821//821 1037//1037 1046//1046
f 820//820 1044//1044 1049//1049
f 817//817 1048//1048 826//826
f 829//829 1051//1051 1013//1013
f 837//837 858//858 946//946
f 850//850 871//871 852//852
f 844//844 942//942 1056//1056
f 843//843 1055//1055 1062//1062
f 842//842 1061//1061 1065//1065
f 845//845 1067//1067 1071//1071
f 846//846 1072//1072 870//870
f 866//866 888//888 1076//1076
f 867//867 1078//1078 889//889
f 872//872 1073//1073 878//878
f 883//883 1082//1082 1074//1074
f 884//884 1075//1075 887//887
f 876//876 1070//1070 1092//1092
f 875//875 1091//1091 1095//1095
f 877//877 1096//1096 1102//1102
f 881//881 1103//1103 1106//1106
f 882//882 1107//1107 1080//1080
f 891//891 1079//1079 1112//1112
f 892//892 1114//1114 896//896
f 895//895 1113//1113 1117//1117
f 897//897 1119//1119 901//901
f 900//900 1118//1118 1123//1123
f 903//903 1124//1124 965//965
f 908//908 955//955 914//914
f 913//913 953//953 1127//1127
f 911//911 1126//1126 1130//1130
f 912//912 1131//1131 920//920
f 918//918 1042//1042 925//925
f 919//919 1129//1129 1135//1135
f 917//917 1134//1134 1041//1041
f 934//934 1137//1137 936//936
f 930//930 1012//1012 1144//1144
f 932//932 1145//1145 1149//1149
f 933//933 1150//1150 1136//1136
f 937//937 1139//1139 939//939
f 941//941 1141//1141 1054//1054
f 964//964 1155//1155 1157//1157
f 967//967 1158//1158 970//970
f 963//963 1122//1122 989//989
f 960//960 988//988 980//980
f 961//961 981//981 1161//1161
f 962//962 1162//1162 1154//1154
f 975//975 1160//1160 979//979
f 986//986 1081//1081 1109//1109
f 983//983 1108//1108 1166//1166
f 982//982 1165//1165 994//994
f 987//987 1120//1120 1083//1083
f 993//993 1163//1163 1172//1172
f 991//991 1171//1171 999//999
f 996//996 1169//1169 1178//1178
f 1003//1003 1174//1174 1183//1183
f 1002//1002 1182//1182 1008//1008
f 1011//1011 1035//1035 1143//1143
f 1015//1015 1052//1052 1188//1188
f 1016//1016 1189//1189 1191//1191
f 1017//1017 1192//1192 1019//1019
f 1021//1021 1194//1194 1196//1196
f 1022//1022 1198//1198 1201//1201
f 1023//1023 1203//1203 1025//1025
f 1030//1030 1206//1206 1033//1033
f 1027//1027 1204//1204 1214//1214
f 1029//1029 1215//1215 1205//1205
f 1034//1034 1207//1207 1142//1142
f 1040//1040 1133//1133 1220//1220
f 1039//1039 1219//1219 1223//1223
f 1036//1036 1222//1222 1045//1045
f 1053//1053 1140//1140 1060//1060
f 1058//1058 1138//1138 1152//1152
f 1057//1057 1151//1151 1146//1146
f 1059//1059 1148//1148 1064//1064
f 1063//1063 1147//1147 1209//1209
f 1066//1066 1211//1211 1069//1069
f 1068//1068 1210//1210 1090//1090
f 1077//1077 1086//1086 1111//1111
f 1084//1084 1121//1121 1115//1115
f 1085//1085 1116//1116 1110//1110
f 1087//1087 1208//1208 1216//1216
f 1088//1088 1217//1217 1227//1227
f 1089//1089 1229//1229 1094//1094
f 1093//1093 1228//1228 1100//1100
f 1098//1098 1225//1225 1237//1237
f 1097//1097 1235//1235 1241//1241
f 1099//1099 1242//1242 1167//1167
f 1101//1101 1170//1170 1104//1104
f 1105//1105 1173//1173 1164//1164
f 1168//1168 1243//1243 1177//1177
f 1175//1175 1246//1246 1184//1184
f 1176//1176 1240//1240 1247//1247
f 1187//1187 1251//1251 1190//1190
f 1186//1186 1259//1259 1250//1250
f 1193//1193 1255//1255 1195//1195
f 1197//1197 1256//1256 1200//1200
f 1202//1202 1265//1265 1212//1212
f 1199//1199 1254//1254 1263//1263
f 1213//1213 1266//1266 1226//1226
f 1224//1224 1264//1264 1236//1236
f 1234//1234 1261//1261 1270//1270
f 1232//1232 1268//1268 1273//1273
f 1230//1230 1272//1272 1275//1275
f 1231//1231 1276//1276 1279//1279
f 1233//1233 1280//1280 1239//1239
f 1238//1238 1278//1278 1245//1245
f 1248//1248 1258//1258 1282//1282
f 1249//1249 1283//1283 1285//1285
f 1252//1252 1286//1286 1288//1288
f 1253//1253 1290//1290 1262//1262
f 1260//1260 1289//1289 1269//1269

