# https://github.com/mikedh/trimesh
v -1.14204848 -0.73252130 0.98660681
v -1.14204848 -0.73252130 0.98660681
v -1.14204848 -0.73252130 0.98660681
v -1.14204848 -0.73252130 0.98660681
v -1.14204848 -0.73252130 0.98660681
v -1.14204848 -0.73252130 0.98660681
v -1.14204848 -0.73252130 0.98660681
v -1.14204848 -0.73252130 0.98660681
v -1.14204848 -0.73252130 0.98660681
v -1.11618030 -0.76223886 0.95720077
v -1.11618030 -0.76223886 0.95720077
v -1.11618030 -0.76223886 0.95720077
v -1.11618030 -0.76223886 0.95720077
v -1.11618030 -0.76223886 0.95720077
v -1.11618030 -0.76223886 0.95720077
v -1.11618030 -0.76223886 0.95720077
v -1.11618030 -0.76223886 0.95720077
v -1.11618030 -0.76223886 0.95720077
v -1.11618030 -0.76223886 0.95720077
v -1.11618030 -0.76223886 0.95720077
v -1.11618030 -0.76223886 0.95720077
v -1.11618030 -0.76223886 0.95720077
v -1.11904132 -0.76647002 0.98800340
v -1.11904132 -0.76647002 0.98800340
v -1.11904132 -0.76647002 0.98800340
v -1.11904132 -0.76647002 0.98800340
v -1.11701477 -0.76358289 1.01686630
v -1.11701477 -0.76358289 1.01686630
v -1.11701477 -0.76358289 1.01686630
v -1.11701477 -0.76358289 1.01686630
v -1.11701477 -0.76358289 1.01686630
v -1.11701477 -0.76358289 1.01686630
v -1.11701477 -0.76358289 1.01686630
v -1.11701477 -0.76358289 1.01686630
v -1.11701477 -0.76358289 1.01686630
v -1.11701477 -0.76358289 1.01686630
v -1.14163125 -0.73252130 0.98924479
v -1.14163125 -0.73252130 0.98924479
v -1.14163125 -0.73252130 0.98924479
v -1.05669558 -0.73252130 0.67322725
v -1.05669558 -0.73252130 0.67322725
v -1.05669558 -0.73252130 0.67322725
v -1.01688027 -0.79215556 0.67671873
v -1.01688027 -0.79215556 0.67671873
v -1.01688027 -0.79215556 0.67671873
v -1.01688027 -0.79215556 0.67671873
v -1.01688027 -0.79215556 0.67671873
v -1.01688027 -0.79215556 0.67671873
v -1.02093327 -0.79773074 0.70542644
v -1.02093327 -0.79773074 0.70542644
v -1.02093327 -0.79773074 0.70542644
v -1.02093327 -0.79773074 0.70542644
v -1.02093327 -0.79773074 0.70542644
v -1.02498639 -0.80315655 0.73506521
v -1.02498639 -0.80315655 0.73506521
v -1.02498639 -0.80315655 0.73506521
v -1.02498639 -0.80315655 0.73506521
v -1.05902016 -0.83372045 0.94354522
v -1.05902016 -0.83372045 0.94354522
v -1.05902016 -0.83372045 0.94354522
v -1.05902016 -0.83372045 0.94354522
v -1.06498063 -0.84193379 0.98800340
v -1.06498063 -0.84193379 0.98800340
v -1.06498063 -0.84193379 0.98800340
v -1.06498063 -0.84193379 0.98800340
v -1.06498063 -0.84193379 0.98800340
v -1.06498063 -0.84193379 0.98800340
v -1.06498063 -0.84193379 0.98800340
v -1.08125246 -0.81968290 0.98800340
v -1.08125246 -0.81968290 0.98800340
v -1.08125246 -0.81968290 0.98800340
v -1.08125246 -0.81968290 0.98800340
v -1.10348475 -0.78872091 0.98800340
v -1.10348475 -0.78872091 0.98800340
v -1.10348475 -0.78872091 0.98800340
v -1.10348475 -0.78872091 0.98800340
v -1.05419230 -0.73252130 0.66414942
v -1.05419230 -0.73252130 0.66414942
v -1.05419230 -0.73252130 0.66414942
v -1.05419230 -0.73252130 0.66414942
v -1.04537094 -0.73252130 0.63233817
v -1.04537094 -0.73252130 0.63233817
v -1.04537094 -0.73252130 0.63233817
v -1.04537094 -0.73252130 0.63233817
v -1.04537094 -0.73252130 0.63233817
v -1.04537094 -0.73252130 0.63233817
v -1.02617848 -0.76089483 0.63233817
v -1.02617848 -0.76089483 0.63233817
v -1.02617848 -0.76089483 0.63233817
v -1.02617848 -0.76089483 0.63233817
v -1.02617848 -0.76089483 0.63233817
v -1.07696104 -0.81331134 1.01973701
v -1.07696104 -0.81331134 1.01973701
v -1.07696104 -0.81331134 1.01973701
v -1.07696104 -0.81331134 1.01973701
v -1.07696104 -0.81331134 1.01973701
v -1.09084868 -0.77826744 1.02687520
v -1.09084868 -0.77826744 1.02687520
v -1.09084868 -0.77826744 1.02687520
v -1.09084868 -0.77826744 1.02687520
v -1.09084868 -0.77826744 1.02687520
v -1.09084868 -0.77826744 1.02687520
v -1.13120055 -0.73252130 1.02090091
v -1.13120055 -0.73252130 1.02090091
v -1.13120055 -0.73252130 1.02090091
v -1.13120055 -0.73252130 1.02090091
v -1.02278113 -0.88922310 1.01027122
v -1.02278113 -0.88922310 1.01027122
v -1.02278113 -0.88922310 1.01027122
v -1.02278113 -0.88922310 1.01027122
v -1.02278113 -0.88922310 1.01027122
v -1.02278113 -0.88922310 1.01027122
v -1.02278113 -0.88922310 1.01027122
v -1.02278113 -0.88922310 1.01027122
v -1.02278113 -0.88922310 1.01027122
v -1.02278113 -0.88922310 1.01027122
v -1.01038349 -0.78314567 0.63233817
v -1.01038349 -0.78314567 0.63233817
v -1.01038349 -0.78314567 0.63233817
v -1.01038349 -0.78314567 0.63233817
v -1.01038349 -0.78314567 0.63233817
v -1.01038349 -0.78314567 0.63233817
v -1.01038349 -0.78314567 0.63233817
v -0.98260808 -0.80534679 0.59672510
v -0.98260808 -0.80534679 0.59672510
v -0.98260808 -0.80534679 0.59672510
v -0.98260808 -0.80534679 0.59672510
v -0.98260808 -0.80534679 0.59672510
v -0.98260808 -0.80534679 0.59672510
v -0.98815119 -0.81176817 0.63233817
v -0.98815119 -0.81176817 0.63233817
v -0.98815119 -0.81176817 0.63233817
v -0.98815119 -0.81176817 0.63233817
v -0.98815119 -0.81176817 0.63233817
v -1.02290022 -0.88937241 0.96550274
v -1.02290022 -0.88937241 0.96550274
v -1.02290022 -0.88937241 0.96550274
v -1.02290022 -0.88937241 0.96550274
v -1.02290022 -0.88937241 0.96550274
v -1.02290022 -0.88937241 0.96550274
v -1.02290022 -0.88937241 0.96550274
v -1.02290022 -0.88937241 0.96550274
v -1.02290022 -0.88937241 0.96550274
v -1.02290022 -0.88937241 0.96550274
v -1.02290022 -0.88937241 0.96550274
v -1.02290022 -0.88937241 0.96550274
v -1.02290022 -0.88937241 0.96550274
v -1.04286754 -0.86697221 0.98800340
v -1.04286754 -0.86697221 0.98800340
v -1.04286754 -0.86697221 0.98800340
v -1.04286754 -0.86697221 0.98800340
v -1.04501331 -0.73252130 0.63109676
v -1.04501331 -0.73252130 0.63109676
v -1.04501331 -0.73252130 0.63109676
v -1.04501331 -0.73252130 0.63109676
v -1.04501331 -0.73252130 0.63109676
v -1.02295995 -0.75606632 0.60952719
v -1.02295995 -0.75606632 0.60952719
v -1.02295995 -0.75606632 0.60952719
v -1.02295995 -0.75606632 0.60952719
v -1.02295995 -0.75606632 0.60952719
v -1.02295995 -0.75606632 0.60952719
v -1.02295995 -0.75606632 0.60952719
v -1.03273487 -0.86697221 1.01803008
v -1.03273487 -0.86697221 1.01803008
v -1.03273487 -0.86697221 1.01803008
v -1.03273487 -0.86697221 1.01803008
v -1.03273487 -0.86697221 1.01803008
v -1.04852986 -0.82585543 1.02889246
v -1.04852986 -0.82585543 1.02889246
v -1.04852986 -0.82585543 1.02889246
v -1.04852986 -0.82585543 1.02889246
v -1.04852986 -0.82585543 1.02889246
v -1.08947778 -0.73356658 1.04006523
v -1.08947778 -0.73356658 1.04006523
v -1.08947778 -0.73356658 1.04006523
v -1.08947778 -0.73356658 1.04006523
v -1.08947778 -0.73356658 1.04006523
v -1.08947778 -0.73356658 1.04006523
v -1.08947778 -0.73356658 1.04006523
v -1.09996808 -0.73252130 1.03556508
v -1.09996808 -0.73252130 1.03556508
v -1.09996808 -0.73252130 1.03556508
v -1.09996808 -0.73252130 1.03556508
v -1.02284062 -0.88932264 0.98800340
v -1.02284062 -0.88932264 0.98800340
v -1.02284062 -0.88932264 0.98800340
v -1.02284062 -0.88932264 0.98800340
v -1.00168121 -0.91157353 0.98800340
v -1.00168121 -0.91157353 0.98800340
v -1.00168121 -0.91157353 0.98800340
v -1.00168121 -0.91157353 0.98800340
v -0.97944909 -0.93486971 0.98800340
v -0.97944909 -0.93486971 0.98800340
v -0.97944909 -0.93486971 0.98800340
v -0.97944909 -0.93486971 0.98800340
v -0.97944909 -0.93486971 0.98800340
v -0.97944909 -0.93486971 0.98800340
v -0.97897220 -0.93437195 1.01104712
v -0.97897220 -0.93437195 1.01104712
v -0.97897220 -0.93437195 1.01104712
v -0.97897220 -0.93437195 1.01104712
v -0.97897220 -0.93437195 1.01104712
v -0.97897220 -0.93437195 1.01104712
v -0.97897220 -0.93437195 1.01104712
v -0.99649578 -0.90699393 1.01694381
v -0.99649578 -0.90699393 1.01694381
v -0.99649578 -0.90699393 1.01694381
v -0.99649578 -0.90699393 1.01694381
v -0.99649578 -0.90699393 1.01694381
v -0.98391932 -0.76328427 0.49896371
v -0.98391932 -0.76328427 0.49896371
v -0.98391932 -0.76328427 0.49896371
v -0.98391932 -0.76328427 0.49896371
v -0.98391932 -0.76328427 0.49896371
v -0.98391932 -0.76328427 0.49896371
v -0.98391932 -0.76328427 0.49896371
v -0.99077380 -0.77254301 0.54342186
v -0.99077380 -0.77254301 0.54342186
v -0.99077380 -0.77254301 0.54342186
v -0.97778010 -0.79967213 0.56708633
v -0.97778010 -0.79967213 0.56708633
v -0.97778010 -0.79967213 0.56708633
v -0.97778010 -0.79967213 0.56708633
v -0.97778010 -0.79967213 0.56708633
v -0.97778010 -0.79967213 0.56708633
v -0.97778010 -0.79967213 0.56708633
v -0.97778010 -0.79967213 0.56708633
v -0.97778010 -0.79967213 0.56708633
v -0.97778010 -0.79967213 0.56708633
v -0.96872032 -0.83396930 0.63233817
v -0.96872032 -0.83396930 0.63233817
v -0.96872032 -0.83396930 0.63233817
v -0.96872032 -0.83396930 0.63233817
v -0.96872032 -0.83396930 0.63233817
v -0.96872032 -0.83396930 0.63233817
v -0.96466732 -0.82107669 0.58431096
v -0.96466732 -0.82107669 0.58431096
v -0.96466732 -0.82107669 0.58431096
v -0.96466732 -0.82107669 0.58431096
v -0.97921062 -0.93462080 0.96410617
v -0.97921062 -0.93462080 0.96410617
v -0.97921062 -0.93462080 0.96410617
v -0.97921062 -0.93462080 0.96410617
v -0.97921062 -0.93462080 0.96410617
v -0.97921062 -0.93462080 0.96410617
v -0.93939525 -0.85064495 0.58788002
v -0.93939525 -0.85064495 0.58788002
v -0.93939525 -0.85064495 0.58788002
v -0.93939525 -0.85064495 0.58788002
v -0.93939525 -0.85064495 0.58788002
v -0.93939525 -0.85064495 0.58788002
v -0.94648808 -0.85816145 0.63233817
v -0.94648808 -0.85816145 0.63233817
v -0.94648808 -0.85816145 0.63233817
v -0.94648808 -0.85816145 0.63233817
v -1.03356934 -0.73252130 0.59175944
v -1.03356934 -0.73252130 0.59175944
v -1.03356934 -0.73252130 0.59175944
v -1.03356934 -0.73252130 0.59175944
v -1.03249645 -0.73426354 0.59199221
v -1.03249645 -0.73426354 0.59199221
v -1.03249645 -0.73426354 0.59199221
v -1.03249645 -0.73426354 0.59199221
v -1.03249645 -0.73426354 0.59199221
v -1.03249645 -0.73426354 0.59199221
v -1.01848960 -0.74959522 0.57988841
v -1.01848960 -0.74959522 0.57988841
v -1.01848960 -0.74959522 0.57988841
v -1.01848960 -0.74959522 0.57988841
v -1.01848960 -0.74959522 0.57988841
v -1.00054884 -0.86697221 1.03393573
v -1.00054884 -0.86697221 1.03393573
v -1.00054884 -0.86697221 1.03393573
v -1.00054884 -0.86697221 1.03393573
v -1.00054884 -0.86697221 1.03393573
v -1.00054884 -0.86697221 1.03393573
v -1.04501331 -0.77801853 1.04068589
v -1.04501331 -0.77801853 1.04068589
v -1.04501331 -0.77801853 1.04068589
v -1.04501331 -0.77801853 1.04068589
v -1.04501331 -0.77801853 1.04068589
v -1.04501331 -0.77801853 1.04068589
v -1.04501331 -0.77801853 1.04068589
v -1.04501331 -0.77801853 1.04068589
v -1.08947778 -0.73252130 1.04006523
v -1.08947778 -0.73252130 1.04006523
v -1.08947778 -0.73252130 1.04006523
v -1.08947778 -0.73252130 1.04006523
v -1.08947778 -0.73252130 1.04006523
v -0.95602471 -0.91142422 1.03471154
v -0.95602471 -0.91142422 1.03471154
v -0.95602471 -0.91142422 1.03471154
v -0.95602471 -0.91142422 1.03471154
v -0.95602471 -0.91142422 1.03471154
v -0.95745522 -0.95712060 0.98800340
v -0.95745522 -0.95712060 0.98800340
v -0.95745522 -0.95712060 0.98800340
v -0.95745522 -0.95712060 0.98800340
v -0.95745522 -0.95712060 0.98800340
v -0.93516338 -0.97947103 0.98800340
v -0.93516338 -0.97947103 0.98800340
v -0.93516338 -0.97947103 0.98800340
v -0.93516338 -0.97947103 0.98800340
v -0.93516338 -0.97947103 0.98800340
v -0.93516338 -0.97947103 0.98800340
v -0.93516338 -0.97947103 0.98800340
v -0.93444812 -0.97877407 1.01096952
v -0.93444812 -0.97877407 1.01096952
v -0.93444812 -0.97877407 1.01096952
v -0.93444812 -0.97877407 1.01096952
v -0.93444812 -0.97877407 1.01096952
v -0.93444812 -0.97877407 1.01096952
v -0.95197165 -0.95189387 1.01756459
v -0.95197165 -0.95189387 1.01756459
v -0.95197165 -0.95189387 1.01756459
v -0.95197165 -0.95189387 1.01756459
v -0.95197165 -0.95189387 1.01756459
v -0.95197165 -0.95189387 1.01756459
v -0.95197165 -0.95189387 1.01756459
v -1.01300609 -0.74143159 0.54342186
v -1.01300609 -0.74143159 0.54342186
v -1.01300609 -0.74143159 0.54342186
v -1.01300609 -0.74143159 0.54342186
v -1.01300609 -0.74143159 0.54342186
v -0.97968745 -0.75765926 0.47250608
v -0.97968745 -0.75765926 0.47250608
v -0.97968745 -0.75765926 0.47250608
v -0.97968745 -0.75765926 0.47250608
v -0.97968745 -0.75765926 0.47250608
v -0.97968745 -0.75765926 0.47250608
v -0.97968745 -0.75765926 0.47250608
v -0.97968745 -0.75765926 0.47250608
v -0.97968745 -0.75765926 0.47250608
v -0.97968745 -0.75765926 0.47250608
v -0.97968745 -0.75765926 0.47250608
v -0.97968745 -0.75765926 0.47250608
v -0.97968745 -0.75765926 0.47250608
v -0.94875306 -0.82436204 0.54559435
v -0.94875306 -0.82436204 0.54559435
v -0.94875306 -0.82436204 0.54559435
v -0.94875306 -0.82436204 0.54559435
v -0.93510371 -0.84611517 0.56181032
v -0.93510371 -0.84611517 0.56181032
v -0.93510371 -0.84611517 0.56181032
v -0.93510371 -0.84611517 0.56181032
v -0.93510371 -0.84611517 0.56181032
v -0.93510371 -0.84611517 0.56181032
v -0.93510371 -0.84611517 0.56181032
v -0.93510371 -0.84611517 0.56181032
v -0.93510371 -0.84611517 0.56181032
v -0.97372711 -0.79479384 0.54342186
v -0.97372711 -0.79479384 0.54342186
v -0.97372711 -0.79479384 0.54342186
v -0.97372711 -0.79479384 0.54342186
v -0.94380593 -0.81151932 0.49896371
v -0.94380593 -0.81151932 0.49896371
v -0.94380593 -0.81151932 0.49896371
v -0.94380593 -0.81151932 0.49896371
v -0.94380593 -0.81151932 0.49896371
v -0.94380593 -0.81151932 0.49896371
v -0.93498451 -0.97932166 0.96371821
v -0.93498451 -0.97932166 0.96371821
v -0.93498451 -0.97932166 0.96371821
v -0.93498451 -0.97932166 0.96371821
v -0.93498451 -0.97932166 0.96371821
v -0.93498451 -0.97932166 0.96371821
v -0.93498451 -0.97932166 0.96371821
v -0.93498451 -0.97932166 0.96371821
v -0.92509031 -0.88036257 0.63233817
v -0.92509031 -0.88036257 0.63233817
v -0.92509031 -0.88036257 0.63233817
v -0.92509031 -0.88036257 0.63233817
v -0.92509031 -0.88036257 0.63233817
v -0.92509031 -0.88036257 0.63233817
v -0.92509031 -0.88036257 0.63233817
v -0.91763979 -0.87289584 0.58788002
v -0.91763979 -0.87289584 0.58788002
v -0.91763979 -0.87289584 0.58788002
v -0.91763979 -0.87289584 0.58788002
v -0.91763979 -0.87289584 0.58788002
v -1.03315210 -0.73252130 0.59036285
v -1.03315210 -0.73252130 0.59036285
v -1.03315210 -0.73252130 0.59036285
v -1.03315210 -0.73252130 0.59036285
v -1.02385390 -0.73252130 0.55940508
v -1.02385390 -0.73252130 0.55940508
v -1.02385390 -0.73252130 0.55940508
v -1.02385390 -0.73252130 0.55940508
v -1.02385390 -0.73252130 0.55940508
v -0.77822632 -1.04478008 1.03913409
v -0.77822632 -1.04478008 1.03913409
v -0.77822632 -1.04478008 1.03913409
v -0.77822632 -1.04478008 1.03913409
v -0.64483279 -1.13373369 1.03975481
v -0.64483279 -1.13373369 1.03975481
v -0.64483279 -1.13373369 1.03975481
v -0.64483279 -1.13373369 1.03975481
v -0.64483279 -1.13373369 1.03975481
v -0.64483279 -1.13373369 1.03975481
v -0.55590379 -1.17818564 1.03983241
v -0.55590379 -1.17818564 1.03983241
v -0.55590379 -1.17818564 1.03983241
v -0.55590379 -1.17818564 1.03983241
v -0.55590379 -1.17818564 1.03983241
v -0.55590379 -1.17818564 1.03983241
v -0.53319472 -1.17818564 1.03921169
v -0.53319472 -1.17818564 1.03921169
v -0.53319472 -1.17818564 1.03921169
v -0.53319472 -1.17818564 1.03921169
v -0.53319472 -1.17818564 1.03921169
v -0.53319472 -1.17818564 1.03921169
v -0.91156018 -0.95592588 1.03478914
v -0.91156018 -0.95592588 1.03478914
v -0.91156018 -0.95592588 1.03478914
v -0.91156018 -0.95592588 1.03478914
v -0.91156018 -0.95592588 1.03478914
v -0.91156018 -0.95592588 1.03478914
v -0.91156018 -0.95592588 1.03478914
v -0.91156018 -0.95592588 1.03478914
v -1.04131794 -0.73252130 1.02889246
v -1.04131794 -0.73252130 1.02889246
v -1.04131794 -0.73252130 1.02889246
v -1.04131794 -0.73252130 1.02889246
v -0.88998359 -1.02312654 0.96472687
v -0.88998359 -1.02312654 0.96472687
v -0.88998359 -1.02312654 0.96472687
v -0.88998359 -1.02312654 0.96472687
v -0.88998359 -1.02312654 0.96472687
v -0.88998359 -1.02312654 0.96472687
v -0.88998359 -1.02312654 0.96472687
v -0.88998359 -1.02312654 0.96472687
v -0.88998359 -1.02312654 0.96472687
v -0.88998359 -1.02312654 0.97814965
v -0.88998359 -1.02312654 0.97814965
v -0.88998359 -1.02312654 0.97814965
v -0.88998359 -1.02312654 0.97814965
v -0.88998359 -1.02312654 0.97814965
v -0.88920879 -1.02242965 1.00778845
v -0.88920879 -1.02242965 1.00778845
v -0.88920879 -1.02242965 1.00778845
v -0.88920879 -1.02242965 1.00778845
v -0.88920879 -1.02242965 1.00778845
v -0.88920879 -1.02242965 1.00778845
v -0.88920879 -1.02242965 1.00778845
v -0.88920879 -1.02242965 1.00778845
v -0.85958558 -1.03402787 1.02028012
v -0.85958558 -1.03402787 1.02028012
v -0.85958558 -1.03402787 1.02028012
v -0.85958558 -1.03402787 1.02028012
v -0.85958558 -1.03402787 1.02028012
v -0.85958558 -1.03402787 1.02028012
v -0.85958558 -1.03402787 1.02028012
v -0.91156018 -0.98957598 1.01865077
v -0.91156018 -0.98957598 1.01865077
v -0.91156018 -0.98957598 1.01865077
v -0.91156018 -0.98957598 1.01865077
v -0.91156018 -0.98957598 1.01865077
v -1.01652265 -0.73252130 0.53511991
v -1.01652265 -0.73252130 0.53511991
v -1.01652265 -0.73252130 0.53511991
v -1.01652265 -0.73252130 0.53511991
v -0.99834347 -0.73252130 0.47824762
v -0.99834347 -0.73252130 0.47824762
v -0.99834347 -0.73252130 0.47824762
v -0.99834347 -0.73252130 0.47824762
v -0.98964131 -0.73476130 0.45644528
v -0.98964131 -0.73476130 0.45644528
v -0.98964131 -0.73476130 0.45644528
v -0.98964131 -0.73476130 0.45644528
v -0.98964131 -0.73476130 0.45644528
v -0.97450191 -0.75034189 0.44286731
v -0.97450191 -0.75034189 0.44286731
v -0.97450191 -0.75034189 0.44286731
v -0.97450191 -0.75034189 0.44286731
v -0.97450191 -0.75034189 0.44286731
v -0.97450191 -0.75034189 0.44286731
v -0.97450191 -0.75034189 0.44286731
v -0.97450191 -0.75034189 0.44286731
v -0.94589204 -0.77015364 0.40996984
v -0.94589204 -0.77015364 0.40996984
v -0.94589204 -0.77015364 0.40996984
v -0.94589204 -0.77015364 0.40996984
v -0.94589204 -0.77015364 0.40996984
v -0.94589204 -0.77015364 0.40996984
v -0.95614392 -0.77806836 0.45450556
v -0.95614392 -0.77806836 0.45450556
v -0.95614392 -0.77806836 0.45450556
v -0.95614392 -0.77806836 0.45450556
v -0.95614392 -0.77806836 0.45450556
v -0.96603811 -0.78553510 0.49896371
v -0.96603811 -0.78553510 0.49896371
v -0.96603811 -0.78553510 0.49896371
v -0.96603811 -0.78553510 0.49896371
v -0.96603811 -0.78553510 0.49896371
v -1.00853574 -0.73252130 0.50967091
v -1.00853574 -0.73252130 0.50967091
v -1.00853574 -0.73252130 0.50967091
v -1.00573444 -0.73252130 0.50082584
v -1.00573444 -0.73252130 0.50082584
v -1.00573444 -0.73252130 0.50082584
v -0.92979902 -0.84044045 0.53217155
v -0.92979902 -0.84044045 0.53217155
v -0.92979902 -0.84044045 0.53217155
v -0.92979902 -0.84044045 0.53217155
v -0.92979902 -0.84044045 0.53217155
v -0.92979902 -0.84044045 0.53217155
v -0.92979902 -0.84044045 0.53217155
v -0.92979902 -0.84044045 0.53217155
v -0.92979902 -0.84044045 0.53217155
v -0.91036814 -0.86572778 0.54675817
v -0.91036814 -0.86572778 0.54675817
v -0.91036814 -0.86572778 0.54675817
v -0.91036814 -0.86572778 0.54675817
v -0.89087766 -0.89071643 0.56134479
v -0.89087766 -0.89071643 0.56134479
v -0.89087766 -0.89071643 0.56134479
v -0.89087766 -0.89071643 0.56134479
v -0.89087766 -0.89071643 0.56134479
v -0.89087766 -0.89071643 0.56134479
v -0.89087766 -0.89071643 0.56134479
v -0.89087766 -0.89071643 0.56134479
v -0.93784547 -0.80474949 0.46606624
v -0.93784547 -0.80474949 0.46606624
v -0.93784547 -0.80474949 0.46606624
v -0.93784547 -0.80474949 0.46606624
v -0.93784547 -0.80474949 0.46606624
v -0.93784547 -0.80474949 0.46606624
v -0.93784547 -0.80474949 0.46606624
v -0.90285802 -0.90271300 0.63233817
v -0.90285802 -0.90271300 0.63233817
v -0.90285802 -0.90271300 0.63233817
v -0.90285802 -0.90271300 0.63233817
v -0.90285802 -0.90271300 0.63233817
v -0.88062578 -0.92496389 0.63233817
v -0.88062578 -0.92496389 0.63233817
v -0.88062578 -0.92496389 0.63233817
v -0.88062578 -0.92496389 0.63233817
v -0.85839355 -0.94711518 0.63233817
v -0.85839355 -0.94711518 0.63233817
v -0.85839355 -0.94711518 0.63233817
v -0.85839355 -0.94711518 0.63233817
v -0.85839355 -0.94711518 0.63233817
v -0.89540756 -0.89529604 0.58788002
v -0.89540756 -0.89529604 0.58788002
v -0.89540756 -0.89529604 0.58788002
v -0.89540756 -0.89529604 0.58788002
v -0.89540756 -0.89529604 0.58788002
v -0.73376179 -1.08928174 1.03789270
v -0.73376179 -1.08928174 1.03789270
v -0.73376179 -1.08928174 1.03789270
v -0.73376179 -1.08928174 1.03789270
v -0.73376179 -1.08928174 1.03789270
v -0.73376179 -1.08928174 1.03789270
v -0.73376179 -1.08928174 1.03789270
v -0.69197947 -1.13701898 1.02834928
v -0.69197947 -1.13701898 1.02834928
v -0.69197947 -1.13701898 1.02834928
v -0.69197947 -1.13701898 1.02834928
v -0.69197947 -1.13701898 1.02834928
v -0.64483279 -1.17176431 1.02462512
v -0.64483279 -1.17176431 1.02462512
v -0.64483279 -1.17176431 1.02462512
v -0.64483279 -1.17176431 1.02462512
v -0.64483279 -1.17176431 1.02462512
v -0.64483279 -1.17176431 1.02462512
v -0.53319472 -1.22104460 1.02594411
v -0.53319472 -1.22104460 1.02594411
v -0.53319472 -1.22104460 1.02594411
v -0.53319472 -1.22104460 1.02594411
v -0.55590379 -1.21502143 1.02408195
v -0.55590379 -1.21502143 1.02408195
v -0.55590379 -1.21502143 1.02408195
v -0.55590379 -1.21502143 1.02408195
v -0.55590379 -1.21502143 1.02408195
v -0.53319472 -1.13816398 1.02338368
v -0.53319472 -1.13816398 1.02338368
v -0.53319472 -1.13816398 1.02338368
v -0.53319472 -1.13816398 1.02338368
v -0.53319472 -1.13816398 1.02338368
v -0.53319472 -1.13816398 1.02338368
v -0.87150639 -1.00470859 1.02912521
v -0.87150639 -1.00470859 1.02912521
v -0.87150639 -1.00470859 1.02912521
v -0.87150639 -1.00470859 1.02912521
v -0.82430011 -1.04721922 1.02757347
v -0.82430011 -1.04721922 1.02757347
v -0.82430011 -1.04721922 1.02757347
v -0.82430011 -1.04721922 1.02757347
v -0.82430011 -1.04721922 1.02757347
v -1.03511906 -0.73252130 1.02609926
v -1.03511906 -0.73252130 1.02609926
v -1.03511906 -0.73252130 1.02609926
v -1.03511906 -0.73252130 1.02609926
v -0.76141804 -1.11536556 0.95820943
v -0.76141804 -1.11536556 0.95820943
v -0.76141804 -1.11536556 0.95820943
v -0.76141804 -1.11536556 0.95820943
v -0.76141804 -1.11536556 0.95820943
v -0.76141804 -1.11536556 0.95820943
v -0.76141804 -1.11536556 0.95820943
v -0.76141804 -1.11536556 0.95820943
v -0.76141804 -1.11536556 0.95820943
v -0.76141804 -1.11536556 0.95820943
v -0.76141804 -1.11536556 0.95820943
v -0.76141804 -1.11536556 0.95820943
v -0.76141804 -1.11536556 0.95820943
v -0.76141804 -1.11536556 0.95820943
v -0.76141804 -1.11536556 0.95820943
v -0.76141804 -1.11536556 0.95820943
v -0.83866465 -1.06260055 0.98800340
v -0.83866465 -1.06260055 0.98800340
v -0.83866465 -1.06260055 0.98800340
v -0.83866465 -1.06260055 0.98800340
v -0.83866465 -1.06260055 0.98800340
v -0.83866465 -1.06260055 0.98800340
v -0.83866465 -1.06260055 0.98800340
v -0.84075075 -0.97464252 0.66616671
v -0.84075075 -0.97464252 0.66616671
v -0.84075075 -0.97464252 0.66616671
v -0.84075075 -0.97464252 0.66616671
v -0.84075075 -0.97464252 0.66616671
v -0.80564409 -0.98195994 0.59726822
v -0.80564409 -0.98195994 0.59726822
v -0.80564409 -0.98195994 0.59726822
v -0.80564409 -0.98195994 0.59726822
v -0.80564409 -0.98195994 0.59726822
v -0.80564409 -0.98195994 0.59726822
v -0.80564409 -0.98195994 0.59726822
v -0.80564409 -0.98195994 0.59726822
v -0.80564409 -0.98195994 0.59726822
v -0.80564409 -0.98195994 0.59726822
v -0.81237936 -0.98688793 0.63233817
v -0.81237936 -0.98688793 0.63233817
v -0.81237936 -0.98688793 0.63233817
v -0.87150639 -1.03711420 0.99095175
v -0.87150639 -1.03711420 0.99095175
v -0.87150639 -1.03711420 0.99095175
v -0.76046431 -1.11476821 1.01422822
v -0.76046431 -1.11476821 1.01422822
v -0.76046431 -1.11476821 1.01422822
v -0.76046431 -1.11476821 1.01422822
v -0.76046431 -1.11476821 1.01422822
v -0.76046431 -1.11476821 1.01422822
v -0.76046431 -1.11476821 1.01422822
v -0.76046431 -1.11476821 1.01422822
v -0.76046431 -1.11476821 1.01422822
v -0.81053162 -1.07414907 1.01771972
v -0.81053162 -1.07414907 1.01771972
v -0.81053162 -1.07414907 1.01771972
v -0.81053162 -1.07414907 1.01771972
v -0.81053162 -1.07414907 1.01771972
v -0.77649778 -1.08908266 1.02392685
v -0.77649778 -1.08908266 1.02392685
v -0.77649778 -1.08908266 1.02392685
v -0.77649778 -1.08908266 1.02392685
v -0.77649778 -1.08908266 1.02392685
v -0.99107182 -0.73252130 0.45629010
v -0.99107182 -0.73252130 0.45629010
v -0.99107182 -0.73252130 0.45629010
v -0.98880678 -0.73252130 0.44985027
v -0.98880678 -0.73252130 0.44985027
v -0.98880678 -0.73252130 0.44985027
v -0.98880678 -0.73252130 0.44985027
v -0.97962785 -0.73252130 0.42416851
v -0.97962785 -0.73252130 0.42416851
v -0.97962785 -0.73252130 0.42416851
v -0.97146207 -0.73252130 0.40275411
v -0.97146207 -0.73252130 0.40275411
v -0.97146207 -0.73252130 0.40275411
v -0.97146207 -0.73252130 0.40275411
v -0.97146207 -0.73252130 0.40275411
v -0.96812427 -0.74133205 0.40996984
v -0.96812427 -0.74133205 0.40996984
v -0.96812427 -0.74133205 0.40996984
v -0.96812427 -0.74133205 0.40996984
v -0.96812427 -0.74133205 0.40996984
v -0.93891841 -0.76194018 0.37583093
v -0.93891841 -0.76194018 0.37583093
v -0.93891841 -0.76194018 0.37583093
v -0.93891841 -0.76194018 0.37583093
v -0.93891841 -0.76194018 0.37583093
v -0.93891841 -0.76194018 0.37583093
v -0.92687845 -0.79240441 0.40996984
v -0.92687845 -0.79240441 0.40996984
v -0.92687845 -0.79240441 0.40996984
v -0.92687845 -0.79240441 0.40996984
v -0.92687845 -0.79240441 0.40996984
v -0.92687845 -0.79240441 0.40996984
v -0.92687845 -0.79240441 0.40996984
v -0.93218315 -0.79847741 0.43642748
v -0.93218315 -0.79847741 0.43642748
v -0.93218315 -0.79847741 0.43642748
v -0.93218315 -0.79847741 0.43642748
v -0.93218315 -0.79847741 0.43642748
v -0.93218315 -0.79847741 0.43642748
v -0.93218315 -0.79847741 0.43642748
v -0.92354053 -0.83377022 0.49896371
v -0.92354053 -0.83377022 0.49896371
v -0.92354053 -0.83377022 0.49896371
v -0.92354053 -0.83377022 0.49896371
v -0.92354053 -0.83377022 0.49896371
v -0.89451349 -0.84999788 0.46366099
v -0.89451349 -0.84999788 0.46366099
v -0.89451349 -0.84999788 0.46366099
v -0.89451349 -0.84999788 0.46366099
v -0.89451349 -0.84999788 0.46366099
v -0.89451349 -0.84999788 0.46366099
v -0.89451349 -0.84999788 0.46366099
v -0.90130836 -0.85691702 0.49896371
v -0.90130836 -0.85691702 0.49896371
v -0.90130836 -0.85691702 0.49896371
v -0.90130836 -0.85691702 0.49896371
v -0.88557285 -0.88539016 0.53170602
v -0.88557285 -0.88539016 0.53170602
v -0.88557285 -0.88539016 0.53170602
v -0.88557285 -0.88539016 0.53170602
v -0.88557285 -0.88539016 0.53170602
v -0.88557285 -0.88539016 0.53170602
v -0.88557285 -0.88539016 0.53170602
v -0.88557285 -0.88539016 0.53170602
v -0.86602283 -0.91032904 0.54652541
v -0.86602283 -0.91032904 0.54652541
v -0.86602283 -0.91032904 0.54652541
v -0.86602283 -0.91032904 0.54652541
v -0.84641320 -0.93521816 0.56126720
v -0.84641320 -0.93521816 0.56126720
v -0.84641320 -0.93521816 0.56126720
v -0.84641320 -0.93521816 0.56126720
v -0.84641320 -0.93521816 0.56126720
v -0.84641320 -0.93521816 0.56126720
v -0.84641320 -0.93521816 0.56126720
v -0.87323493 -0.91754693 0.58788002
v -0.87323493 -0.91754693 0.58788002
v -0.87323493 -0.91754693 0.58788002
v -0.87323493 -0.91754693 0.58788002
v -0.87323493 -0.91754693 0.58788002
v -0.91334832 -0.82436204 0.45008303
v -0.91334832 -0.82436204 0.45008303
v -0.91334832 -0.82436204 0.45008303
v -0.91334832 -0.82436204 0.45008303
v -0.85100263 -0.93979776 0.58788002
v -0.85100263 -0.93979776 0.58788002
v -0.85100263 -0.93979776 0.58788002
v -0.85100263 -0.93979776 0.58788002
v -0.85100263 -0.93979776 0.58788002
v -0.85100263 -0.93979776 0.58788002
v -0.73376179 -1.12362868 1.02136636
v -0.73376179 -1.12362868 1.02136636
v -0.73376179 -1.12362868 1.02136636
v -0.73376179 -1.12362868 1.02136636
v -0.73376179 -1.12362868 1.02136636
v -0.73376179 -1.12362868 1.02136636
v -0.67892623 -1.16295356 1.01818529
v -0.67892623 -1.16295356 1.01818529
v -0.67892623 -1.16295356 1.01818529
v -0.67892623 -1.16295356 1.01818529
v -0.67892623 -1.16295356 1.01818529
v -0.67892623 -1.16295356 1.01818529
v -0.67892623 -1.16295356 1.01818529
v -0.59154695 -1.20670861 1.01771972
v -0.59154695 -1.20670861 1.01771972
v -0.59154695 -1.20670861 1.01771972
v -0.59154695 -1.20670861 1.01771972
v -0.59154695 -1.20670861 1.01771972
v -0.53319472 -1.24105555 0.98800340
v -0.53319472 -1.24105555 0.98800340
v -0.53319472 -1.24105555 0.98800340
v -0.53319472 -1.24105555 0.98800340
v -0.53319472 -1.24105555 0.98800340
v -0.53319472 -1.24105555 0.98800340
v -0.53319472 -1.24105555 0.98800340
v -0.53319472 -1.24105555 0.98800340
v -0.53319472 -1.11810333 0.99343455
v -0.53319472 -1.11810333 0.99343455
v -0.53319472 -1.11810333 0.99343455
v -0.53319472 -1.11810333 0.99343455
v -1.00764167 -0.73252130 0.99700364
v -1.00764167 -0.73252130 0.99700364
v -1.00764167 -0.73252130 0.99700364
v -1.00764167 -0.73252130 0.99700364
v -1.00764167 -0.73252130 0.99700364
v -1.01342332 -0.74222803 1.01849565
v -1.01342332 -0.74222803 1.01849565
v -1.01342332 -0.74222803 1.01849565
v -0.71075475 -1.06648332 0.65662333
v -0.71075475 -1.06648332 0.65662333
v -0.71075475 -1.06648332 0.65662333
v -0.70586717 -1.06309837 0.63233817
v -0.70586717 -1.06309837 0.63233817
v -0.70586717 -1.06309837 0.63233817
v -0.70586717 -1.06309837 0.63233817
v -0.70586717 -1.06309837 0.63233817
v -0.70586717 -1.06309837 0.63233817
v -0.70586717 -1.06309837 0.63233817
v -0.68363488 -1.07813138 0.63233817
v -0.68363488 -1.07813138 0.63233817
v -0.68363488 -1.07813138 0.63233817
v -0.68363488 -1.07813138 0.63233817
v -0.65848213 -1.10615653 0.67671873
v -0.65848213 -1.10615653 0.67671873
v -0.65848213 -1.10615653 0.67671873
v -0.65848213 -1.10615653 0.67671873
v -0.65848213 -1.10615653 0.67671873
v -0.65848213 -1.10615653 0.67671873
v -0.67773420 -1.16245574 0.94354522
v -0.67773420 -1.16245574 0.94354522
v -0.67773420 -1.16245574 0.94354522
v -0.67773420 -1.16245574 0.94354522
v -0.62283897 -1.20053607 0.96550274
v -0.62283897 -1.20053607 0.96550274
v -0.62283897 -1.20053607 0.96550274
v -0.62283897 -1.20053607 0.96550274
v -0.62283897 -1.20053607 0.96550274
v -0.62283897 -1.20053607 0.96550274
v -0.62283897 -1.20053607 0.96550274
v -0.62283897 -1.20053607 0.96550274
v -0.62283897 -1.20053607 0.96550274
v -0.62283897 -1.20053607 0.96550274
v -0.62283897 -1.20053607 0.96550274
v -0.62283897 -1.20053607 0.96550274
v -0.62283897 -1.20053607 0.96550274
v -0.62283897 -1.20053607 0.96550274
v -0.68566149 -1.16708499 0.98800340
v -0.68566149 -1.16708499 0.98800340
v -0.68566149 -1.16708499 0.98800340
v -0.68566149 -1.16708499 0.98800340
v -0.68566149 -1.16708499 0.98800340
v -0.68566149 -1.16708499 0.98800340
v -0.68566149 -1.16708499 0.98800340
v -0.68566149 -1.16708499 0.98800340
v -0.70789373 -1.15364498 0.98800340
v -0.70789373 -1.15364498 0.98800340
v -0.70789373 -1.15364498 0.98800340
v -0.70789373 -1.15364498 0.98800340
v -0.73376179 -1.13677019 0.98800340
v -0.73376179 -1.13677019 0.98800340
v -0.73376179 -1.13677019 0.98800340
v -0.73376179 -1.13677019 0.98800340
v -0.76344454 -1.11680907 0.98800340
v -0.76344454 -1.11680907 0.98800340
v -0.76344454 -1.11680907 0.98800340
v -0.76344454 -1.11680907 0.98800340
v -0.77685541 -1.01152819 0.62892428
v -0.77685541 -1.01152819 0.62892428
v -0.77685541 -1.01152819 0.62892428
v -0.75533837 -1.02208120 0.61177725
v -0.75533837 -1.02208120 0.61177725
v -0.75533837 -1.02208120 0.61177725
v -0.75533837 -1.02208120 0.61177725
v -0.75533837 -1.02208120 0.61177725
v -0.75533837 -1.02208120 0.61177725
v -0.83461154 -0.96936601 0.63233817
v -0.83461154 -0.96936601 0.63233817
v -0.83461154 -0.96936601 0.63233817
v -0.83461154 -0.96936601 0.63233817
v -0.83461154 -0.96936601 0.63233817
v -0.83461154 -0.96936601 0.63233817
v -0.79968375 -0.97752964 0.56762945
v -0.79968375 -0.97752964 0.56762945
v -0.79968375 -0.97752964 0.56762945
v -0.79968375 -0.97752964 0.56762945
v -0.79968375 -0.97752964 0.56762945
v -0.79968375 -0.97752964 0.56762945
v -0.79968375 -0.97752964 0.56762945
v -0.79968375 -0.97752964 0.56762945
v -0.79968375 -0.97752964 0.56762945
v -0.78221977 -0.99500185 0.58462130
v -0.78221977 -0.99500185 0.58462130
v -0.78221977 -0.99500185 0.58462130
v -0.72827828 -1.03452569 0.58788002
v -0.72827828 -1.03452569 0.58788002
v -0.72827828 -1.03452569 0.58788002
v -0.72827828 -1.03452569 0.58788002
v -0.72827828 -1.03452569 0.58788002
v -0.72827828 -1.03452569 0.58788002
v -0.72827828 -1.03452569 0.58788002
v -0.95632273 -0.73252130 0.36589961
v -0.95632273 -0.73252130 0.36589961
v -0.95632273 -0.73252130 0.36589961
v -0.95590550 -0.73326790 0.36613239
v -0.95590550 -0.73326790 0.36613239
v -0.95590550 -0.73326790 0.36613239
v -0.95590550 -0.73326790 0.36613239
v -0.95590550 -0.73326790 0.36613239
v -0.93254077 -0.75412506 0.34619217
v -0.93254077 -0.75412506 0.34619217
v -0.93254077 -0.75412506 0.34619217
v -0.93254077 -0.75412506 0.34619217
v -0.93254077 -0.75412506 0.34619217
v -0.93254077 -0.75412506 0.34619217
v -0.93254077 -0.75412506 0.34619217
v -0.93254077 -0.75412506 0.34619217
v -0.93254077 -0.75412506 0.34619217
v -0.93254077 -0.75412506 0.34619217
v -0.91996437 -0.77727193 0.36279607
v -0.91996437 -0.77727193 0.36279607
v -0.91996437 -0.77727193 0.36279607
v -0.91996437 -0.77727193 0.36279607
v -0.89004320 -0.80106586 0.34176962
v -0.89004320 -0.80106586 0.34176962
v -0.89004320 -0.80106586 0.34176962
v -0.89004320 -0.80106586 0.34176962
v -0.89004320 -0.80106586 0.34176962
v -0.89004320 -0.80106586 0.34176962
v -0.89004320 -0.80106586 0.34176962
v -0.89004320 -0.80106586 0.34176962
v -0.89004320 -0.80106586 0.34176962
v -0.89522874 -0.80659127 0.36551167
v -0.89522874 -0.80659127 0.36551167
v -0.89522874 -0.80659127 0.36551167
v -0.89522874 -0.80659127 0.36551167
v -0.89522874 -0.80659127 0.36551167
v -0.90464616 -0.81659669 0.40996984
v -0.90464616 -0.81659669 0.40996984
v -0.90464616 -0.81659669 0.40996984
v -0.90464616 -0.81659669 0.40996984
v -0.90464616 -0.81659669 0.40996984
v -0.88861275 -0.84402448 0.43402223
v -0.88861275 -0.84402448 0.43402223
v -0.88861275 -0.84402448 0.43402223
v -0.88861275 -0.84402448 0.43402223
v -0.88861275 -0.84402448 0.43402223
v -0.88861275 -0.84402448 0.43402223
v -0.88861275 -0.84402448 0.43402223
v -0.88861275 -0.84402448 0.43402223
v -0.88861275 -0.84402448 0.43402223
v -0.88861275 -0.84402448 0.43402223
v -0.86947989 -0.86936158 0.44853126
v -0.86947989 -0.86936158 0.44853126
v -0.86947989 -0.86936158 0.44853126
v -0.86947989 -0.86936158 0.44853126
v -0.85028738 -0.89459908 0.46311789
v -0.85028738 -0.89459908 0.46311789
v -0.85028738 -0.89459908 0.46311789
v -0.85028738 -0.89459908 0.46311789
v -0.85028738 -0.89459908 0.46311789
v -0.85028738 -0.89459908 0.46311789
v -0.85028738 -0.89459908 0.46311789
v -0.87943369 -0.87916791 0.49896371
v -0.87943369 -0.87916791 0.49896371
v -0.87943369 -0.87916791 0.49896371
v -0.87943369 -0.87916791 0.49896371
v -0.87943369 -0.87916791 0.49896371
v -0.85720146 -0.90156806 0.49896371
v -0.85720146 -0.90156806 0.49896371
v -0.85720146 -0.90156806 0.49896371
v -0.85720146 -0.90156806 0.49896371
v -0.85720146 -0.90156806 0.49896371
v -0.84110844 -0.92989188 0.53162843
v -0.84110844 -0.92989188 0.53162843
v -0.84110844 -0.92989188 0.53162843
v -0.84110844 -0.92989188 0.53162843
v -0.84110844 -0.92989188 0.53162843
v -0.84110844 -0.92989188 0.53162843
v -0.84110844 -0.92989188 0.53162843
v -0.81279659 -0.94437730 0.49896371
v -0.81279659 -0.94437730 0.49896371
v -0.81279659 -0.94437730 0.49896371
v -0.81279659 -0.94437730 0.49896371
v -0.81279659 -0.94437730 0.49896371
v -0.62117004 -1.19968981 0.99754673
v -0.62117004 -1.19968981 0.99754673
v -0.62117004 -1.19968981 0.99754673
v -0.62117004 -1.19968981 0.99754673
v -0.62117004 -1.19968981 0.99754673
v -0.62117004 -1.19968981 0.99754673
v -0.62117004 -1.19968981 0.99754673
v -0.60394454 -1.20840102 0.98482224
v -0.60394454 -1.20840102 0.98482224
v -0.60394454 -1.20840102 0.98482224
v -0.62283897 -1.20053607 0.96790799
v -0.62283897 -1.20053607 0.96790799
v -0.62283897 -1.20053607 0.96790799
v -0.62283897 -1.20053607 0.96790799
v -0.62283897 -1.20053607 0.96790799
v -0.62283897 -1.20053607 0.96790799
v -0.53319472 -1.23971146 0.98156357
v -0.53319472 -1.23971146 0.98156357
v -0.53319472 -1.23971146 0.98156357
v -0.53319472 -0.88708264 0.24804285
v -0.53319472 -0.88708264 0.24804285
v -0.53319472 -0.88708264 0.24804285
v -0.53319472 -0.88708264 0.24804285
v -0.53319472 -0.88708264 0.24804285
v -0.53319472 -0.88708264 0.24804285
v -1.00406539 -0.73252130 0.99079654
v -1.00406539 -0.73252130 0.99079654
v -1.00406539 -0.73252130 0.99079654
v -1.00406539 -0.73252130 0.99079654
v -0.69668818 -1.05677658 0.58788002
v -0.69668818 -1.05677658 0.58788002
v -0.69668818 -1.05677658 0.58788002
v -0.69668818 -1.05677658 0.58788002
v -0.69668818 -1.05677658 0.58788002
v -0.67445594 -1.07200879 0.58788002
v -0.67445594 -1.07200879 0.58788002
v -0.67445594 -1.07200879 0.58788002
v -0.67445594 -1.07200879 0.58788002
v -0.67445594 -1.07200879 0.58788002
v -0.67445594 -1.07200879 0.58788002
v -0.64399838 -1.10242313 0.62853634
v -0.64399838 -1.10242313 0.62853634
v -0.64399838 -1.10242313 0.62853634
v -0.64399838 -1.10242313 0.62853634
v -0.62200451 -1.11123389 0.61115654
v -0.62200451 -1.11123389 0.61115654
v -0.62200451 -1.11123389 0.61115654
v -0.62200451 -1.11123389 0.61115654
v -0.62200451 -1.11123389 0.61115654
v -0.62200451 -1.11123389 0.61115654
v -0.62200451 -1.11123389 0.61115654
v -0.62200451 -1.11123389 0.61115654
v -0.62200451 -1.11123389 0.61115654
v -0.62200451 -1.11123389 0.61115654
v -0.62200451 -1.11123389 0.61115654
v -0.62200451 -1.11123389 0.61115654
v -0.62200451 -1.11123389 0.61115654
v -0.62862056 -1.11491746 0.64079531
v -0.62862056 -1.11491746 0.64079531
v -0.62862056 -1.11491746 0.64079531
v -0.62862056 -1.11491746 0.64079531
v -0.53319472 -1.23105007 0.94199345
v -0.53319472 -1.23105007 0.94199345
v -0.53319472 -1.23105007 0.94199345
v -0.55423486 -1.14727336 0.63179505
v -0.55423486 -1.14727336 0.63179505
v -0.55423486 -1.14727336 0.63179505
v -0.55423486 -1.14727336 0.63179505
v -0.53319472 -1.15339607 0.61860503
v -0.53319472 -1.15339607 0.61860503
v -0.53319472 -1.15339607 0.61860503
v -0.53319472 -1.15339607 0.61860503
v -0.53319472 -1.15339607 0.61860503
v -0.53832066 -1.15802544 0.64614891
v -0.53832066 -1.15802544 0.64614891
v -0.53832066 -1.15802544 0.64614891
v -0.53319472 -1.15951878 0.64320055
v -0.53319472 -1.15951878 0.64320055
v -0.53319472 -1.15951878 0.64320055
v -0.53319472 -1.15951878 0.64320055
v -0.53319472 -1.16165930 0.65204562
v -0.53319472 -1.16165930 0.65204562
v -0.53319472 -1.16165930 0.65204562
v -0.64054132 -1.19107813 0.98482224
v -0.64054132 -1.19107813 0.98482224
v -0.64054132 -1.19107813 0.98482224
v -0.71903968 -1.02795500 0.54342186
v -0.71903968 -1.02795500 0.54342186
v -0.71903968 -1.02795500 0.54342186
v -0.71903968 -1.02795500 0.54342186
v -0.71903968 -1.02795500 0.54342186
v -0.71903968 -1.02795500 0.54342186
v -0.80588251 -0.93835419 0.46335065
v -0.80588251 -0.93835419 0.46335065
v -0.80588251 -0.93835419 0.46335065
v -0.80588251 -0.93835419 0.46335065
v -0.80588251 -0.93835419 0.46335065
v -0.80588251 -0.93835419 0.46335065
v -0.80588251 -0.93835419 0.46335065
v -0.79443860 -0.97379625 0.54342186
v -0.79443860 -0.97379625 0.54342186
v -0.79443860 -0.97379625 0.54342186
v -0.79443860 -0.97379625 0.54342186
v -0.71337730 -1.02387315 0.51711940
v -0.71337730 -1.02387315 0.51711940
v -0.71337730 -1.02387315 0.51711940
v -0.71337730 -1.02387315 0.51711940
v -0.71337730 -1.02387315 0.51711940
v -0.71337730 -1.02387315 0.51711940
v -0.71337730 -1.02387315 0.51711940
v -0.71337730 -1.02387315 0.51711940
v -0.71337730 -1.02387315 0.51711940
v -0.71337730 -1.02387315 0.51711940
v -0.94017005 -0.73252130 0.32795888
v -0.94017005 -0.73252130 0.32795888
v -0.94017005 -0.73252130 0.32795888
v -0.94017005 -0.73252130 0.32795888
v -0.93701106 -0.73252130 0.32105353
v -0.93701106 -0.73252130 0.32105353
v -0.93701106 -0.73252130 0.32105353
v -0.93116987 -0.73252130 0.30832903
v -0.93116987 -0.73252130 0.30832903
v -0.93116987 -0.73252130 0.30832903
v -0.93116987 -0.73252130 0.30832903
v -0.93116987 -0.73252130 0.30832903
v -0.92652076 -0.74655873 0.32105353
v -0.92652076 -0.74655873 0.32105353
v -0.92652076 -0.74655873 0.32105353
v -0.92652076 -0.74655873 0.32105353
v -0.90172559 -0.77806836 0.32462259
v -0.90172559 -0.77806836 0.32462259
v -0.90172559 -0.77806836 0.32462259
v -0.90172559 -0.77806836 0.32462259
v -0.90172559 -0.77806836 0.32462259
v -0.86441350 -0.81973267 0.32640712
v -0.86441350 -0.81973267 0.32640712
v -0.86441350 -0.81973267 0.32640712
v -0.86441350 -0.81973267 0.32640712
v -0.84611517 -0.84601557 0.34076098
v -0.84611517 -0.84601557 0.34076098
v -0.84611517 -0.84601557 0.34076098
v -0.84611517 -0.84601557 0.34076098
v -0.84611517 -0.84601557 0.34076098
v -0.84611517 -0.84601557 0.34076098
v -0.84611517 -0.84601557 0.34076098
v -0.84611517 -0.84601557 0.34076098
v -0.87395012 -0.82884210 0.36551167
v -0.87395012 -0.82884210 0.36551167
v -0.87395012 -0.82884210 0.36551167
v -0.87395012 -0.82884210 0.36551167
v -0.87395012 -0.82884210 0.36551167
v -0.88265228 -0.79290229 0.31213085
v -0.88265228 -0.79290229 0.31213085
v -0.88265228 -0.79290229 0.31213085
v -0.88265228 -0.79290229 0.31213085
v -0.88265228 -0.79290229 0.31213085
v -0.88265228 -0.79290229 0.31213085
v -0.88360602 -0.83879775 0.40996984
v -0.88360602 -0.83879775 0.40996984
v -0.88360602 -0.83879775 0.40996984
v -0.88360602 -0.83879775 0.40996984
v -0.88360602 -0.83879775 0.40996984
v -0.88360602 -0.83879775 0.40996984
v -0.84438658 -0.88872534 0.43340153
v -0.84438658 -0.88872534 0.43340153
v -0.84438658 -0.88872534 0.43340153
v -0.84438658 -0.88872534 0.43340153
v -0.84438658 -0.88872534 0.43340153
v -0.84438658 -0.88872534 0.43340153
v -0.84438658 -0.88872534 0.43340153
v -0.86137372 -0.86149663 0.40996984
v -0.86137372 -0.86149663 0.40996984
v -0.86137372 -0.86149663 0.40996984
v -0.86137372 -0.86149663 0.40996984
v -0.83949912 -0.88374752 0.40996984
v -0.83949912 -0.88374752 0.40996984
v -0.83949912 -0.88374752 0.40996984
v -0.83949912 -0.88374752 0.40996984
v -0.83949912 -0.88374752 0.40996984
v -0.83949912 -0.88374752 0.40996984
v -0.82513452 -0.91386330 0.44837607
v -0.82513452 -0.91386330 0.44837607
v -0.82513452 -0.91386330 0.44837607
v -0.82513452 -0.91386330 0.44837607
v -0.83502883 -0.92376918 0.49896371
v -0.83502883 -0.92376918 0.49896371
v -0.83502883 -0.92376918 0.49896371
v -0.83502883 -0.92376918 0.49896371
v -0.83502883 -0.92376918 0.49896371
v -0.83502883 -0.92376918 0.49896371
v -0.53319472 -1.02984649 0.24804285
v -0.53319472 -1.02984649 0.24804285
v -0.53319472 -1.02984649 0.24804285
v -0.73042399 -0.73252130 0.24804285
v -0.73042399 -0.73252130 0.24804285
v -0.73042399 -0.73252130 0.24804285
v -0.73042399 -0.73252130 0.24804285
v -0.72994715 -0.73252130 0.24812046
v -0.72994715 -0.73252130 0.24812046
v -0.72994715 -0.73252130 0.24812046
v -0.72994715 -0.73252130 0.24812046
v -0.66891277 -1.06827539 0.56157755
v -0.66891277 -1.06827539 0.56157755
v -0.66891277 -1.06827539 0.56157755
v -0.66891277 -1.06827539 0.56157755
v -0.66891277 -1.06827539 0.56157755
v -0.66891277 -1.06827539 0.56157755
v -0.66891277 -1.06827539 0.56157755
v -0.64483279 -1.09077507 0.58788002
v -0.64483279 -1.09077507 0.58788002
v -0.64483279 -1.09077507 0.58788002
v -0.64483279 -1.09077507 0.58788002
v -0.64483279 -1.09077507 0.58788002
v -0.64626330 -1.07768339 0.54543916
v -0.64626330 -1.07768339 0.54543916
v -0.64626330 -1.07768339 0.54543916
v -0.64626330 -1.07768339 0.54543916
v -0.64626330 -1.07768339 0.54543916
v -0.63171995 -1.07270557 0.49896371
v -0.63171995 -1.07270557 0.49896371
v -0.63171995 -1.07270557 0.49896371
v -0.63171995 -1.07270557 0.49896371
v -0.62498468 -1.06852418 0.47188536
v -0.62498468 -1.06852418 0.47188536
v -0.62498468 -1.06852418 0.47188536
v -0.62498468 -1.06852418 0.47188536
v -0.62498468 -1.06852418 0.47188536
v -0.62498468 -1.06852418 0.47188536
v -0.62498468 -1.06852418 0.47188536
v -0.62498468 -1.06852418 0.47188536
v -0.62498468 -1.06852418 0.47188536
v -0.61515009 -1.10804814 0.58788002
v -0.61515009 -1.10804814 0.58788002
v -0.61515009 -1.10804814 0.58788002
v -0.61515009 -1.10804814 0.58788002
v -0.61515009 -1.10804814 0.58788002
v -0.61515009 -1.10804814 0.58788002
v -0.61515009 -1.10804814 0.58788002
v -0.59291786 -1.11815315 0.58788002
v -0.59291786 -1.11815315 0.58788002
v -0.59291786 -1.11815315 0.58788002
v -0.59291786 -1.11815315 0.58788002
v -0.55590379 -1.13492829 0.58788002
v -0.55590379 -1.13492829 0.58788002
v -0.55590379 -1.13492829 0.58788002
v -0.55590379 -1.13492829 0.58788002
v -0.55590379 -1.13492829 0.58788002
v -0.55590379 -1.13492829 0.58788002
v -0.53319472 -1.15195256 0.61301866
v -0.53319472 -1.15195256 0.61301866
v -0.53319472 -1.15195256 0.61301866
v -0.53319472 -1.15195256 0.61301866
v -0.53319472 -1.15195256 0.61301866
v -0.68595952 -1.05154985 0.54543916
v -0.68595952 -1.05154985 0.54543916
v -0.68595952 -1.05154985 0.54543916
v -0.68595952 -1.05154985 0.54543916
v -0.79974329 -0.93307769 0.43371188
v -0.79974329 -0.93307769 0.43371188
v -0.79974329 -0.93307769 0.43371188
v -0.79974329 -0.93307769 0.43371188
v -0.79974329 -0.93307769 0.43371188
v -0.79974329 -0.93307769 0.43371188
v -0.79974329 -0.93307769 0.43371188
v -0.79974329 -0.93307769 0.43371188
v -0.79974329 -0.93307769 0.43371188
v -0.79974329 -0.93307769 0.43371188
v -0.79974329 -0.93307769 0.43371188
v -0.79974329 -0.93307769 0.43371188
v -0.79974329 -0.93307769 0.43371188
v -0.78454429 -0.96662819 0.49896371
v -0.78454429 -0.96662819 0.49896371
v -0.78454429 -0.96662819 0.49896371
v -0.78454429 -0.96662819 0.49896371
v -0.78454429 -0.96662819 0.49896371
v -0.78454429 -0.96662819 0.49896371
v -0.78454429 -0.96662819 0.49896371
v -0.66199875 -1.06374556 0.53193879
v -0.66199875 -1.06374556 0.53193879
v -0.66199875 -1.06374556 0.53193879
v -0.66199875 -1.06374556 0.53193879
v -0.66199875 -1.06374556 0.53193879
v -0.66199875 -1.06374556 0.53193879
v -0.66199875 -1.06374556 0.53193879
v -0.66199875 -1.06374556 0.53193879
v -0.76231211 -0.98265678 0.49896371
v -0.76231211 -0.98265678 0.49896371
v -0.76231211 -0.98265678 0.49896371
v -0.75682849 -0.97872430 0.47498890
v -0.75682849 -0.97872430 0.47498890
v -0.75682849 -0.97872430 0.47498890
v -0.75682849 -0.97872430 0.47498890
v -0.75682849 -0.97872430 0.47498890
v -0.75682849 -0.97872430 0.47498890
v -0.75682849 -0.97872430 0.47498890
v -0.70652288 -1.01899487 0.48748063
v -0.70652288 -1.01899487 0.48748063
v -0.70652288 -1.01899487 0.48748063
v -0.70652288 -1.01899487 0.48748063
v -0.70652288 -1.01899487 0.48748063
v -0.70652288 -1.01899487 0.48748063
v -0.69072783 -1.03432661 0.50098101
v -0.69072783 -1.03432661 0.50098101
v -0.69072783 -1.03432661 0.50098101
v -0.69072783 -1.03432661 0.50098101
v -0.69072783 -1.03432661 0.50098101
v -0.91489804 -0.73252130 0.27713850
v -0.91489804 -0.73252130 0.27713850
v -0.91489804 -0.73252130 0.27713850
v -0.91489804 -0.73252130 0.27713850
v -0.89576519 -0.76323450 0.28745773
v -0.89576519 -0.76323450 0.28745773
v -0.89576519 -0.76323450 0.28745773
v -0.89576519 -0.76323450 0.28745773
v -0.89576519 -0.76323450 0.28745773
v -0.89576519 -0.76323450 0.28745773
v -0.89576519 -0.76323450 0.28745773
v -0.89576519 -0.76323450 0.28745773
v -0.89576519 -0.76323450 0.28745773
v -0.83878386 -0.83839959 0.31112221
v -0.83878386 -0.83839959 0.31112221
v -0.83878386 -0.83839959 0.31112221
v -0.83878386 -0.83839959 0.31112221
v -0.83878386 -0.83839959 0.31112221
v -0.83878386 -0.83839959 0.31112221
v -0.83878386 -0.83839959 0.31112221
v -0.80188906 -0.89061689 0.34037304
v -0.80188906 -0.89061689 0.34037304
v -0.80188906 -0.89061689 0.34037304
v -0.80188906 -0.89061689 0.34037304
v -0.80188906 -0.89061689 0.34037304
v -0.80188906 -0.89061689 0.34037304
v -0.80188906 -0.89061689 0.34037304
v -0.80188906 -0.89061689 0.34037304
v -0.80188906 -0.89061689 0.34037304
v -0.82984328 -0.87394118 0.36551167
v -0.82984328 -0.87394118 0.36551167
v -0.82984328 -0.87394118 0.36551167
v -0.82984328 -0.87394118 0.36551167
v -0.82984328 -0.87394118 0.36551167
v -0.85171789 -0.85169029 0.36551167
v -0.85171789 -0.85169029 0.36551167
v -0.85171789 -0.85169029 0.36551167
v -0.85171789 -0.85169029 0.36551167
v -0.85171789 -0.85169029 0.36551167
v -0.82036626 -0.86463267 0.32578641
v -0.82036626 -0.86463267 0.32578641
v -0.82036626 -0.86463267 0.32578641
v -0.82036626 -0.86463267 0.32578641
v -0.85302919 -0.80878150 0.28474218
v -0.85302919 -0.80878150 0.28474218
v -0.85302919 -0.80878150 0.28474218
v -0.85302919 -0.80878150 0.28474218
v -0.85302919 -0.80878150 0.28474218
v -0.85302919 -0.80878150 0.28474218
v -0.85302919 -0.80878150 0.28474218
v -0.81732649 -0.90589875 0.40996984
v -0.81732649 -0.90589875 0.40996984
v -0.81732649 -0.90589875 0.40996984
v -0.81732649 -0.90589875 0.40996984
v -0.80761099 -0.89629161 0.36551167
v -0.80761099 -0.89629161 0.36551167
v -0.80761099 -0.89629161 0.36551167
v -0.80761099 -0.89629161 0.36551167
v -0.80761099 -0.89629161 0.36551167
v -0.53319472 -1.03377908 0.25564653
v -0.53319472 -1.03377908 0.25564653
v -0.53319472 -1.03377908 0.25564653
v -0.53319472 -1.03377908 0.25564653
v -0.53319472 -1.03377908 0.25564653
v -0.53319472 -1.03377908 0.25564653
v -0.54106247 -1.02656120 0.24804285
v -0.54106247 -1.02656120 0.24804285
v -0.54106247 -1.02656120 0.24804285
v -0.54106247 -1.02656120 0.24804285
v -0.89737451 -0.73252130 0.24804285
v -0.89737451 -0.73252130 0.24804285
v -0.89737451 -0.73252130 0.24804285
v -0.89737451 -0.73252130 0.24804285
v -0.65395224 -1.05851883 0.49896371
v -0.65395224 -1.05851883 0.49896371
v -0.65395224 -1.05851883 0.49896371
v -0.65395224 -1.05851883 0.49896371
v -0.65395224 -1.05851883 0.49896371
v -0.64185262 -1.05234629 0.45597975
v -0.64185262 -1.05234629 0.45597975
v -0.64185262 -1.05234629 0.45597975
v -0.64185262 -1.05234629 0.45597975
v -0.64185262 -1.05234629 0.45597975
v -0.64185262 -1.05234629 0.45597975
v -0.61664015 -1.06379527 0.44224659
v -0.61664015 -1.06379527 0.44224659
v -0.61664015 -1.06379527 0.44224659
v -0.61664015 -1.06379527 0.44224659
v -0.61664015 -1.06379527 0.44224659
v -0.61664015 -1.06379527 0.44224659
v -0.61664015 -1.06379527 0.44224659
v -0.61664015 -1.06379527 0.44224659
v -0.61664015 -1.06379527 0.44224659
v -0.61664015 -1.06379527 0.44224659
v -0.60120279 -1.07589132 0.45597975
v -0.60120279 -1.07589132 0.45597975
v -0.60120279 -1.07589132 0.45597975
v -0.60120279 -1.07589132 0.45597975
v -0.60120279 -1.07589132 0.45597975
v -0.60036832 -1.08923191 0.49896371
v -0.60036832 -1.08923191 0.49896371
v -0.60036832 -1.08923191 0.49896371
v -0.60036832 -1.08923191 0.49896371
v -0.60036832 -1.08923191 0.49896371
v -0.58361959 -1.11392194 0.55676708
v -0.58361959 -1.11392194 0.55676708
v -0.58361959 -1.11392194 0.55676708
v -0.58361959 -1.11392194 0.55676708
v -0.58361959 -1.11392194 0.55676708
v -0.58361959 -1.11392194 0.55676708
v -0.59923583 -1.10267204 0.54249081
v -0.59923583 -1.10267204 0.54249081
v -0.59923583 -1.10267204 0.54249081
v -0.59923583 -1.10267204 0.54249081
v -0.57455981 -1.10984010 0.52705071
v -0.57455981 -1.10984010 0.52705071
v -0.57455981 -1.10984010 0.52705071
v -0.57455981 -1.10984010 0.52705071
v -0.57455981 -1.10984010 0.52705071
v -0.57455981 -1.10984010 0.52705071
v -0.57455981 -1.10984010 0.52705071
v -0.57455981 -1.10984010 0.52705071
v -0.53319472 -1.14125019 0.57337099
v -0.53319472 -1.14125019 0.57337099
v -0.53319472 -1.14125019 0.57337099
v -0.53319472 -1.14125019 0.57337099
v -0.53319472 -1.14518267 0.58788002
v -0.53319472 -1.14518267 0.58788002
v -0.53319472 -1.14518267 0.58788002
v -0.74979526 -0.97364694 0.44535013
v -0.74979526 -0.97364694 0.44535013
v -0.74979526 -0.97364694 0.44535013
v -0.74979526 -0.97364694 0.44535013
v -0.74979526 -0.97364694 0.44535013
v -0.74979526 -0.97364694 0.44535013
v -0.74979526 -0.97364694 0.44535013
v -0.74979526 -0.97364694 0.44535013
v -0.77828592 -0.95602542 0.45435039
v -0.77828592 -0.95602542 0.45435039
v -0.77828592 -0.95602542 0.45435039
v -0.77828592 -0.95602542 0.45435039
v -0.79384255 -0.92814964 0.40996984
v -0.79384255 -0.92814964 0.40996984
v -0.79384255 -0.92814964 0.40996984
v -0.79384255 -0.92814964 0.40996984
v -0.79384255 -0.92814964 0.40996984
v -0.76266968 -0.93860310 0.37544300
v -0.76266968 -0.93860310 0.37544300
v -0.76266968 -0.93860310 0.37544300
v -0.76266968 -0.93860310 0.37544300
v -0.76266968 -0.93860310 0.37544300
v -0.76266968 -0.93860310 0.37544300
v -0.77161026 -0.94512403 0.40996984
v -0.77161026 -0.94512403 0.40996984
v -0.77161026 -0.94512403 0.40996984
v -0.77161026 -0.94512403 0.40996984
v -0.77161026 -0.94512403 0.40996984
v -0.73447704 -0.98887908 0.45784186
v -0.73447704 -0.98887908 0.45784186
v -0.73447704 -0.98887908 0.45784186
v -0.73447704 -0.98887908 0.45784186
v -0.69853586 -1.01341981 0.45442797
v -0.69853586 -1.01341981 0.45442797
v -0.69853586 -1.01341981 0.45442797
v -0.69853586 -1.01341981 0.45442797
v -0.69853586 -1.01341981 0.45442797
v -0.69853586 -1.01341981 0.45442797
v -0.67630368 -1.02890080 0.45442797
v -0.67630368 -1.02890080 0.45442797
v -0.67630368 -1.02890080 0.45442797
v -0.67630368 -1.02890080 0.45442797
v -0.67630368 -1.02890080 0.45442797
v -0.67630368 -1.02890080 0.45442797
v -0.91346753 -0.73252130 0.27457808
v -0.91346753 -0.73252130 0.27457808
v -0.91346753 -0.73252130 0.27457808
v -0.91346753 -0.73252130 0.27457808
v -0.91239470 -0.73446262 0.27535394
v -0.91239470 -0.73446262 0.27535394
v -0.91239470 -0.73446262 0.27535394
v -0.91239470 -0.73446262 0.27535394
v -0.88736099 -0.75342810 0.25781900
v -0.88736099 -0.75342810 0.25781900
v -0.88736099 -0.75342810 0.25781900
v -0.88736099 -0.75342810 0.25781900
v -0.88736099 -0.75342810 0.25781900
v -0.88736099 -0.75342810 0.25781900
v -0.88736099 -0.75342810 0.25781900
v -0.88736099 -0.75342810 0.25781900
v -0.88736099 -0.75342810 0.25781900
v -0.87019515 -0.78150308 0.27131934
v -0.87019515 -0.78150308 0.27131934
v -0.87019515 -0.78150308 0.27131934
v -0.87019515 -0.78150308 0.27131934
v -0.79425979 -0.88319987 0.31073427
v -0.79425979 -0.88319987 0.31073427
v -0.79425979 -0.88319987 0.31073427
v -0.79425979 -0.88319987 0.31073427
v -0.79425979 -0.88319987 0.31073427
v -0.79425979 -0.88319987 0.31073427
v -0.79425979 -0.88319987 0.31073427
v -0.79425979 -0.88319987 0.31073427
v -0.80916077 -0.85358185 0.28404388
v -0.80916077 -0.85358185 0.28404388
v -0.80916077 -0.85358185 0.28404388
v -0.80916077 -0.85358185 0.28404388
v -0.80916077 -0.85358185 0.28404388
v -0.80916077 -0.85358185 0.28404388
v -0.77780902 -0.92093182 0.36256331
v -0.77780902 -0.92093182 0.36256331
v -0.77780902 -0.92093182 0.36256331
v -0.77780902 -0.92093182 0.36256331
v -0.77894157 -0.90271300 0.32376911
v -0.77894157 -0.90271300 0.32376911
v -0.77894157 -0.90271300 0.32376911
v -0.77894157 -0.90271300 0.32376911
v -0.77894157 -0.90271300 0.32376911
v -0.84444624 -0.79982144 0.25510338
v -0.84444624 -0.79982144 0.25510338
v -0.84444624 -0.79982144 0.25510338
v -0.84444624 -0.79982144 0.25510338
v -0.84444624 -0.79982144 0.25510338
v -0.84444624 -0.79982144 0.25510338
v -0.84444624 -0.79982144 0.25510338
v -0.84444624 -0.79982144 0.25510338
v -0.82686305 -0.82675147 0.26953483
v -0.82686305 -0.82675147 0.26953483
v -0.82686305 -0.82675147 0.26953483
v -0.82686305 -0.82675147 0.26953483
v -0.57110280 -1.01914424 0.26146564
v -0.57110280 -1.01914424 0.26146564
v -0.57110280 -1.01914424 0.26146564
v -0.57110280 -1.01914424 0.26146564
v -0.57110280 -1.01914424 0.26146564
v -0.57110280 -1.01914424 0.26146564
v -0.57110280 -1.01914424 0.26146564
v -0.57110280 -1.01914424 0.26146564
v -0.54171807 -1.02626246 0.24804285
v -0.54171807 -1.02626246 0.24804285
v -0.54171807 -1.02626246 0.24804285
v -0.54171807 -1.02626246 0.24804285
v -0.54171807 -1.02626246 0.24804285
v -0.53319472 -1.04393381 0.27721606
v -0.53319472 -1.04393381 0.27721606
v -0.53319472 -1.04393381 0.27721606
v -0.55614221 -1.03303236 0.27636260
v -0.55614221 -1.03303236 0.27636260
v -0.55614221 -1.03303236 0.27636260
v -0.55614221 -1.03303236 0.27636260
v -0.55614221 -1.03303236 0.27636260
v -0.89409626 -0.73680222 0.24804285
v -0.89409626 -0.73680222 0.24804285
v -0.89409626 -0.73680222 0.24804285
v -0.66962802 -1.02427131 0.42742722
v -0.66962802 -1.02427131 0.42742722
v -0.66962802 -1.02427131 0.42742722
v -0.66962802 -1.02427131 0.42742722
v -0.66962802 -1.02427131 0.42742722
v -0.66962802 -1.02427131 0.42742722
v -0.66962802 -1.02427131 0.42742722
v -0.64596528 -1.03427678 0.41159918
v -0.64596528 -1.03427678 0.41159918
v -0.64596528 -1.03427678 0.41159918
v -0.64596528 -1.03427678 0.41159918
v -0.64596528 -1.03427678 0.41159918
v -0.63017023 -1.02760655 0.36551167
v -0.63017023 -1.02760655 0.36551167
v -0.63017023 -1.02760655 0.36551167
v -0.63017023 -1.02760655 0.36551167
v -0.63017023 -1.02760655 0.36551167
v -0.62337542 -1.02307671 0.34200239
v -0.62337542 -1.02307671 0.34200239
v -0.62337542 -1.02307671 0.34200239
v -0.62337542 -1.02307671 0.34200239
v -0.62337542 -1.02307671 0.34200239
v -0.62337542 -1.02307671 0.34200239
v -0.62337542 -1.02307671 0.34200239
v -0.62337542 -1.02307671 0.34200239
v -0.62337542 -1.02307671 0.34200239
v -0.60036832 -1.04527777 0.36551167
v -0.60036832 -1.04527777 0.36551167
v -0.60036832 -1.04527777 0.36551167
v -0.60036832 -1.04527777 0.36551167
v -0.60036832 -1.04527777 0.36551167
v -0.60036832 -1.04527777 0.36551167
v -0.60120279 -1.05966371 0.40632317
v -0.60120279 -1.05966371 0.40632317
v -0.60120279 -1.05966371 0.40632317
v -0.57718241 -1.06658286 0.38909854
v -0.57718241 -1.06658286 0.38909854
v -0.57718241 -1.06658286 0.38909854
v -0.57718241 -1.06658286 0.38909854
v -0.57718241 -1.06658286 0.38909854
v -0.57718241 -1.06658286 0.38909854
v -0.57718241 -1.06658286 0.38909854
v -0.57718241 -1.06658286 0.38909854
v -0.58695745 -1.07141131 0.41873731
v -0.58695745 -1.07141131 0.41873731
v -0.58695745 -1.07141131 0.41873731
v -0.58695745 -1.07141131 0.41873731
v -0.58695745 -1.07141131 0.41873731
v -0.58695745 -1.07141131 0.41873731
v -0.56561929 -1.10580808 0.49896371
v -0.56561929 -1.10580808 0.49896371
v -0.56561929 -1.10580808 0.49896371
v -0.56561929 -1.10580808 0.49896371
v -0.56561929 -1.10580808 0.49896371
v -0.56561929 -1.10580808 0.49896371
v -0.56561929 -1.10580808 0.49896371
v -0.56561929 -1.10580808 0.49896371
v -0.53319472 -1.13323587 0.54412016
v -0.53319472 -1.13323587 0.54412016
v -0.53319472 -1.13323587 0.54412016
v -0.53319472 -1.13323587 0.54412016
v -0.54338700 -1.11591309 0.49896371
v -0.54338700 -1.11591309 0.49896371
v -0.54338700 -1.11591309 0.49896371
v -0.54338700 -1.11591309 0.49896371
v -0.53319472 -1.12049264 0.49896371
v -0.53319472 -1.12049264 0.49896371
v -0.53319472 -1.12049264 0.49896371
v -0.53319472 -1.12049264 0.49896371
v -0.53319472 -1.12432557 0.51254169
v -0.53319472 -1.12432557 0.51254169
v -0.53319472 -1.12432557 0.51254169
v -0.74103343 -0.96732509 0.40996984
v -0.74103343 -0.96732509 0.40996984
v -0.74103343 -0.96732509 0.40996984
v -0.74103343 -0.96732509 0.40996984
v -0.71880120 -0.98335367 0.40996984
v -0.71880120 -0.98335367 0.40996984
v -0.71880120 -0.98335367 0.40996984
v -0.71880120 -0.98335367 0.40996984
v -0.71880120 -0.98335367 0.40996984
v -0.75462317 -0.93267947 0.34580423
v -0.75462317 -0.93267947 0.34580423
v -0.75462317 -0.93267947 0.34580423
v -0.75462317 -0.93267947 0.34580423
v -0.75462317 -0.93267947 0.34580423
v -0.75462317 -0.93267947 0.34580423
v -0.75462317 -0.93267947 0.34580423
v -0.75462317 -0.93267947 0.34580423
v -0.75462317 -0.93267947 0.34580423
v -0.73364258 -0.95582634 0.36582202
v -0.73364258 -0.95582634 0.36582202
v -0.73364258 -0.95582634 0.36582202
v -0.73364258 -0.95582634 0.36582202
v -0.71260244 -0.97892350 0.38576224
v -0.71260244 -0.97892350 0.38576224
v -0.71260244 -0.97892350 0.38576224
v -0.71260244 -0.97892350 0.38576224
v -0.71260244 -0.97892350 0.38576224
v -0.71260244 -0.97892350 0.38576224
v -0.71260244 -0.97892350 0.38576224
v -0.71260244 -0.97892350 0.38576224
v -0.71260244 -0.97892350 0.38576224
v -0.88491726 -0.74785298 0.24804285
v -0.88491726 -0.74785298 0.24804285
v -0.88491726 -0.74785298 0.24804285
v -0.84790325 -0.79011470 0.24804285
v -0.84790325 -0.79011470 0.24804285
v -0.84790325 -0.79011470 0.24804285
v -0.84790325 -0.79011470 0.24804285
v -0.78251779 -0.87120336 0.26953483
v -0.78251779 -0.87120336 0.26953483
v -0.78251779 -0.87120336 0.26953483
v -0.78251779 -0.87120336 0.26953483
v -0.75551724 -0.88882488 0.25502577
v -0.75551724 -0.88882488 0.25502577
v -0.75551724 -0.88882488 0.25502577
v -0.75551724 -0.88882488 0.25502577
v -0.75551724 -0.88882488 0.25502577
v -0.75551724 -0.88882488 0.25502577
v -0.75551724 -0.88882488 0.25502577
v -0.75551724 -0.88882488 0.25502577
v -0.75551724 -0.88882488 0.25502577
v -0.76463664 -0.89649069 0.28466457
v -0.76463664 -0.89649069 0.28466457
v -0.76463664 -0.89649069 0.28466457
v -0.76463664 -0.89649069 0.28466457
v -0.76463664 -0.89649069 0.28466457
v -0.76463664 -0.89649069 0.28466457
v -0.76463664 -0.89649069 0.28466457
v -0.80045855 -0.84472144 0.25440508
v -0.80045855 -0.84472144 0.25440508
v -0.80045855 -0.84472144 0.25440508
v -0.80045855 -0.84472144 0.25440508
v -0.80045855 -0.84472144 0.25440508
v -0.80045855 -0.84472144 0.25440508
v -0.80045855 -0.84472144 0.25440508
v -0.80045855 -0.84472144 0.25440508
v -0.84170449 -0.79693425 0.24804285
v -0.84170449 -0.79693425 0.24804285
v -0.84170449 -0.79693425 0.24804285
v -0.80409437 -0.83586091 0.24804285
v -0.80409437 -0.83586091 0.24804285
v -0.80409437 -0.83586091 0.24804285
v -0.80409437 -0.83586091 0.24804285
v -0.58397722 -1.02601355 0.29110442
v -0.58397722 -1.02601355 0.29110442
v -0.58397722 -1.02601355 0.29110442
v -0.58397722 -1.02601355 0.29110442
v -0.58397722 -1.02601355 0.29110442
v -0.58397722 -1.02601355 0.29110442
v -0.58397722 -1.02601355 0.29110442
v -0.58397722 -1.02601355 0.29110442
v -0.58397722 -1.02601355 0.29110442
v -0.58397722 -1.02601355 0.29110442
v -0.59941465 -1.00928813 0.27636260
v -0.59941465 -1.00928813 0.27636260
v -0.59941465 -1.00928813 0.27636260
v -0.59941465 -1.00928813 0.27636260
v -0.59941465 -1.00928813 0.27636260
v -0.62540191 -0.98001856 0.25106880
v -0.62540191 -0.98001856 0.25106880
v -0.62540191 -0.98001856 0.25106880
v -0.62540191 -0.98001856 0.25106880
v -0.62540191 -0.98001856 0.25106880
v -0.62540191 -0.98001856 0.25106880
v -0.62540191 -0.98001856 0.25106880
v -0.62540191 -0.98001856 0.25106880
v -0.58451366 -1.00331479 0.24804285
v -0.58451366 -1.00331479 0.24804285
v -0.58451366 -1.00331479 0.24804285
v -0.56418878 -1.01486331 0.24804285
v -0.56418878 -1.01486331 0.24804285
v -0.56418878 -1.01486331 0.24804285
v -0.53319472 -1.05408853 0.30041501
v -0.53319472 -1.05408853 0.30041501
v -0.53319472 -1.05408853 0.30041501
v -0.53319472 -1.05408853 0.30041501
v -0.66158152 -1.01884550 0.39778846
v -0.66158152 -1.01884550 0.39778846
v -0.66158152 -1.01884550 0.39778846
v -0.66158152 -1.01884550 0.39778846
v -0.66158152 -1.01884550 0.39778846
v -0.66158152 -1.01884550 0.39778846
v -0.65240246 -1.01262325 0.36551167
v -0.65240246 -1.01262325 0.36551167
v -0.65240246 -1.01262325 0.36551167
v -0.65240246 -1.01262325 0.36551167
v -0.65240246 -1.01262325 0.36551167
v -0.65240246 -1.01262325 0.36551167
v -0.67469436 -0.98345327 0.33067448
v -0.67469436 -0.98345327 0.33067448
v -0.67469436 -0.98345327 0.33067448
v -0.67469436 -0.98345327 0.33067448
v -0.67469436 -0.98345327 0.33067448
v -0.66569412 -0.97718120 0.30103573
v -0.66569412 -0.97718120 0.30103573
v -0.66569412 -0.97718120 0.30103573
v -0.66569412 -0.97718120 0.30103573
v -0.66569412 -0.97718120 0.30103573
v -0.66569412 -0.97718120 0.30103573
v -0.66569412 -0.97718120 0.30103573
v -0.66569412 -0.97718120 0.30103573
v -0.66569412 -0.97718120 0.30103573
v -0.61365998 -1.01685447 0.31236362
v -0.61365998 -1.01685447 0.31236362
v -0.61365998 -1.01685447 0.31236362
v -0.61365998 -1.01685447 0.31236362
v -0.61365998 -1.01685447 0.31236362
v -0.59941465 -1.03044385 0.32477777
v -0.59941465 -1.03044385 0.32477777
v -0.59941465 -1.03044385 0.32477777
v -0.59941465 -1.03044385 0.32477777
v -0.56848019 -1.06245130 0.36551167
v -0.56848019 -1.06245130 0.36551167
v -0.56848019 -1.06245130 0.36551167
v -0.56848019 -1.06245130 0.36551167
v -0.56848019 -1.06245130 0.36551167
v -0.56848019 -1.06245130 0.36551167
v -0.53653258 -1.06837493 0.33975233
v -0.53653258 -1.06837493 0.33975233
v -0.53653258 -1.06837493 0.33975233
v -0.53653258 -1.06837493 0.33975233
v -0.53653258 -1.06837493 0.33975233
v -0.53653258 -1.06837493 0.33975233
v -0.53653258 -1.06837493 0.33975233
v -0.53653258 -1.06837493 0.33975233
v -0.54618841 -1.07280511 0.36551167
v -0.54618841 -1.07280511 0.36551167
v -0.54618841 -1.07280511 0.36551167
v -0.54618841 -1.07280511 0.36551167
v -0.54618841 -1.07280511 0.36551167
v -0.55977809 -1.08012253 0.40632317
v -0.55977809 -1.08012253 0.40632317
v -0.55977809 -1.08012253 0.40632317
v -0.55977809 -1.08012253 0.40632317
v -0.55977809 -1.08012253 0.40632317
v -0.55977809 -1.08012253 0.40632317
v -0.55977809 -1.08012253 0.40632317
v -0.55977809 -1.08012253 0.40632317
v -0.55250639 -1.09943646 0.45737633
v -0.55250639 -1.09943646 0.45737633
v -0.55250639 -1.09943646 0.45737633
v -0.55250639 -1.09943646 0.45737633
v -0.55250639 -1.09943646 0.45737633
v -0.55250639 -1.09943646 0.45737633
v -0.53319472 -1.11397177 0.47638550
v -0.53319472 -1.11397177 0.47638550
v -0.53319472 -1.11397177 0.47638550
v -0.53319472 -1.11397177 0.47638550
v -0.53319472 -1.11397177 0.47638550
v -0.70431751 -0.97309941 0.35612348
v -0.70431751 -0.97309941 0.35612348
v -0.70431751 -0.97309941 0.35612348
v -0.70431751 -0.97309941 0.35612348
v -0.70431751 -0.97309941 0.35612348
v -0.70431751 -0.97309941 0.35612348
v -0.70431751 -0.97309941 0.35612348
v -0.70431751 -0.97309941 0.35612348
v -0.74723232 -0.92725366 0.32105353
v -0.74723232 -0.92725366 0.32105353
v -0.74723232 -0.92725366 0.32105353
v -0.74723232 -0.92725366 0.32105353
v -0.72500002 -0.94348133 0.32105353
v -0.72500002 -0.94348133 0.32105353
v -0.72500002 -0.94348133 0.32105353
v -0.72500002 -0.94348133 0.32105353
v -0.72500002 -0.94348133 0.32105353
v -0.72500002 -0.94348133 0.32105353
v -0.68941653 -0.98838133 0.36877038
v -0.68941653 -0.98838133 0.36877038
v -0.68941653 -0.98838133 0.36877038
v -0.68941653 -0.98838133 0.36877038
v -0.70580763 -0.92944390 0.26247427
v -0.70580763 -0.92944390 0.26247427
v -0.70580763 -0.92944390 0.26247427
v -0.70580763 -0.92944390 0.26247427
v -0.70580763 -0.92944390 0.26247427
v -0.70580763 -0.92944390 0.26247427
v -0.70580763 -0.92944390 0.26247427
v -0.73578835 -0.91296732 0.27356942
v -0.73578835 -0.91296732 0.27356942
v -0.73578835 -0.91296732 0.27356942
v -0.73578835 -0.91296732 0.27356942
v -0.75974911 -0.87946659 0.24804285
v -0.75974911 -0.87946659 0.24804285
v -0.75974911 -0.87946659 0.24804285
v -0.75974911 -0.87946659 0.24804285
v -0.75235826 -0.88618666 0.24804285
v -0.75235826 -0.88618666 0.24804285
v -0.75235826 -0.88618666 0.24804285
v -0.67785335 -0.94114178 0.24804285
v -0.67785335 -0.94114178 0.24804285
v -0.67785335 -0.94114178 0.24804285
v -0.67785335 -0.94114178 0.24804285
v -0.67785335 -0.94114178 0.24804285
v -0.71605945 -0.93696040 0.29211307
v -0.71605945 -0.93696040 0.29211307
v -0.71605945 -0.93696040 0.29211307
v -0.71605945 -0.93696040 0.29211307
v -0.71605945 -0.93696040 0.29211307
v -0.71605945 -0.93696040 0.29211307
v -0.71605945 -0.93696040 0.29211307
v -0.79795516 -0.84213287 0.24804285
v -0.79795516 -0.84213287 0.24804285
v -0.79795516 -0.84213287 0.24804285
v -0.53319472 -1.05991262 0.31430334
v -0.53319472 -1.05991262 0.31430334
v -0.53319472 -1.05991262 0.31430334
v -0.53319472 -1.05991262 0.31430334
v -0.53319472 -1.05991262 0.31430334
v -0.55316204 -1.05413836 0.32338119
v -0.55316204 -1.05413836 0.32338119
v -0.55316204 -1.05413836 0.32338119
v -0.55316204 -1.05413836 0.32338119
v -0.63475972 -0.98639017 0.27659537
v -0.63475972 -0.98639017 0.27659537
v -0.63475972 -0.98639017 0.27659537
v -0.63475972 -0.98639017 0.27659537
v -0.63475972 -0.98639017 0.27659537
v -0.65699202 -0.97120780 0.27659537
v -0.65699202 -0.97120780 0.27659537
v -0.65699202 -0.97120780 0.27659537
v -0.65699202 -0.97120780 0.27659537
v -0.65699202 -0.97120780 0.27659537
v -0.62838215 -0.97598648 0.24804285
v -0.62838215 -0.97598648 0.24804285
v -0.62838215 -0.97598648 0.24804285
v -0.62039518 -0.98136258 0.24804285
v -0.62039518 -0.98136258 0.24804285
v -0.62039518 -0.98136258 0.24804285
v -0.68941653 -0.96762383 0.31795000
v -0.68941653 -0.96762383 0.31795000
v -0.68941653 -0.96762383 0.31795000
v -0.68941653 -0.96762383 0.31795000
v -0.69031060 -0.94786185 0.27706090
v -0.69031060 -0.94786185 0.27706090
v -0.69031060 -0.94786185 0.27706090
v -0.69031060 -0.94786185 0.27706090
v -0.53319472 -1.06907171 0.33773503
v -0.53319472 -1.06907171 0.33773503
v -0.53319472 -1.06907171 0.33773503
v -0.53319472 -1.07101315 0.34324379
v -0.53319472 -1.07101315 0.34324379
v -0.53319472 -1.07101315 0.34324379
v -0.53319472 -1.07857937 0.36551167
v -0.53319472 -1.07857937 0.36551167
v -0.53319472 -1.07857937 0.36551167
v -0.53319472 -1.07857937 0.36551167
v -0.53319472 -1.08395547 0.38165006
v -0.53319472 -1.08395547 0.38165006
v -0.53319472 -1.08395547 0.38165006
v -0.53319472 -1.08395547 0.38165006
v -0.53319472 -1.09256703 0.40795253
v -0.53319472 -1.09256703 0.40795253
v -0.53319472 -1.09256703 0.40795253
v -0.53319472 -1.10142761 0.43572918
v -0.53319472 -1.10142761 0.43572918
v -0.53319472 -1.10142761 0.43572918
v -0.53319472 -1.10536009 0.44822090
v -0.53319472 -1.10536009 0.44822090
v -0.53319472 -1.10536009 0.44822090
v -0.53319472 -1.10536009 0.44822090
v -0.53319472 -1.11282688 0.47258366
v -0.53319472 -1.11282688 0.47258366
v -0.53319472 -1.11282688 0.47258366
vn -0.00000000 1.00000000 -0.00000000
vn -0.00000000 1.00000000 -0.00000000
vn -0.00000000 1.00000000 -0.00000000
vn -0.00000000 1.00000000 -0.00000000
vn -0.00000000 1.00000000 -0.00000000
vn -0.81520685 -0.55874058 -0.15246888
vn -0.82463486 -0.55419519 0.11333596
vn -0.83047330 -0.54135120 0.13135056
vn -0.83468662 -0.50161331 -0.22733749
vn -0.78252410 -0.58505414 -0.21299694
vn -0.78248401 -0.58492775 -0.21349074
vn -0.78317427 -0.58382515 -0.21397722
vn -0.79364585 -0.58038441 -0.18242865
vn -0.79603422 -0.56316463 -0.22175463
vn -0.80034340 -0.55611137 -0.22403254
vn -0.80123317 -0.57532643 -0.16439256
vn -0.80690879 -0.54581003 -0.22580883
vn -0.80991108 -0.56624436 -0.15300774
vn -0.81520685 -0.55874058 -0.15246888
vn -0.81714048 -0.53003374 -0.22659583
vn -0.82276479 -0.52113542 -0.22688316
vn -0.83468662 -0.50161331 -0.22733749
vn -0.80991108 -0.56624436 -0.15300774
vn -0.81420818 -0.56924866 0.11410965
vn -0.81520685 -0.55874058 -0.15246888
vn -0.82463486 -0.55419519 0.11333596
vn -0.49301768 -0.32973713 0.80511303
vn -0.50245657 -0.35930557 0.78640759
vn -0.73409153 -0.56996471 0.36912038
vn -0.77658905 -0.59354983 0.21120617
vn -0.79858726 -0.58399800 0.14561843
vn -0.80579004 -0.57859850 0.12619902
vn -0.81420818 -0.56924866 0.11410965
vn -0.82463486 -0.55419519 0.11333596
vn -0.83047330 -0.54135120 0.13135056
vn -0.85810259 -0.42862020 0.28274489
vn 0.00000000 1.00000000 0.00000000
vn -0.83047330 -0.54135120 0.13135056
vn -0.85810259 -0.42862020 0.28274489
vn -0.00000000 1.00000000 -0.00000000
vn -0.82276479 -0.52113542 -0.22688316
vn -0.83468662 -0.50161331 -0.22733749
vn -0.76236984 -0.60660517 -0.22543821
vn -0.76398216 -0.60370032 -0.22776563
vn -0.77176888 -0.59164335 -0.23308998
vn -0.79347771 -0.56325871 -0.23050541
vn -0.79603422 -0.56316463 -0.22175463
vn -0.80034340 -0.55611137 -0.22403254
vn -0.75769172 -0.61370143 -0.22197703
vn -0.76236984 -0.60660517 -0.22543821
vn -0.77645595 -0.59248953 -0.21464462
vn -0.78317427 -0.58382515 -0.21397722
vn -0.79603422 -0.56316463 -0.22175463
vn -0.77645595 -0.59248953 -0.21464462
vn -0.77882095 -0.58975646 -0.21360066
vn -0.78248401 -0.58492775 -0.21349074
vn -0.78317427 -0.58382515 -0.21397722
vn -0.77882095 -0.58975646 -0.21360066
vn -0.77890772 -0.58972364 -0.21337475
vn -0.78252410 -0.58505414 -0.21299694
vn -0.78248401 -0.58492775 -0.21349074
vn -0.74945500 -0.66189325 0.01464644
vn -0.74952129 -0.66195180 -0.00613656
vn -0.77658905 -0.59354983 0.21120617
vn -0.77890772 -0.58972364 -0.21337475
vn -0.78252410 -0.58505414 -0.21299694
vn -0.79364585 -0.58038441 -0.18242865
vn -0.79858726 -0.58399800 0.14561843
vn -0.79364585 -0.58038441 -0.18242865
vn -0.79858726 -0.58399800 0.14561843
vn -0.80123317 -0.57532643 -0.16439256
vn -0.80579004 -0.57859850 0.12619902
vn -0.80123317 -0.57532643 -0.16439256
vn -0.80579004 -0.57859850 0.12619902
vn -0.80991108 -0.56624436 -0.15300774
vn -0.81420818 -0.56924866 0.11410965
vn -0.00000000 1.00000000 -0.00000000
vn -0.00000000 1.00000000 -0.00000000
vn -0.81714048 -0.53003374 -0.22659583
vn -0.82276479 -0.52113542 -0.22688316
vn -0.00000000 1.00000000 -0.00000000
vn -0.00000000 1.00000000 -0.00000000
vn -0.80625270 -0.54536624 -0.22919916
vn -0.80690879 -0.54581003 -0.22580883
vn -0.80698636 -0.54288740 -0.23247856
vn -0.81714048 -0.53003374 -0.22659583
vn -0.79335343 -0.56317049 -0.23114784
vn -0.79347771 -0.56325871 -0.23050541
vn -0.80034340 -0.55611137 -0.22403254
vn -0.80625270 -0.54536624 -0.22919916
vn -0.80690879 -0.54581003 -0.22580883
vn -0.42032142 -0.33808738 0.84203731
vn -0.43161198 -0.38172390 0.81731142
vn -0.50245657 -0.35930557 0.78640759
vn -0.56279306 -0.48513122 0.66926203
vn -0.73409153 -0.56996471 0.36912038
vn -0.33277893 -0.25747688 0.90717354
vn -0.40269383 -0.24766620 0.88119188
vn -0.41165894 -0.24861368 0.87677144
vn -0.42032142 -0.33808738 0.84203731
vn -0.49301768 -0.32973713 0.80511303
vn -0.50245657 -0.35930557 0.78640759
vn 0.00000000 1.00000000 0.00000000
vn -0.41165894 -0.24861368 0.87677144
vn -0.49301768 -0.32973713 0.80511303
vn -0.85810259 -0.42862020 0.28274489
vn -0.50498601 -0.47678583 0.71948899
vn -0.50563206 -0.47828628 0.71803792
vn -0.56279306 -0.48513122 0.66926203
vn -0.71761218 -0.69580161 0.02988094
vn -0.72341521 -0.69037293 0.00746034
vn -0.72464767 -0.68910129 0.00501616
vn -0.73409153 -0.56996471 0.36912038
vn -0.74474892 -0.66732624 0.00497252
vn -0.74945500 -0.66189325 0.01464644
vn -0.77658905 -0.59354983 0.21120617
vn -0.77176888 -0.59164335 -0.23308998
vn -0.77424804 -0.58627644 -0.23836925
vn -0.77675153 -0.58199521 -0.24070445
vn -0.77812978 -0.58011796 -0.24078456
vn -0.78685713 -0.56823986 -0.24074742
vn -0.79335343 -0.56317049 -0.23114784
vn -0.79347771 -0.56325871 -0.23050541
vn -0.72754289 -0.64474980 -0.23447609
vn -0.72881850 -0.64074254 -0.24139717
vn -0.73239586 -0.64100786 -0.22957619
vn -0.76398216 -0.60370032 -0.22776563
vn -0.77176888 -0.59164335 -0.23308998
vn -0.77424804 -0.58627644 -0.23836925
vn -0.73239586 -0.64100786 -0.22957619
vn -0.73304310 -0.64157433 -0.22589864
vn -0.75769172 -0.61370143 -0.22197703
vn -0.76236984 -0.60660517 -0.22543821
vn -0.76398216 -0.60370032 -0.22776563
vn -0.70445853 -0.67325695 -0.22464027
vn -0.71474741 -0.66188346 -0.22593458
vn -0.71756410 -0.65872612 -0.22623364
vn -0.71953700 -0.69430454 -0.01441224
vn -0.72343496 -0.69039178 0.00102690
vn -0.72465249 -0.68910587 0.00344387
vn -0.73304310 -0.64157433 -0.22589864
vn -0.74475370 -0.66733052 0.00344895
vn -0.74952129 -0.66195180 -0.00613656
vn -0.75769172 -0.61370143 -0.22197703
vn -0.77645595 -0.59248953 -0.21464462
vn -0.77882095 -0.58975646 -0.21360066
vn -0.77890772 -0.58972364 -0.21337475
vn -0.74474892 -0.66732624 0.00497252
vn -0.74475370 -0.66733052 0.00344895
vn -0.74945500 -0.66189325 0.01464644
vn -0.74952129 -0.66195180 -0.00613656
vn -0.00000000 1.00000000 -0.00000000
vn -0.00000000 1.00000000 -0.00000000
vn -0.80698636 -0.54288740 -0.23247856
vn -0.80734982 -0.54156515 -0.23429353
vn -0.81291909 -0.53219672 -0.23649357
vn -0.78685713 -0.56823986 -0.24074742
vn -0.78991727 -0.56337941 -0.24214528
vn -0.79335343 -0.56317049 -0.23114784
vn -0.80359306 -0.54459771 -0.24010732
vn -0.80625270 -0.54536624 -0.22919916
vn -0.80698636 -0.54288740 -0.23247856
vn -0.80734982 -0.54156515 -0.23429353
vn -0.40766509 -0.39152513 0.82493469
vn -0.41034367 -0.37699958 0.83035497
vn -0.43161198 -0.38172390 0.81731142
vn -0.50498601 -0.47678583 0.71948899
vn -0.56279306 -0.48513122 0.66926203
vn -0.30932794 -0.24837603 0.91794639
vn -0.33277893 -0.25747688 0.90717354
vn -0.41034367 -0.37699958 0.83035497
vn -0.42032142 -0.33808738 0.84203731
vn -0.43161198 -0.38172390 0.81731142
vn -0.01395727 0.00000000 0.99990259
vn -0.17143740 -0.15790767 0.97245791
vn -0.18333898 -0.16672799 0.96880782
vn -0.30932794 -0.24837603 0.91794639
vn -0.33277893 -0.25747688 0.90717354
vn -0.39423816 0.00000000 0.91900831
vn -0.40269383 -0.24766620 0.88119188
vn 0.00000000 1.00000000 0.00000000
vn -0.39423816 0.00000000 0.91900831
vn -0.40269383 -0.24766620 0.88119188
vn -0.41165894 -0.24861368 0.87677144
vn -0.72464767 -0.68910129 0.00501616
vn -0.72465249 -0.68910587 0.00344387
vn -0.74474892 -0.66732624 0.00497252
vn -0.74475370 -0.66733052 0.00344895
vn -0.72341521 -0.69037293 0.00746034
vn -0.72343496 -0.69039178 0.00102690
vn -0.72464767 -0.68910129 0.00501616
vn -0.72465249 -0.68910587 0.00344387
vn -0.71088455 -0.70267328 0.02989014
vn -0.71112840 -0.70291431 -0.01441800
vn -0.71761218 -0.69580161 0.02988094
vn -0.71953700 -0.69430454 -0.01441224
vn -0.72341521 -0.69037293 0.00746034
vn -0.72343496 -0.69039178 0.00102690
vn -0.48255486 -0.46828240 0.74017052
vn -0.49478861 -0.49739301 0.71258994
vn -0.50563206 -0.47828628 0.71803792
vn -0.70543191 -0.70744532 0.04343892
vn -0.70757557 -0.70572067 0.03598826
vn -0.71088455 -0.70267328 0.02989014
vn -0.71761218 -0.69580161 0.02988094
vn -0.40644954 -0.39163456 0.82548237
vn -0.40766509 -0.39152513 0.82493469
vn -0.48255486 -0.46828240 0.74017052
vn -0.50498601 -0.47678583 0.71948899
vn -0.50563206 -0.47828628 0.71803792
vn -0.76457653 -0.59461391 -0.24871072
vn -0.77656786 -0.58213314 -0.24096342
vn -0.77812978 -0.58011796 -0.24078456
vn -0.78685713 -0.56823986 -0.24074742
vn -0.78991727 -0.56337941 -0.24214528
vn -0.79280780 -0.55840063 -0.24422229
vn -0.79345093 -0.55699893 -0.24533204
vn -0.77656786 -0.58213314 -0.24096342
vn -0.77675153 -0.58199521 -0.24070445
vn -0.77812978 -0.58011796 -0.24078456
vn -0.72737011 -0.64034634 -0.24675754
vn -0.72789114 -0.64127823 -0.24276885
vn -0.72858811 -0.63665674 -0.25264117
vn -0.72881850 -0.64074254 -0.24139717
vn -0.73243651 -0.63106215 -0.25553340
vn -0.75372405 -0.60610746 -0.25403505
vn -0.76457653 -0.59461391 -0.24871072
vn -0.77424804 -0.58627644 -0.23836925
vn -0.77656786 -0.58213314 -0.24096342
vn -0.77675153 -0.58199521 -0.24070445
vn -0.71756410 -0.65872612 -0.22623364
vn -0.72231897 -0.65144839 -0.23209978
vn -0.72606354 -0.64630868 -0.23476973
vn -0.72754289 -0.64474980 -0.23447609
vn -0.73239586 -0.64100786 -0.22957619
vn -0.73304310 -0.64157433 -0.22589864
vn -0.72606354 -0.64630868 -0.23476973
vn -0.72754289 -0.64474980 -0.23447609
vn -0.72789114 -0.64127823 -0.24276885
vn -0.72881850 -0.64074254 -0.24139717
vn -0.69361052 -0.68429063 -0.22505729
vn -0.70154786 -0.67616223 -0.22502274
vn -0.70445853 -0.67325695 -0.22464027
vn -0.71085731 -0.70317813 -0.01491319
vn -0.71112840 -0.70291431 -0.01441800
vn -0.71953700 -0.69430454 -0.01441224
vn -0.69540795 -0.67992414 -0.23261759
vn -0.69571177 -0.68022119 -0.23083384
vn -0.70135481 -0.67597617 -0.22618057
vn -0.71474741 -0.66188346 -0.22593458
vn -0.71756410 -0.65872612 -0.22623364
vn -0.72231897 -0.65144839 -0.23209978
vn -0.70135481 -0.67597617 -0.22618057
vn -0.70154786 -0.67616223 -0.22502274
vn -0.70445853 -0.67325695 -0.22464027
vn -0.71474741 -0.66188346 -0.22593458
vn -0.00000000 1.00000000 -0.00000000
vn -0.00000000 1.00000000 -0.00000000
vn -0.81131502 -0.53199555 -0.24238127
vn -0.81291909 -0.53219672 -0.23649357
vn -0.80359306 -0.54459771 -0.24010732
vn -0.80390273 -0.54319116 -0.24224733
vn -0.80734982 -0.54156515 -0.23429353
vn -0.81053552 -0.53269739 -0.24344540
vn -0.81131502 -0.53199555 -0.24238127
vn -0.81291909 -0.53219672 -0.23649357
vn -0.78991727 -0.56337941 -0.24214528
vn -0.79280780 -0.55840063 -0.24422229
vn -0.80359306 -0.54459771 -0.24010732
vn -0.80366849 -0.54342382 -0.24250261
vn -0.80390273 -0.54319116 -0.24224733
vn -0.18333898 -0.16672799 0.96880782
vn -0.30932794 -0.24837603 0.91794639
vn -0.40459752 -0.39082438 0.82677515
vn -0.40644954 -0.39163456 0.82548237
vn -0.40766509 -0.39152513 0.82493469
vn -0.41034367 -0.37699958 0.83035497
vn 0.02731014 0.03124921 0.99913845
vn 0.05719182 0.06948001 0.99594258
vn -0.00498322 -0.00822352 0.99995377
vn -0.01395727 0.00000000 0.99990259
vn -0.02559561 -0.03141049 0.99917879
vn -0.10797259 -0.11372813 0.98762737
vn -0.13745760 -0.13563185 0.98117756
vn -0.17143740 -0.15790767 0.97245791
vn 0.00000000 1.00000000 0.00000000
vn 0.05719182 0.06948001 0.99594258
vn 0.21760946 0.26982602 0.93799789
vn -0.01395727 0.00000000 0.99990259
vn -0.39423816 0.00000000 0.91900831
vn -0.13745760 -0.13563185 0.98117756
vn -0.17143740 -0.15790767 0.97245791
vn -0.18333898 -0.16672799 0.96880782
vn -0.39355772 -0.39177905 0.83163784
vn -0.40459752 -0.39082438 0.82677515
vn -0.70757557 -0.70572067 0.03598826
vn -0.70800188 -0.70614586 -0.00955806
vn -0.71085731 -0.70317813 -0.01491319
vn -0.71088455 -0.70267328 0.02989014
vn -0.71112840 -0.70291431 -0.01441800
vn -0.69048249 -0.72250000 0.03503836
vn -0.69216125 -0.72043565 0.04341984
vn -0.69487170 -0.71913373 0.00000000
vn -0.69737866 -0.71663931 -0.00954435
vn -0.70543191 -0.70744532 0.04343892
vn -0.70757557 -0.70572067 0.03598826
vn -0.70800188 -0.70614586 -0.00955806
vn -0.47620896 -0.48964802 0.73039020
vn -0.48612185 -0.54330038 0.68447809
vn -0.49478861 -0.49739301 0.71258994
vn -0.49845743 -0.56448381 0.65795001
vn -0.69216125 -0.72043565 0.04341984
vn -0.70543191 -0.70744532 0.04343892
vn -0.39305727 -0.39762844 0.82909445
vn -0.39355772 -0.39177905 0.83163784
vn -0.40459752 -0.39082438 0.82677515
vn -0.40644954 -0.39163456 0.82548237
vn -0.47620896 -0.48964802 0.73039020
vn -0.48255486 -0.46828240 0.74017052
vn -0.49478861 -0.49739301 0.71258994
vn -0.79280780 -0.55840063 -0.24422229
vn -0.79345093 -0.55699893 -0.24533204
vn -0.79843391 -0.54782986 -0.24977137
vn -0.80366849 -0.54342382 -0.24250261
vn -0.80373337 -0.54326986 -0.24263248
vn -0.73989546 -0.61691435 -0.26827484
vn -0.74189736 -0.60965317 -0.27912597
vn -0.74299106 -0.60788568 -0.28007015
vn -0.74923349 -0.61052522 -0.25672580
vn -0.75372405 -0.60610746 -0.25403505
vn -0.76457653 -0.59461391 -0.24871072
vn -0.79345093 -0.55699893 -0.24533204
vn -0.79781964 -0.53786209 -0.27237510
vn -0.79843391 -0.54782986 -0.24977137
vn -0.79915291 -0.54630673 -0.25080585
vn -0.80016801 -0.54360827 -0.25341901
vn -0.80225799 -0.53480486 -0.26526568
vn -0.80255908 -0.53561032 -0.26271755
vn -0.72366693 -0.64230152 -0.25249739
vn -0.72386282 -0.64167671 -0.25352243
vn -0.72737011 -0.64034634 -0.24675754
vn -0.72858811 -0.63665674 -0.25264117
vn -0.68961716 -0.68125214 -0.24560884
vn -0.69086104 -0.68256108 -0.23837239
vn -0.69096829 -0.67705427 -0.25329891
vn -0.69540795 -0.67992414 -0.23261759
vn -0.72231897 -0.65144839 -0.23209978
vn -0.72366693 -0.64230152 -0.25249739
vn -0.72606354 -0.64630868 -0.23476973
vn -0.72737011 -0.64034634 -0.24675754
vn -0.72789114 -0.64127823 -0.24276885
vn -0.73243651 -0.63106215 -0.25553340
vn -0.73415351 -0.62814371 -0.25778691
vn -0.74923349 -0.61052522 -0.25672580
vn -0.75372405 -0.60610746 -0.25403505
vn -0.71481705 -0.64802574 -0.26286734
vn -0.72386282 -0.64167671 -0.25352243
vn -0.72858811 -0.63665674 -0.25264117
vn -0.73243651 -0.63106215 -0.25553340
vn -0.73329739 -0.62741121 -0.26197349
vn -0.73415351 -0.62814371 -0.25778691
vn -0.67710891 -0.70076816 -0.22460523
vn -0.68755786 -0.69007027 -0.22598055
vn -0.68910398 -0.68852620 -0.22598090
vn -0.69067026 -0.68701963 -0.22578445
vn -0.69361052 -0.68429063 -0.22505729
vn -0.69737866 -0.71663931 -0.00954435
vn -0.70800188 -0.70614586 -0.00955806
vn -0.71085731 -0.70317813 -0.01491319
vn -0.68995052 -0.68630369 -0.23012066
vn -0.69059202 -0.68541367 -0.23084792
vn -0.69067026 -0.68701963 -0.22578445
vn -0.69361052 -0.68429063 -0.22505729
vn -0.69571177 -0.68022119 -0.23083384
vn -0.70135481 -0.67597617 -0.22618057
vn -0.70154786 -0.67616223 -0.22502274
vn -0.68973289 -0.68456099 -0.23589149
vn -0.69059202 -0.68541367 -0.23084792
vn -0.69086104 -0.68256108 -0.23837239
vn -0.69540795 -0.67992414 -0.23261759
vn -0.69571177 -0.68022119 -0.23083384
vn -0.00000000 1.00000000 -0.00000000
vn -0.00000000 1.00000000 -0.00000000
vn -0.81053552 -0.53269739 -0.24344540
vn -0.81131502 -0.53199555 -0.24238127
vn -0.00000000 1.00000000 -0.00000000
vn -0.80366849 -0.54342382 -0.24250261
vn -0.80373337 -0.54326986 -0.24263248
vn -0.80390273 -0.54319116 -0.24224733
vn -0.81053552 -0.53269739 -0.24344540
vn -0.02559561 -0.03141049 0.99917879
vn -0.06919286 -0.09683213 0.99289269
vn -0.10797259 -0.11372813 0.98762737
vn -0.14902359 -0.17604237 0.97303703
vn -0.00498322 -0.00822352 0.99995377
vn -0.02559561 -0.03141049 0.99917879
vn -0.06919286 -0.09683213 0.99289269
vn -0.18246857 -0.36344522 0.91357145
vn -0.19519465 -0.36254062 0.91129762
vn -0.19642695 -0.35467175 0.91412494
vn 0.02610230 -0.29561772 0.95494965
vn 0.02731014 0.03124921 0.99913845
vn -0.00498322 -0.00822352 0.99995377
vn -0.17684279 -0.38695723 0.90498107
vn -0.18246857 -0.36344522 0.91357145
vn -0.18250534 -0.38655061 0.90403010
vn 0.02610230 -0.29561772 0.95494965
vn 0.02731014 0.03124921 0.99913845
vn 0.05719182 0.06948001 0.99594258
vn 0.21760946 0.26982602 0.93799789
vn 0.29057465 0.35190096 0.88979328
vn 1.00000000 0.00000000 0.00000000
vn -0.10797259 -0.11372813 0.98762737
vn -0.13745760 -0.13563185 0.98117756
vn -0.14902359 -0.17604237 0.97303703
vn -0.24871382 -0.31024709 0.91754465
vn -0.25187982 -0.31312748 0.91570068
vn -0.37072649 -0.40161898 0.83741511
vn -0.39305727 -0.39762844 0.82909445
vn -0.39355772 -0.39177905 0.83163784
vn 0.00000000 1.00000000 0.00000000
vn 0.21760946 0.26982602 0.93799789
vn 0.29057465 0.35190096 0.88979328
vn 0.36711856 0.44880199 0.81473967
vn -0.57596457 -0.78723087 -0.22030064
vn -0.58370272 -0.80772633 -0.08288134
vn -0.59009062 -0.77610418 -0.22238562
vn -0.59914700 -0.76876971 -0.22364257
vn -0.60969038 -0.79263966 0.00000000
vn -0.67061201 -0.70674919 -0.22535553
vn -0.67710891 -0.70076816 -0.22460523
vn -0.69487170 -0.71913373 0.00000000
vn -0.69737866 -0.71663931 -0.00954435
vn -0.60969038 -0.79263966 0.00000000
vn -0.61189255 -0.79070762 0.01920875
vn -0.61835577 -0.78513515 0.03462560
vn -0.69048249 -0.72250000 0.03503836
vn -0.69487170 -0.71913373 0.00000000
vn -0.49723420 -0.64497460 0.58031536
vn -0.49845743 -0.56448381 0.65795001
vn -0.51128506 -0.67584384 0.53086975
vn -0.58165618 -0.80116856 0.14073030
vn -0.60958534 -0.79119633 0.04913340
vn -0.61835577 -0.78513515 0.03462560
vn -0.69048249 -0.72250000 0.03503836
vn -0.69216125 -0.72043565 0.04341984
vn -0.32438907 -0.39165056 0.86103517
vn -0.34175821 -0.46155075 0.81864047
vn -0.36008037 -0.49087844 0.79333504
vn -0.37109052 -0.40323053 0.83647891
vn -0.48612185 -0.54330038 0.68447809
vn -0.49723420 -0.64497460 0.58031536
vn -0.49845743 -0.56448381 0.65795001
vn -0.37072649 -0.40161898 0.83741511
vn -0.37109052 -0.40323053 0.83647891
vn -0.39305727 -0.39762844 0.82909445
vn -0.47620896 -0.48964802 0.73039020
vn -0.48612185 -0.54330038 0.68447809
vn -0.00000000 1.00000000 -0.00000000
vn -0.79843391 -0.54782986 -0.24977137
vn -0.79915291 -0.54630673 -0.25080585
vn -0.80373337 -0.54326986 -0.24263248
vn -0.00000000 1.00000000 -0.00000000
vn -0.80225799 -0.53480486 -0.26526568
vn -0.80255908 -0.53561032 -0.26271755
vn -0.80390985 -0.53183699 -0.26622992
vn -0.79781964 -0.53786209 -0.27237510
vn -0.79913157 -0.53115879 -0.28152988
vn -0.79980531 -0.53026045 -0.28131001
vn -0.80225799 -0.53480486 -0.26526568
vn -0.80390985 -0.53183699 -0.26622992
vn -0.74299106 -0.60788568 -0.28007015
vn -0.74980535 -0.59196424 -0.29558465
vn -0.76055718 -0.57344102 -0.30449660
vn -0.78385657 -0.54325064 -0.30074509
vn -0.78605938 -0.54061599 -0.29974156
vn -0.79781964 -0.53786209 -0.27237510
vn -0.79888419 -0.52939284 -0.28552982
vn -0.79913157 -0.53115879 -0.28152988
vn -0.72582441 -0.62022673 -0.29748567
vn -0.72787138 -0.62197589 -0.28870270
vn -0.73595105 -0.61685821 -0.27903762
vn -0.74189736 -0.60965317 -0.27912597
vn -0.74299106 -0.60788568 -0.28007015
vn -0.74980535 -0.59196424 -0.29558465
vn -0.73461648 -0.62162222 -0.27189049
vn -0.73595105 -0.61685821 -0.27903762
vn -0.73632946 -0.62119828 -0.26820071
vn -0.73989546 -0.61691435 -0.26827484
vn -0.74189736 -0.60965317 -0.27912597
vn -0.73329739 -0.62741121 -0.26197349
vn -0.73415351 -0.62814371 -0.25778691
vn -0.73632946 -0.62119828 -0.26820071
vn -0.73989546 -0.61691435 -0.26827484
vn -0.74923349 -0.61052522 -0.25672580
vn -0.00000000 1.00000000 -0.00000000
vn -0.79915291 -0.54630673 -0.25080585
vn -0.80016801 -0.54360827 -0.25341901
vn -0.00000000 1.00000000 -0.00000000
vn -0.80016801 -0.54360827 -0.25341901
vn -0.80255908 -0.53561032 -0.26271755
vn -0.69028700 -0.67651854 -0.25656680
vn -0.69084067 -0.67709466 -0.25353893
vn -0.69096829 -0.67705427 -0.25329891
vn -0.69513591 -0.66833693 -0.26478636
vn -0.69573727 -0.66754405 -0.26520670
vn -0.71146901 -0.65090494 -0.26482938
vn -0.71481705 -0.64802574 -0.26286734
vn -0.72366693 -0.64230152 -0.25249739
vn -0.72386282 -0.64167671 -0.25352243
vn -0.68949539 -0.68129204 -0.24583990
vn -0.68961716 -0.68125214 -0.24560884
vn -0.69084067 -0.67709466 -0.25353893
vn -0.69096829 -0.67705427 -0.25329891
vn -0.68622223 -0.68522227 -0.24406863
vn -0.68653376 -0.68427426 -0.24584575
vn -0.68745036 -0.68646164 -0.23702829
vn -0.68836066 -0.68593956 -0.23589516
vn -0.68949539 -0.68129204 -0.24583990
vn -0.68961716 -0.68125214 -0.24560884
vn -0.68973289 -0.68456099 -0.23589149
vn -0.69086104 -0.68256108 -0.23837239
vn -0.70347163 -0.65620682 -0.27298401
vn -0.70351482 -0.65605586 -0.27323544
vn -0.71146901 -0.65090494 -0.26482938
vn -0.71481705 -0.64802574 -0.26286734
vn -0.73329739 -0.62741121 -0.26197349
vn -0.73461648 -0.62162222 -0.27189049
vn -0.73632946 -0.62119828 -0.26820071
vn -0.68856336 -0.68798732 -0.22924648
vn -0.68910398 -0.68852620 -0.22598090
vn -0.68934073 -0.68691618 -0.23012066
vn -0.68995052 -0.68630369 -0.23012066
vn -0.69067026 -0.68701963 -0.22578445
vn -0.68726135 -0.68977267 -0.22778388
vn -0.68755786 -0.69007027 -0.22598055
vn -0.68856380 -0.68798647 -0.22924770
vn -0.68910398 -0.68852620 -0.22598090
vn -0.66835820 -0.70814266 -0.22766488
vn -0.67061201 -0.70674919 -0.22535553
vn -0.67710891 -0.70076816 -0.22460523
vn -0.68726135 -0.68977267 -0.22778388
vn -0.68755786 -0.69007027 -0.22598055
vn -0.68836066 -0.68593956 -0.23589516
vn -0.68934073 -0.68691618 -0.23012066
vn -0.68973289 -0.68456099 -0.23589149
vn -0.68995052 -0.68630369 -0.23012066
vn -0.69059202 -0.68541367 -0.23084792
vn -0.06919286 -0.09683213 0.99289269
vn -0.14902359 -0.17604237 0.97303703
vn -0.19642695 -0.35467175 0.91412494
vn -0.24871382 -0.31024709 0.91754465
vn -0.27812807 -0.41647244 0.86556079
vn -0.28426642 -0.41569257 0.86393998
vn -0.28606218 -0.40239459 0.86962465
vn -0.19519465 -0.36254062 0.91129762
vn -0.19642695 -0.35467175 0.91412494
vn -0.27812807 -0.41647244 0.86556079
vn -0.27945804 -0.46900352 0.83781794
vn -0.29045254 -0.47233157 0.83219001
vn -0.18246857 -0.36344522 0.91357145
vn -0.18250534 -0.38655061 0.90403010
vn -0.19519465 -0.36254062 0.91129762
vn -0.27108664 -0.56707282 0.77777918
vn -0.27945804 -0.46900352 0.83781794
vn -0.29523770 -0.59752523 0.74551881
vn 0.02610230 -0.29561772 0.95494965
vn 1.00000000 0.00000000 0.00000000
vn -0.17684279 -0.38695723 0.90498107
vn -0.26323278 -0.85331817 0.45006288
vn -0.17684279 -0.38695723 0.90498107
vn -0.18250534 -0.38655061 0.90403010
vn -0.26323278 -0.85331817 0.45006288
vn -0.27108664 -0.56707282 0.77777918
vn -0.27776128 -0.85344106 0.44100683
vn 0.29057465 0.35190096 0.88979328
vn 0.36711856 0.44880199 0.81473967
vn 0.49026973 0.60242148 0.62986026
vn 0.56161190 0.68687109 0.46130271
vn 0.56197415 0.68723115 0.46032423
vn 1.00000000 0.00000000 0.00000000
vn -0.25187982 -0.31312748 0.91570068
vn -0.32438907 -0.39165056 0.86103517
vn -0.37072649 -0.40161898 0.83741511
vn -0.37109052 -0.40323053 0.83647891
vn -0.24871382 -0.31024709 0.91754465
vn -0.25187982 -0.31312748 0.91570068
vn -0.28606218 -0.40239459 0.86962465
vn -0.32438907 -0.39165056 0.86103517
vn -0.34175821 -0.46155075 0.81864047
vn 0.00000000 1.00000000 0.00000000
vn 0.36711856 0.44880199 0.81473967
vn 0.49026973 0.60242148 0.62986026
vn 0.49219037 0.73599927 0.46481579
vn -0.50659778 -0.84066551 -0.19141629
vn -0.50722806 -0.83512493 -0.21280518
vn -0.50965038 -0.84368512 -0.16867693
vn -0.51001548 -0.84365870 -0.16770272
vn -0.52714207 -0.82090640 -0.21962220
vn -0.54394007 -0.83382806 -0.09412739
vn -0.54608635 -0.80760639 -0.22262440
vn -0.54946404 -0.80525711 -0.22282338
vn -0.55633981 -0.82729323 -0.07792259
vn -0.56557066 -0.79378926 -0.22367037
vn -0.56693391 -0.79287859 -0.22344908
vn -0.56816637 -0.79208292 -0.22314039
vn -0.57411279 -0.78837506 -0.22104134
vn -0.57596457 -0.78723087 -0.22030064
vn -0.58284083 -0.80875391 -0.07882689
vn -0.58370272 -0.80772633 -0.08288134
vn -0.57981279 -0.80455218 0.12850259
vn -0.58165618 -0.80116856 0.14073030
vn -0.58284083 -0.80875391 -0.07882689
vn -0.58370272 -0.80772633 -0.08288134
vn -0.60958534 -0.79119633 0.04913340
vn -0.60969038 -0.79263966 0.00000000
vn -0.61189255 -0.79070762 0.01920875
vn -0.59914700 -0.76876971 -0.22364257
vn -0.60773374 -0.76043616 -0.22890294
vn -0.66076798 -0.71406473 -0.23129471
vn -0.66835820 -0.70814266 -0.22766488
vn -0.67061201 -0.70674919 -0.22535553
vn -0.56577067 -0.79127598 -0.23191780
vn -0.56580651 -0.79121135 -0.23205085
vn -0.56595465 -0.79218791 -0.22832793
vn -0.56730683 -0.79239570 -0.22421423
vn -0.56816637 -0.79208292 -0.22314039
vn -0.57411279 -0.78837506 -0.22104134
vn -0.59009062 -0.77610418 -0.22238562
vn -0.59914700 -0.76876971 -0.22364257
vn -0.60773374 -0.76043616 -0.22890294
vn -0.61340393 -0.75368007 -0.23601263
vn -0.57411279 -0.78837506 -0.22104134
vn -0.57596457 -0.78723087 -0.22030064
vn -0.59009062 -0.77610418 -0.22238562
vn -0.60958534 -0.79119633 0.04913340
vn -0.61189255 -0.79070762 0.01920875
vn -0.61835577 -0.78513515 0.03462560
vn -0.37897330 -0.53219867 0.75706262
vn -0.38591427 -0.59514808 0.70488931
vn -0.50365921 -0.83367835 0.22651228
vn -0.50400502 -0.83371630 0.22560158
vn -0.51128506 -0.67584384 0.53086975
vn -0.54060608 -0.82871724 0.14481987
vn -0.55352096 -0.82310153 0.12695829
vn -0.57981279 -0.80455218 0.12850259
vn -0.58165618 -0.80116856 0.14073030
vn -0.36008037 -0.49087844 0.79333504
vn -0.36585087 -0.51027228 0.77831570
vn -0.37897330 -0.53219867 0.75706262
vn -0.49723420 -0.64497460 0.58031536
vn -0.51128506 -0.67584384 0.53086975
vn -0.28426642 -0.41569257 0.86393998
vn -0.28606218 -0.40239459 0.86962465
vn -0.34175821 -0.46155075 0.81864047
vn -0.36008037 -0.49087844 0.79333504
vn -0.36585087 -0.51027228 0.77831570
vn -0.00000000 1.00000000 -0.00000000
vn -0.79980531 -0.53026045 -0.28131001
vn -0.80390985 -0.53183699 -0.26622992
vn -0.00000000 1.00000000 -0.00000000
vn -0.79888419 -0.52939284 -0.28552982
vn -0.79913157 -0.53115879 -0.28152988
vn -0.79980531 -0.53026045 -0.28131001
vn -0.00000000 1.00000000 -0.00000000
vn -0.78605938 -0.54061599 -0.29974156
vn -0.79888419 -0.52939284 -0.28552982
vn -0.00000000 1.00000000 -0.00000000
vn -0.77170028 -0.55160204 -0.31656575
vn -0.78072571 -0.53629408 -0.32071175
vn -0.78385657 -0.54325064 -0.30074509
vn -0.78605938 -0.54061599 -0.29974156
vn -0.76055718 -0.57344102 -0.30449660
vn -0.76404786 -0.56406921 -0.31314022
vn -0.76760949 -0.55732988 -0.31647919
vn -0.77170028 -0.55160204 -0.31656575
vn -0.78385657 -0.54325064 -0.30074509
vn -0.71703137 -0.62628580 -0.30599365
vn -0.71874520 -0.61842997 -0.31772584
vn -0.72582441 -0.62022673 -0.29748567
vn -0.74980535 -0.59196424 -0.29558465
vn -0.76055718 -0.57344102 -0.30449660
vn -0.76404786 -0.56406921 -0.31314022
vn -0.70363334 -0.64662725 -0.29457312
vn -0.70467783 -0.64758712 -0.28993116
vn -0.71037366 -0.63526525 -0.30299723
vn -0.71501564 -0.62839970 -0.30637631
vn -0.71703137 -0.62628580 -0.30599365
vn -0.72582441 -0.62022673 -0.29748567
vn -0.72787138 -0.62197589 -0.28870270
vn -0.70096129 -0.65572870 -0.28048732
vn -0.70163824 -0.65657097 -0.27680019
vn -0.70351482 -0.65605586 -0.27323544
vn -0.70467783 -0.64758712 -0.28993116
vn -0.72787138 -0.62197589 -0.28870270
vn -0.73461648 -0.62162222 -0.27189049
vn -0.73595105 -0.61685821 -0.27903762
vn -0.69573727 -0.66754405 -0.26520670
vn -0.70022419 -0.65991029 -0.27240501
vn -0.70098215 -0.65886834 -0.27297719
vn -0.70347163 -0.65620682 -0.27298401
vn -0.71146901 -0.65090494 -0.26482938
vn -0.68564255 -0.67660673 -0.26851002
vn -0.68605069 -0.67703745 -0.26637332
vn -0.68630712 -0.67431855 -0.27253812
vn -0.68764443 -0.67601754 -0.26484980
vn -0.69513591 -0.66833693 -0.26478636
vn -0.69573727 -0.66754405 -0.26520670
vn -0.70022419 -0.65991029 -0.27240501
vn -0.68764443 -0.67601754 -0.26484980
vn -0.68898585 -0.67733627 -0.25790322
vn -0.69028700 -0.67651854 -0.25656680
vn -0.69513591 -0.66833693 -0.26478636
vn -0.68418400 -0.68316518 -0.25529902
vn -0.68559023 -0.68458365 -0.24761111
vn -0.68574838 -0.68060817 -0.25791798
vn -0.68653376 -0.68427426 -0.24584575
vn -0.68898585 -0.67733627 -0.25790322
vn -0.68949539 -0.68129204 -0.24583990
vn -0.69028700 -0.67651854 -0.25656680
vn -0.69084067 -0.67709466 -0.25353893
vn -0.68527864 -0.68553129 -0.24584553
vn -0.68559023 -0.68458365 -0.24761111
vn -0.68622223 -0.68522227 -0.24406863
vn -0.68653376 -0.68427426 -0.24584575
vn -0.64487938 -0.72517800 -0.24134509
vn -0.65088514 -0.71835564 -0.24558852
vn -0.65436445 -0.71826179 -0.23644698
vn -0.68527864 -0.68553129 -0.24584553
vn -0.68622223 -0.68522227 -0.24406863
vn -0.68729902 -0.68672644 -0.23669993
vn -0.68745036 -0.68646164 -0.23702829
vn -0.68729902 -0.68672644 -0.23669993
vn -0.68745036 -0.68646164 -0.23702829
vn -0.68836066 -0.68593956 -0.23589516
vn -0.68856254 -0.68798890 -0.22924421
vn -0.68934073 -0.68691618 -0.23012066
vn -0.70098215 -0.65886834 -0.27297719
vn -0.70163824 -0.65657097 -0.27680019
vn -0.70347163 -0.65620682 -0.27298401
vn -0.70351482 -0.65605586 -0.27323544
vn -0.65436445 -0.71826179 -0.23644698
vn -0.66076798 -0.71406473 -0.23129471
vn -0.66835820 -0.70814266 -0.22766488
vn -0.68726135 -0.68977267 -0.22778388
vn -0.68729902 -0.68672644 -0.23669993
vn -0.68856298 -0.68798805 -0.22924544
vn -0.27812807 -0.41647244 0.86556079
vn -0.28426642 -0.41569257 0.86393998
vn -0.29045254 -0.47233157 0.83219001
vn -0.36585087 -0.51027228 0.77831570
vn -0.37897330 -0.53219867 0.75706262
vn -0.38591427 -0.59514808 0.70488931
vn -0.27945804 -0.46900352 0.83781794
vn -0.29045254 -0.47233157 0.83219001
vn -0.29523770 -0.59752523 0.74551881
vn -0.38591427 -0.59514808 0.70488931
vn -0.42201336 -0.84622596 0.32527889
vn -0.46588044 -0.85674311 0.22123893
vn -0.50365921 -0.83367835 0.22651228
vn -0.27108664 -0.56707282 0.77777918
vn -0.27776128 -0.85344106 0.44100683
vn -0.29523770 -0.59752523 0.74551881
vn -0.38738001 -0.88413502 0.26123169
vn -0.42201336 -0.84622596 0.32527889
vn 1.00000000 0.00000000 0.00000000
vn -0.26323278 -0.85331817 0.45006288
vn -0.27776128 -0.85344106 0.44100683
vn -0.36430406 -0.91163556 -0.19027125
vn -0.38738001 -0.88413502 0.26123169
vn -0.41188199 -0.91123719 0.00000000
vn -0.42036608 -0.90606995 0.04826596
vn -0.42041127 -0.90589604 0.05105609
vn 0.56197415 0.68723115 0.46032423
vn 0.59413208 0.72789285 0.34231428
vn 0.61528003 0.75297325 0.23337046
vn 1.00000000 0.00000000 0.00000000
vn 0.00000000 1.00000000 0.00000000
vn 0.49219037 0.73599927 0.46481579
vn 0.56161190 0.68687109 0.46130271
vn 0.56197415 0.68723115 0.46032423
vn 0.59413208 0.72789285 0.34231428
vn 0.49026973 0.60242148 0.62986026
vn 0.49219037 0.73599927 0.46481579
vn 0.56161190 0.68687109 0.46130271
vn -0.54946404 -0.80525711 -0.22282338
vn -0.56503356 -0.79397042 -0.22438370
vn -0.56557066 -0.79378926 -0.22367037
vn -0.54592277 -0.80736448 -0.22389936
vn -0.54608635 -0.80760639 -0.22262440
vn -0.54946404 -0.80525711 -0.22282338
vn -0.55034004 -0.80325130 -0.22784468
vn -0.56056437 -0.79584619 -0.22890266
vn -0.56448329 -0.79398072 -0.22572823
vn -0.56503356 -0.79397042 -0.22438370
vn -0.52491355 -0.82182447 -0.22151818
vn -0.52714207 -0.82090640 -0.21962220
vn -0.54592277 -0.80736448 -0.22389936
vn -0.54608635 -0.80760639 -0.22262440
vn -0.50220327 -0.83808941 -0.21306812
vn -0.50564411 -0.83509463 -0.21665870
vn -0.50576763 -0.83500009 -0.21673475
vn -0.50722806 -0.83512493 -0.21280518
vn -0.52491591 -0.82183575 -0.22147074
vn -0.52714207 -0.82090640 -0.21962220
vn -0.49803267 -0.84064423 -0.21279271
vn -0.50220327 -0.83808941 -0.21306812
vn -0.50659778 -0.84066551 -0.19141629
vn -0.50722806 -0.83512493 -0.21280518
vn -0.36220681 -0.91054025 -0.19930551
vn -0.36430406 -0.91163556 -0.19027125
vn -0.36502585 -0.90542924 -0.21668877
vn -0.37215027 -0.90213178 -0.21831728
vn -0.38817013 -0.89449875 -0.22180159
vn -0.39630341 -0.89051959 -0.22342441
vn -0.39913802 -0.88911639 -0.22396625
vn -0.40336609 -0.88706913 -0.22450870
vn -0.41188199 -0.91123719 0.00000000
vn -0.46999455 -0.88266932 0.00000000
vn -0.48901915 -0.84555211 -0.21424730
vn -0.49803267 -0.84064423 -0.21279271
vn -0.50659778 -0.84066551 -0.19141629
vn -0.50965038 -0.84368512 -0.16867693
vn -0.46106477 -0.88105768 0.10562504
vn -0.46588044 -0.85674311 0.22123893
vn -0.46936734 -0.88299944 0.00251032
vn -0.46999455 -0.88266932 0.00000000
vn -0.50365921 -0.83367835 0.22651228
vn -0.50400502 -0.83371630 0.22560158
vn -0.50965038 -0.84368512 -0.16867693
vn -0.51001548 -0.84365870 -0.16770272
vn -0.50400502 -0.83371630 0.22560158
vn -0.51001548 -0.84365870 -0.16770272
vn -0.54060608 -0.82871724 0.14481987
vn -0.54394007 -0.83382806 -0.09412739
vn -0.54060608 -0.82871724 0.14481987
vn -0.54394007 -0.83382806 -0.09412739
vn -0.55352096 -0.82310153 0.12695829
vn -0.55633981 -0.82729323 -0.07792259
vn -0.55352096 -0.82310153 0.12695829
vn -0.55633981 -0.82729323 -0.07792259
vn -0.57981279 -0.80455218 0.12850259
vn -0.58284083 -0.80875391 -0.07882689
vn -0.56693391 -0.79287859 -0.22344908
vn -0.56730683 -0.79239570 -0.22421423
vn -0.56816637 -0.79208292 -0.22314039
vn -0.56448329 -0.79398072 -0.22572823
vn -0.56503356 -0.79397042 -0.22438370
vn -0.56557066 -0.79378926 -0.22367037
vn -0.56595465 -0.79218791 -0.22832793
vn -0.56693391 -0.79287859 -0.22344908
vn -0.56730683 -0.79239570 -0.22421423
vn -0.60773374 -0.76043616 -0.22890294
vn -0.61340393 -0.75368007 -0.23601263
vn -0.62128071 -0.74551129 -0.24129485
vn -0.64487938 -0.72517800 -0.24134509
vn -0.65436445 -0.71826179 -0.23644698
vn -0.66076798 -0.71406473 -0.23129471
vn -0.56500851 -0.79110890 -0.23433328
vn -0.56572724 -0.79123653 -0.23215822
vn -0.56574982 -0.78764066 -0.24402731
vn -0.56575849 -0.78762555 -0.24405598
vn -0.56580651 -0.79121135 -0.23205085
vn -0.60613390 -0.75574687 -0.24788780
vn -0.61213787 -0.75153006 -0.24594673
vn -0.61340393 -0.75368007 -0.23601263
vn -0.62128071 -0.74551129 -0.24129485
vn -0.56572724 -0.79123653 -0.23215822
vn -0.56577067 -0.79127598 -0.23191780
vn -0.56580651 -0.79121135 -0.23205085
vn -0.55988982 -0.79488852 -0.23382820
vn -0.56056437 -0.79584619 -0.22890266
vn -0.56448329 -0.79398072 -0.22572823
vn -0.56500851 -0.79110890 -0.23433328
vn -0.56572724 -0.79123653 -0.23215822
vn -0.56577067 -0.79127598 -0.23191780
vn -0.56595465 -0.79218791 -0.22832793
vn -0.00000000 1.00000000 -0.00000000
vn -0.77626039 -0.53684464 -0.33048091
vn -0.78072571 -0.53629408 -0.32071175
vn -0.76760949 -0.55732988 -0.31647919
vn -0.76929851 -0.54836398 -0.32783646
vn -0.77170028 -0.55160204 -0.31656575
vn -0.77626039 -0.53684464 -0.33048091
vn -0.78072571 -0.53629408 -0.32071175
vn -0.71341501 -0.61408354 -0.33755063
vn -0.71548602 -0.60298578 -0.35282843
vn -0.71716332 -0.61913886 -0.31991225
vn -0.71874520 -0.61842997 -0.31772584
vn -0.74826763 -0.56417726 -0.34899796
vn -0.75379268 -0.55862363 -0.34602924
vn -0.75468798 -0.55789845 -0.34524683
vn -0.76404786 -0.56406921 -0.31314022
vn -0.76760949 -0.55732988 -0.31647919
vn -0.76929851 -0.54836398 -0.32783646
vn -0.71501564 -0.62839970 -0.30637631
vn -0.71703137 -0.62628580 -0.30599365
vn -0.71716332 -0.61913886 -0.31991225
vn -0.71874520 -0.61842997 -0.31772584
vn -0.67761683 -0.65469842 -0.33497076
vn -0.67915821 -0.64655076 -0.34744241
vn -0.68342472 -0.66093477 -0.30999337
vn -0.68859532 -0.65850835 -0.30364987
vn -0.70665500 -0.61708638 -0.34618365
vn -0.71037366 -0.63526525 -0.30299723
vn -0.71341501 -0.61408354 -0.33755063
vn -0.71501564 -0.62839970 -0.30637631
vn -0.71716332 -0.61913886 -0.31991225
vn -0.68859532 -0.65850835 -0.30364987
vn -0.68997095 -0.65982387 -0.29761141
vn -0.69356351 -0.65729625 -0.29484115
vn -0.70363334 -0.64662725 -0.29457312
vn -0.71037366 -0.63526525 -0.30299723
vn -0.69356351 -0.65729625 -0.29484115
vn -0.69510971 -0.65876161 -0.28784654
vn -0.70096129 -0.65572870 -0.28048732
vn -0.70363334 -0.64662725 -0.29457312
vn -0.70467783 -0.64758712 -0.28993116
vn -0.68330318 -0.67208541 -0.28530329
vn -0.68334938 -0.67179328 -0.28588008
vn -0.68413736 -0.67007463 -0.28802093
vn -0.68560099 -0.67451830 -0.27381810
vn -0.68630712 -0.67431855 -0.27253812
vn -0.69510971 -0.65876161 -0.28784654
vn -0.70022419 -0.65991029 -0.27240501
vn -0.70098215 -0.65886834 -0.27297719
vn -0.70096129 -0.65572870 -0.28048732
vn -0.70163824 -0.65657097 -0.27680019
vn -0.68493960 -0.67681050 -0.26978749
vn -0.68560099 -0.67451830 -0.27381810
vn -0.68564255 -0.67660673 -0.26851002
vn -0.68630712 -0.67431855 -0.27253812
vn -0.67966538 -0.68330571 -0.26673635
vn -0.68015871 -0.68161477 -0.26978776
vn -0.68243213 -0.68155635 -0.26413505
vn -0.68455611 -0.67942483 -0.26413033
vn -0.68493960 -0.67681050 -0.26978749
vn -0.68564255 -0.67660673 -0.26851002
vn -0.68605069 -0.67703745 -0.26637332
vn -0.68455611 -0.67942483 -0.26413033
vn -0.68574838 -0.68060817 -0.25791798
vn -0.68605069 -0.67703745 -0.26637332
vn -0.68764443 -0.67601754 -0.26484980
vn -0.68898585 -0.67733627 -0.25790322
vn -0.68243213 -0.68155635 -0.26413505
vn -0.68409687 -0.68321896 -0.25538858
vn -0.68418400 -0.68316518 -0.25529902
vn -0.68455611 -0.67942483 -0.26413033
vn -0.68574838 -0.68060817 -0.25791798
vn -0.65088514 -0.71835564 -0.24558852
vn -0.65235477 -0.71626344 -0.24779011
vn -0.66375879 -0.70302102 -0.25531494
vn -0.68409687 -0.68321896 -0.25538858
vn -0.68418400 -0.68316518 -0.25529902
vn -0.68527864 -0.68553129 -0.24584553
vn -0.68559023 -0.68458365 -0.24761111
vn -0.61213787 -0.75153006 -0.24594673
vn -0.62128071 -0.74551129 -0.24129485
vn -0.64487938 -0.72517800 -0.24134509
vn -0.65088514 -0.71835564 -0.24558852
vn -0.65235477 -0.71626344 -0.24779011
vn -0.38738001 -0.88413502 0.26123169
vn -0.42041127 -0.90589604 0.05105609
vn -0.42132742 -0.90555230 0.04958055
vn -0.42201336 -0.84622596 0.32527889
vn -0.43299997 -0.90000171 0.05007933
vn -0.46106477 -0.88105768 0.10562504
vn -0.46588044 -0.85674311 0.22123893
vn -0.42036608 -0.90606995 0.04826596
vn -0.42041127 -0.90589604 0.05105609
vn -0.42132742 -0.90555230 0.04958055
vn -0.41188199 -0.91123719 0.00000000
vn -0.42036608 -0.90606995 0.04826596
vn -0.42132742 -0.90555230 0.04958055
vn -0.43299997 -0.90000171 0.05007933
vn -0.46936734 -0.88299944 0.00251032
vn -0.46999455 -0.88266932 0.00000000
vn 1.00000000 0.00000000 0.00000000
vn -0.36220681 -0.91054025 -0.19930551
vn -0.36430406 -0.91163556 -0.19027125
vn 0.00000000 0.00000000 -1.00000000
vn 0.00000000 0.00000000 -1.00000000
vn 0.15736446 0.20080621 -0.96690914
vn 0.60234187 0.76665337 0.22232155
vn 0.61528003 0.75297325 0.23337046
vn 1.00000000 0.00000000 0.00000000
vn 0.00000000 1.00000000 -0.00000000
vn 0.59413208 0.72789285 0.34231428
vn 0.60234187 0.76665337 0.22232155
vn 0.61528003 0.75297325 0.23337046
vn -0.55006909 -0.80285584 -0.22988367
vn -0.55034004 -0.80325130 -0.22784468
vn -0.55508163 -0.79711291 -0.23768758
vn -0.55988982 -0.79488852 -0.23382820
vn -0.56056437 -0.79584619 -0.22890266
vn -0.52122838 -0.82277488 -0.22663290
vn -0.52141739 -0.82307323 -0.22510969
vn -0.52491188 -0.82181651 -0.22155167
vn -0.54592277 -0.80736448 -0.22389936
vn -0.55006909 -0.80285584 -0.22988367
vn -0.55034004 -0.80325130 -0.22784468
vn -0.50576763 -0.83500009 -0.21673475
vn -0.51138463 -0.82883756 -0.22696709
vn -0.52141739 -0.82307323 -0.22510969
vn -0.52491429 -0.82182800 -0.22150332
vn -0.40075911 -0.88492910 -0.23726068
vn -0.40092931 -0.88464430 -0.23803392
vn -0.40170660 -0.88662631 -0.22918463
vn -0.40176324 -0.88392701 -0.23928925
vn -0.40336609 -0.88706913 -0.22450870
vn -0.45824693 -0.85246634 -0.25161655
vn -0.47558086 -0.84381545 -0.24859270
vn -0.48901915 -0.84555211 -0.21424730
vn -0.49371327 -0.83472163 -0.24389959
vn -0.50095902 -0.83163060 -0.23964685
vn -0.50564411 -0.83509463 -0.21665870
vn -0.50576763 -0.83500009 -0.21673475
vn -0.51138463 -0.82883756 -0.22696709
vn -0.48901915 -0.84555211 -0.21424730
vn -0.49803267 -0.84064423 -0.21279271
vn -0.50220327 -0.83808941 -0.21306812
vn -0.50564411 -0.83509463 -0.21665870
vn 1.00000000 0.00000000 0.00000000
vn -0.36220681 -0.91054025 -0.19930551
vn -0.36502585 -0.90542924 -0.21668877
vn -0.39913802 -0.88911639 -0.22396625
vn -0.40165269 -0.88666910 -0.22911355
vn -0.40170660 -0.88662631 -0.22918463
vn -0.40336609 -0.88706913 -0.22450870
vn 1.00000000 0.00000000 0.00000000
vn -0.38852044 -0.89415163 -0.22258644
vn -0.39630341 -0.89051959 -0.22342441
vn -0.39913802 -0.88911639 -0.22396625
vn -0.40165269 -0.88666910 -0.22911355
vn -0.38817013 -0.89449875 -0.22180159
vn -0.38852044 -0.89415163 -0.22258644
vn -0.39630341 -0.89051959 -0.22342441
vn 1.00000000 0.00000000 0.00000000
vn -0.37215027 -0.90213178 -0.21831728
vn -0.38817013 -0.89449875 -0.22180159
vn -0.38852044 -0.89415163 -0.22258644
vn 1.00000000 0.00000000 0.00000000
vn -0.36502585 -0.90542924 -0.21668877
vn -0.37215027 -0.90213178 -0.21831728
vn -0.43299997 -0.90000171 0.05007933
vn -0.46106477 -0.88105768 0.10562504
vn -0.46936734 -0.88299944 0.00251032
vn -0.55345557 -0.79670644 -0.24278751
vn -0.55377627 -0.79700831 -0.24105931
vn -0.55508163 -0.79711291 -0.23768758
vn -0.55988982 -0.79488852 -0.23382820
vn -0.56500851 -0.79110890 -0.23433328
vn -0.56574982 -0.78764066 -0.24402731
vn -0.58644548 -0.76774903 -0.25815331
vn -0.58993209 -0.76618818 -0.25482505
vn -0.60613390 -0.75574687 -0.24788780
vn -0.61213787 -0.75153006 -0.24594673
vn -0.65235477 -0.71626344 -0.24779011
vn -0.66375879 -0.70302102 -0.25531494
vn -0.66870837 -0.69569639 -0.26236549
vn -0.56575849 -0.78762555 -0.24405598
vn -0.56651867 -0.78439479 -0.25254980
vn -0.58993209 -0.76618818 -0.25482505
vn -0.60613390 -0.75574687 -0.24788780
vn -0.54728086 -0.79845993 -0.25088924
vn -0.54747382 -0.79850205 -0.25033357
vn -0.55031712 -0.79410428 -0.25797182
vn -0.55345557 -0.79670644 -0.24278751
vn -0.56347189 -0.78435102 -0.25940875
vn -0.56471035 -0.78400397 -0.25775956
vn -0.56527626 -0.78405688 -0.25635436
vn -0.56574982 -0.78764066 -0.24402731
vn -0.56575849 -0.78762555 -0.24405598
vn -0.56651867 -0.78439479 -0.25254980
vn -0.00000000 1.00000000 -0.00000000
vn -0.75468798 -0.55789845 -0.34524683
vn -0.76929851 -0.54836398 -0.32783646
vn -0.77626039 -0.53684464 -0.33048091
vn -0.00000000 1.00000000 -0.00000000
vn -0.75379268 -0.55862363 -0.34602924
vn -0.75468798 -0.55789845 -0.34524683
vn -0.00000000 1.00000000 -0.00000000
vn -0.72366708 -0.57947143 -0.37485840
vn -0.72369990 -0.57768155 -0.37754798
vn -0.74826763 -0.56417726 -0.34899796
vn -0.75379268 -0.55862363 -0.34602924
vn -0.71466635 -0.60260230 -0.35513725
vn -0.71548602 -0.60298578 -0.35282843
vn -0.72366708 -0.57947143 -0.37485840
vn -0.74826763 -0.56417726 -0.34899796
vn -0.70665500 -0.61708638 -0.34618365
vn -0.70783069 -0.60962197 -0.35684278
vn -0.71341501 -0.61408354 -0.33755063
vn -0.71466635 -0.60260230 -0.35513725
vn -0.71548602 -0.60298578 -0.35282843
vn -0.67714039 -0.65479224 -0.33574993
vn -0.67761683 -0.65469842 -0.33497076
vn -0.67865843 -0.64664090 -0.34825032
vn -0.67915821 -0.64655076 -0.34744241
vn -0.67162796 -0.66310347 -0.33046888
vn -0.67229862 -0.65972670 -0.33582026
vn -0.67664791 -0.66826671 -0.30913945
vn -0.67714039 -0.65479224 -0.33574993
vn -0.67761683 -0.65469842 -0.33497076
vn -0.67875748 -0.66727903 -0.30663818
vn -0.68218090 -0.66379028 -0.30661324
vn -0.68342472 -0.66093477 -0.30999337
vn -0.68218090 -0.66379028 -0.30661324
vn -0.68342472 -0.66093477 -0.30999337
vn -0.68420809 -0.66576282 -0.29768970
vn -0.68859532 -0.65850835 -0.30364987
vn -0.68997095 -0.65982387 -0.29761141
vn -0.67613619 -0.64399446 -0.35792595
vn -0.67865843 -0.64664090 -0.34825032
vn -0.67915821 -0.64655076 -0.34744241
vn -0.68531001 -0.62026309 -0.38160699
vn -0.70665500 -0.61708638 -0.34618365
vn -0.70783069 -0.60962197 -0.35684278
vn -0.68247071 -0.66844224 -0.29566654
vn -0.68413736 -0.67007463 -0.28802093
vn -0.68420809 -0.66576282 -0.29768970
vn -0.68997095 -0.65982387 -0.29761141
vn -0.69356351 -0.65729625 -0.29484115
vn -0.69510971 -0.65876161 -0.28784654
vn -0.67554589 -0.68193886 -0.28035181
vn -0.67633857 -0.68271004 -0.27653777
vn -0.67738394 -0.67803829 -0.28533326
vn -0.68015871 -0.68161477 -0.26978776
vn -0.68330318 -0.67208541 -0.28530329
vn -0.68493960 -0.67681050 -0.26978749
vn -0.68560099 -0.67451830 -0.27381810
vn -0.68122655 -0.66970635 -0.29567515
vn -0.68247071 -0.66844224 -0.29566654
vn -0.68334938 -0.67179328 -0.28588008
vn -0.68413736 -0.67007463 -0.28802093
vn -0.67558109 -0.67623370 -0.29376551
vn -0.67727393 -0.67369410 -0.29569628
vn -0.67738394 -0.67803829 -0.28533326
vn -0.68122655 -0.66970635 -0.29567515
vn -0.68330318 -0.67208541 -0.28530329
vn -0.68334938 -0.67179328 -0.28588008
vn -0.67477828 -0.68813612 -0.26672637
vn -0.67633857 -0.68271004 -0.27653777
vn -0.67966538 -0.68330571 -0.26673635
vn -0.68015871 -0.68161477 -0.26978776
vn -0.66375879 -0.70302102 -0.25531494
vn -0.66870837 -0.69569639 -0.26236549
vn -0.67477828 -0.68813612 -0.26672637
vn -0.67966538 -0.68330571 -0.26673635
vn -0.68243213 -0.68155635 -0.26413505
vn -0.68409687 -0.68321896 -0.25538858
vn 0.00000000 0.00000000 -1.00000000
vn 1.00000000 0.00000000 0.00000000
vn -0.34774628 -0.83279801 -0.43072033
vn 0.00000000 1.00000000 -0.00000000
vn 0.00000000 1.00000000 -0.00000000
vn 0.00000000 0.00000000 -1.00000000
vn 0.15736446 0.20080621 -0.96690914
vn 0.00000000 1.00000000 -0.00000000
vn 0.00000000 1.00000000 -0.00000000
vn 0.15736446 0.20080621 -0.96690914
vn 0.60234187 0.76665337 0.22232155
vn -0.51203845 -0.82550891 -0.23738505
vn -0.51597478 -0.82058685 -0.24577885
vn -0.52122838 -0.82277488 -0.22663290
vn -0.54730106 -0.79880100 -0.24975690
vn -0.55006909 -0.80285584 -0.22988367
vn -0.55377627 -0.79700831 -0.24105931
vn -0.55508163 -0.79711291 -0.23768758
vn -0.50095902 -0.83163060 -0.23964685
vn -0.51138463 -0.82883756 -0.22696709
vn -0.51203845 -0.82550891 -0.23738505
vn -0.52122838 -0.82277488 -0.22663290
vn -0.52141739 -0.82307323 -0.22510969
vn -0.49371327 -0.83472163 -0.24389959
vn -0.50095902 -0.83163060 -0.23964685
vn -0.51203845 -0.82550891 -0.23738505
vn -0.51383964 -0.82103670 -0.24873190
vn -0.51597478 -0.82058685 -0.24577885
vn -0.47558086 -0.84381545 -0.24859270
vn -0.49371327 -0.83472163 -0.24389959
vn -0.51383964 -0.82103670 -0.24873190
vn -0.51919350 -0.81569772 -0.25509870
vn -0.43937947 -0.86031087 -0.25847803
vn -0.44068174 -0.85885143 -0.26110116
vn -0.44223238 -0.85975138 -0.25545664
vn -0.45824693 -0.85246634 -0.25161655
vn -0.47558086 -0.84381545 -0.24859270
vn -0.51769351 -0.81016077 -0.27501446
vn -0.51919350 -0.81569772 -0.25509870
vn -0.52073422 -0.81438417 -0.25615285
vn -0.52614386 -0.80832002 -0.26418059
vn -0.40166793 -0.88371730 -0.24022200
vn -0.40176324 -0.88392701 -0.23928925
vn -0.40543659 -0.88079239 -0.24459343
vn -0.40999292 -0.87780391 -0.24772182
vn -0.43610250 -0.86297645 -0.25512007
vn -0.44223238 -0.85975138 -0.25545664
vn -0.45824693 -0.85246634 -0.25161655
vn -0.40072880 -0.88420188 -0.24000723
vn -0.40092931 -0.88464430 -0.23803392
vn -0.40166793 -0.88371730 -0.24022200
vn -0.40176324 -0.88392701 -0.23928925
vn -0.39953343 -0.88479561 -0.23981193
vn -0.39968005 -0.88512033 -0.23836495
vn -0.39999986 -0.88433159 -0.24074416
vn -0.40072880 -0.88420188 -0.24000723
vn -0.40075911 -0.88492910 -0.23726068
vn -0.40092931 -0.88464430 -0.23803392
vn 1.00000000 0.00000000 0.00000000
vn -0.39968005 -0.88512033 -0.23836495
vn -0.40075911 -0.88492910 -0.23726068
vn -0.40165269 -0.88666910 -0.22911355
vn -0.40170660 -0.88662631 -0.22918463
vn -0.54730106 -0.79880100 -0.24975690
vn -0.54747382 -0.79850205 -0.25033357
vn -0.55345557 -0.79670644 -0.24278751
vn -0.55377627 -0.79700831 -0.24105931
vn -0.56612378 -0.77642925 -0.27687810
vn -0.56702020 -0.77674707 -0.27413879
vn -0.57407900 -0.77484049 -0.26468002
vn -0.57457120 -0.76416988 -0.29310804
vn -0.58632995 -0.75176772 -0.30176560
vn -0.58644548 -0.76774903 -0.25815331
vn -0.64123230 -0.70392015 -0.30547923
vn -0.64270704 -0.70280832 -0.30493955
vn -0.66492820 -0.68673624 -0.29370705
vn -0.66870837 -0.69569639 -0.26236549
vn -0.67477828 -0.68813612 -0.26672637
vn -0.67554589 -0.68193886 -0.28035181
vn -0.67633857 -0.68271004 -0.27653777
vn -0.56505208 -0.78374593 -0.25779540
vn -0.56527626 -0.78405688 -0.25635436
vn -0.56651867 -0.78439479 -0.25254980
vn -0.56890190 -0.77859322 -0.26484565
vn -0.57407900 -0.77484049 -0.26468002
vn -0.58644548 -0.76774903 -0.25815331
vn -0.58993209 -0.76618818 -0.25482505
vn -0.51383964 -0.82103670 -0.24873190
vn -0.51597478 -0.82058685 -0.24577885
vn -0.51919350 -0.81569772 -0.25509870
vn -0.52073422 -0.81438417 -0.25615285
vn -0.54072405 -0.80039559 -0.25881346
vn -0.54728086 -0.79845993 -0.25088924
vn -0.54730106 -0.79880100 -0.24975690
vn -0.54747382 -0.79850205 -0.25033357
vn -0.56471035 -0.78400397 -0.25775956
vn -0.56505208 -0.78374593 -0.25779540
vn -0.56527626 -0.78405688 -0.25635436
vn -0.56093284 -0.78357652 -0.26713702
vn -0.56102677 -0.78343991 -0.26734036
vn -0.56347189 -0.78435102 -0.25940875
vn -0.56471035 -0.78400397 -0.25775956
vn -0.56505208 -0.78374593 -0.25779540
vn -0.56659092 -0.77922015 -0.26793785
vn -0.56890190 -0.77859322 -0.26484565
vn -0.54733550 -0.79477327 -0.26221997
vn -0.55031712 -0.79410428 -0.25797182
vn -0.55077384 -0.79096338 -0.26650538
vn -0.56052986 -0.78369434 -0.26763680
vn -0.56093284 -0.78357652 -0.26713702
vn -0.56347189 -0.78435102 -0.25940875
vn -0.54051600 -0.79992143 -0.26070702
vn -0.54072405 -0.80039559 -0.25881346
vn -0.54728086 -0.79845993 -0.25088924
vn -0.54733550 -0.79477327 -0.26221997
vn -0.55031712 -0.79410428 -0.25797182
vn -0.00000000 1.00000000 -0.00000000
vn -0.72090703 -0.57771000 -0.38281094
vn -0.72278264 -0.56081625 -0.40381974
vn -0.72369990 -0.57768155 -0.37754798
vn -0.68478240 -0.61965275 -0.38354079
vn -0.68531001 -0.62026309 -0.38160699
vn -0.68605564 -0.61008462 -0.39638922
vn -0.70783069 -0.60962197 -0.35684278
vn -0.71422594 -0.57852872 -0.39393632
vn -0.71466635 -0.60260230 -0.35513725
vn -0.72090703 -0.57771000 -0.38281094
vn -0.72366708 -0.57947143 -0.37485840
vn -0.72369990 -0.57768155 -0.37754798
vn -0.66381544 -0.65662241 -0.35804480
vn -0.66750321 -0.64789814 -0.36697065
vn -0.66769896 -0.66061071 -0.34317866
vn -0.67229862 -0.65972670 -0.33582026
vn -0.67613619 -0.64399446 -0.35792595
vn -0.67714039 -0.65479224 -0.33574993
vn -0.67865843 -0.64664090 -0.34825032
vn -0.61291919 -0.72193762 -0.32114817
vn -0.61522778 -0.72140476 -0.31791502
vn -0.61812050 -0.71025351 -0.33684863
vn -0.64123230 -0.70392015 -0.30547923
vn -0.64270704 -0.70280832 -0.30493955
vn -0.66704646 -0.66399893 -0.33786751
vn -0.67162796 -0.66310347 -0.33046888
vn -0.67513585 -0.67156733 -0.30526858
vn -0.67664791 -0.66826671 -0.30913945
vn -0.67513585 -0.67156733 -0.30526858
vn -0.67664791 -0.66826671 -0.30913945
vn -0.67727393 -0.67369410 -0.29569628
vn -0.67875748 -0.66727903 -0.30663818
vn -0.68122655 -0.66970635 -0.29567515
vn -0.67875748 -0.66727903 -0.30663818
vn -0.68122655 -0.66970635 -0.29567515
vn -0.68218090 -0.66379028 -0.30661324
vn -0.68247071 -0.66844224 -0.29566654
vn -0.68420809 -0.66576282 -0.29768970
vn -0.66704646 -0.66399893 -0.33786751
vn -0.66769896 -0.66061071 -0.34317866
vn -0.67162796 -0.66310347 -0.33046888
vn -0.67229862 -0.65972670 -0.33582026
vn -0.66357805 -0.64383641 -0.38097093
vn -0.66407107 -0.64038410 -0.38589872
vn -0.66750321 -0.64789814 -0.36697065
vn -0.67613619 -0.64399446 -0.35792595
vn -0.68362619 -0.61981166 -0.38534236
vn -0.68478240 -0.61965275 -0.38354079
vn -0.68531001 -0.62026309 -0.38160699
vn -0.66492820 -0.68673624 -0.29370705
vn -0.67554589 -0.68193886 -0.28035181
vn -0.67558109 -0.67623370 -0.29376551
vn -0.67738394 -0.67803829 -0.28533326
vn -0.64270704 -0.70280832 -0.30493955
vn -0.66492820 -0.68673624 -0.29370705
vn -0.67513585 -0.67156733 -0.30526858
vn -0.67558109 -0.67623370 -0.29376551
vn -0.67727393 -0.67369410 -0.29569628
vn 1.00000000 0.00000000 0.00000000
vn -0.34774628 -0.83279801 -0.43072033
vn -0.38027379 -0.83452343 -0.39870100
vn -0.38249020 -0.83595085 -0.39355740
vn -0.38298884 -0.83466427 -0.39579680
vn -0.38302897 -0.83541367 -0.39417357
vn 0.00000000 0.00000000 -1.00000000
vn 0.00000000 0.00000000 -1.00000000
vn -0.34774628 -0.83279801 -0.43072033
vn -0.38027379 -0.83452343 -0.39870100
vn -0.00000000 1.00000000 -0.00000000
vn 0.00000000 0.00000000 -1.00000000
vn -0.71380100 -0.54661601 -0.43783451
vn -0.71624331 -0.54617294 -0.43438537
vn -0.52073422 -0.81438417 -0.25615285
vn -0.52614386 -0.80832002 -0.26418059
vn -0.53420183 -0.80254273 -0.26561922
vn -0.54051600 -0.79992143 -0.26070702
vn -0.54072405 -0.80039559 -0.25881346
vn -0.51769351 -0.81016077 -0.27501446
vn -0.51935254 -0.80720422 -0.28052503
vn -0.52603434 -0.80359290 -0.27843550
vn -0.52614386 -0.80832002 -0.26418059
vn -0.53349962 -0.80175917 -0.26937034
vn -0.53420183 -0.80254273 -0.26561922
vn -0.43396203 -0.85970699 -0.26940832
vn -0.44068174 -0.85885143 -0.26110116
vn -0.44355996 -0.84981313 -0.28473182
vn -0.45167019 -0.84336226 -0.29109130
vn -0.47867278 -0.82494012 -0.30057639
vn -0.48485629 -0.82117367 -0.30097870
vn -0.49051650 -0.81836365 -0.29945699
vn -0.50970352 -0.80934696 -0.29182156
vn -0.51769351 -0.81016077 -0.27501446
vn -0.51935254 -0.80720422 -0.28052503
vn -0.41438472 -0.87118209 -0.26330033
vn -0.41547830 -0.87097728 -0.26225248
vn -0.43396203 -0.85970699 -0.26940832
vn -0.43937947 -0.86031087 -0.25847803
vn -0.44068174 -0.85885143 -0.26110116
vn -0.41547830 -0.87097728 -0.26225248
vn -0.41592498 -0.87191367 -0.25840465
vn -0.43610250 -0.86297645 -0.25512007
vn -0.43937947 -0.86031087 -0.25847803
vn -0.44223238 -0.85975138 -0.25545664
vn -0.39942127 -0.88418096 -0.24225335
vn -0.39954099 -0.88386208 -0.24321766
vn -0.39999986 -0.88433159 -0.24074416
vn -0.40072880 -0.88420188 -0.24000723
vn -0.40166793 -0.88371730 -0.24022200
vn -0.40543659 -0.88079239 -0.24459343
vn -0.40999292 -0.87780391 -0.24772182
vn -0.41454222 -0.87290861 -0.25726505
vn -0.41592498 -0.87191367 -0.25840465
vn -0.43610250 -0.86297645 -0.25512007
vn -0.39681368 -0.88337648 -0.24936900
vn -0.39679160 -0.88341502 -0.24926759
vn -0.39688390 -0.88330844 -0.24949823
vn -0.39954099 -0.88386208 -0.24321766
vn -0.40023379 -0.88056440 -0.25380948
vn -0.40543659 -0.88079239 -0.24459343
vn -0.40999292 -0.87780391 -0.24772182
vn -0.41454222 -0.87290861 -0.25726505
vn 1.00000000 0.00000000 0.00000000
vn -0.39942127 -0.88418096 -0.24225335
vn -0.39953343 -0.88479561 -0.23981193
vn -0.39999986 -0.88433159 -0.24074416
vn 1.00000000 0.00000000 0.00000000
vn -0.39953343 -0.88479561 -0.23981193
vn -0.39968005 -0.88512033 -0.23836495
vn -0.55861798 -0.78263412 -0.27464483
vn -0.56048242 -0.78355390 -0.26814687
vn -0.56102677 -0.78343991 -0.26734036
vn -0.56171107 -0.77911393 -0.27832024
vn -0.56427433 -0.77715733 -0.27860541
vn -0.56612378 -0.77642925 -0.27687810
vn -0.56659092 -0.77922015 -0.26793785
vn -0.56702020 -0.77674707 -0.27413879
vn -0.56659092 -0.77922015 -0.26793785
vn -0.56702020 -0.77674707 -0.27413879
vn -0.56890190 -0.77859322 -0.26484565
vn -0.57407900 -0.77484049 -0.26468002
vn -0.58632995 -0.75176772 -0.30176560
vn -0.59224793 -0.74395433 -0.30947430
vn -0.60017529 -0.73525949 -0.31493350
vn -0.61522778 -0.72140476 -0.31791502
vn -0.64123230 -0.70392015 -0.30547923
vn -0.55865928 -0.77157525 -0.30425555
vn -0.55876174 -0.77090242 -0.30576915
vn -0.56272493 -0.77343340 -0.29179006
vn -0.57457120 -0.76416988 -0.29310804
vn -0.58632995 -0.75176772 -0.30176560
vn -0.59224793 -0.74395433 -0.30947430
vn -0.56239562 -0.77456985 -0.28940060
vn -0.56272493 -0.77343340 -0.29179006
vn -0.56427433 -0.77715733 -0.27860541
vn -0.56612378 -0.77642925 -0.27687810
vn -0.57457120 -0.76416988 -0.29310804
vn -0.56048242 -0.78355390 -0.26814687
vn -0.56052986 -0.78369434 -0.26763680
vn -0.56093284 -0.78357652 -0.26713702
vn -0.56102677 -0.78343991 -0.26734036
vn -0.54999208 -0.78984071 -0.27140442
vn -0.55077384 -0.79096338 -0.26650538
vn -0.55418281 -0.78460127 -0.27799686
vn -0.55861798 -0.78263412 -0.27464483
vn -0.56048242 -0.78355390 -0.26814687
vn -0.56052986 -0.78369434 -0.26763680
vn -0.53349962 -0.80175917 -0.26937034
vn -0.53420183 -0.80254273 -0.26561922
vn -0.54051600 -0.79992143 -0.26070702
vn -0.54733550 -0.79477327 -0.26221997
vn -0.54999208 -0.78984071 -0.27140442
vn -0.55077384 -0.79096338 -0.26650538
vn -0.00000000 1.00000000 -0.00000000
vn -0.71597563 -0.56147466 -0.41487963
vn -0.71624331 -0.54617294 -0.43438537
vn -0.72278264 -0.56081625 -0.40381974
vn -0.71422594 -0.57852872 -0.39393632
vn -0.71597563 -0.56147466 -0.41487963
vn -0.72090703 -0.57771000 -0.38281094
vn -0.72278264 -0.56081625 -0.40381974
vn -0.65530083 -0.57393097 -0.49110493
vn -0.65894999 -0.58162245 -0.47696984
vn -0.67212463 -0.55828096 -0.48638550
vn -0.68489114 -0.61023082 -0.39817392
vn -0.68605564 -0.61008462 -0.39638922
vn -0.71380100 -0.54661601 -0.43783451
vn -0.71422594 -0.57852872 -0.39393632
vn -0.71597563 -0.56147466 -0.41487963
vn -0.71624331 -0.54617294 -0.43438537
vn -0.68362619 -0.61981166 -0.38534236
vn -0.68478240 -0.61965275 -0.38354079
vn -0.68489114 -0.61023082 -0.39817392
vn -0.68605564 -0.61008462 -0.39638922
vn -0.61684045 -0.71048566 -0.33870044
vn -0.61812050 -0.71025351 -0.33684863
vn -0.63160027 -0.68104730 -0.37048033
vn -0.63975147 -0.66959593 -0.37730536
vn -0.64499882 -0.66453107 -0.37732608
vn -0.66381544 -0.65662241 -0.35804480
vn -0.66704646 -0.66399893 -0.33786751
vn -0.66769896 -0.66061071 -0.34317866
vn -0.64499882 -0.66453107 -0.37732608
vn -0.64590223 -0.65837511 -0.38646154
vn -0.65992823 -0.64435851 -0.38638949
vn -0.66357805 -0.64383641 -0.38097093
vn -0.66381544 -0.65662241 -0.35804480
vn -0.66750321 -0.64789814 -0.36697065
vn -0.60017529 -0.73525949 -0.31493350
vn -0.60353729 -0.72834541 -0.32443134
vn -0.61291919 -0.72193762 -0.32114817
vn -0.61522778 -0.72140476 -0.31791502
vn -0.59637969 -0.72978348 -0.33428630
vn -0.60353729 -0.72834541 -0.32443134
vn -0.61291919 -0.72193762 -0.32114817
vn -0.61684045 -0.71048566 -0.33870044
vn -0.61812050 -0.71025351 -0.33684863
vn -0.62656417 -0.60537301 -0.49085727
vn -0.62762858 -0.60730044 -0.48710219
vn -0.64497971 -0.58626729 -0.49019571
vn -0.65894999 -0.58162245 -0.47696984
vn -0.66039630 -0.64089194 -0.39132371
vn -0.66407107 -0.64038410 -0.38589872
vn -0.68362619 -0.61981166 -0.38534236
vn -0.68489114 -0.61023082 -0.39817392
vn -0.65992823 -0.64435851 -0.38638949
vn -0.66039630 -0.64089194 -0.39132371
vn -0.66357805 -0.64383641 -0.38097093
vn -0.66407107 -0.64038410 -0.38589872
vn -0.38298884 -0.83466427 -0.39579680
vn -0.38302897 -0.83541367 -0.39417357
vn -0.40179994 -0.79205302 -0.45957460
vn -0.40667555 -0.83519495 -0.37022209
vn -0.43618339 -0.76766358 -0.46950685
vn -0.46964237 -0.76764993 -0.43606149
vn -0.47907863 -0.78621479 -0.39032034
vn -0.48283624 -0.77727516 -0.40337636
vn 0.00000000 0.00000000 -1.00000000
vn 0.00000000 0.00000000 -1.00000000
vn -0.38027379 -0.83452343 -0.39870100
vn -0.38298884 -0.83466427 -0.39579680
vn -0.40179994 -0.79205302 -0.45957460
vn 1.00000000 0.00000000 0.00000000
vn -0.38249020 -0.83595085 -0.39355740
vn -0.38745266 -0.84452660 -0.36966913
vn -0.38249020 -0.83595085 -0.39355740
vn -0.38302897 -0.83541367 -0.39417357
vn -0.38745266 -0.84452660 -0.36966913
vn -0.40131777 -0.84395081 -0.35593690
vn -0.40667555 -0.83519495 -0.37022209
vn 0.00000000 0.00000000 -1.00000000
vn -0.67212463 -0.55828096 -0.48638550
vn -0.71380100 -0.54661601 -0.43783451
vn -0.52603434 -0.80359290 -0.27843550
vn -0.53067293 -0.79646637 -0.28987507
vn -0.53349962 -0.80175917 -0.26937034
vn -0.54575922 -0.78543688 -0.29195167
vn -0.54999208 -0.78984071 -0.27140442
vn -0.55141980 -0.78414257 -0.28470447
vn -0.55418281 -0.78460127 -0.27799686
vn -0.50970352 -0.80934696 -0.29182156
vn -0.51935254 -0.80720422 -0.28052503
vn -0.52603434 -0.80359290 -0.27843550
vn -0.52625211 -0.79724266 -0.29574122
vn -0.53067293 -0.79646637 -0.28987507
vn -0.49051650 -0.81836365 -0.29945699
vn -0.50970352 -0.80934696 -0.29182156
vn -0.52625211 -0.79724266 -0.29574122
vn -0.53207973 -0.78950059 -0.30590846
vn -0.53246836 -0.79007724 -0.30373573
vn -0.47626994 -0.82257488 -0.31070487
vn -0.48485629 -0.82117367 -0.30097870
vn -0.48562877 -0.80981805 -0.32917992
vn -0.48565287 -0.80979548 -0.32919988
vn -0.49051650 -0.81836365 -0.29945699
vn -0.52371350 -0.78282726 -0.33601436
vn -0.53134964 -0.78160113 -0.32675256
vn -0.53207973 -0.78950059 -0.30590846
vn -0.53606574 -0.78387261 -0.31333250
vn -0.45004790 -0.83565731 -0.31485513
vn -0.45039220 -0.83629660 -0.31265774
vn -0.45842006 -0.83520552 -0.30378081
vn -0.47626994 -0.82257488 -0.31070487
vn -0.47867278 -0.82494012 -0.30057639
vn -0.48485629 -0.82117367 -0.30097870
vn -0.45167019 -0.84336226 -0.29109130
vn -0.45842006 -0.83520552 -0.30378081
vn -0.47867278 -0.82494012 -0.30057639
vn -0.39421081 -0.87280713 -0.28775953
vn -0.40159308 -0.86549983 -0.29938778
vn -0.40221248 -0.86502951 -0.29991511
vn -0.40527725 -0.87164253 -0.27566219
vn -0.44355996 -0.84981313 -0.28473182
vn -0.45039220 -0.83629660 -0.31265774
vn -0.45167019 -0.84336226 -0.29109130
vn -0.45842006 -0.83520552 -0.30378081
vn -0.40435161 -0.87301081 -0.27267546
vn -0.40527725 -0.87164253 -0.27566219
vn -0.41315469 -0.87161152 -0.26381160
vn -0.41438472 -0.87118209 -0.26330033
vn -0.43396203 -0.85970699 -0.26940832
vn -0.44355996 -0.84981313 -0.28473182
vn -0.39997092 -0.87998605 -0.25621830
vn -0.40023379 -0.88056440 -0.25380948
vn -0.40287018 -0.87713063 -0.26141438
vn -0.41315469 -0.87161152 -0.26381160
vn -0.41438472 -0.87118209 -0.26330033
vn -0.41454222 -0.87290861 -0.25726505
vn -0.41547830 -0.87097728 -0.26225248
vn -0.41592498 -0.87191367 -0.25840465
vn 1.00000000 0.00000000 0.00000000
vn -0.39679160 -0.88341502 -0.24926759
vn -0.39942127 -0.88418096 -0.24225335
vn -0.39954099 -0.88386208 -0.24321766
vn -0.39632312 -0.88206034 -0.25474996
vn -0.39688390 -0.88330844 -0.24949823
vn -0.39997092 -0.87998605 -0.25621830
vn -0.40023379 -0.88056440 -0.25380948
vn 1.00000000 0.00000000 0.00000000
vn -0.39632312 -0.88206034 -0.25474996
vn -0.39681368 -0.88337648 -0.24936900
vn -0.39688390 -0.88330844 -0.24949823
vn 1.00000000 0.00000000 0.00000000
vn -0.39681368 -0.88337648 -0.24936900
vn -0.39679160 -0.88341502 -0.24926759
vn -0.56043085 -0.77733821 -0.28576666
vn -0.56171107 -0.77911393 -0.27832024
vn -0.56239562 -0.77456985 -0.28940060
vn -0.56427433 -0.77715733 -0.27860541
vn -0.55141980 -0.78414257 -0.28470447
vn -0.55418281 -0.78460127 -0.27799686
vn -0.55861798 -0.78263412 -0.27464483
vn -0.56043085 -0.77733821 -0.28576666
vn -0.56171107 -0.77911393 -0.27832024
vn -0.55121576 -0.76879941 -0.32420465
vn -0.55592422 -0.76162975 -0.33296905
vn -0.55646546 -0.77138268 -0.30873119
vn -0.55876174 -0.77090242 -0.30576915
vn -0.59080332 -0.73301270 -0.33711098
vn -0.59224793 -0.74395433 -0.30947430
vn -0.59637969 -0.72978348 -0.33428630
vn -0.60017529 -0.73525949 -0.31493350
vn -0.60353729 -0.72834541 -0.32443134
vn -0.55636475 -0.77205395 -0.30723113
vn -0.55646546 -0.77138268 -0.30873119
vn -0.55865928 -0.77157525 -0.30425555
vn -0.55876174 -0.77090242 -0.30576915
vn -0.54190070 -0.78387273 -0.30312898
vn -0.54295431 -0.78222853 -0.30548184
vn -0.54575922 -0.78543688 -0.29195167
vn -0.55141980 -0.78414257 -0.28470447
vn -0.55636475 -0.77205395 -0.30723113
vn -0.55865928 -0.77157525 -0.30425555
vn -0.56043085 -0.77733821 -0.28576666
vn -0.56239562 -0.77456985 -0.28940060
vn -0.56272493 -0.77343340 -0.29179006
vn 0.00000000 0.00000000 -1.00000000
vn -0.65530083 -0.57393097 -0.49110493
vn -0.67212463 -0.55828096 -0.48638550
vn 0.00000000 0.00000000 -1.00000000
vn -0.64497971 -0.58626729 -0.49019571
vn -0.65530083 -0.57393097 -0.49110493
vn -0.65894999 -0.58162245 -0.47696984
vn -0.63975147 -0.66959593 -0.37730536
vn -0.64128555 -0.65899981 -0.39302939
vn -0.64499882 -0.66453107 -0.37732608
vn -0.64590223 -0.65837511 -0.38646154
vn -0.51512954 -0.69838220 -0.49689421
vn -0.52950452 -0.72789595 -0.43565176
vn -0.54967868 -0.74279215 -0.38224753
vn -0.56361836 -0.74098655 -0.36506612
vn -0.58095655 -0.63894709 -0.50421831
vn -0.61313200 -0.63146061 -0.47468584
vn -0.63160027 -0.68104730 -0.37048033
vn -0.63975147 -0.66959593 -0.37730536
vn -0.64128555 -0.65899981 -0.39302939
vn -0.56337362 -0.74281172 -0.36171937
vn -0.56361836 -0.74098655 -0.36506612
vn -0.56443830 -0.74351557 -0.35860005
vn -0.59080332 -0.73301270 -0.33711098
vn -0.59637969 -0.72978348 -0.33428630
vn -0.61684045 -0.71048566 -0.33870044
vn -0.63160027 -0.68104730 -0.37048033
vn -0.60822788 -0.62243931 -0.49257299
vn -0.61313200 -0.63146061 -0.47468584
vn -0.62197528 -0.60881181 -0.49243774
vn -0.62762858 -0.60730044 -0.48710219
vn -0.64128555 -0.65899981 -0.39302939
vn -0.64590223 -0.65837511 -0.38646154
vn -0.65992823 -0.64435851 -0.38638949
vn -0.66039630 -0.64089194 -0.39132371
vn 0.00000000 0.00000000 -1.00000000
vn -0.62656417 -0.60537301 -0.49085727
vn -0.64497971 -0.58626729 -0.49019571
vn 0.00000000 0.00000000 -1.00000000
vn -0.62197528 -0.60881181 -0.49243774
vn -0.62656417 -0.60537301 -0.49085727
vn -0.62762858 -0.60730044 -0.48710219
vn -0.40131777 -0.84395081 -0.35593690
vn -0.40191806 -0.84443199 -0.35411366
vn -0.40380210 -0.84494275 -0.35073582
vn -0.40667555 -0.83519495 -0.37022209
vn -0.43085478 -0.84266514 -0.32292355
vn -0.44899751 -0.83586093 -0.31581283
vn -0.47907863 -0.78621479 -0.39032034
vn -0.48562877 -0.80981805 -0.32917992
vn -0.48565287 -0.80979548 -0.32919988
vn -0.50250414 -0.78436088 -0.36368611
vn -0.47907863 -0.78621479 -0.39032034
vn -0.48283624 -0.77727516 -0.40337636
vn -0.50250414 -0.78436088 -0.36368611
vn -0.50496916 -0.77561585 -0.37871651
vn -0.50790073 -0.78028080 -0.36496399
vn -0.46963737 -0.76763765 -0.43608851
vn -0.48283624 -0.77727516 -0.40337636
vn -0.48814691 -0.72521174 -0.48557238
vn -0.50496916 -0.77561585 -0.37871651
vn -0.51042546 -0.72468301 -0.46292589
vn -0.52126533 -0.76331426 -0.38161997
vn -0.52557814 -0.74155027 -0.41697821
vn -0.52864416 -0.75141293 -0.39485943
vn 0.00000000 0.00000000 -1.00000000
vn -0.43618339 -0.76766358 -0.46950685
vn -0.46964216 -0.76764942 -0.43606262
vn 0.00000000 0.00000000 -1.00000000
vn -0.40179994 -0.79205302 -0.45957460
vn -0.43618339 -0.76766358 -0.46950685
vn 1.00000000 0.00000000 0.00000000
vn -0.38745266 -0.84452660 -0.36966913
vn -0.40131777 -0.84395081 -0.35593690
vn -0.40191806 -0.84443199 -0.35411366
vn -0.52625211 -0.79724266 -0.29574122
vn -0.53067293 -0.79646637 -0.28987507
vn -0.53246836 -0.79007724 -0.30373573
vn -0.54044465 -0.78420212 -0.30487148
vn -0.54190070 -0.78387273 -0.30312898
vn -0.54575922 -0.78543688 -0.29195167
vn -0.53207973 -0.78950059 -0.30590846
vn -0.53246836 -0.79007724 -0.30373573
vn -0.53606574 -0.78387261 -0.31333250
vn -0.53980688 -0.78265973 -0.30992302
vn -0.53988635 -0.78270442 -0.30967164
vn -0.54044465 -0.78420212 -0.30487148
vn -0.53134964 -0.78160113 -0.32675256
vn -0.53606574 -0.78387261 -0.31333250
vn -0.53980688 -0.78265973 -0.30992302
vn -0.54510561 -0.77122848 -0.32873472
vn -0.54823082 -0.77078057 -0.32456167
vn -0.51525110 -0.77826625 -0.35891218
vn -0.52313417 -0.76605090 -0.37349253
vn -0.52371350 -0.78282726 -0.33601436
vn -0.53134964 -0.78160113 -0.32675256
vn -0.53535636 -0.75655515 -0.37552346
vn -0.53792227 -0.75623252 -0.37249431
vn -0.54510561 -0.77122848 -0.32873472
vn -0.54855778 -0.76519644 -0.33698482
vn -0.54882953 -0.76300890 -0.34147264
vn -0.48565287 -0.80979548 -0.32919988
vn -0.50250414 -0.78436088 -0.36368611
vn -0.50790073 -0.78028080 -0.36496399
vn -0.51525110 -0.77826625 -0.35891218
vn -0.52371350 -0.78282726 -0.33601436
vn -0.44899751 -0.83586093 -0.31581283
vn -0.45004790 -0.83565731 -0.31485513
vn -0.47626994 -0.82257488 -0.31070487
vn -0.48562877 -0.80981805 -0.32917992
vn -0.40221248 -0.86502951 -0.29991511
vn -0.41522718 -0.85192795 -0.31906921
vn -0.43085478 -0.84266514 -0.32292355
vn -0.44899751 -0.83586093 -0.31581283
vn -0.45004790 -0.83565731 -0.31485513
vn -0.45039220 -0.83629660 -0.31265774
vn -0.36960162 -0.87635858 -0.30885318
vn -0.38081738 -0.87549195 -0.29747599
vn -0.38287140 -0.86040609 -0.33631956
vn -0.38795311 -0.87300263 -0.29556522
vn -0.39943009 -0.85296440 -0.33601687
vn -0.40159308 -0.86549983 -0.29938778
vn -0.40221248 -0.86502951 -0.29991511
vn -0.41522718 -0.85192795 -0.31906921
vn -0.38795311 -0.87300263 -0.29556522
vn -0.38849410 -0.87422001 -0.29122451
vn -0.39271025 -0.87360096 -0.28740220
vn -0.39421081 -0.87280713 -0.28775953
vn -0.40159308 -0.86549983 -0.29938778
vn -0.39178072 -0.87438688 -0.28627861
vn -0.39271025 -0.87360096 -0.28740220
vn -0.39297950 -0.87605440 -0.27945627
vn -0.39421081 -0.87280713 -0.28775953
vn -0.39680583 -0.87554277 -0.27562653
vn -0.39850637 -0.87517818 -0.27432796
vn -0.40435161 -0.87301081 -0.27267546
vn -0.40527725 -0.87164253 -0.27566219
vn -0.39672806 -0.87764172 -0.26898302
vn -0.39850637 -0.87517818 -0.27432796
vn -0.40033250 -0.87744740 -0.26423466
vn -0.40287018 -0.87713063 -0.26141438
vn -0.40435161 -0.87301081 -0.27267546
vn -0.41315469 -0.87161152 -0.26381160
vn 1.00000000 0.00000000 0.00000000
vn -0.39632312 -0.88206034 -0.25474996
vn -0.39997092 -0.87998605 -0.25621830
vn -0.40033250 -0.87744740 -0.26423466
vn -0.40287018 -0.87713063 -0.26141438
vn -0.53980688 -0.78265973 -0.30992302
vn -0.53988635 -0.78270442 -0.30967164
vn -0.54295431 -0.78222853 -0.30548184
vn -0.54823082 -0.77078057 -0.32456167
vn -0.55020228 -0.76914844 -0.32509711
vn -0.55121576 -0.76879941 -0.32420465
vn -0.55636475 -0.77205395 -0.30723113
vn -0.55646546 -0.77138268 -0.30873119
vn -0.55398222 -0.75896917 -0.34215421
vn -0.55592422 -0.76162975 -0.33296905
vn -0.56443830 -0.74351557 -0.35860005
vn -0.59080332 -0.73301270 -0.33711098
vn -0.54855778 -0.76519644 -0.33698482
vn -0.54882953 -0.76300890 -0.34147264
vn -0.55020228 -0.76914844 -0.32509711
vn -0.55121576 -0.76879941 -0.32420465
vn -0.55398222 -0.75896917 -0.34215421
vn -0.55592422 -0.76162975 -0.33296905
vn -0.53988635 -0.78270442 -0.30967164
vn -0.54044465 -0.78420212 -0.30487148
vn -0.54190070 -0.78387273 -0.30312898
vn -0.54295431 -0.78222853 -0.30548184
vn -0.52557814 -0.74155027 -0.41697821
vn -0.52864416 -0.75141293 -0.39485943
vn -0.52950452 -0.72789595 -0.43565176
vn -0.53327141 -0.75339603 -0.38472851
vn -0.53934782 -0.75274898 -0.37745584
vn -0.54946743 -0.74465894 -0.37890447
vn -0.54967868 -0.74279215 -0.38224753
vn -0.54946743 -0.74465894 -0.37890447
vn -0.54967868 -0.74279215 -0.38224753
vn -0.56337362 -0.74281172 -0.36171937
vn -0.56361836 -0.74098655 -0.36506612
vn 0.00000000 0.00000000 -1.00000000
vn -0.58095655 -0.63894709 -0.50421831
vn -0.60822788 -0.62243931 -0.49257299
vn -0.61313200 -0.63146061 -0.47468584
vn 0.00000000 0.00000000 -1.00000000
vn -0.51512954 -0.69838220 -0.49689421
vn -0.58095655 -0.63894709 -0.50421831
vn 0.00000000 0.00000000 -1.00000000
vn -0.51042546 -0.72468301 -0.46292589
vn -0.51512954 -0.69838220 -0.49689421
vn -0.52557814 -0.74155027 -0.41697821
vn -0.52950452 -0.72789595 -0.43565176
vn -0.53792227 -0.75623252 -0.37249431
vn -0.53934782 -0.75274898 -0.37745584
vn -0.54882953 -0.76300890 -0.34147264
vn -0.54946743 -0.74465894 -0.37890447
vn -0.55398222 -0.75896917 -0.34215421
vn -0.56337362 -0.74281172 -0.36171937
vn -0.56443830 -0.74351557 -0.35860005
vn 0.00000000 0.00000000 -1.00000000
vn -0.60822788 -0.62243931 -0.49257299
vn -0.62197528 -0.60881181 -0.49243774
vn 1.00000000 0.00000000 0.00000000
vn -0.38287140 -0.86040609 -0.33631956
vn -0.39943009 -0.85296440 -0.33601687
vn -0.40191806 -0.84443199 -0.35411366
vn -0.40380210 -0.84494275 -0.35073582
vn -0.39943009 -0.85296440 -0.33601687
vn -0.40380210 -0.84494275 -0.35073582
vn -0.41522718 -0.85192795 -0.31906921
vn -0.43085478 -0.84266514 -0.32292355
vn -0.50496916 -0.77561585 -0.37871651
vn -0.50790073 -0.78028080 -0.36496399
vn -0.51525110 -0.77826625 -0.35891218
vn -0.52126533 -0.76331426 -0.38161997
vn -0.52313417 -0.76605090 -0.37349253
vn -0.52126533 -0.76331426 -0.38161997
vn -0.52313417 -0.76605090 -0.37349253
vn -0.52864416 -0.75141293 -0.39485943
vn -0.53327141 -0.75339603 -0.38472851
vn -0.53535636 -0.75655515 -0.37552346
vn 0.00000000 0.00000000 -1.00000000
vn -0.48814691 -0.72521174 -0.48557238
vn -0.51042546 -0.72468301 -0.46292589
vn 0.00000000 0.00000000 -1.00000000
vn -0.46963505 -0.76763194 -0.43610104
vn -0.48814691 -0.72521174 -0.48557238
vn -0.54510561 -0.77122848 -0.32873472
vn -0.54823082 -0.77078057 -0.32456167
vn -0.54855778 -0.76519644 -0.33698482
vn -0.55020228 -0.76914844 -0.32509711
vn -0.53327141 -0.75339603 -0.38472851
vn -0.53535636 -0.75655515 -0.37552346
vn -0.53792227 -0.75623252 -0.37249431
vn -0.53934782 -0.75274898 -0.37745584
vn 1.00000000 0.00000000 0.00000000
vn -0.36960162 -0.87635858 -0.30885318
vn -0.38287140 -0.86040609 -0.33631956
vn 1.00000000 0.00000000 0.00000000
vn -0.36960162 -0.87635858 -0.30885318
vn -0.38081738 -0.87549195 -0.29747599
vn 1.00000000 0.00000000 0.00000000
vn -0.38081738 -0.87549195 -0.29747599
vn -0.38795311 -0.87300263 -0.29556522
vn -0.38849410 -0.87422001 -0.29122451
vn 1.00000000 0.00000000 0.00000000
vn -0.38849410 -0.87422001 -0.29122451
vn -0.39178072 -0.87438688 -0.28627861
vn -0.39271025 -0.87360096 -0.28740220
vn 1.00000000 0.00000000 0.00000000
vn -0.39178072 -0.87438688 -0.28627861
vn -0.39297950 -0.87605440 -0.27945627
vn 1.00000000 0.00000000 0.00000000
vn -0.39297950 -0.87605440 -0.27945627
vn -0.39680583 -0.87554277 -0.27562653
vn 1.00000000 0.00000000 0.00000000
vn -0.39672806 -0.87764172 -0.26898302
vn -0.39680583 -0.87554277 -0.27562653
vn -0.39850637 -0.87517818 -0.27432796
vn 1.00000000 0.00000000 0.00000000
vn -0.39672806 -0.87764172 -0.26898302
vn -0.40033250 -0.87744740 -0.26423466
f 6//6 19//19 25//25
f 7//7 26//26 34//34
f 8//8 35//35 38//38
f 1//1 37//37 103//103
f 1//1 103//103 181//181
f 1//1 181//181 286//286
f 1//1 286//286 421//421
f 1//1 421//421 591//591
f 1//1 591//591 778//778
f 1//1 778//778 987//987
f 1//1 987//987 1159//1159
f 3//3 1160//1160 1156//1156
f 1//1 1155//1155 1337//1337
f 1//1 1337//1337 1441//1441
f 1//1 1441//1441 1268//1268
f 1//1 1268//1268 1082//1082
f 1//1 1082//1082 1079//1079
f 1//1 1079//1079 1075//1075
f 1//1 1075//1075 878//878
f 1//1 878//878 668//668
f 1//1 668//668 665//665
f 1//1 665//665 661//661
f 1//1 661//661 658//658
f 1//1 658//658 463//463
f 1//1 463//463 499//499
f 1//1 499//499 496//496
f 1//1 496//496 459//459
f 1//1 459//459 386//386
f 1//1 386//386 382//382
f 4//4 383//383 258//258
f 1//1 257//257 152//152
f 3//3 153//153 82//82
f 2//2 81//81 77//77
f 5//5 78//78 40//40
f 9//9 42//42 22//22
f 14//14 47//47 53//53
f 12//12 52//52 57//57
f 11//11 56//56 61//61
f 10//10 60//60 66//66
f 13//13 67//67 69//69
f 16//16 71//71 73//73
f 18//18 75//75 23//23
f 21//21 41//41 80//80
f 20//20 79//79 86//86
f 17//17 84//84 91//91
f 15//15 89//89 48//48
f 24//24 76//76 33//33
f 28//28 94//94 102//102
f 27//27 101//101 105//105
f 36//36 106//106 39//39
f 32//32 74//74 72//72
f 31//31 70//70 68//68
f 30//30 64//64 116//116
f 29//29 113//113 96//96
f 46//46 88//88 123//123
f 45//45 117//117 128//128
f 44//44 127//127 134//134
f 43//43 133//133 50//50
f 51//51 145//145 54//54
f 49//49 132//132 144//144
f 55//55 146//146 58//58
f 59//59 147//147 65//65
f 62//62 150//150 115//115
f 63//63 143//143 151//151
f 85//85 154//154 162//162
f 83//83 161//161 90//90
f 87//87 159//159 122//122
f 95//95 109//109 168//168
f 93//93 166//166 173//173
f 92//92 172//172 100//100
f 97//97 170//170 178//178
f 98//98 180//180 183//183
f 99//99 184//184 104//104
f 114//114 148//148 187//187
f 112//112 185//185 191//191
f 111//111 189//189 197//197
f 110//110 195//195 205//205
f 108//108 201//201 210//210
f 107//107 209//209 167//167
f 121//121 157//157 214//214
f 120//120 213//213 220//220
f 119//119 219//219 230//230
f 118//118 228//228 129//129
f 126//126 235//235 130//130
f 125//125 224//224 240//240
f 124//124 238//238 234//234
f 131//131 236//236 141//141
f 138//138 246//246 196//196
f 139//139 198//198 190//190
f 140//140 192//192 186//186
f 142//142 188//188 149//149
f 137//137 231//231 251//251
f 136//136 250//250 256//256
f 135//135 255//255 243//243
f 156//156 260//260 266//266
f 155//155 263//263 163//163
f 160//160 261//261 269//269
f 158//158 267//267 215//215
f 164//164 207//207 276//276
f 165//165 277//277 171//171
f 169//169 273//273 177//177
f 174//174 281//281 289//289
f 179//179 290//290 182//182
f 176//176 272//272 293//293
f 175//175 292//292 285//285
f 193//193 299//299 204//204
f 194//194 245//245 300//300
f 203//203 296//296 306//306
f 202//202 305//305 313//313
f 200//200 310//310 320//320
f 199//199 319//319 208//208
f 206//206 317//317 275//275
f 216//216 268//268 321//321
f 217//217 322//322 332//332
f 211//211 331//331 227//227
f 212//212 229//229 218//218
f 221//221 341//341 350//350
f 222//222 351//351 239//239
f 226//226 330//330 355//355
f 225//225 352//352 359//359
f 223//223 358//358 342//342
f 233//233 237//237 349//349
f 232//232 347//347 252//252
f 244//244 369//369 298//298
f 242//242 254//254 376//376
f 241//241 373//373 366//366
f 247//247 346//346 380//380
f 248//248 381//381 374//374
f 249//249 375//375 253//253
f 259//259 385//385 265//265
f 264//264 384//384 390//390
f 262//262 389//389 271//271
f 270//270 387//387 324//324
f 274//274 316//316 295//295
f 282//282 391//391 396//396
f 280//280 395//395 403//403
f 278//278 402//402 408//408
f 279//279 409//409 287//287
f 284//284 291//291 414//414
f 283//283 413//413 393//393
f 288//288 410//410 422//422
f 294//294 315//315 420//420
f 297//297 368//368 307//307
f 304//304 367//367 433//433
f 303//303 432//432 438//438
f 301//301 437//437 445//445
f 302//302 446//446 312//312
f 311//311 440//440 453//453
f 309//309 451//451 458//458
f 308//308 457//457 318//318
f 314//314 456//456 419//419
f 323//323 460//460 334//334
f 325//325 388//388 462//462
f 337//337 464//464 470//470
f 333//333 467//467 477//477
f 328//328 472//472 484//484
f 327//327 483//483 490//490
f 326//326 489//489 494//494
f 329//329 495//495 354//354
f 335//335 461//461 497//497
f 336//336 498//498 500//500
f 338//338 501//501 465//465
f 340//340 357//357 510//510
f 339//339 509//509 348//348
f 345//345 504//504 514//514
f 343//343 512//512 520//520
f 344//344 522//522 379//379
f 353//353 492//492 361//361
f 360//360 491//491 527//527
f 356//356 526//526 508//508
f 365//365 372//372 534//534
f 364//364 531//531 538//538
f 363//363 536//536 543//543
f 362//362 541//541 431//431
f 371//371 378//378 548//548
f 370//370 547//547 533//533
f 377//377 521//521 546//546
f 394//394 415//415 550//550
f 392//392 549//549 397//397
f 400//400 551//551 557//557
f 399//399 556//556 563//563
f 398//398 561//561 405//405
f 401//401 567//567 407//407
f 406//406 562//562 572//572
f 404//404 571//571 569//569
f 411//411 576//576 423//423
f 412//412 568//568 766//766
f 412//412 766//766 978//978
f 412//412 978//978 1023//1023
f 412//412 1023//1023 1042//1042
f 412//412 1042//1042 1038//1038
f 412//412 1038//1038 1030//1030
f 412//412 1030//1030 1210//1210
f 412//412 1210//1210 1394//1394
f 412//412 1394//1394 1390//1390
f 412//412 1390//1390 1578//1578
f 412//412 1578//1578 1590//1590
f 412//412 1590//1590 1586//1586
f 412//412 1586//1586 1767//1767
f 412//412 1767//1767 1884//1884
f 412//412 1884//1884 1880//1880
f 412//412 1880//1880 1877//1877
f 412//412 1877//1877 1874//1874
f 412//412 1874//1874 1870//1870
f 412//412 1870//1870 1866//1866
f 412//412 1866//1866 1863//1863
f 412//412 1863//1863 1860//1860
f 412//412 1860//1860 1827//1827
f 412//412 1827//1827 1695//1695
f 412//412 1695//1695 1510//1510
f 412//412 1510//1510 1327//1327
f 412//412 1327//1327 1153//1153
f 412//412 1153//1153 986//986
f 412//412 986//986 777//777
f 412//412 777//777 581//581
f 418//418 454//454 584//584
f 417//417 582//582 587//587
f 416//416 586//586 552//552
f 424//424 577//577 592//592
f 426//426 610//610 614//614
f 429//429 616//616 434//434
f 430//430 540//540 622//622
f 428//428 618//618 630//630
f 427//427 629//629 635//635
f 425//425 634//634 608//608
f 435//435 617//617 637//637
f 436//436 638//638 444//444
f 443//443 636//636 615//615
f 442//442 612//612 647//647
f 441//441 643//643 652//652
f 439//439 651//651 452//452
f 449//449 648//648 656//656
f 448//448 655//655 590//590
f 447//447 589//589 583//583
f 450//450 585//585 455//455
f 466//466 660//660 471//471
f 469//469 659//659 664//664
f 468//468 663//663 479//479
f 478//478 662//662 667//667
f 476//476 666//666 672//672
f 475//475 671//671 677//677
f 474//474 673//673 682//682
f 473//473 681//681 485//485
f 480//480 680//680 689//689
f 481//481 690//690 695//695
f 482//482 697//697 487//487
f 486//486 696//696 528//528
f 488//488 529//529 493//493
f 507//507 525//525 702//702
f 506//506 698//698 708//708
f 505//505 707//707 713//713
f 502//502 712//712 720//720
f 503//503 721//721 513//513
f 511//511 719//719 519//519
f 516//516 717//717 725//725
f 515//515 724//724 730//730
f 517//517 732//732 734//734
f 518//518 735//735 544//544
f 524//524 693//693 741//741
f 523//523 740//740 701//701
f 532//532 545//545 737//737
f 530//530 736//736 747//747
f 530//530 747//747 537//537
f 535//535 745//745 542//542
f 539//539 744//744 621//621
f 555//555 588//588 654//654
f 554//554 653//653 749//749
f 553//553 748//748 558//558
f 560//560 750//750 755//755
f 559//559 754//754 565//565
f 566//566 756//756 763//763
f 564//564 761//761 574//574
f 570//570 573//573 767//767
f 575//575 762//762 768//768
f 580//580 774//774 781//781
f 579//579 780//780 785//785
f 578//578 783//783 593//593
f 594//594 784//784 779//779
f 602//602 786//786 791//791
f 601//601 790//790 799//799
f 599//599 797//797 805//805
f 596//596 803//803 809//809
f 595//595 808//808 822//822
f 597//597 823//823 830//830
f 598//598 831//831 833//833
f 600//600 835//835 837//837
f 603//603 839//839 841//841
f 609//609 843//843 613//613
f 607//607 633//633 628//628
f 606//606 627//627 846//846
f 605//605 844//844 851//851
f 604//604 849//849 788//788
f 611//611 842//842 646//646
f 620//620 743//743 858//858
f 619//619 853//853 631//631
f 626//626 852//852 845//845
f 632//632 854//854 866//866
f 624//624 863//863 870//870
f 623//623 869//869 876//876
f 625//625 877//877 850//850
f 645//645 840//840 838//838
f 644//644 836//836 834//834
f 642//642 832//832 829//829
f 641//641 828//828 760//760
f 640//640 757//757 753//753
f 639//639 752//752 650//650
f 649//649 751//751 657//657
f 670//670 880//880 885//885
f 669//669 883//883 676//676
f 675//675 881//881 894//894
f 674//674 893//893 683//683
f 679//679 889//889 899//899
f 678//678 897//897 688//688
f 687//687 896//896 907//907
f 686//686 905//905 913//913
f 684//684 912//912 917//917
f 685//685 918//918 694//694
f 692//692 928//928 739//739
f 691//691 916//916 927//927
f 700//700 738//738 926//926
f 699//699 925//925 709//709
f 705//705 923//923 932//932
f 703//703 931//931 938//938
f 704//704 939//939 942//942
f 706//706 943//943 710//710
f 711//711 944//944 718//718
f 716//716 941//941 949//949
f 714//714 947//947 954//954
f 715//715 956//956 723//723
f 722//722 955//955 729//729
f 728//728 857//857 742//742
f 731//731 746//746 733//733
f 727//727 950//950 960//960
f 726//726 959//959 856//856
f 759//759 825//825 968//968
f 758//758 965//965 765//765
f 764//764 962//962 770//770
f 773//773 963//963 970//970
f 772//772 969//969 973//973
f 771//771 972//972 818//818
f 769//769 811//811 980//980
f 776//776 985//985 990//990
f 775//775 988//988 782//782
f 787//787 848//848 795//795
f 794//794 847//847 873//873
f 793//793 872//872 995//995
f 792//792 992//992 1001//1001
f 789//789 999//999 798//798
f 796//796 998//998 1005//1005
f 796//796 1005//1005 804//804
f 802//802 1002//1002 1017//1017
f 801//801 1016//1016 1022//1022
f 800//800 1021//1021 807//807
f 806//806 1020//1020 821//821
f 810//810 1024//1024 979//979
f 819//819 977//977 827//827
f 820//820 1019//1019 1013//1013
f 817//817 1010//1010 1029//1029
f 816//816 1026//1026 1033//1033
f 815//815 1032//1032 1037//1037
f 814//814 1035//1035 1040//1040
f 813//813 1039//1039 1044//1044
f 812//812 1043//1043 1025//1025
f 826//826 976//976 1047//1047
f 824//824 1046//1046 967//967
f 855//855 958//958 867//867
f 859//859 1052//1052 874//874
f 860//860 875//875 868//868
f 865//865 957//957 1057//1057
f 864//864 1056//1056 1064//1064
f 862//862 1061//1061 1073//1073
f 861//861 1072//1072 1053//1053
f 871//871 1051//1051 994//994
f 879//879 1078//1078 884//884
f 882//882 1077//1077 895//895
f 892//892 1076//1076 1081//1081
f 891//891 1080//1080 1086//1086
f 890//890 1085//1085 1090//1090
f 887//887 1088//1088 1095//1095
f 886//886 1093//1093 906//906
f 888//888 908//908 898//898
f 900//900 1097//1097 1104//1104
f 902//902 1107//1107 1109//1109
f 903//903 1111//1111 909//909
f 904//904 1091//1091 1117//1117
f 901//901 1115//1115 1099//1099
f 910//910 1112//1112 1122//1122
f 911//911 1123//1123 914//914
f 915//915 1124//1124 924//924
f 922//922 1131//1131 930//930
f 921//921 1120//1120 1135//1135
f 920//920 1134//1134 1141//1141
f 919//919 1140//1140 1129//1129
f 929//929 1130//1130 937//937
f 934//934 1128//1128 1145//1145
f 933//933 1144//1144 1149//1149
f 935//935 1150//1150 945//945
f 936//936 948//948 940//940
f 946//946 1151//1151 953//953
f 952//952 1146//1146 1059//1059
f 951//951 1058//1058 961//961
f 966//966 1045//1045 975//975
f 964//964 974//974 971//971
f 981//981 1152//1152 1333//1333
f 982//982 1334//1334 1506//1506
f 981//981 1505//1505 1692//1692
f 981//981 1692//1692 1689//1689
f 981//981 1689//1689 1849//1849
f 981//981 1849//1849 1846//1846
f 981//981 1846//1846 1812//1812
f 981//981 1812//1812 1809//1809
f 981//981 1809//1809 1805//1805
f 981//981 1805//1805 1824//1824
f 981//981 1824//1824 1662//1662
f 981//981 1662//1662 1659//1659
f 981//981 1659//1659 1627//1627
f 981//981 1627//1627 1624//1624
f 981//981 1624//1624 1518//1518
f 981//981 1518//1518 1338//1338
f 981//981 1338//1338 1157//1157
f 983//983 1158//1158 1161//1161
f 984//984 1162//1162 989//989
f 993//993 1050//1050 1169//1169
f 991//991 1167//1167 1000//1000
f 996//996 1165//1165 1173//1173
f 997//997 1174//1174 1004//1004
f 1003//1003 1171//1171 1018//1018
f 1015//1015 1170//1170 1176//1176
f 1014//1014 1175//1175 1181//1181
f 1012//1012 1180//1180 1188//1188
f 1011//1011 1187//1187 1199//1199
f 1009//1009 1194//1194 1203//1203
f 1007//1007 1201//1201 1209//1209
f 1006//1006 1208//1208 1212//1212
f 1008//1008 1214//1214 1028//1028
f 1027//1027 1213//1213 1034//1034
f 1031//1031 1041//1041 1036//1036
f 1049//1049 1218//1218 1168//1168
f 1048//1048 1068//1068 1217//1217
f 1054//1054 1224//1224 1237//1237
f 1055//1055 1238//1238 1063//1063
f 1060//1060 1147//1147 1228//1228
f 1062//1062 1234//1234 1074//1074
f 1066//1066 1246//1246 1216//1216
f 1071//1071 1233//1233 1249//1249
f 1070//1070 1247//1247 1253//1253
f 1069//1069 1252//1252 1262//1262
f 1067//1067 1258//1258 1267//1267
f 1065//1065 1265//1265 1244//1244
f 1084//1084 1271//1271 1280//1280
f 1083//1083 1279//1279 1089//1089
f 1087//1087 1277//1277 1094//1094
f 1092//1092 1275//1275 1118//1118
f 1098//1098 1114//1114 1287//1287
f 1096//1096 1286//1286 1103//1103
f 1102//1102 1296//1296 1298//1298
f 1105//1105 1300//1300 1302//1302
f 1106//1106 1304//1304 1108//1108
f 1101//1101 1284//1284 1310//1310
f 1100//1100 1309//1309 1294//1294
f 1110//1110 1306//1306 1121//1121
f 1116//1116 1273//1273 1317//1317
f 1113//1113 1314//1314 1285//1285
f 1119//1119 1305//1305 1133//1133
f 1126//1126 1231//1231 1143//1143
f 1127//1127 1138//1138 1321//1321
f 1125//1125 1319//1319 1230//1230
f 1132//1132 1303//1303 1301//1301
f 1132//1132 1301//1301 1139//1139
f 1137//1137 1299//1299 1326//1326
f 1136//1136 1325//1325 1320//1320
f 1142//1142 1229//1229 1148//1148
f 1154//1154 1328//1328 1335//1335
f 1166//1166 1215//1215 1245//1245
f 1164//1164 1240//1240 1179//1179
f 1163//1163 1177//1177 1172//1172
f 1178//1178 1239//1239 1182//1182
f 1183//1183 1241//1241 1190//1190
f 1191//1191 1242//1242 1341//1341
f 1192//1192 1342//1342 1349//1349
f 1189//1189 1346//1346 1360//1360
f 1185//1185 1353//1353 1366//1366
f 1184//1184 1365//1365 1370//1370
f 1186//1186 1371//1371 1198//1198
f 1193//1193 1376//1376 1202//1202
f 1197//1197 1369//1369 1381//1381
f 1196//1196 1378//1378 1388//1388
f 1195//1195 1387//1387 1377//1377
f 1200//1200 1375//1375 1207//1207
f 1206//1206 1374//1374 1393//1393
f 1204//1204 1392//1392 1395//1395
f 1205//1205 1396//1396 1211//1211
f 1220//1220 1404//1404 1406//1406
f 1221//1221 1408//1408 1236//1236
f 1227//1227 1318//1318 1323//1323
f 1226//1226 1322//1322 1292//1292
f 1225//1225 1291//1291 1413//1413
f 1223//1223 1409//1409 1418//1418
f 1222//1222 1417//1417 1424//1424
f 1219//1219 1423//1423 1402//1402
f 1235//1235 1407//1407 1256//1256
f 1232//1232 1254//1254 1248//1248
f 1243//1243 1264//1264 1345//1345
f 1255//1255 1405//1405 1403//1403
f 1251//1251 1399//1399 1428//1428
f 1250//1250 1427//1427 1261//1261
f 1260//1260 1426//1426 1434//1434
f 1259//1259 1430//1430 1440//1440
f 1257//1257 1438//1438 1266//1266
f 1263//1263 1437//1437 1344//1344
f 1270//1270 1444//1444 1448//1448
f 1269//1269 1447//1447 1278//1278
f 1276//1276 1445//1445 1455//1455
f 1274//1274 1453//1453 1461//1461
f 1272//1272 1459//1459 1316//1316
f 1283//1283 1469//1469 1308//1308
f 1282//1282 1313//1313 1475//1475
f 1281//1281 1474//1474 1467//1467
f 1289//1289 1479//1479 1412//1412
f 1295//1295 1324//1324 1297//1297
f 1293//1293 1307//1307 1468//1468
f 1290//1290 1463//1463 1484//1484
f 1288//1288 1482//1482 1478//1478
f 1315//1315 1458//1458 1491//1491
f 1312//1312 1490//1490 1496//1496
f 1311//1311 1495//1495 1473//1473
f 1331//1331 1497//1497 1508//1508
f 1329//1329 1507//1507 1336//1336
f 1330//1330 1511//1511 1513//1513
f 1332//1332 1514//1514 1498//1498
f 1339//1339 1520//1520 1454//1454
f 1340//1340 1457//1457 1443//1443
f 1343//1343 1436//1436 1351//1351
f 1350//1350 1435//1435 1523//1523
f 1348//1348 1521//1521 1530//1530
f 1347//1347 1529//1529 1361//1361
f 1359//1359 1528//1528 1534//1534
f 1358//1358 1533//1533 1542//1542
f 1357//1357 1539//1539 1552//1552
f 1356//1356 1551//1551 1555//1555
f 1355//1355 1553//1553 1562//1562
f 1354//1354 1560//1560 1569//1569
f 1352//1352 1568//1568 1364//1364
f 1362//1362 1567//1567 1574//1574
f 1363//1363 1576//1576 1367//1367
f 1368//1368 1577//1577 1380//1380
f 1372//1372 1580//1580 1391//1391
f 1373//1373 1385//1385 1581//1581
f 1379//1379 1575//1575 1389//1389
f 1386//1386 1571//1571 1585//1585
f 1384//1384 1583//1583 1589//1589
f 1382//1382 1588//1588 1591//1591
f 1383//1383 1592//1592 1579//1579
f 1398//1398 1433//1433 1425//1425
f 1401//1401 1422//1422 1596//1596
f 1400//1400 1594//1594 1601//1601
f 1397//1397 1599//1599 1432//1432
f 1411//1411 1476//1476 1609//1609
f 1410//1410 1607//1607 1419//1419
f 1414//1414 1613//1613 1620//1620
f 1416//1416 1623//1623 1421//1421
f 1415//1415 1605//1605 1614//1614
f 1420//1420 1622//1622 1595//1595
f 1431//1431 1598//1598 1527//1527
f 1429//1429 1525//1525 1439//1439
f 1442//1442 1456//1456 1446//1446
f 1452//1452 1492//1492 1460//1460
f 1451//1451 1519//1519 1626//1626
f 1449//1449 1625//1625 1629//1629
f 1450//1450 1630//1630 1488//1488
f 1466//1466 1470//1470 1633//1633
f 1465//1465 1631//1631 1642//1642
f 1464//1464 1641//1641 1650//1650
f 1462//1462 1649//1649 1483//1483
f 1472//1472 1493//1493 1657//1657
f 1471//1471 1656//1656 1634//1634
f 1477//1477 1481//1481 1610//1610
f 1480//1480 1648//1648 1608//1608
f 1489//1489 1658//1658 1494//1494
f 1487//1487 1628//1628 1661//1661
f 1485//1485 1660//1660 1664//1664
f 1486//1486 1665//1665 1654//1654
f 1500//1500 1517//1517 1669//1669
f 1503//1503 1672//1672 1676//1676
f 1504//1504 1677//1677 1682//1682
f 1502//1502 1681//1681 1691//1691
f 1501//1501 1690//1690 1694//1694
f 1499//1499 1693//1693 1509//1509
f 1512//1512 1696//1696 1515//1515
f 1516//1516 1697//1697 1666//1666
f 1526//1526 1597//1597 1618//1618
f 1524//1524 1617//1617 1704//1704
f 1522//1522 1700//1700 1532//1532
f 1531//1531 1699//1699 1535//1535
f 1537//1537 1701//1701 1706//1706
f 1536//1536 1705//1705 1545//1545
f 1546//1546 1707//1707 1712//1712
f 1544//1544 1711//1711 1719//1719
f 1543//1543 1718//1718 1729//1729
f 1541//1541 1725//1725 1674//1674
f 1540//1540 1673//1673 1733//1733
f 1538//1538 1732//1732 1550//1550
f 1548//1548 1739//1739 1561//1561
f 1549//1549 1563//1563 1554//1554
f 1547//1547 1731//1731 1738//1738
f 1558//1558 1734//1734 1746//1746
f 1557//1557 1745//1745 1752//1752
f 1556//1556 1751//1751 1756//1756
f 1559//1559 1760//1760 1565//1565
f 1566//1566 1766//1766 1573//1573
f 1564//1564 1759//1759 1765//1765
f 1572//1572 1764//1764 1771//1771
f 1570//1570 1769//1769 1584//1584
f 1582//1582 1768//1768 1587//1587
f 1593//1593 1621//1621 1600//1600
f 1604//1604 1779//1779 1612//1612
f 1606//1606 1647//1647 1783//1783
f 1603//1603 1781//1781 1789//1789
f 1602//1602 1787//1787 1777//1777
f 1611//1611 1778//1778 1619//1619
f 1616//1616 1774//1774 1793//1793
f 1615//1615 1792//1792 1703//1703
f 1632//1632 1655//1655 1643//1643
f 1637//1637 1800//1800 1802//1802
f 1638//1638 1804//1804 1645//1645
f 1640//1640 1652//1652 1808//1808
f 1639//1639 1806//1806 1811//1811
f 1635//1635 1810//1810 1814//1814
f 1636//1636 1816//1816 1796//1796
f 1644//1644 1803//1803 1822//1822
f 1646//1646 1823//1823 1782//1782
f 1653//1653 1663//1663 1826//1826
f 1651//1651 1825//1825 1807//1807
f 1667//1667 1698//1698 1830//1830
f 1668//1668 1831//1831 1833//1833
f 1670//1670 1835//1835 1736//1736
f 1671//1671 1737//1737 1730//1730
f 1675//1675 1726//1726 1678//1678
f 1680//1680 1727//1727 1837//1837
f 1679//1679 1836//1836 1684//1684
f 1686//1686 1839//1839 1841//1841
f 1688//1688 1843//1843 1795//1795
f 1687//1687 1794//1794 1815//1815
f 1685//1685 1813//1813 1848//1848
f 1683//1683 1847//1847 1851//1851
f 1681//1681 1850//1850 1691//1691
f 1702//1702 1791//1791 1710//1710
f 1709//1709 1790//1790 1773//1773
f 1708//1708 1772//1772 1713//1713
f 1715//1715 1775//1775 1853//1853
f 1714//1714 1852//1852 1722//1722
f 1723//1723 1854//1854 1784//1784
f 1724//1724 1785//1785 1819//1819
f 1721//1721 1817//1817 1858//1858
f 1720//1720 1857//1857 1845//1845
f 1717//1717 1842//1842 1840//1840
f 1716//1716 1838//1838 1728//1728
f 1735//1735 1834//1834 1747//1747
f 1744//1744 1832//1832 1829//1829
f 1742//1742 1828//1828 1862//1862
f 1740//1740 1861//1861 1864//1864
f 1741//1741 1865//1865 1867//1867
f 1743//1743 1868//1868 1748//1748
f 1749//1749 1869//1869 1871//1871
f 1750//1750 1873//1873 1754//1754
f 1753//1753 1872//1872 1875//1875
f 1755//1755 1876//1876 1878//1878
f 1757//1757 1879//1879 1882//1882
f 1758//1758 1883//1883 1762//1762
f 1761//1761 1881//1881 1885//1885
f 1763//1763 1886//1886 1770//1770
f 1776//1776 1786//1786 1855//1855
f 1780//1780 1821//1821 1788//1788
f 1797//1797 1844//1844 1856//1856
f 1798//1798 1859//1859 1818//1818
f 1799//1799 1820//1820 1801//1801

