# https://github.com/mikedh/trimesh
v 0.00023881 -1.02987379 0.24789864
v 0.00023881 -1.02987379 0.24789864
v 0.00023881 -1.02987379 0.24789864
v 0.00023881 -1.02987379 0.24789864
v 0.45066279 -0.92814267 0.24797621
v 0.45066279 -0.92814267 0.24797621
v 0.45066279 -0.92814267 0.24797621
v 0.45066279 -0.92814267 0.24797621
v 0.45066279 -0.92814267 0.24797621
v 0.45066279 -0.92814267 0.24797621
v 0.42495829 -0.94003010 0.24789864
v 0.42495829 -0.94003010 0.24789864
v 0.42495829 -0.94003010 0.24789864
v 0.00023881 -1.15704829 0.24789864
v 0.00023881 -1.15704829 0.24789864
v 0.00023881 -1.15704829 0.24789864
v 0.00023881 -1.15704829 0.24789864
v 0.00023881 -1.23742372 0.98796684
v 0.00023881 -1.23742372 0.98796684
v 0.00023881 -1.23742372 0.98796684
v 0.45066279 -0.99371105 0.24789864
v 0.45066279 -0.99371105 0.24789864
v 0.45066279 -0.99371105 0.24789864
v 0.00023881 -1.24426430 1.01123208
v 0.00023881 -1.24426430 1.01123208
v 0.00023881 -1.24426430 1.01123208
v 0.00023881 -1.24426430 1.01123208
v 0.00023881 -1.24426430 1.01123208
v 0.00023881 -1.24426430 1.01123208
v 0.00023881 -1.24426430 1.01123208
v 0.45066279 -1.15613061 1.00254640
v 0.45066279 -1.15613061 1.00254640
v 0.45066279 -1.15613061 1.00254640
v 0.45066279 -1.15613061 1.00254640
v 0.02223976 -1.15700656 0.24789864
v 0.02223976 -1.15700656 0.24789864
v 0.02223976 -1.15700656 0.24789864
v 0.02223976 -1.15813273 0.24991497
v 0.02223976 -1.15813273 0.24991497
v 0.02223976 -1.15813273 0.24991497
v 0.02223976 -1.15813273 0.24991497
v 0.02223976 -1.15813273 0.24991497
v 0.02223976 -1.15813273 0.24991497
v 0.02223976 -1.15813273 0.24991497
v 0.00023881 -1.15813273 0.24991497
v 0.00023881 -1.15813273 0.24991497
v 0.00023881 -1.15813273 0.24991497
v 0.45066279 -1.06720442 0.24789864
v 0.45066279 -1.06720442 0.24789864
v 0.45066279 -1.06720442 0.24789864
v 0.45066279 -1.06720442 0.24789864
v 0.00023881 -1.26712149 1.02837086
v 0.00023881 -1.26712149 1.02837086
v 0.00023881 -1.26712149 1.02837086
v 0.00023881 -1.26712149 1.02837086
v 0.00023881 -1.26712149 1.02837086
v 0.45066279 -1.17844552 1.02573413
v 0.45066279 -1.17844552 1.02573413
v 0.45066279 -1.17844552 1.02573413
v 0.45066279 -1.17844552 1.02573413
v 0.45066279 -1.16021818 1.00789738
v 0.45066279 -1.16021818 1.00789738
v 0.45066279 -1.16021818 1.00789738
v 0.45066279 -1.16021818 1.00789738
v 0.44832599 -1.15779907 1.00479540
v 0.44832599 -1.15779907 1.00479540
v 0.44832599 -1.15779907 1.00479540
v 0.06068629 -1.15596372 0.24789864
v 0.06068629 -1.15596372 0.24789864
v 0.06068629 -1.15596372 0.24789864
v 0.06068629 -1.15596372 0.24789864
v 0.06668253 -1.15754873 0.25107825
v 0.06668253 -1.15754873 0.25107825
v 0.06668253 -1.15754873 0.25107825
v 0.06668253 -1.15754873 0.25107825
v 0.06668253 -1.15754873 0.25107825
v 0.06668253 -1.15754873 0.25107825
v 0.06668253 -1.15754873 0.25107825
v 0.02223976 -1.16976982 0.27659246
v 0.02223976 -1.16976982 0.27659246
v 0.02223976 -1.16976982 0.27659246
v 0.02223976 -1.16976982 0.27659246
v 0.02223976 -1.16976982 0.27659246
v 0.00023881 -1.16981155 0.27659246
v 0.00023881 -1.16981155 0.27659246
v 0.00023881 -1.16981155 0.27659246
v 0.00023881 -1.16981155 0.27659246
v 0.44735605 -1.06862253 0.24789864
v 0.44735605 -1.06862253 0.24789864
v 0.44735605 -1.06862253 0.24789864
v 0.45066279 -1.06891459 0.25092313
v 0.45066279 -1.06891459 0.25092313
v 0.45066279 -1.06891459 0.25092313
v 0.45066279 -1.06891459 0.25092313
v 0.44942823 -1.06916481 0.25038028
v 0.44942823 -1.06916481 0.25038028
v 0.44942823 -1.06916481 0.25038028
v 0.44942823 -1.06916481 0.25038028
v 0.44942823 -1.06916481 0.25038028
v 0.00023881 -1.31158453 1.03961575
v 0.00023881 -1.31158453 1.03961575
v 0.00023881 -1.31158453 1.03961575
v 0.00023881 -1.31158453 1.03961575
v 0.00023881 -1.31158453 1.03961575
v 0.42240104 -1.22265834 1.03946066
v 0.42240104 -1.22265834 1.03946066
v 0.42240104 -1.22265834 1.03946066
v 0.42240104 -1.22265834 1.03946066
v 0.42240104 -1.22265834 1.03946066
v 0.45066279 -1.19070834 1.03100759
v 0.45066279 -1.19070834 1.03100759
v 0.45066279 -1.19070834 1.03100759
v 0.45066279 -1.19070834 1.03100759
v 0.06668253 -1.15579695 0.24789864
v 0.06668253 -1.15579695 0.24789864
v 0.06668253 -1.15579695 0.24789864
v 0.09102023 -1.15446216 0.24789864
v 0.09102023 -1.15446216 0.24789864
v 0.09102023 -1.15446216 0.24789864
v 0.09102023 -1.15446216 0.24789864
v 0.09710466 -1.15675622 0.25270680
v 0.09710466 -1.15675622 0.25270680
v 0.09710466 -1.15675622 0.25270680
v 0.09710466 -1.15675622 0.25270680
v 0.09710466 -1.15675622 0.25270680
v 0.09710466 -1.15675622 0.25270680
v 0.06668253 -1.16860193 0.27659246
v 0.06668253 -1.16860193 0.27659246
v 0.06668253 -1.16860193 0.27659246
v 0.06668253 -1.16860193 0.27659246
v 0.06668253 -1.16860193 0.27659246
v 0.06668253 -1.16860193 0.27659246
v 0.02223976 -1.18670410 0.32102914
v 0.02223976 -1.18670410 0.32102914
v 0.02223976 -1.18670410 0.32102914
v 0.02223976 -1.18670410 0.32102914
v 0.00023881 -1.18674582 0.32102914
v 0.00023881 -1.18674582 0.32102914
v 0.00023881 -1.18674582 0.32102914
v 0.00023881 -1.18674582 0.32102914
v 0.44268250 -1.07058293 0.24789864
v 0.44268250 -1.07058293 0.24789864
v 0.44268250 -1.07058293 0.24789864
v 0.44268250 -1.07058293 0.24789864
v 0.45066279 -1.08142763 0.27899657
v 0.45066279 -1.08142763 0.27899657
v 0.45066279 -1.08142763 0.27899657
v 0.45066279 -1.08142763 0.27899657
v 0.41821250 -1.09627646 0.28078021
v 0.41821250 -1.09627646 0.28078021
v 0.41821250 -1.09627646 0.28078021
v 0.41821250 -1.09627646 0.28078021
v 0.41821250 -1.09627646 0.28078021
v 0.41821250 -1.09627646 0.28078021
v 0.41821250 -1.09627646 0.28078021
v 0.02223976 -1.31158453 1.03969324
v 0.02223976 -1.31158453 1.03969324
v 0.02223976 -1.31158453 1.03969324
v 0.02223976 -1.31158453 1.03969324
v 0.02223976 -1.31158453 1.03969324
v 0.28898457 -1.26712149 1.04015857
v 0.28898457 -1.26712149 1.04015857
v 0.28898457 -1.26712149 1.04015857
v 0.28898457 -1.26712149 1.04015857
v 0.28898457 -1.26712149 1.04015857
v 0.28898457 -1.26712149 1.04015857
v 0.28898457 -1.26712149 1.04015857
v 0.00023881 -1.34357625 1.02255458
v 0.00023881 -1.34357625 1.02255458
v 0.00023881 -1.34357625 1.02255458
v 0.00023881 -1.34357625 1.02255458
v 0.45066279 -1.22265834 1.03922802
v 0.45066279 -1.22265834 1.03922802
v 0.45066279 -1.22265834 1.03922802
v 0.45066279 -1.22265834 1.03922802
v 0.45066279 -1.22265834 1.03922802
v 0.10116094 -1.15371138 0.24789864
v 0.10116094 -1.15371138 0.24789864
v 0.10116094 -1.15371138 0.24789864
v 0.10116094 -1.15371138 0.24789864
v 0.12673318 -1.15533811 0.25588638
v 0.12673318 -1.15533811 0.25588638
v 0.12673318 -1.15533811 0.25588638
v 0.12673318 -1.15533811 0.25588638
v 0.12673318 -1.15533811 0.25588638
v 0.12673318 -1.15533811 0.25588638
v 0.12673318 -1.15533811 0.25588638
v 0.11161029 -1.16401380 0.27302514
v 0.11161029 -1.16401380 0.27302514
v 0.11161029 -1.16401380 0.27302514
v 0.11161029 -1.16401380 0.27302514
v 0.11161029 -1.16401380 0.27302514
v 0.11116940 -1.18236631 0.32102914
v 0.11116940 -1.18236631 0.32102914
v 0.11116940 -1.18236631 0.32102914
v 0.11116940 -1.18236631 0.32102914
v 0.11116940 -1.18236631 0.32102914
v 0.11116940 -1.18236631 0.32102914
v 0.11116940 -1.18236631 0.32102914
v 0.11116940 -1.18236631 0.32102914
v 0.06668253 -1.18553632 0.32102914
v 0.06668253 -1.18553632 0.32102914
v 0.06668253 -1.18553632 0.32102914
v 0.06668253 -1.18553632 0.32102914
v 0.06668253 -1.18553632 0.32102914
v 0.06668253 -1.18553632 0.32102914
v 0.02223976 -1.19729859 0.35398826
v 0.02223976 -1.19729859 0.35398826
v 0.02223976 -1.19729859 0.35398826
v 0.02223976 -1.19729859 0.35398826
v 0.02223976 -1.19729859 0.35398826
v 0.02223976 -1.19729859 0.35398826
v 0.02223976 -1.19729859 0.35398826
v 0.00023881 -1.19729859 0.35391071
v 0.00023881 -1.19729859 0.35391071
v 0.00023881 -1.19729859 0.35391071
v 0.00023881 -1.19729859 0.35391071
v 0.42165154 -1.07875818 0.24789864
v 0.42165154 -1.07875818 0.24789864
v 0.42165154 -1.07875818 0.24789864
v 0.42165154 -1.07875818 0.24789864
v 0.45066279 -1.09848708 0.32102914
v 0.45066279 -1.09848708 0.32102914
v 0.45066279 -1.09848708 0.32102914
v 0.45066279 -1.09848708 0.32102914
v 0.45066279 -1.09848708 0.32102914
v 0.40062058 -1.11170918 0.29838426
v 0.40062058 -1.11170918 0.29838426
v 0.40062058 -1.11170918 0.29838426
v 0.40062058 -1.11170918 0.29838426
v 0.40062058 -1.11170918 0.29838426
v 0.40062058 -1.11170918 0.29838426
v 0.40062058 -1.11170918 0.29838426
v 0.40062058 -1.11170918 0.29838426
v 0.40062058 -1.11170918 0.29838426
v 0.37795830 -1.10545272 0.26782924
v 0.37795830 -1.10545272 0.26782924
v 0.37795830 -1.10545272 0.26782924
v 0.37795830 -1.10545272 0.26782924
v 0.37795830 -1.10545272 0.26782924
v 0.37795830 -1.10545272 0.26782924
v 0.06668253 -1.31158453 1.03915042
v 0.06668253 -1.31158453 1.03915042
v 0.06668253 -1.31158453 1.03915042
v 0.06668253 -1.31158453 1.03915042
v 0.06668253 -1.31158453 1.03915042
v 0.02223976 -1.34361798 1.02255458
v 0.02223976 -1.34361798 1.02255458
v 0.02223976 -1.34361798 1.02255458
v 0.02223976 -1.34361798 1.02255458
v 0.02223976 -1.34361798 1.02255458
v 0.02223976 -1.34361798 1.02255458
v 0.11116940 -1.31158453 1.03783202
v 0.11116940 -1.31158453 1.03783202
v 0.11116940 -1.31158453 1.03783202
v 0.11116940 -1.31158453 1.03783202
v 0.11116940 -1.31158453 1.03783202
v 0.11116940 -1.31158453 1.03783202
v 0.33347142 -1.26712149 1.03767699
v 0.33347142 -1.26712149 1.03767699
v 0.33347142 -1.26712149 1.03767699
v 0.33347142 -1.26712149 1.03767699
v 0.33347142 -1.26712149 1.03767699
v 0.33347142 -1.26712149 1.03767699
v 0.33347142 -1.26712149 1.03767699
v 0.00023881 -1.34883171 1.00549331
v 0.00023881 -1.34883171 1.00549331
v 0.00023881 -1.34883171 1.00549331
v 0.00023881 -1.34883171 1.00549331
v 0.45066279 -1.23863345 1.03379941
v 0.45066279 -1.23863345 1.03379941
v 0.45066279 -1.23863345 1.03379941
v 0.45066279 -1.23863345 1.03379941
v 0.12082512 -1.15158421 0.24789864
v 0.12082512 -1.15158421 0.24789864
v 0.12082512 -1.15158421 0.24789864
v 0.15565625 -1.14653724 0.24789864
v 0.15565625 -1.14653724 0.24789864
v 0.15565625 -1.14653724 0.24789864
v 0.15565625 -1.14653724 0.24789864
v 0.15565625 -1.15329427 0.26069453
v 0.15565625 -1.15329427 0.26069453
v 0.15565625 -1.15329427 0.26069453
v 0.15565625 -1.15329427 0.26069453
v 0.15565625 -1.15329427 0.26069453
v 0.15565625 -1.16251224 0.28287408
v 0.15565625 -1.16251224 0.28287408
v 0.15565625 -1.16251224 0.28287408
v 0.15565625 -1.16251224 0.28287408
v 0.15565625 -1.16251224 0.28287408
v 0.15565625 -1.16251224 0.28287408
v 0.15565625 -1.16251224 0.28287408
v 0.15565625 -1.17673546 0.32102914
v 0.15565625 -1.17673546 0.32102914
v 0.15565625 -1.17673546 0.32102914
v 0.15565625 -1.17673546 0.32102914
v 0.15565625 -1.17673546 0.32102914
v 0.15565625 -1.17673546 0.32102914
v 0.15565625 -1.17673546 0.32102914
v 0.15362811 -1.19325262 0.36903314
v 0.15362811 -1.19325262 0.36903314
v 0.15362811 -1.19325262 0.36903314
v 0.15362811 -1.19325262 0.36903314
v 0.13744706 -1.20092732 0.38617189
v 0.13744706 -1.20092732 0.38617189
v 0.13744706 -1.20092732 0.38617189
v 0.13744706 -1.20092732 0.38617189
v 0.13744706 -1.20092732 0.38617189
v 0.13744706 -1.20092732 0.38617189
v 0.13744706 -1.20092732 0.38617189
v 0.13744706 -1.20092732 0.38617189
v 0.11116940 -1.19512969 0.36003724
v 0.11116940 -1.19512969 0.36003724
v 0.11116940 -1.19512969 0.36003724
v 0.11116940 -1.19512969 0.36003724
v 0.11116940 -1.19512969 0.36003724
v 0.06668253 -1.19667286 0.35577194
v 0.06668253 -1.19667286 0.35577194
v 0.06668253 -1.19667286 0.35577194
v 0.06668253 -1.19667286 0.35577194
v 0.06668253 -1.19667286 0.35577194
v 0.06668253 -1.19667286 0.35577194
v 0.06668253 -1.21323186 0.40998001
v 0.06668253 -1.21323186 0.40998001
v 0.06668253 -1.21323186 0.40998001
v 0.06668253 -1.21323186 0.40998001
v 0.06668253 -1.21323186 0.40998001
v 0.02223976 -1.21410769 0.40998001
v 0.02223976 -1.21410769 0.40998001
v 0.02223976 -1.21410769 0.40998001
v 0.02223976 -1.21410769 0.40998001
v 0.02223976 -1.21410769 0.40998001
v 0.02223976 -1.21410769 0.40998001
v 0.00023881 -1.21410769 0.40998001
v 0.00023881 -1.21410769 0.40998001
v 0.00023881 -1.21410769 0.40998001
v 0.00023881 -1.21410769 0.40998001
v 0.37985417 -1.09423262 0.24789864
v 0.37985417 -1.09423262 0.24789864
v 0.37985417 -1.09423262 0.24789864
v 0.37985417 -1.09423262 0.24789864
v 0.45066279 -1.10929006 0.35034339
v 0.45066279 -1.10929006 0.35034339
v 0.45066279 -1.10929006 0.35034339
v 0.45066279 -1.10929006 0.35034339
v 0.44307929 -1.11083335 0.34530257
v 0.44307929 -1.11083335 0.34530257
v 0.44307929 -1.11083335 0.34530257
v 0.44307929 -1.11083335 0.34530257
v 0.44307929 -1.11083335 0.34530257
v 0.43267405 -1.10637027 0.32102914
v 0.43267405 -1.10637027 0.32102914
v 0.43267405 -1.10637027 0.32102914
v 0.43267405 -1.10637027 0.32102914
v 0.37795830 -1.11529630 0.29008634
v 0.37795830 -1.11529630 0.29008634
v 0.37795830 -1.11529630 0.29008634
v 0.37795830 -1.11529630 0.29008634
v 0.37795830 -1.11529630 0.29008634
v 0.37795830 -1.11529630 0.29008634
v 0.41040859 -1.11604708 0.32102914
v 0.41040859 -1.11604708 0.32102914
v 0.41040859 -1.11604708 0.32102914
v 0.41040859 -1.11604708 0.32102914
v 0.41040859 -1.11604708 0.32102914
v 0.40256053 -1.15696472 0.42905754
v 0.40256053 -1.15696472 0.42905754
v 0.40256053 -1.15696472 0.42905754
v 0.40256053 -1.15696472 0.42905754
v 0.40256053 -1.15696472 0.42905754
v 0.40256053 -1.15696472 0.42905754
v 0.40256053 -1.15696472 0.42905754
v 0.40256053 -1.15696472 0.42905754
v 0.40256053 -1.15696472 0.42905754
v 0.40256053 -1.15696472 0.42905754
v 0.40256053 -1.15696472 0.42905754
v 0.40256053 -1.15696472 0.42905754
v 0.40256053 -1.15696472 0.42905754
v 0.40256053 -1.15696472 0.42905754
v 0.40256053 -1.15696472 0.42905754
v 0.40256053 -1.15696472 0.42905754
v 0.40256053 -1.15696472 0.42905754
v 0.37795830 -1.12730891 0.32102914
v 0.37795830 -1.12730891 0.32102914
v 0.37795830 -1.12730891 0.32102914
v 0.37795830 -1.12730891 0.32102914
v 0.37795830 -1.12730891 0.32102914
v 0.37795830 -1.12730891 0.32102914
v 0.34965250 -1.10999912 0.25790271
v 0.34965250 -1.10999912 0.25790271
v 0.34965250 -1.10999912 0.25790271
v 0.34965250 -1.10999912 0.25790271
v 0.34965250 -1.10999912 0.25790271
v 0.34965250 -1.10999912 0.25790271
v 0.34965250 -1.10999912 0.25790271
v 0.06668253 -1.34315914 1.02201170
v 0.06668253 -1.34315914 1.02201170
v 0.06668253 -1.34315914 1.02201170
v 0.06668253 -1.34315914 1.02201170
v 0.06668253 -1.34315914 1.02201170
v 0.06668253 -1.34315914 1.02201170
v 0.02223976 -1.35425407 0.98796684
v 0.02223976 -1.35425407 0.98796684
v 0.02223976 -1.35425407 0.98796684
v 0.02223976 -1.35425407 0.98796684
v 0.02223976 -1.35425407 0.98796684
v 0.02223976 -1.35425407 0.98796684
v 0.02223976 -1.35425407 0.98796684
v 0.02223976 -1.35425407 0.98796684
v 0.15565625 -1.31158453 1.03504026
v 0.15565625 -1.31158453 1.03504026
v 0.15565625 -1.31158453 1.03504026
v 0.15565625 -1.31158453 1.03504026
v 0.15565625 -1.31158453 1.03504026
v 0.15565625 -1.31158453 1.03504026
v 0.11116940 -1.34190792 1.02061576
v 0.11116940 -1.34190792 1.02061576
v 0.11116940 -1.34190792 1.02061576
v 0.11116940 -1.34190792 1.02061576
v 0.11116940 -1.34190792 1.02061576
v 0.11116940 -1.34190792 1.02061576
v 0.37795830 -1.26712149 1.03217089
v 0.37795830 -1.26712149 1.03217089
v 0.37795830 -1.26712149 1.03217089
v 0.37795830 -1.26712149 1.03217089
v 0.37795830 -1.26712149 1.03217089
v 0.37795830 -1.26712149 1.03217089
v 0.28898457 -1.30382639 1.02488112
v 0.28898457 -1.30382639 1.02488112
v 0.28898457 -1.30382639 1.02488112
v 0.28898457 -1.30382639 1.02488112
v 0.28898457 -1.30382639 1.02488112
v 0.28898457 -1.30382639 1.02488112
v 0.28898457 -1.30382639 1.02488112
v 0.00023881 -1.35421234 0.98796684
v 0.00023881 -1.35421234 0.98796684
v 0.00023881 -1.35421234 0.98796684
v 0.45066279 -1.26107341 1.02301979
v 0.45066279 -1.26107341 1.02301979
v 0.45066279 -1.26107341 1.02301979
v 0.45066279 -1.26107341 1.02301979
v 0.45066279 -1.26107341 1.02301979
v 0.45066279 -1.26107341 1.02301979
v 0.45066279 -1.26107341 1.02301979
v 0.20009902 -1.13790327 0.24789864
v 0.20009902 -1.13790327 0.24789864
v 0.20009902 -1.13790327 0.24789864
v 0.20009902 -1.13790327 0.24789864
v 0.20009902 -1.14924842 0.27038842
v 0.20009902 -1.14924842 0.27038842
v 0.20009902 -1.14924842 0.27038842
v 0.20009902 -1.14924842 0.27038842
v 0.20009902 -1.14924842 0.27038842
v 0.20009902 -1.14924842 0.27038842
v 0.20009902 -1.14924842 0.27038842
v 0.20009902 -1.14924842 0.27038842
v 0.20009902 -1.14924842 0.27038842
v 0.20009902 -1.14924842 0.27038842
v 0.20009902 -1.15846628 0.29264550
v 0.20009902 -1.15846628 0.29264550
v 0.20009902 -1.15846628 0.29264550
v 0.20009902 -1.15846628 0.29264550
v 0.20009902 -1.15846628 0.29264550
v 0.20009902 -1.16897732 0.32102914
v 0.20009902 -1.16897732 0.32102914
v 0.20009902 -1.16897732 0.32102914
v 0.20009902 -1.16897732 0.32102914
v 0.20009902 -1.16897732 0.32102914
v 0.20009902 -1.16897732 0.32102914
v 0.20009902 -1.18428499 0.36554337
v 0.20009902 -1.18428499 0.36554337
v 0.20009902 -1.18428499 0.36554337
v 0.20009902 -1.18428499 0.36554337
v 0.20009902 -1.18428499 0.36554337
v 0.20009902 -1.18428499 0.36554337
v 0.20009902 -1.18428499 0.36554337
v 0.16707559 -1.19909209 0.39229842
v 0.16707559 -1.19909209 0.39229842
v 0.16707559 -1.19909209 0.39229842
v 0.16707559 -1.19909209 0.39229842
v 0.16707559 -1.19909209 0.39229842
v 0.16707559 -1.19909209 0.39229842
v 0.16707559 -1.19909209 0.39229842
v 0.11116940 -1.20213693 0.38229436
v 0.11116940 -1.20213693 0.38229436
v 0.11116940 -1.20213693 0.38229436
v 0.11116940 -1.20213693 0.38229436
v 0.15362811 -1.20559889 0.40827390
v 0.15362811 -1.20559889 0.40827390
v 0.15362811 -1.20559889 0.40827390
v 0.15362811 -1.20559889 0.40827390
v 0.11116940 -1.22382623 0.45449423
v 0.11116940 -1.22382623 0.45449423
v 0.11116940 -1.22382623 0.45449423
v 0.11116940 -1.22382623 0.45449423
v 0.11116940 -1.22382623 0.45449423
v 0.11116940 -1.22382623 0.45449423
v 0.11116940 -1.22382623 0.45449423
v 0.11116940 -1.21068758 0.40998001
v 0.11116940 -1.21068758 0.40998001
v 0.11116940 -1.21068758 0.40998001
v 0.11116940 -1.21068758 0.40998001
v 0.11116940 -1.21068758 0.40998001
v 0.11116940 -1.21068758 0.40998001
v 0.06668253 -1.22649568 0.45449423
v 0.06668253 -1.22649568 0.45449423
v 0.06668253 -1.22649568 0.45449423
v 0.06668253 -1.22649568 0.45449423
v 0.06668253 -1.22649568 0.45449423
v 0.06668253 -1.22649568 0.45449423
v 0.06668253 -1.22649568 0.45449423
v 0.02223976 -1.22732991 0.45449423
v 0.02223976 -1.22732991 0.45449423
v 0.02223976 -1.22732991 0.45449423
v 0.02223976 -1.22732991 0.45449423
v 0.02223976 -1.22732991 0.45449423
v 0.02223976 -1.22732991 0.45449423
v 0.02223976 -1.22732991 0.45449423
v 0.02223976 -1.22732991 0.45449423
v 0.02223976 -1.22732991 0.45449423
v 0.02223976 -1.22732991 0.45449423
v 0.00023881 -1.22078139 0.43246977
v 0.00023881 -1.22078139 0.43246977
v 0.00023881 -1.22078139 0.43246977
v 0.34325939 -1.10620350 0.24789864
v 0.34325939 -1.10620350 0.24789864
v 0.34325939 -1.10620350 0.24789864
v 0.42588419 -1.12430578 0.36228622
v 0.42588419 -1.12430578 0.36228622
v 0.42588419 -1.12430578 0.36228622
v 0.42588419 -1.12430578 0.36228622
v 0.42588419 -1.12430578 0.36228622
v 0.42588419 -1.12430578 0.36228622
v 0.45066279 -1.11725670 0.37306578
v 0.45066279 -1.11725670 0.37306578
v 0.45066279 -1.11725670 0.37306578
v 0.45066279 -1.11725670 0.37306578
v 0.33347142 -1.13973850 0.32102914
v 0.33347142 -1.13973850 0.32102914
v 0.33347142 -1.13973850 0.32102914
v 0.33347142 -1.13973850 0.32102914
v 0.33347142 -1.13973850 0.32102914
v 0.33347142 -1.13973850 0.32102914
v 0.33347142 -1.13973850 0.32102914
v 0.33347142 -1.13973850 0.32102914
v 0.33426505 -1.12092716 0.27426593
v 0.33426505 -1.12092716 0.27426593
v 0.33426505 -1.12092716 0.27426593
v 0.33426505 -1.12092716 0.27426593
v 0.33426505 -1.12092716 0.27426593
v 0.41940293 -1.14415985 0.41253918
v 0.41940293 -1.14415985 0.41253918
v 0.41940293 -1.14415985 0.41253918
v 0.41940293 -1.14415985 0.41253918
v 0.45066279 -1.12981147 0.41036776
v 0.45066279 -1.12981147 0.41036776
v 0.45066279 -1.12981147 0.41036776
v 0.45066279 -1.12981147 0.41036776
v 0.45066279 -1.13919622 0.44014732
v 0.45066279 -1.13919622 0.44014732
v 0.45066279 -1.13919622 0.44014732
v 0.45066279 -1.14365929 0.45449423
v 0.45066279 -1.14365929 0.45449423
v 0.45066279 -1.14365929 0.45449423
v 0.45066279 -1.14365929 0.45449423
v 0.43359995 -1.15112537 0.45449423
v 0.43359995 -1.15112537 0.45449423
v 0.43359995 -1.15112537 0.45449423
v 0.43359995 -1.15112537 0.45449423
v 0.43359995 -1.15112537 0.45449423
v 0.44237387 -1.15496272 0.48016357
v 0.44237387 -1.15496272 0.48016357
v 0.44237387 -1.15496272 0.48016357
v 0.44237387 -1.15496272 0.48016357
v 0.44237387 -1.15496272 0.48016357
v 0.41137853 -1.16063529 0.45449423
v 0.41137853 -1.16063529 0.45449423
v 0.41137853 -1.16063529 0.45449423
v 0.41137853 -1.16063529 0.45449423
v 0.41137853 -1.16063529 0.45449423
v 0.41137853 -1.16063529 0.45449423
v 0.40555868 -1.20242888 0.60215113
v 0.40555868 -1.20242888 0.60215113
v 0.40555868 -1.20242888 0.60215113
v 0.40555868 -1.20242888 0.60215113
v 0.40555868 -1.20242888 0.60215113
v 0.40555868 -1.20242888 0.60215113
v 0.40555868 -1.20242888 0.60215113
v 0.40555868 -1.20242888 0.60215113
v 0.39352211 -1.19867498 0.57244914
v 0.39352211 -1.19867498 0.57244914
v 0.39352211 -1.19867498 0.57244914
v 0.39352211 -1.19867498 0.57244914
v 0.39352211 -1.19867498 0.57244914
v 0.39352211 -1.19867498 0.57244914
v 0.39352211 -1.19867498 0.57244914
v 0.39352211 -1.19867498 0.57244914
v 0.37795830 -1.18336731 0.49893089
v 0.37795830 -1.18336731 0.49893089
v 0.37795830 -1.18336731 0.49893089
v 0.37795830 -1.18336731 0.49893089
v 0.37795830 -1.18336731 0.49893089
v 0.37795830 -1.18336731 0.49893089
v 0.37795830 -1.17097944 0.45449423
v 0.37795830 -1.17097944 0.45449423
v 0.37795830 -1.17097944 0.45449423
v 0.37795830 -1.17097944 0.45449423
v 0.37795830 -1.17097944 0.45449423
v 0.37795830 -1.17097944 0.45449423
v 0.37399018 -1.15955085 0.41253918
v 0.37399018 -1.15955085 0.41253918
v 0.37399018 -1.15955085 0.41253918
v 0.37399018 -1.15955085 0.41253918
v 0.37399018 -1.15955085 0.41253918
v 0.38615906 -1.15208465 0.39943308
v 0.38615906 -1.15208465 0.39943308
v 0.38615906 -1.15208465 0.39943308
v 0.38615906 -1.15208465 0.39943308
v 0.38615906 -1.15208465 0.39943308
v 0.37399018 -1.14549452 0.36957601
v 0.37399018 -1.14549452 0.36957601
v 0.37399018 -1.14549452 0.36957601
v 0.37399018 -1.14549452 0.36957601
v 0.37399018 -1.14549452 0.36957601
v 0.31997988 -1.11379474 0.24991497
v 0.31997988 -1.11379474 0.24991497
v 0.31997988 -1.11379474 0.24991497
v 0.31997988 -1.11379474 0.24991497
v 0.31997988 -1.11379474 0.24991497
v 0.31997988 -1.11379474 0.24991497
v 0.31997988 -1.11379474 0.24991497
v 0.32178757 -1.11220974 0.24789864
v 0.32178757 -1.11220974 0.24789864
v 0.32178757 -1.11220974 0.24789864
v 0.32178757 -1.11220974 0.24789864
v 0.06668253 -1.35333639 0.98796684
v 0.06668253 -1.35333639 0.98796684
v 0.06668253 -1.35333639 0.98796684
v 0.06668253 -1.35333639 0.98796684
v 0.06668253 -1.35333639 0.98796684
v 0.06668253 -1.35333639 0.98796684
v 0.00023881 -1.26620382 0.61037154
v 0.00023881 -1.26620382 0.61037154
v 0.00023881 -1.26620382 0.61037154
v 0.00023881 -1.26620382 0.61037154
v 0.02223976 -1.27133411 0.63231844
v 0.02223976 -1.27133411 0.63231844
v 0.02223976 -1.27133411 0.63231844
v 0.02223976 -1.27133411 0.63231844
v 0.02223976 -1.27133411 0.63231844
v 0.06668253 -1.34403509 0.94453833
v 0.06668253 -1.34403509 0.94453833
v 0.06668253 -1.34403509 0.94453833
v 0.06668253 -1.34403509 0.94453833
v 0.06668253 -1.34403509 0.94453833
v 0.06668253 -1.34403509 0.94453833
v 0.20009902 -1.31158453 1.03038722
v 0.20009902 -1.31158453 1.03038722
v 0.20009902 -1.31158453 1.03038722
v 0.15565625 -1.33944684 1.01782396
v 0.15565625 -1.33944684 1.01782396
v 0.15565625 -1.33944684 1.01782396
v 0.15565625 -1.33944684 1.01782396
v 0.15565625 -1.33944684 1.01782396
v 0.15565625 -1.33944684 1.01782396
v 0.11116940 -1.35087544 0.98796684
v 0.11116940 -1.35087544 0.98796684
v 0.11116940 -1.35087544 0.98796684
v 0.11116940 -1.35087544 0.98796684
v 0.11116940 -1.35087544 0.98796684
v 0.11116940 -1.35087544 0.98796684
v 0.11116940 -1.35087544 0.98796684
v 0.11116940 -1.35087544 0.98796684
v 0.11116940 -1.35087544 0.98796684
v 0.33347142 -1.29873782 1.02139127
v 0.33347142 -1.29873782 1.02139127
v 0.33347142 -1.29873782 1.02139127
v 0.33347142 -1.29873782 1.02139127
v 0.33347142 -1.29873782 1.02139127
v 0.33347142 -1.29873782 1.02139127
v 0.33347142 -1.29873782 1.02139127
v 0.41944703 -1.26924866 1.02371782
v 0.41944703 -1.26924866 1.02371782
v 0.41944703 -1.26924866 1.02371782
v 0.20009902 -1.33606845 1.01348108
v 0.20009902 -1.33606845 1.01348108
v 0.20009902 -1.33606845 1.01348108
v 0.20009902 -1.33606845 1.01348108
v 0.20009902 -1.33606845 1.01348108
v 0.37795830 -1.29327375 1.01549745
v 0.37795830 -1.29327375 1.01549745
v 0.37795830 -1.29327375 1.01549745
v 0.37795830 -1.29327375 1.01549745
v 0.40269282 -1.29010373 1.01130968
v 0.40269282 -1.29010373 1.01130968
v 0.40269282 -1.29010373 1.01130968
v 0.40269282 -1.29010373 1.01130968
v 0.40269282 -1.29010373 1.01130968
v 0.40269282 -1.29010373 1.01130968
v 0.40269282 -1.29010373 1.01130968
v 0.40269282 -1.29010373 1.01130968
v 0.40269282 -1.29010373 1.01130968
v 0.45066279 -1.26812249 1.00836271
v 0.45066279 -1.26812249 1.00836271
v 0.45066279 -1.26812249 1.00836271
v 0.28898457 -1.11955076 0.24789864
v 0.28898457 -1.11955076 0.24789864
v 0.28898457 -1.11955076 0.24789864
v 0.28898457 -1.13273114 0.27659246
v 0.28898457 -1.13273114 0.27659246
v 0.28898457 -1.13273114 0.27659246
v 0.28898457 -1.13273114 0.27659246
v 0.28898457 -1.13273114 0.27659246
v 0.28898457 -1.13273114 0.27659246
v 0.28898457 -1.13273114 0.27659246
v 0.28898457 -1.13273114 0.27659246
v 0.24052960 -1.14495224 0.28078021
v 0.24052960 -1.14495224 0.28078021
v 0.24052960 -1.14495224 0.28078021
v 0.22306995 -1.15613061 0.29846184
v 0.22306995 -1.15613061 0.29846184
v 0.22306995 -1.15613061 0.29846184
v 0.22306995 -1.15613061 0.29846184
v 0.22306995 -1.15613061 0.29846184
v 0.22306995 -1.15613061 0.29846184
v 0.22306995 -1.15613061 0.29846184
v 0.31072095 -1.11487919 0.24789864
v 0.31072095 -1.11487919 0.24789864
v 0.31072095 -1.11487919 0.24789864
v 0.31072095 -1.11487919 0.24789864
v 0.24052960 -1.16071874 0.32157199
v 0.24052960 -1.16071874 0.32157199
v 0.24052960 -1.16071874 0.32157199
v 0.24052960 -1.16071874 0.32157199
v 0.27760932 -1.15829951 0.33677197
v 0.27760932 -1.15829951 0.33677197
v 0.27760932 -1.15829951 0.33677197
v 0.27760932 -1.15829951 0.33677197
v 0.27760932 -1.15829951 0.33677197
v 0.27760932 -1.15829951 0.33677197
v 0.27760932 -1.15829951 0.33677197
v 0.24454179 -1.17490023 0.36554337
v 0.24454179 -1.17490023 0.36554337
v 0.24454179 -1.17490023 0.36554337
v 0.24454179 -1.17490023 0.36554337
v 0.24454179 -1.17490023 0.36554337
v 0.24454179 -1.17490023 0.36554337
v 0.20424348 -1.19683975 0.40827390
v 0.20424348 -1.19683975 0.40827390
v 0.20424348 -1.19683975 0.40827390
v 0.20424348 -1.19683975 0.40827390
v 0.20424348 -1.19683975 0.40827390
v 0.19220690 -1.20347160 0.42192285
v 0.19220690 -1.20347160 0.42192285
v 0.19220690 -1.20347160 0.42192285
v 0.19220690 -1.20347160 0.42192285
v 0.19220690 -1.20347160 0.42192285
v 0.19220690 -1.20347160 0.42192285
v 0.19220690 -1.20347160 0.42192285
v 0.15565625 -1.21886271 0.45449423
v 0.15565625 -1.21886271 0.45449423
v 0.15565625 -1.21886271 0.45449423
v 0.15565625 -1.21886271 0.45449423
v 0.15565625 -1.21886271 0.45449423
v 0.15565625 -1.21886271 0.45449423
v 0.15565625 -1.21886271 0.45449423
v 0.15565625 -1.23120898 0.49893089
v 0.15565625 -1.23120898 0.49893089
v 0.15565625 -1.23120898 0.49893089
v 0.15565625 -1.23120898 0.49893089
v 0.15565625 -1.23120898 0.49893089
v 0.11116940 -1.23596388 0.49893089
v 0.11116940 -1.23596388 0.49893089
v 0.11116940 -1.23596388 0.49893089
v 0.11116940 -1.23596388 0.49893089
v 0.11116940 -1.23596388 0.49893089
v 0.11116940 -1.23596388 0.49893089
v 0.06668253 -1.23859161 0.49893089
v 0.06668253 -1.23859161 0.49893089
v 0.06668253 -1.23859161 0.49893089
v 0.06668253 -1.23859161 0.49893089
v 0.06668253 -1.23859161 0.49893089
v 0.06668253 -1.23859161 0.49893089
v 0.06668253 -1.23859161 0.49893089
v 0.02589924 -1.24038523 0.50288598
v 0.02589924 -1.24038523 0.50288598
v 0.02589924 -1.24038523 0.50288598
v 0.02589924 -1.24038523 0.50288598
v 0.01350993 -1.24514025 0.52033494
v 0.01350993 -1.24514025 0.52033494
v 0.01350993 -1.24514025 0.52033494
v 0.01350993 -1.24514025 0.52033494
v 0.01350993 -1.24514025 0.52033494
v 0.01350993 -1.24514025 0.52033494
v 0.00023881 -1.24514025 0.52033494
v 0.00023881 -1.24514025 0.52033494
v 0.00023881 -1.24514025 0.52033494
v 0.00023881 -1.24514025 0.52033494
v 0.00023881 -1.23341960 0.47706154
v 0.00023881 -1.23341960 0.47706154
v 0.00023881 -1.23341960 0.47706154
v 0.00023881 -1.22728819 0.45449423
v 0.00023881 -1.22728819 0.45449423
v 0.00023881 -1.22728819 0.45449423
v 0.33347142 -1.15187615 0.35584949
v 0.33347142 -1.15187615 0.35584949
v 0.33347142 -1.15187615 0.35584949
v 0.33347142 -1.15187615 0.35584949
v 0.33347142 -1.15187615 0.35584949
v 0.30728194 -1.15508777 0.34592298
v 0.30728194 -1.15508777 0.34592298
v 0.30728194 -1.15508777 0.34592298
v 0.30728194 -1.15508777 0.34592298
v 0.30728194 -1.15508777 0.34592298
v 0.30728194 -1.15508777 0.34592298
v 0.30728194 -1.15508777 0.34592298
v 0.29105681 -1.14991575 0.32157199
v 0.29105681 -1.14991575 0.32157199
v 0.29105681 -1.14991575 0.32157199
v 0.29105681 -1.14991575 0.32157199
v 0.29105681 -1.14991575 0.32157199
v 0.45066279 -1.15008265 0.47589827
v 0.45066279 -1.15008265 0.47589827
v 0.45066279 -1.15008265 0.47589827
v 0.45066279 -1.15300232 0.48566969
v 0.45066279 -1.15300232 0.48566969
v 0.45066279 -1.15300232 0.48566969
v 0.45066279 -1.15300232 0.48566969
v 0.45066279 -1.15850812 0.50482476
v 0.45066279 -1.15850812 0.50482476
v 0.45066279 -1.15850812 0.50482476
v 0.45066279 -1.15850812 0.50482476
v 0.45066279 -1.15850812 0.50482476
v 0.42548734 -1.16655809 0.49652681
v 0.42548734 -1.16655809 0.49652681
v 0.42548734 -1.16655809 0.49652681
v 0.42548734 -1.16655809 0.49652681
v 0.42240104 -1.18053108 0.54336755
v 0.42240104 -1.18053108 0.54336755
v 0.42240104 -1.18053108 0.54336755
v 0.42240104 -1.18053108 0.54336755
v 0.42240104 -1.18053108 0.54336755
v 0.42240104 -1.18053108 0.54336755
v 0.42240104 -1.18053108 0.54336755
v 0.43743578 -1.19759053 0.63231844
v 0.43743578 -1.19759053 0.63231844
v 0.43743578 -1.19759053 0.63231844
v 0.43743578 -1.19759053 0.63231844
v 0.43743578 -1.19759053 0.63231844
v 0.43743578 -1.19759053 0.63231844
v 0.43743578 -1.19759053 0.63231844
v 0.41517031 -1.20614117 0.63231844
v 0.41517031 -1.20614117 0.63231844
v 0.41517031 -1.20614117 0.63231844
v 0.40458870 -1.29060429 0.96291789
v 0.40458870 -1.29060429 0.96291789
v 0.40458870 -1.29060429 0.96291789
v 0.40458870 -1.29060429 0.96291789
v 0.40458870 -1.29060429 0.96291789
v 0.40458870 -1.29060429 0.96291789
v 0.40458870 -1.29060429 0.96291789
v 0.40458870 -1.29060429 0.96291789
v 0.40458870 -1.29060429 0.96291789
v 0.40458870 -1.29060429 0.96291789
v 0.40458870 -1.29060429 0.96291789
v 0.40458870 -1.29060429 0.96291789
v 0.40458870 -1.29060429 0.96291789
v 0.40458870 -1.29060429 0.96291789
v 0.40458870 -1.29060429 0.96291789
v 0.40458870 -1.29060429 0.96291789
v 0.42116654 -1.19262701 0.58749402
v 0.42116654 -1.19262701 0.58749402
v 0.42116654 -1.19262701 0.58749402
v 0.42116654 -1.19262701 0.58749402
v 0.42116654 -1.19262701 0.58749402
v 0.37839922 -1.20643312 0.58749402
v 0.37839922 -1.20643312 0.58749402
v 0.37839922 -1.20643312 0.58749402
v 0.37839922 -1.20643312 0.58749402
v 0.36389357 -1.20255405 0.55748182
v 0.36389357 -1.20255405 0.55748182
v 0.36389357 -1.20255405 0.55748182
v 0.36389357 -1.20255405 0.55748182
v 0.36389357 -1.20255405 0.55748182
v 0.36389357 -1.20255405 0.55748182
v 0.37839922 -1.19496280 0.54297980
v 0.37839922 -1.19496280 0.54297980
v 0.37839922 -1.19496280 0.54297980
v 0.37839922 -1.19496280 0.54297980
v 0.37795830 -1.21769482 0.63231844
v 0.37795830 -1.21769482 0.63231844
v 0.37795830 -1.21769482 0.63231844
v 0.37795830 -1.21769482 0.63231844
v 0.37795830 -1.21769482 0.63231844
v 0.34846205 -1.19867498 0.52785737
v 0.34846205 -1.19867498 0.52785737
v 0.34846205 -1.19867498 0.52785737
v 0.34846205 -1.19867498 0.52785737
v 0.34846205 -1.19867498 0.52785737
v 0.34846205 -1.19867498 0.52785737
v 0.33355960 -1.19450396 0.49939620
v 0.33355960 -1.19450396 0.49939620
v 0.33355960 -1.19450396 0.49939620
v 0.33355960 -1.19450396 0.49939620
v 0.33355960 -1.19450396 0.49939620
v 0.33355960 -1.19450396 0.49939620
v 0.33347142 -1.18190747 0.45449423
v 0.33347142 -1.18190747 0.45449423
v 0.33347142 -1.18190747 0.45449423
v 0.33347142 -1.18190747 0.45449423
v 0.33347142 -1.18190747 0.45449423
v 0.33347142 -1.16885215 0.40998001
v 0.33347142 -1.16885215 0.40998001
v 0.33347142 -1.16885215 0.40998001
v 0.33347142 -1.16885215 0.40998001
v 0.33347142 -1.16885215 0.40998001
v 0.33347142 -1.16885215 0.40998001
v 0.33347142 -1.16885215 0.40998001
v 0.35653052 -1.15617234 0.38710250
v 0.35653052 -1.15617234 0.38710250
v 0.35653052 -1.15617234 0.38710250
v 0.35653052 -1.15617234 0.38710250
v 0.35653052 -1.15617234 0.38710250
v 0.35653052 -1.15617234 0.38710250
v 0.31786355 -1.11316913 0.24789864
v 0.31786355 -1.11316913 0.24789864
v 0.31786355 -1.11316913 0.24789864
v 0.11116940 -1.34282547 0.94748530
v 0.11116940 -1.34282547 0.94748530
v 0.11116940 -1.34282547 0.94748530
v 0.11116940 -1.34282547 0.94748530
v 0.11116940 -1.34282547 0.94748530
v 0.11116940 -1.34282547 0.94748530
v 0.00023881 -1.26094824 0.58788177
v 0.00023881 -1.26094824 0.58788177
v 0.00023881 -1.26094824 0.58788177
v 0.00023881 -1.26094824 0.58788177
v 0.02223976 -1.26094824 0.58788177
v 0.02223976 -1.26094824 0.58788177
v 0.02223976 -1.26094824 0.58788177
v 0.02223976 -1.26094824 0.58788177
v 0.02223976 -1.26094824 0.58788177
v 0.02223976 -1.26094824 0.58788177
v 0.06668253 -1.26023930 0.58788177
v 0.06668253 -1.26023930 0.58788177
v 0.06668253 -1.26023930 0.58788177
v 0.06668253 -1.26023930 0.58788177
v 0.06668253 -1.26023930 0.58788177
v 0.06668253 -1.26023930 0.58788177
v 0.15565625 -1.34032279 0.95229340
v 0.15565625 -1.34032279 0.95229340
v 0.15565625 -1.34032279 0.95229340
v 0.15565625 -1.34032279 0.95229340
v 0.15565625 -1.34032279 0.95229340
v 0.20009902 -1.33694440 0.95904034
v 0.20009902 -1.33694440 0.95904034
v 0.20009902 -1.33694440 0.95904034
v 0.20009902 -1.33694440 0.95904034
v 0.20009902 -1.33694440 0.95904034
v 0.20009902 -1.33694440 0.95904034
v 0.15565625 -1.34595376 0.98796684
v 0.15565625 -1.34595376 0.98796684
v 0.15565625 -1.34595376 0.98796684
v 0.15565625 -1.34595376 0.98796684
v 0.15565625 -1.34595376 0.98796684
v 0.22337858 -1.33406621 1.01061171
v 0.22337858 -1.33406621 1.01061171
v 0.22337858 -1.33406621 1.01061171
v 0.22337858 -1.33406621 1.01061171
v 0.22337858 -1.33406621 1.01061171
v 0.22337858 -1.33406621 1.01061171
v 0.22337858 -1.33406621 1.01061171
v 0.22337858 -1.33406621 1.01061171
v 0.22337858 -1.33406621 1.01061171
v 0.33347142 -1.30916530 0.98796684
v 0.33347142 -1.30916530 0.98796684
v 0.33347142 -1.30916530 0.98796684
v 0.33347142 -1.30916530 0.98796684
v 0.33347142 -1.30916530 0.98796684
v 0.33347142 -1.30916530 0.98796684
v 0.37795830 -1.29815382 0.98796684
v 0.37795830 -1.29815382 0.98796684
v 0.37795830 -1.29815382 0.98796684
v 0.37795830 -1.29815382 0.98796684
v 0.40538231 -1.29085451 0.98796684
v 0.40538231 -1.29085451 0.98796684
v 0.40538231 -1.29085451 0.98796684
v 0.40538231 -1.29085451 0.98796684
v 0.42760369 -1.28413922 0.98796684
v 0.42760369 -1.28413922 0.98796684
v 0.42760369 -1.28413922 0.98796684
v 0.42760369 -1.28413922 0.98796684
v 0.45066279 -1.27567202 0.98796684
v 0.45066279 -1.27567202 0.98796684
v 0.45066279 -1.27567202 0.98796684
v 0.45066279 -1.27567202 0.98796684
v 0.45066279 -1.27567202 0.98796684
v 0.25265437 -1.15296060 0.30706999
v 0.25265437 -1.15296060 0.30706999
v 0.25265437 -1.15296060 0.30706999
v 0.25265437 -1.15296060 0.30706999
v 0.25265437 -1.15296060 0.30706999
v 0.29105681 -1.16401380 0.36267398
v 0.29105681 -1.16401380 0.36267398
v 0.29105681 -1.16401380 0.36267398
v 0.29105681 -1.16401380 0.36267398
v 0.29105681 -1.16401380 0.36267398
v 0.24454179 -1.18874794 0.40998001
v 0.24454179 -1.18874794 0.40998001
v 0.24454179 -1.18874794 0.40998001
v 0.24454179 -1.18874794 0.40998001
v 0.24454179 -1.18874794 0.40998001
v 0.24454179 -1.20472294 0.46271462
v 0.24454179 -1.20472294 0.46271462
v 0.24454179 -1.20472294 0.46271462
v 0.24454179 -1.20472294 0.46271462
v 0.24454179 -1.20472294 0.46271462
v 0.24454179 -1.20472294 0.46271462
v 0.24454179 -1.20472294 0.46271462
v 0.20424348 -1.20931107 0.45022894
v 0.20424348 -1.20931107 0.45022894
v 0.20424348 -1.20931107 0.45022894
v 0.20009902 -1.22407645 0.49893089
v 0.20009902 -1.22407645 0.49893089
v 0.20009902 -1.22407645 0.49893089
v 0.20009902 -1.22407645 0.49893089
v 0.20009902 -1.22407645 0.49893089
v 0.20009902 -1.22407645 0.49893089
v 0.20009902 -1.22407645 0.49893089
v 0.18030259 -1.24543208 0.56360834
v 0.18030259 -1.24543208 0.56360834
v 0.18030259 -1.24543208 0.56360834
v 0.18030259 -1.24543208 0.56360834
v 0.18030259 -1.24543208 0.56360834
v 0.18030259 -1.24543208 0.56360834
v 0.18030259 -1.24543208 0.56360834
v 0.18030259 -1.24543208 0.56360834
v 0.18030259 -1.24543208 0.56360834
v 0.18030259 -1.24543208 0.56360834
v 0.18030259 -1.24543208 0.56360834
v 0.15565625 -1.24109429 0.53561246
v 0.15565625 -1.24109429 0.53561246
v 0.15565625 -1.24109429 0.53561246
v 0.15565625 -1.24109429 0.53561246
v 0.15565625 -1.24109429 0.53561246
v 0.11116940 -1.24334663 0.52715942
v 0.11116940 -1.24334663 0.52715942
v 0.11116940 -1.24334663 0.52715942
v 0.11116940 -1.24334663 0.52715942
v 0.11116940 -1.24334663 0.52715942
v 0.11116940 -1.24334663 0.52715942
v 0.06668253 -1.24459785 0.52235126
v 0.06668253 -1.24459785 0.52235126
v 0.06668253 -1.24459785 0.52235126
v 0.06668253 -1.24459785 0.52235126
v 0.06668253 -1.24459785 0.52235126
v 0.04318253 -1.24488991 0.52126555
v 0.04318253 -1.24488991 0.52126555
v 0.04318253 -1.24488991 0.52126555
v 0.04318253 -1.24488991 0.52126555
v 0.04318253 -1.24488991 0.52126555
v 0.04318253 -1.24488991 0.52126555
v 0.02589924 -1.24939460 0.53902471
v 0.02589924 -1.24939460 0.53902471
v 0.02589924 -1.24939460 0.53902471
v 0.02589924 -1.24939460 0.53902471
v 0.02589924 -1.24939460 0.53902471
v 0.33347142 -1.15909201 0.37810659
v 0.33347142 -1.15909201 0.37810659
v 0.33347142 -1.15909201 0.37810659
v 0.33347142 -1.15909201 0.37810659
v 0.33347142 -1.15909201 0.37810659
v 0.33347142 -1.15909201 0.37810659
v 0.45066279 -1.15963429 0.50893496
v 0.45066279 -1.15963429 0.50893496
v 0.45066279 -1.15963429 0.50893496
v 0.45066279 -1.15963429 0.50893496
v 0.45066279 -1.16935271 0.54484102
v 0.45066279 -1.16935271 0.54484102
v 0.45066279 -1.16935271 0.54484102
v 0.45066279 -1.17644340 0.57159608
v 0.45066279 -1.17644340 0.57159608
v 0.45066279 -1.17644340 0.57159608
v 0.45066279 -1.17644340 0.57159608
v 0.45066279 -1.19208473 0.63231844
v 0.45066279 -1.19208473 0.63231844
v 0.45066279 -1.19208473 0.63231844
v 0.45066279 -1.19208473 0.63231844
v 0.44444606 -1.20034343 0.65480819
v 0.44444606 -1.20034343 0.65480819
v 0.44444606 -1.20034343 0.65480819
v 0.44444606 -1.20034343 0.65480819
v 0.44444606 -1.20034343 0.65480819
v 0.45066279 -1.18065625 0.58772667
v 0.45066279 -1.18065625 0.58772667
v 0.45066279 -1.18065625 0.58772667
v 0.45066279 -1.18065625 0.58772667
v 0.45066279 -1.26632887 0.94267711
v 0.45066279 -1.26632887 0.94267711
v 0.45066279 -1.26632887 0.94267711
v 0.45066279 -1.27283567 0.97338727
v 0.45066279 -1.27283567 0.97338727
v 0.45066279 -1.27283567 0.97338727
v 0.22562717 -1.33465022 0.96392608
v 0.22562717 -1.33465022 0.96392608
v 0.22562717 -1.33465022 0.96392608
v 0.22562717 -1.33465022 0.96392608
v 0.22562717 -1.33465022 0.96392608
v 0.22562717 -1.33465022 0.96392608
v 0.22562717 -1.33465022 0.96392608
v 0.22562717 -1.33465022 0.96392608
v 0.22562717 -1.33465022 0.96392608
v 0.22562717 -1.33465022 0.96392608
v 0.33347142 -1.22870630 0.63231844
v 0.33347142 -1.22870630 0.63231844
v 0.33347142 -1.22870630 0.63231844
v 0.33347142 -1.22870630 0.63231844
v 0.45066279 -1.20305461 0.67683265
v 0.45066279 -1.20305461 0.67683265
v 0.45066279 -1.20305461 0.67683265
v 0.45066279 -1.20305461 0.67683265
v 0.33347142 -1.21781999 0.58788177
v 0.33347142 -1.21781999 0.58788177
v 0.33347142 -1.21781999 0.58788177
v 0.33347142 -1.21781999 0.58788177
v 0.33347142 -1.21781999 0.58788177
v 0.33347142 -1.21781999 0.58788177
v 0.33347142 -1.21781999 0.58788177
v 0.33347142 -1.21781999 0.58788177
v 0.33355960 -1.20622450 0.54297980
v 0.33355960 -1.20622450 0.54297980
v 0.33355960 -1.20622450 0.54297980
v 0.33355960 -1.20622450 0.54297980
v 0.33355960 -1.20622450 0.54297980
v 0.31883353 -1.20226210 0.51459618
v 0.31883353 -1.20226210 0.51459618
v 0.31883353 -1.20226210 0.51459618
v 0.31883353 -1.20226210 0.51459618
v 0.31883353 -1.20226210 0.51459618
v 0.31883353 -1.20226210 0.51459618
v 0.31883353 -1.20226210 0.51459618
v 0.30172658 -1.19813281 0.48489418
v 0.30172658 -1.19813281 0.48489418
v 0.30172658 -1.19813281 0.48489418
v 0.30172658 -1.19813281 0.48489418
v 0.27209806 -1.20171982 0.47256359
v 0.27209806 -1.20171982 0.47256359
v 0.27209806 -1.20171982 0.47256359
v 0.27209806 -1.20171982 0.47256359
v 0.27209806 -1.20171982 0.47256359
v 0.27209806 -1.20171982 0.47256359
v 0.27209806 -1.20171982 0.47256359
v 0.27209806 -1.20171982 0.47256359
v 0.27209806 -1.20171982 0.47256359
v 0.28898457 -1.17911285 0.40998001
v 0.28898457 -1.17911285 0.40998001
v 0.28898457 -1.17911285 0.40998001
v 0.28898457 -1.17911285 0.40998001
v 0.28898457 -1.17911285 0.40998001
v 0.28898457 -1.17911285 0.40998001
v 0.11116940 -1.25807029 0.58788177
v 0.11116940 -1.25807029 0.58788177
v 0.11116940 -1.25807029 0.58788177
v 0.11116940 -1.25807029 0.58788177
v 0.11116940 -1.25807029 0.58788177
v 0.11116940 -1.25807029 0.58788177
v 0.06668253 -1.25002033 0.54460837
v 0.06668253 -1.25002033 0.54460837
v 0.06668253 -1.25002033 0.54460837
v 0.06668253 -1.25002033 0.54460837
v 0.06668253 -1.25002033 0.54460837
v 0.06668253 -1.25002033 0.54460837
v 0.15565625 -1.25406617 0.58788177
v 0.15565625 -1.25406617 0.58788177
v 0.15565625 -1.25406617 0.58788177
v 0.15565625 -1.25406617 0.58788177
v 0.15565625 -1.25406617 0.58788177
v 0.15565625 -1.25406617 0.58788177
v 0.20009902 -1.33919662 0.98796684
v 0.20009902 -1.33919662 0.98796684
v 0.20009902 -1.33919662 0.98796684
v 0.20009902 -1.33919662 0.98796684
v 0.22558308 -1.33460861 0.98796684
v 0.22558308 -1.33460861 0.98796684
v 0.22558308 -1.33460861 0.98796684
v 0.22558308 -1.33460861 0.98796684
v 0.24454179 -1.21477515 0.49893089
v 0.24454179 -1.21477515 0.49893089
v 0.24454179 -1.21477515 0.49893089
v 0.24454179 -1.21477515 0.49893089
v 0.24454179 -1.21477515 0.49893089
v 0.15565625 -1.24689204 0.55786957
v 0.15565625 -1.24689204 0.55786957
v 0.15565625 -1.24689204 0.55786957
v 0.15565625 -1.24689204 0.55786957
v 0.15565625 -1.24689204 0.55786957
v 0.28898457 -1.21656865 0.54336755
v 0.28898457 -1.21656865 0.54336755
v 0.28898457 -1.21656865 0.54336755
v 0.28898457 -1.21656865 0.54336755
v 0.28898457 -1.21656865 0.54336755
v 0.28898457 -1.21656865 0.54336755
v 0.28898457 -1.21656865 0.54336755
v 0.28898457 -1.22774702 0.58788177
v 0.28898457 -1.22774702 0.58788177
v 0.28898457 -1.22774702 0.58788177
v 0.28898457 -1.22774702 0.58788177
v 0.11116940 -1.24893576 0.54941653
v 0.11116940 -1.24893576 0.54941653
v 0.11116940 -1.24893576 0.54941653
v 0.11116940 -1.24893576 0.54941653
v 0.11116940 -1.24893576 0.54941653
v 0.11116940 -1.24893576 0.54941653
v 0.45066279 -1.19884175 0.65961635
v 0.45066279 -1.19884175 0.65961635
v 0.45066279 -1.19884175 0.65961635
v 0.28775007 -1.20534855 0.49939620
v 0.28775007 -1.20534855 0.49939620
v 0.28775007 -1.20534855 0.49939620
v 0.28775007 -1.20534855 0.49939620
vn -0.00000000 -0.00000000 -1.00000000
vn -0.00254400 0.01202631 -0.99992445
vn -0.21254300 0.94085266 0.26385934
vn -1.00000000 0.00000000 0.00000000
vn 0.00247081 0.00118312 -0.99999625
vn 1.00000000 0.00000000 0.00000000
vn -0.00254400 0.01202631 -0.99992445
vn -0.17879965 0.94183412 0.28456839
vn -0.19170507 0.94159510 0.27685346
vn -0.21254300 0.94085266 0.26385934
vn 0.00000000 0.00000000 -1.00000000
vn 0.00247081 0.00118312 -0.99999625
vn -0.00254400 0.01202631 -0.99992445
vn 0.00000000 -0.88070297 -0.47366895
vn 0.00000000 -0.00000000 -1.00000000
vn 0.00165569 -0.87305394 -0.48762083
vn -1.00000000 0.00000000 0.00000000
vn -0.19170507 0.94159510 0.27685346
vn -0.21254300 0.94085266 0.26385934
vn -1.00000000 0.00000000 0.00000000
vn 0.00000000 0.00000000 -1.00000000
vn 0.00247081 0.00118312 -0.99999625
vn 1.00000000 0.00000000 0.00000000
vn -0.11269910 0.59608595 0.79497198
vn -0.12424319 0.69398835 0.70918531
vn -0.13148975 0.73124290 0.66932373
vn -0.16009942 0.86507127 0.47541548
vn -0.17879965 0.94183412 0.28456839
vn -0.19170507 0.94159510 0.27685346
vn -1.00000000 0.00000000 0.00000000
vn 0.01684497 0.79455716 0.60695566
vn 1.00000000 0.00000000 0.00000000
vn -0.16009942 0.86507127 0.47541548
vn -0.17879965 0.94183412 0.28456839
vn 0.00000000 -0.00000000 -1.00000000
vn 0.00165569 -0.87305394 -0.48762083
vn 0.02367455 -0.87281044 -0.48748483
vn 0.00000000 -0.91606383 -0.40103249
vn 0.00000000 -0.88070297 -0.47366895
vn 0.00165569 -0.87305394 -0.48762083
vn 0.00173825 -0.91658830 -0.39982856
vn 0.02250426 -0.91635755 -0.39972790
vn 0.02367455 -0.87281044 -0.48748483
vn 0.02412670 -0.87579708 -0.48207611
vn 0.00000000 -0.91606383 -0.40103249
vn 0.00000000 -0.88070297 -0.47366895
vn -1.00000000 0.00000000 0.00000000
vn 0.00000000 0.00000000 -1.00000000
vn 0.34825966 -0.81206915 -0.46825090
vn 0.36565174 -0.81019951 -0.45812178
vn 1.00000000 0.00000000 0.00000000
vn -0.05122335 0.24486286 0.96820367
vn -0.05680714 0.30201818 0.95160809
vn -0.07220887 0.39402481 0.91625888
vn -0.11269910 0.59608595 0.79497198
vn -1.00000000 0.00000000 0.00000000
vn 1.00000000 0.00000000 0.00000000
vn -0.07220887 0.39402481 0.91625888
vn -0.11269910 0.59608595 0.79497198
vn -0.12424319 0.69398835 0.70918531
vn 0.01684497 0.79455716 0.60695566
vn 1.00000000 0.00000000 0.00000000
vn -0.12424319 0.69398835 0.70918531
vn -0.13148975 0.73124290 0.66932373
vn 0.01684497 0.79455716 0.60695566
vn -0.13148975 0.73124290 0.66932373
vn -0.16009942 0.86507127 0.47541548
vn 0.00000000 -0.00000000 -1.00000000
vn 0.02367455 -0.87281044 -0.48748483
vn 0.02412670 -0.87579708 -0.48207611
vn 0.02435330 -0.87560752 -0.48240894
vn 0.02250426 -0.91635755 -0.39972790
vn 0.02410608 -0.91732775 -0.39740243
vn 0.02412670 -0.87579708 -0.48207611
vn 0.02435330 -0.87560752 -0.48240894
vn 0.04513730 -0.91665918 -0.39711280
vn 0.04798108 -0.87485850 -0.48199628
vn 0.04849102 -0.87623815 -0.47943230
vn 0.00173825 -0.91658830 -0.39982856
vn 0.00177211 -0.93444417 -0.35610526
vn 0.02250426 -0.91635755 -0.39972790
vn 0.02410608 -0.91732775 -0.39740243
vn 0.02454730 -0.93416362 -0.35599966
vn 0.00000000 -0.91606383 -0.40103249
vn 0.00173825 -0.91658830 -0.39982856
vn 0.00177211 -0.93444417 -0.35610526
vn -1.00000000 0.00000000 0.00000000
vn 0.00000000 0.00000000 -1.00000000
vn 0.34255531 -0.81664393 -0.46448740
vn 0.34825966 -0.81206915 -0.46825090
vn 0.34761074 -0.84824675 -0.39955504
vn 0.36565174 -0.81019951 -0.45812178
vn 0.36783846 -0.84933975 -0.37857212
vn 1.00000000 0.00000000 0.00000000
vn 0.33100099 -0.84716024 -0.41564153
vn 0.34255531 -0.81664393 -0.46448740
vn 0.34761074 -0.84824675 -0.39955504
vn 0.34825966 -0.81206915 -0.46825090
vn 0.36565174 -0.81019951 -0.45812178
vn -0.00310762 -0.47056284 0.88236101
vn -0.00352172 0.01066271 0.99993695
vn -0.00798118 0.03963194 0.99918247
vn -0.05122335 0.24486286 0.96820367
vn -1.00000000 0.00000000 0.00000000
vn 0.00797162 0.24916734 0.96842764
vn 0.00823090 -0.00900248 0.99992560
vn -0.00798118 0.03963194 0.99918247
vn -0.05122335 0.24486286 0.96820367
vn -0.05680714 0.30201818 0.95160809
vn 0.00797162 0.24916734 0.96842764
vn 1.00000000 0.00000000 0.00000000
vn -0.05680714 0.30201818 0.95160809
vn -0.07220887 0.39402481 0.91625888
vn 0.00000000 -0.00000000 -1.00000000
vn 0.02435330 -0.87560752 -0.48240894
vn 0.04798108 -0.87485850 -0.48199628
vn 0.00000000 -0.00000000 -1.00000000
vn 0.04798108 -0.87485850 -0.48199628
vn 0.04849102 -0.87623815 -0.47943230
vn 0.06416616 -0.86668572 -0.49471058
vn 0.04513730 -0.91665918 -0.39711280
vn 0.04849102 -0.87623815 -0.47943230
vn 0.06416616 -0.86668572 -0.49471058
vn 0.06451864 -0.92428544 -0.37620975
vn 0.08563040 -0.91733459 -0.38879902
vn 0.09290485 -0.87475498 -0.47557588
vn 0.02410608 -0.91732775 -0.39740243
vn 0.02454849 -0.93416320 -0.35600070
vn 0.04513730 -0.91665918 -0.39711280
vn 0.06451864 -0.92428544 -0.37620975
vn 0.06643888 -0.93238014 -0.35532119
vn 0.06694745 -0.93217394 -0.35576647
vn 0.00180545 -0.95202293 -0.30602137
vn 0.00177211 -0.93444417 -0.35610526
vn 0.02454601 -0.93416409 -0.35599853
vn 0.02500748 -0.95172675 -0.30592617
vn 0.00107707 -0.95216553 -0.30558082
vn 0.00180545 -0.95202293 -0.30602137
vn 0.00177211 -0.93444417 -0.35610526
vn -1.00000000 0.00000000 0.00000000
vn 0.00000000 0.00000000 -1.00000000
vn 0.32932341 -0.84718939 -0.41691274
vn 0.33100099 -0.84716024 -0.41564153
vn 0.34255531 -0.81664393 -0.46448740
vn 0.36783846 -0.84933975 -0.37857212
vn 0.36814998 -0.84984707 -0.37712803
vn 0.38330338 -0.85582096 -0.34734567
vn 1.00000000 0.00000000 0.00000000
vn 0.32733612 -0.84818380 -0.41645564
vn 0.32751029 -0.84767212 -0.41735955
vn 0.32932341 -0.84718939 -0.41691274
vn 0.33100099 -0.84716024 -0.41564153
vn 0.34761074 -0.84824675 -0.39955504
vn 0.36783846 -0.84933975 -0.37857212
vn 0.36814998 -0.84984707 -0.37712803
vn 0.01076877 -0.47172104 0.88168208
vn 0.01217040 -0.08344157 0.99643835
vn -0.00089464 -0.47174821 0.88173285
vn -0.00310762 -0.47056284 0.88236101
vn -0.00352172 0.01066271 0.99993695
vn 0.00823090 -0.00900248 0.99992560
vn 0.01217040 -0.08344157 0.99643835
vn 0.02919990 -0.16833145 0.98529787
vn 0.05370239 -0.26513930 0.96271346
vn 0.05479921 -0.17870280 0.98237587
vn -0.00352172 0.01066271 0.99993695
vn -0.00798118 0.03963194 0.99918247
vn -0.00089464 -0.47174821 0.88173285
vn -0.00181239 -0.95568542 0.29438425
vn -0.00310762 -0.47056284 0.88236101
vn -1.00000000 0.00000000 0.00000000
vn 0.00797162 0.24916734 0.96842764
vn 0.00823090 -0.00900248 0.99992560
vn 0.05479921 -0.17870280 0.98237587
vn 0.10889031 -0.31983400 0.94119558
vn 1.00000000 0.00000000 0.00000000
vn 0.00000000 -0.00000000 -1.00000000
vn 0.06416616 -0.86668572 -0.49471058
vn 0.09290485 -0.87475498 -0.47557588
vn 0.09436289 -0.87231768 -0.47974734
vn 0.08563040 -0.91733459 -0.38879902
vn 0.09290485 -0.87475498 -0.47557588
vn 0.09436289 -0.87231768 -0.47974734
vn 0.11356456 -0.92321265 -0.36712598
vn 0.12452061 -0.85936688 -0.49596691
vn 0.12799184 -0.91582894 -0.38062507
vn 0.13875852 -0.87572681 -0.46243770
vn 0.06451864 -0.92428544 -0.37620975
vn 0.06694745 -0.93217394 -0.35576647
vn 0.08563040 -0.91733459 -0.38879902
vn 0.11081857 -0.92865042 -0.35401645
vn 0.11356456 -0.92321265 -0.36712598
vn 0.06643888 -0.93238014 -0.35532119
vn 0.06694745 -0.93217394 -0.35576647
vn 0.06756944 -0.94824594 -0.31026442
vn 0.09910233 -0.94573938 -0.30944428
vn 0.11081857 -0.92865042 -0.35401645
vn 0.11390656 -0.94240947 -0.31446731
vn 0.11777548 -0.93049174 -0.34686318
vn 0.11903021 -0.94040482 -0.31854448
vn 0.02454720 -0.93416366 -0.35599957
vn 0.02500748 -0.95172675 -0.30592617
vn 0.02564983 -0.95196087 -0.30514356
vn 0.06217808 -0.95043159 -0.30465337
vn 0.06643888 -0.93238014 -0.35532119
vn 0.06756944 -0.94824594 -0.31026442
vn 0.00101344 -0.95777126 -0.28752946
vn 0.00107707 -0.95216553 -0.30558082
vn 0.00180545 -0.95202293 -0.30602137
vn 0.01887138 -0.95760119 -0.28747840
vn 0.02500748 -0.95172675 -0.30592617
vn 0.02518228 -0.95607082 -0.29205211
vn 0.02564983 -0.95196087 -0.30514356
vn 0.00000000 -0.95788121 -0.28716475
vn 0.00101344 -0.95777126 -0.28752946
vn 0.00107707 -0.95216553 -0.30558082
vn -1.00000000 0.00000000 0.00000000
vn 0.00000000 0.00000000 -1.00000000
vn 0.31117103 -0.84049126 -0.44356176
vn 0.32751029 -0.84767212 -0.41735955
vn 0.32932341 -0.84718939 -0.41691274
vn 0.37858424 -0.86389559 -0.33220231
vn 0.37996120 -0.86703768 -0.32229666
vn 0.38330338 -0.85582096 -0.34734567
vn 0.38786032 -0.86485920 -0.31872077
vn 1.00000000 0.00000000 0.00000000
vn 0.26969249 -0.89767343 -0.34849443
vn 0.28105641 -0.87768470 -0.38817118
vn 0.30324037 -0.89904154 -0.31586324
vn 0.32733612 -0.84818380 -0.41645564
vn 0.33015621 -0.89042333 -0.31327812
vn 0.36814998 -0.84984707 -0.37712803
vn 0.37645306 -0.86618406 -0.32864611
vn 0.37858424 -0.86389559 -0.33220231
vn 0.38330338 -0.85582096 -0.34734567
vn 0.27740530 -0.87865571 -0.38860062
vn 0.28105641 -0.87768470 -0.38817118
vn 0.29273177 -0.84486778 -0.44777958
vn 0.31117103 -0.84049126 -0.44356176
vn 0.32733612 -0.84818380 -0.41645564
vn 0.32751029 -0.84767212 -0.41735955
vn 0.01076877 -0.47172104 0.88168208
vn 0.01217040 -0.08344157 0.99643835
vn 0.01565894 -0.47699507 0.87876646
vn 0.02603714 -0.47689183 0.87857626
vn 0.02919990 -0.16833145 0.98529787
vn 0.01076877 -0.47172104 0.88168208
vn 0.01345734 -0.95574130 0.29390042
vn 0.01565894 -0.47699507 0.87876646
vn -0.00089464 -0.47174821 0.88173285
vn -0.00142408 -0.95582689 0.29392674
vn -0.00181239 -0.95568542 0.29438425
vn 0.02603714 -0.47689183 0.87857626
vn 0.02919990 -0.16833145 0.98529787
vn 0.04113901 -0.49331106 0.86887961
vn 0.05370239 -0.26513930 0.96271346
vn 0.05449146 -0.49299547 0.86832376
vn 0.05982876 -0.29580192 0.95337387
vn 0.05370239 -0.26513930 0.96271346
vn 0.05479921 -0.17870280 0.98237587
vn 0.05982876 -0.29580192 0.95337387
vn 0.09337347 -0.42675991 0.89953175
vn 0.10889031 -0.31983400 0.94119558
vn 0.11009001 -0.44351619 0.88947939
vn 0.11519131 -0.34718362 0.93069571
vn -0.00142408 -0.95582689 0.29392674
vn -0.00181292 -0.95596324 0.29348082
vn -0.00181239 -0.95568542 0.29438425
vn -1.00000000 0.00000000 0.00000000
vn 0.10889031 -0.31983400 0.94119558
vn 0.11519131 -0.34718362 0.93069571
vn 0.14783361 -0.42824882 0.89148650
vn 1.00000000 0.00000000 0.00000000
vn 0.00000000 -0.00000000 -1.00000000
vn 0.09436289 -0.87231768 -0.47974734
vn 0.12452061 -0.85936688 -0.49596691
vn 0.00000000 -0.00000000 -1.00000000
vn 0.12452061 -0.85936688 -0.49596691
vn 0.13875852 -0.87572681 -0.46243770
vn 0.16931058 -0.87151454 -0.46021336
vn 0.12799184 -0.91582894 -0.38062507
vn 0.13875852 -0.87572681 -0.46243770
vn 0.16546197 -0.91069558 -0.37849161
vn 0.16931058 -0.87151454 -0.46021336
vn 0.17669451 -0.87878149 -0.44330818
vn 0.11081857 -0.92865042 -0.35401645
vn 0.11356456 -0.92321265 -0.36712598
vn 0.11777548 -0.93049174 -0.34686318
vn 0.12799184 -0.91582894 -0.38062507
vn 0.16001240 -0.92493970 -0.34479353
vn 0.16546197 -0.91069558 -0.37849161
vn 0.16590649 -0.91109510 -0.37733375
vn 0.11777548 -0.93049174 -0.34686318
vn 0.11903021 -0.94040482 -0.31854448
vn 0.14076730 -0.93799006 -0.31679523
vn 0.16001240 -0.92493970 -0.34479353
vn 0.16059224 -0.93413135 -0.31876129
vn 0.16155023 -0.92544603 -0.34271151
vn 0.16287255 -0.93302093 -0.32084962
vn 0.11390656 -0.94240947 -0.31446731
vn 0.11903021 -0.94040482 -0.31854448
vn 0.12201858 -0.94372558 -0.30739793
vn 0.14076730 -0.93799006 -0.31679523
vn 0.08719299 -0.95182929 -0.29397003
vn 0.08787855 -0.95015447 -0.29913851
vn 0.09910233 -0.94573938 -0.30944428
vn 0.09926298 -0.95435865 -0.28168498
vn 0.10580051 -0.95439187 -0.27918169
vn 0.11390656 -0.94240947 -0.31446731
vn 0.11832291 -0.95043956 -0.28751406
vn 0.12201858 -0.94372558 -0.30739793
vn 0.06176099 -0.95202378 -0.29972703
vn 0.06217808 -0.95043159 -0.30465337
vn 0.06756944 -0.94824594 -0.31026442
vn 0.08787855 -0.95015447 -0.29913851
vn 0.09910233 -0.94573938 -0.30944428
vn 0.02518228 -0.95607082 -0.29205211
vn 0.02564983 -0.95196087 -0.30514356
vn 0.05461512 -0.95494670 -0.29170873
vn 0.05847549 -0.95383330 -0.29458896
vn 0.06176099 -0.95202378 -0.29972703
vn 0.06217808 -0.95043159 -0.30465337
vn 0.01888298 -0.95818967 -0.28551006
vn 0.01887138 -0.95760119 -0.28747840
vn 0.02518228 -0.95607082 -0.29205211
vn 0.05461512 -0.95494670 -0.29170873
vn 0.05472822 -0.95692423 -0.28513301
vn 0.00000000 -0.95860538 -0.28473800
vn 0.00000000 -0.95788121 -0.28716475
vn 0.00101344 -0.95777126 -0.28752946
vn 0.01799088 -0.95845023 -0.28469191
vn 0.01888298 -0.95818967 -0.28551006
vn 0.01887138 -0.95760119 -0.28747840
vn 0.00000000 -0.95860538 -0.28473800
vn 0.00000000 -0.95788121 -0.28716475
vn -0.00056228 -0.95868105 -0.28448257
vn -1.00000000 0.00000000 0.00000000
vn 0.00000000 0.00000000 -1.00000000
vn 0.27135101 -0.82951561 -0.48813162
vn 0.29273177 -0.84486778 -0.44777958
vn 0.31117103 -0.84049126 -0.44356176
vn 0.38106758 -0.87236891 -0.30620251
vn 0.38124920 -0.87240558 -0.30587179
vn 0.38786032 -0.86485920 -0.31872077
vn 1.00000000 0.00000000 0.00000000
vn 0.37306916 -0.87281767 -0.31465649
vn 0.37743584 -0.86844535 -0.32147295
vn 0.37996120 -0.86703768 -0.32229666
vn 0.38106758 -0.87236891 -0.30620251
vn 0.38786032 -0.86485920 -0.31872077
vn 0.37645306 -0.86618406 -0.32864611
vn 0.37743584 -0.86844535 -0.32147295
vn 0.37858424 -0.86389559 -0.33220231
vn 0.37996120 -0.86703768 -0.32229666
vn 0.24576346 -0.90073209 -0.35816478
vn 0.24805343 -0.89702476 -0.36580879
vn 0.25205090 -0.90211775 -0.35021980
vn 0.26969249 -0.89767343 -0.34849443
vn 0.27740530 -0.87865571 -0.38860062
vn 0.28105641 -0.87768470 -0.38817118
vn 0.33015621 -0.89042333 -0.31327812
vn 0.35234964 -0.88338486 -0.30899987
vn 0.37306916 -0.87281767 -0.31465649
vn 0.37645306 -0.86618406 -0.32864611
vn 0.37743584 -0.86844535 -0.32147295
vn 0.24389004 -0.92961230 -0.27629446
vn 0.25210325 -0.92272759 -0.29157802
vn 0.26164105 -0.92971429 -0.25918197
vn 0.27884230 -0.92668870 -0.25198219
vn 0.30290088 -0.89917068 -0.31582138
vn 0.30324037 -0.89904154 -0.31586324
vn 0.32126294 -0.91454083 -0.24577467
vn 0.32785623 -0.91232394 -0.24530659
vn 0.33015621 -0.89042333 -0.31327812
vn 0.35234964 -0.88338486 -0.30899987
vn 0.37463118 -0.87781234 -0.29849117
vn 0.37729400 -0.88911129 -0.25909528
vn 0.38223566 -0.88582625 -0.26307369
vn 0.38251622 -0.87725217 -0.29001721
vn 0.38613608 -0.88246859 -0.26860401
vn 0.38817184 -0.87999069 -0.27374990
vn 0.38848892 -0.87884554 -0.27696006
vn 0.25205090 -0.90211775 -0.35021980
vn 0.25486424 -0.91218699 -0.32087242
vn 0.26969249 -0.89767343 -0.34849443
vn 0.28464181 -0.90512623 -0.31579351
vn 0.30290088 -0.89917068 -0.31582138
vn 0.30324037 -0.89904154 -0.31586324
vn 0.21951142 -0.89399478 -0.39062523
vn 0.23390701 -0.85518491 -0.46254328
vn 0.23727826 -0.84825072 -0.47346568
vn 0.24805343 -0.89702476 -0.36580879
vn 0.27135101 -0.82951561 -0.48813162
vn 0.27740530 -0.87865571 -0.38860062
vn 0.29273177 -0.84486778 -0.44777958
vn 0.01345734 -0.95574130 0.29390042
vn 0.01565894 -0.47699507 0.87876646
vn 0.01977951 -0.95791881 0.28635698
vn 0.02603714 -0.47689183 0.87857626
vn 0.03591143 -0.95748825 0.28622827
vn 0.04113901 -0.49331106 0.86887961
vn 0.00205010 -0.97387834 -0.22706119
vn 0.01345734 -0.95574130 0.29390042
vn 0.01977951 -0.95791881 0.28635698
vn 0.02018642 -0.97762532 -0.20938298
vn -0.00059044 -0.97388021 -0.22706163
vn -0.00142408 -0.95582689 0.29392674
vn -0.00181292 -0.95596324 0.29348082
vn -0.00184692 -0.97389491 -0.22699184
vn 0.05449146 -0.49299547 0.86832376
vn 0.05982876 -0.29580192 0.95337387
vn 0.08218688 -0.52387415 0.84782144
vn 0.08871472 -0.52357985 0.84734517
vn 0.09337347 -0.42675991 0.89953175
vn 0.09361149 -0.43794235 0.89411598
vn 0.03591143 -0.95748825 0.28622827
vn 0.04113901 -0.49331106 0.86887961
vn 0.05326744 -0.96291890 0.26448020
vn 0.05449146 -0.49299547 0.86832376
vn 0.06979632 -0.96193627 0.26421031
vn 0.08218688 -0.52387415 0.84782144
vn 0.11009001 -0.44351619 0.88947939
vn 0.11519131 -0.34718362 0.93069571
vn 0.12234603 -0.47016251 0.87405873
vn 0.14783361 -0.42824882 0.89148650
vn 0.14827144 -0.49961910 0.85346138
vn 0.14893043 -0.49560322 0.85568521
vn 0.09337347 -0.42675991 0.89953175
vn 0.09361149 -0.43794235 0.89411598
vn 0.09870166 -0.53560345 0.83868166
vn 0.11009001 -0.44351619 0.88947939
vn 0.12234603 -0.47016251 0.87405873
vn 0.12286362 -0.61430607 0.77944376
vn 0.13229481 -0.63408871 0.76185930
vn -0.00181292 -0.95596324 0.29348082
vn -0.00184692 -0.97389491 -0.22699184
vn -1.00000000 0.00000000 0.00000000
vn 0.14783361 -0.42824882 0.89148650
vn 0.14893043 -0.49560322 0.85568521
vn 0.15353934 -0.51421586 0.84380550
vn 0.17669662 -0.58404014 0.79225969
vn 0.20727953 -0.64071385 0.73927056
vn 0.40241640 -0.82500461 0.39677252
vn 1.00000000 0.00000000 0.00000000
vn -0.00000000 -0.00000000 -1.00000000
vn 0.16931058 -0.87151454 -0.46021336
vn 0.17669451 -0.87878149 -0.44330818
vn 0.18129092 -0.87803488 -0.44293154
vn 0.16546197 -0.91069558 -0.37849161
vn 0.16590649 -0.91109510 -0.37733375
vn 0.17669451 -0.87878149 -0.44330818
vn 0.18129092 -0.87803488 -0.44293154
vn 0.18744428 -0.90752307 -0.37585438
vn 0.19085279 -0.88801972 -0.41832545
vn 0.19364136 -0.89139788 -0.40977171
vn 0.19384250 -0.90431947 -0.38030434
vn 0.19425449 -0.89224084 -0.40764135
vn 0.19453411 -0.90276091 -0.38363944
vn 0.16001240 -0.92493970 -0.34479353
vn 0.16155023 -0.92544603 -0.34271151
vn 0.16590649 -0.91109510 -0.37733375
vn 0.18027926 -0.92239921 -0.34158321
vn 0.18744428 -0.90752307 -0.37585438
vn 0.16155023 -0.92544603 -0.34271151
vn 0.16287255 -0.93302093 -0.32084962
vn 0.18027926 -0.92239921 -0.34158321
vn 0.19264359 -0.92793493 -0.31910063
vn 0.19320468 -0.92419454 -0.32944862
vn 0.19347687 -0.92584434 -0.32462126
vn 0.16059224 -0.93413135 -0.31876129
vn 0.16287255 -0.93302093 -0.32084962
vn 0.18273012 -0.93826247 -0.29372306
vn 0.18407271 -0.93807843 -0.29347249
vn 0.19264359 -0.92793493 -0.31910063
vn 0.19637157 -0.92994441 -0.31087234
vn 0.19748224 -0.93520412 -0.29392859
vn 0.11832291 -0.95043956 -0.28751406
vn 0.12201858 -0.94372558 -0.30739793
vn 0.12929443 -0.95161787 -0.27875863
vn 0.14076730 -0.93799006 -0.31679523
vn 0.15641128 -0.94920951 -0.27301433
vn 0.16059224 -0.93413135 -0.31876129
vn 0.18273012 -0.93826247 -0.29372306
vn 0.05847549 -0.95383330 -0.29458896
vn 0.06176099 -0.95202378 -0.29972703
vn 0.08719299 -0.95182929 -0.29397003
vn 0.08787855 -0.95015447 -0.29913851
vn 0.10580051 -0.95439187 -0.27918169
vn 0.10649498 -0.95448976 -0.27858234
vn 0.11832291 -0.95043956 -0.28751406
vn 0.12929443 -0.95161787 -0.27875863
vn 0.05745586 -0.95751102 -0.28261542
vn 0.05778820 -0.96304938 -0.26305211
vn 0.09926298 -0.95435865 -0.28168498
vn 0.10256247 -0.95957438 -0.26210293
vn 0.10580051 -0.95439187 -0.27918169
vn 0.10649498 -0.95448976 -0.27858234
vn 0.10688473 -0.95798303 -0.26616569
vn 0.05461512 -0.95494670 -0.29170873
vn 0.05472822 -0.95692423 -0.28513301
vn 0.05745586 -0.95751102 -0.28261542
vn 0.05847549 -0.95383330 -0.29458896
vn 0.08719299 -0.95182929 -0.29397003
vn 0.09926298 -0.95435865 -0.28168498
vn 0.01799088 -0.95845023 -0.28469191
vn 0.01810882 -0.96473315 -0.26260620
vn 0.01888298 -0.95818967 -0.28551006
vn 0.05472822 -0.95692423 -0.28513301
vn 0.05690143 -0.96332806 -0.26222373
vn 0.05745586 -0.95751102 -0.28261542
vn 0.05778820 -0.96304938 -0.26305211
vn 0.00000000 -0.96530592 -0.26112158
vn 0.00000000 -0.95860538 -0.28473800
vn 0.00334991 -0.96541237 -0.26070621
vn 0.01706771 -0.96501556 -0.26163653
vn 0.01799088 -0.95845023 -0.28469191
vn 0.01810882 -0.96473315 -0.26260620
vn -0.00056228 -0.95868105 -0.28448257
vn -0.00099578 -0.96522152 -0.26143150
vn -0.00183008 -0.96501479 -0.26218907
vn -0.00181872 -0.95902116 -0.28332860
vn -0.00056228 -0.95868105 -0.28448257
vn -0.00181872 -0.95902116 -0.28332860
vn -1.00000000 0.00000000 0.00000000
vn 0.00000000 0.00000000 -1.00000000
vn 0.23727826 -0.84825072 -0.47346568
vn 0.27135101 -0.82951561 -0.48813162
vn 0.35234964 -0.88338486 -0.30899987
vn 0.37306916 -0.87281767 -0.31465649
vn 0.37463118 -0.87781234 -0.29849117
vn 0.37871394 -0.87642420 -0.29741617
vn 0.38106758 -0.87236891 -0.30620251
vn 0.38124920 -0.87240558 -0.30587179
vn 0.37871394 -0.87642420 -0.29741617
vn 0.38124920 -0.87240558 -0.30587179
vn 0.38162045 -0.87603150 -0.29484680
vn 1.00000000 0.00000000 0.00000000
vn 0.21360309 -0.90926408 -0.35722899
vn 0.21548505 -0.91608970 -0.33815065
vn 0.21782469 -0.90674653 -0.36105836
vn 0.23388331 -0.91808610 -0.32002578
vn 0.24576346 -0.90073209 -0.35816478
vn 0.25184178 -0.91384040 -0.31854582
vn 0.25205090 -0.90211775 -0.35021980
vn 0.25486424 -0.91218699 -0.32087242
vn 0.21377548 -0.89652395 -0.38800110
vn 0.21782469 -0.90674653 -0.36105836
vn 0.21951142 -0.89399478 -0.39062523
vn 0.24576346 -0.90073209 -0.35816478
vn 0.24805343 -0.89702476 -0.36580879
vn 0.37463118 -0.87781234 -0.29849117
vn 0.37871394 -0.87642420 -0.29741617
vn 0.38162045 -0.87603150 -0.29484680
vn 0.38251622 -0.87725217 -0.29001721
vn 0.38162045 -0.87603150 -0.29484680
vn 0.38251622 -0.87725217 -0.29001721
vn 0.38848892 -0.87884554 -0.27696006
vn 1.00000000 0.00000000 0.00000000
vn 0.38817184 -0.87999069 -0.27374990
vn 0.38848892 -0.87884554 -0.27696006
vn 1.00000000 0.00000000 0.00000000
vn 0.38613608 -0.88246859 -0.26860401
vn 0.38652546 -0.88335849 -0.26509592
vn 0.38817184 -0.87999069 -0.27374990
vn 1.00000000 0.00000000 0.00000000
vn 0.38223566 -0.88582625 -0.26307369
vn 0.38437612 -0.88473055 -0.26364151
vn 0.38541416 -0.88412024 -0.26417290
vn 0.38613608 -0.88246859 -0.26860401
vn 0.38652546 -0.88335849 -0.26509592
vn 0.37348554 -0.89223954 -0.25380533
vn 0.37729400 -0.88911129 -0.25909528
vn 0.37999383 -0.88899437 -0.25552630
vn 0.38223566 -0.88582625 -0.26307369
vn 0.38437612 -0.88473055 -0.26364151
vn 0.32785623 -0.91232394 -0.24530659
vn 0.33007384 -0.91160240 -0.24501496
vn 0.35373614 -0.90244351 -0.24589930
vn 0.36866024 -0.89534107 -0.24990798
vn 0.37348554 -0.89223954 -0.25380533
vn 0.37729400 -0.88911129 -0.25909528
vn 0.27061496 -0.93532858 -0.22787714
vn 0.32126294 -0.91454083 -0.24577467
vn 0.32785623 -0.91232394 -0.24530659
vn 0.33007384 -0.91160240 -0.24501496
vn 0.34451712 -0.91215021 -0.22201339
vn 0.34537872 -0.90749382 -0.23909937
vn 0.34945082 -0.90995306 -0.22331494
vn 0.35433010 -0.90664696 -0.22900102
vn 0.24396541 -0.93977545 -0.23938043
vn 0.24631721 -0.93783162 -0.24453972
vn 0.24964978 -0.93972689 -0.23364154
vn 0.25494284 -0.93446818 -0.24854249
vn 0.26713459 -0.93629704 -0.22800650
vn 0.27061496 -0.93532858 -0.22787714
vn 0.27884230 -0.92668870 -0.25198219
vn 0.32126294 -0.91454083 -0.24577467
vn 0.23227411 -0.93692448 -0.26119200
vn 0.23243263 -0.93746862 -0.25909007
vn 0.24217904 -0.93766748 -0.24925691
vn 0.25494284 -0.93446818 -0.24854249
vn 0.26164105 -0.92971429 -0.25918197
vn 0.27884230 -0.92668870 -0.25198219
vn 0.22942990 -0.93398501 -0.27392322
vn 0.23013826 -0.93686864 -0.26327465
vn 0.23157171 -0.93284165 -0.27600907
vn 0.23227411 -0.93692448 -0.26119200
vn 0.24389004 -0.92961230 -0.27629446
vn 0.26164105 -0.92971429 -0.25918197
vn 0.23153672 -0.93088499 -0.28256659
vn 0.23157171 -0.93284165 -0.27600907
vn 0.24389004 -0.92961230 -0.27629446
vn 0.24959971 -0.92267947 -0.29387511
vn 0.25210325 -0.92272759 -0.29157802
vn 0.24959971 -0.92267947 -0.29387511
vn 0.25210325 -0.92272759 -0.29157802
vn 0.25394388 -0.91753160 -0.30602006
vn 0.28464181 -0.90512623 -0.31579351
vn 0.30290088 -0.89917068 -0.31582138
vn 0.24957484 -0.91731339 -0.31023949
vn 0.25184178 -0.91384040 -0.31854582
vn 0.25394388 -0.91753160 -0.30602006
vn 0.25486424 -0.91218699 -0.32087242
vn 0.28464181 -0.90512623 -0.31579351
vn 0.19364136 -0.89139788 -0.40977171
vn 0.19425449 -0.89224084 -0.40764135
vn 0.20434834 -0.85352647 -0.47930609
vn 0.20804097 -0.85090515 -0.48236851
vn 0.21377548 -0.89652395 -0.38800110
vn 0.21951142 -0.89399478 -0.39062523
vn 0.23390701 -0.85518491 -0.46254328
vn 0.00000000 0.00000000 -1.00000000
vn 0.20804097 -0.85090515 -0.48236851
vn 0.23390701 -0.85518491 -0.46254328
vn 0.23727826 -0.84825072 -0.47346568
vn 0.01977951 -0.95791881 0.28635698
vn 0.02018642 -0.97762532 -0.20938298
vn 0.03591143 -0.95748825 0.28622827
vn 0.04042751 -0.97702518 -0.20925445
vn 0.05326744 -0.96291890 0.26448020
vn 0.05417670 -0.97935557 -0.19474996
vn -0.00006964 -0.97376482 -0.22755673
vn -0.00059044 -0.97388021 -0.22706163
vn -0.00184692 -0.97389491 -0.22699184
vn -1.00000000 0.00000000 0.00000000
vn 0.00000000 -0.97375718 -0.22758943
vn 0.00205010 -0.97387834 -0.22706119
vn 0.00595916 -0.97373989 -0.22758539
vn -0.00006964 -0.97376482 -0.22755673
vn -0.00059044 -0.97388021 -0.22706163
vn 0.00205010 -0.97387834 -0.22706119
vn 0.00595916 -0.97373989 -0.22758539
vn 0.01552698 -0.97337486 -0.22869259
vn 0.02018642 -0.97762532 -0.20938298
vn 0.04042751 -0.97702518 -0.20925445
vn 0.04158492 -0.97265012 -0.22852231
vn 0.08871472 -0.52357985 0.84734517
vn 0.09361149 -0.43794235 0.89411598
vn 0.09870166 -0.53560345 0.83868166
vn 0.06979632 -0.96193627 0.26421031
vn 0.08218688 -0.52387415 0.84782144
vn 0.08871472 -0.52357985 0.84734517
vn 0.09593021 -0.96893555 0.22795020
vn 0.09870166 -0.53560345 0.83868166
vn 0.12286362 -0.61430607 0.77944376
vn 0.05326744 -0.96291890 0.26448020
vn 0.05417670 -0.97935557 -0.19474996
vn 0.06979632 -0.96193627 0.26421031
vn 0.07603488 -0.97795676 -0.19447180
vn 0.09593021 -0.96893555 0.22795020
vn 0.09975357 -0.98109745 -0.16582227
vn 0.10750817 -0.97559473 0.19145997
vn 0.10797038 -0.97594060 0.18942636
vn 0.10888986 -0.98425174 -0.13925340
vn 0.12234603 -0.47016251 0.87405873
vn 0.13229481 -0.63408871 0.76185930
vn 0.14708079 -0.67807249 0.72012842
vn 0.14827144 -0.49961910 0.85346138
vn 0.15353934 -0.51421586 0.84380550
vn 0.17668131 -0.74637018 0.64165043
vn 0.17669662 -0.58404014 0.79225969
vn 0.14827144 -0.49961910 0.85346138
vn 0.14893043 -0.49560322 0.85568521
vn 0.15353934 -0.51421586 0.84380550
vn 0.09593021 -0.96893555 0.22795020
vn 0.10750817 -0.97559473 0.19145997
vn 0.12286362 -0.61430607 0.77944376
vn 0.13229481 -0.63408871 0.76185930
vn 0.14708079 -0.67807249 0.72012842
vn 0.17668131 -0.74637018 0.64165043
vn 0.17669662 -0.58404014 0.79225969
vn 0.19703665 -0.81238680 0.54882077
vn 0.20727953 -0.64071385 0.73927056
vn 0.19703665 -0.81238680 0.54882077
vn 0.20727953 -0.64071385 0.73927056
vn 0.23687933 -0.96757571 0.08766655
vn 0.23950271 -0.96760173 0.07990838
vn 0.25673700 -0.96457930 0.06060427
vn 0.28868635 -0.95528317 0.06398637
vn 0.34190324 -0.93112049 0.12695202
vn 0.40241640 -0.82500461 0.39677252
vn 0.41116834 -0.85487519 0.31643168
vn 0.40241640 -0.82500461 0.39677252
vn 0.41116834 -0.85487519 0.31643168
vn 1.00000000 0.00000000 0.00000000
vn -0.00000000 -0.00000000 -1.00000000
vn 0.18129092 -0.87803488 -0.44293154
vn 0.19085279 -0.88801972 -0.41832545
vn 0.19425449 -0.89224084 -0.40764135
vn 0.19453411 -0.90276091 -0.38363944
vn 0.19539639 -0.90456418 -0.37892466
vn 0.20284336 -0.90980596 -0.36208795
vn 0.20719387 -0.91065350 -0.35746455
vn 0.21360309 -0.90926408 -0.35722899
vn 0.21377548 -0.89652395 -0.38800110
vn 0.21782469 -0.90674653 -0.36105836
vn 0.19384250 -0.90431947 -0.38030434
vn 0.19453411 -0.90276091 -0.38363944
vn 0.19539639 -0.90456418 -0.37892466
vn 0.18027926 -0.92239921 -0.34158321
vn 0.18744428 -0.90752307 -0.37585438
vn 0.19320468 -0.92419454 -0.32944862
vn 0.19384250 -0.90431947 -0.38030434
vn 0.19517560 -0.92331081 -0.33076219
vn 0.19539639 -0.90456418 -0.37892466
vn 0.20284336 -0.90980596 -0.36208795
vn 0.00000000 0.00000000 -1.00000000
vn 0.19085279 -0.88801972 -0.41832545
vn 0.19364136 -0.89139788 -0.40977171
vn 0.20434834 -0.85352647 -0.47930609
vn 0.19320468 -0.92419454 -0.32944862
vn 0.19347687 -0.92584434 -0.32462126
vn 0.19517560 -0.92331081 -0.33076219
vn 0.19566985 -0.92334718 -0.33036841
vn 0.19264359 -0.92793493 -0.31910063
vn 0.19347687 -0.92584434 -0.32462126
vn 0.19566985 -0.92334718 -0.33036841
vn 0.19637157 -0.92994441 -0.31087234
vn 0.19649153 -0.92996179 -0.31074450
vn 0.19871772 -0.92187096 -0.33266381
vn 0.20164549 -0.92211752 -0.33020959
vn 0.19637157 -0.92994441 -0.31087234
vn 0.19649153 -0.92996179 -0.31074450
vn 0.19748224 -0.93520412 -0.29392859
vn 0.19935639 -0.93177178 -0.30341123
vn 0.20016623 -0.93539506 -0.29149539
vn 0.20090829 -0.93525004 -0.29145020
vn 0.18407271 -0.93807843 -0.29347249
vn 0.19741773 -0.93885857 -0.28208300
vn 0.19748224 -0.93520412 -0.29392859
vn 0.20016623 -0.93539506 -0.29149539
vn 0.20030455 -0.93765463 -0.28404555
vn 0.15641128 -0.94920951 -0.27301433
vn 0.15892413 -0.94955273 -0.27035667
vn 0.17950958 -0.94557754 -0.27140272
vn 0.18273012 -0.93826247 -0.29372306
vn 0.18407271 -0.93807843 -0.29347249
vn 0.19278170 -0.94156191 -0.27621800
vn 0.19741773 -0.93885857 -0.28208300
vn 0.10649498 -0.95448976 -0.27858234
vn 0.10688473 -0.95798303 -0.26616569
vn 0.12929443 -0.95161787 -0.27875863
vn 0.14493006 -0.95332977 -0.26487284
vn 0.15501236 -0.95124789 -0.26664325
vn 0.15641128 -0.94920951 -0.27301433
vn 0.15892413 -0.94955273 -0.27035667
vn 0.10256247 -0.95957438 -0.26210293
vn 0.10265625 -0.96045181 -0.25883201
vn 0.10688473 -0.95798303 -0.26616569
vn 0.12465143 -0.95802220 -0.25817725
vn 0.14493006 -0.95332977 -0.26487284
vn 0.05690143 -0.96332806 -0.26222373
vn 0.05705241 -0.96588401 -0.25261256
vn 0.05778820 -0.96304938 -0.26305211
vn 0.09660567 -0.96293475 -0.25184123
vn 0.10256247 -0.95957438 -0.26210293
vn 0.10265625 -0.96045181 -0.25883201
vn 0.01706771 -0.96501556 -0.26163653
vn 0.01791187 -0.96707371 -0.25386532
vn 0.01810882 -0.96473315 -0.26260620
vn 0.02350899 -0.96838602 -0.24834622
vn 0.05401382 -0.96723968 -0.24805224
vn 0.05690143 -0.96332806 -0.26222373
vn 0.05705241 -0.96588401 -0.25261256
vn 0.00334991 -0.96541237 -0.26070621
vn 0.01607391 -0.96752896 -0.25224857
vn 0.01706771 -0.96501556 -0.26163653
vn 0.01791187 -0.96707371 -0.25386532
vn 0.00000000 -0.97369088 -0.22787293
vn 0.00000000 -0.96530592 -0.26112158
vn 0.00334991 -0.96541237 -0.26070621
vn 0.01167353 -0.97328874 -0.22928751
vn 0.01547175 -0.97267257 -0.23166507
vn 0.01607391 -0.96752896 -0.25224857
vn 0.00000000 -0.97369088 -0.22787293
vn 0.00000000 -0.96530592 -0.26112158
vn -0.00099578 -0.96522152 -0.26143150
vn -1.00000000 0.00000000 0.00000000
vn -0.00099578 -0.96522152 -0.26143150
vn -0.00183008 -0.96501479 -0.26218907
vn -1.00000000 0.00000000 0.00000000
vn -0.00183008 -0.96501479 -0.26218907
vn -0.00181872 -0.95902116 -0.28332860
vn -1.00000000 0.00000000 0.00000000
vn 0.22742521 -0.92632907 -0.30032022
vn 0.23388331 -0.91808610 -0.32002578
vn 0.23407161 -0.92482970 -0.29983412
vn 0.24957484 -0.91731339 -0.31023949
vn 0.25184178 -0.91384040 -0.31854582
vn 0.19649153 -0.92996179 -0.31074450
vn 0.19935639 -0.93177178 -0.30341123
vn 0.20164549 -0.92211752 -0.33020959
vn 0.21377063 -0.93284037 -0.29001891
vn 0.21548505 -0.91608970 -0.33815065
vn 0.22742521 -0.92632907 -0.30032022
vn 0.23388331 -0.91808610 -0.32002578
vn 0.19871772 -0.92187096 -0.33266381
vn 0.20164549 -0.92211752 -0.33020959
vn 0.20719387 -0.91065350 -0.35746455
vn 0.21360309 -0.90926408 -0.35722899
vn 0.21548505 -0.91608970 -0.33815065
vn 0.38541416 -0.88412024 -0.26417290
vn 0.38652546 -0.88335849 -0.26509592
vn 1.00000000 0.00000000 0.00000000
vn 0.37999383 -0.88899437 -0.25552630
vn 0.38437612 -0.88473055 -0.26364151
vn 0.38541416 -0.88412024 -0.26417290
vn 1.00000000 0.00000000 0.00000000
vn 0.36777063 -0.89686076 -0.24573468
vn 0.36866024 -0.89534107 -0.24990798
vn 0.37348554 -0.89223954 -0.25380533
vn 0.37999383 -0.88899437 -0.25552630
vn 1.00000000 0.00000000 0.00000000
vn 0.35373614 -0.90244351 -0.24589930
vn 0.36697983 -0.89775867 -0.24362916
vn 0.36777063 -0.89686076 -0.24573468
vn 0.36866024 -0.89534107 -0.24990798
vn 0.33007384 -0.91160240 -0.24501496
vn 0.34537872 -0.90749382 -0.23909937
vn 0.35373614 -0.90244351 -0.24589930
vn 0.36633011 -0.89994267 -0.23644331
vn 0.36697983 -0.89775867 -0.24362916
vn 0.36771116 -0.89764138 -0.24295771
vn 0.36793108 -0.89882343 -0.23820823
vn 0.34945082 -0.90995306 -0.22331494
vn 0.34960791 -0.91036211 -0.22139361
vn 0.35172235 -0.90964727 -0.22098241
vn 0.35433010 -0.90664696 -0.22900102
vn 0.36727694 -0.90045106 -0.23301404
vn 0.37396523 -0.89840600 -0.23025350
vn 0.37428283 -0.89916901 -0.22673213
vn 0.34451712 -0.91215021 -0.22201339
vn 0.34945082 -0.90995306 -0.22331494
vn 0.34960791 -0.91036211 -0.22139361
vn 0.23154733 -0.94598643 -0.22692620
vn 0.23398079 -0.94529291 -0.22731983
vn 0.23855926 -0.97023513 -0.04163263
vn 0.24010567 -0.97003771 -0.03709590
vn 0.25716904 -0.96620250 -0.01779933
vn 0.26713459 -0.93629704 -0.22800650
vn 0.27061496 -0.93532858 -0.22787714
vn 0.28922843 -0.95707697 -0.01872389
vn 0.34374155 -0.93612684 -0.07421778
vn 0.34451712 -0.91215021 -0.22201339
vn 0.34960791 -0.91036211 -0.22139361
vn 0.35172235 -0.90964727 -0.22098241
vn 0.37241570 -0.90252733 -0.21621971
vn 0.38001845 -0.89984203 -0.21417351
vn 0.38875792 -0.90438482 -0.17594139
vn 0.39065481 -0.90054542 -0.19080556
vn 0.34537872 -0.90749382 -0.23909937
vn 0.35433010 -0.90664696 -0.22900102
vn 0.36633011 -0.89994267 -0.23644331
vn 0.36710622 -0.89999079 -0.23505234
vn 0.36727694 -0.90045106 -0.23301404
vn 0.23680857 -0.94239223 -0.23625957
vn 0.23692504 -0.94279313 -0.23453707
vn 0.24396541 -0.93977545 -0.23938043
vn 0.24964978 -0.93972689 -0.23364154
vn 0.23015197 -0.94235292 -0.24290129
vn 0.23035228 -0.94218489 -0.24336281
vn 0.23680857 -0.94239223 -0.23625957
vn 0.24199588 -0.93782108 -0.24885662
vn 0.24396541 -0.93977545 -0.23938043
vn 0.24631721 -0.93783162 -0.24453972
vn 0.24199588 -0.93782108 -0.24885662
vn 0.24217904 -0.93766748 -0.24925691
vn 0.24631721 -0.93783162 -0.24453972
vn 0.25494284 -0.93446818 -0.24854249
vn 0.23375227 -0.94436971 -0.23135628
vn 0.23398079 -0.94529291 -0.22731983
vn 0.23692504 -0.94279313 -0.23453707
vn 0.24964978 -0.93972689 -0.23364154
vn 0.26713459 -0.93629704 -0.22800650
vn 0.22523036 -0.94211514 -0.24837540
vn 0.22887943 -0.93880066 -0.25742480
vn 0.23035228 -0.94218489 -0.24336281
vn 0.23243263 -0.93746862 -0.25909007
vn 0.24199588 -0.93782108 -0.24885662
vn 0.24217904 -0.93766748 -0.24925691
vn 0.22568096 -0.93873017 -0.26048757
vn 0.22691226 -0.93759940 -0.26347332
vn 0.22887943 -0.93880066 -0.25742480
vn 0.23013826 -0.93686864 -0.26327465
vn 0.23227411 -0.93692448 -0.26119200
vn 0.23243263 -0.93746862 -0.25909007
vn 0.22128581 -0.93579268 -0.27445338
vn 0.22426817 -0.93747454 -0.26616774
vn 0.22691226 -0.93759940 -0.26347332
vn 0.22942990 -0.93398501 -0.27392322
vn 0.23013826 -0.93686864 -0.26327465
vn 0.21536256 -0.93373755 -0.28592509
vn 0.21577402 -0.93552148 -0.27971616
vn 0.22128581 -0.93579268 -0.27445338
vn 0.22903981 -0.93075705 -0.28501242
vn 0.22942990 -0.93398501 -0.27392322
vn 0.23153672 -0.93088499 -0.28256659
vn 0.23157171 -0.93284165 -0.27600907
vn 0.22903981 -0.93075705 -0.28501242
vn 0.23153672 -0.93088499 -0.28256659
vn 0.23407161 -0.92482970 -0.29983412
vn 0.24959971 -0.92267947 -0.29387511
vn 0.24957484 -0.91731339 -0.31023949
vn 0.25394388 -0.91753160 -0.30602006
vn 0.00000000 0.00000000 -1.00000000
vn 0.20434834 -0.85352647 -0.47930609
vn 0.20804097 -0.85090515 -0.48236851
vn 0.04042751 -0.97702518 -0.20925445
vn 0.04158492 -0.97265012 -0.22852231
vn 0.04740263 -0.97223690 -0.22914713
vn 0.05417670 -0.97935557 -0.19474996
vn 0.07603488 -0.97795676 -0.19447180
vn 0.07929968 -0.97026586 -0.22868257
vn 0.00000000 -0.97375718 -0.22758943
vn 0.00000000 -0.97369088 -0.22787293
vn -0.00006964 -0.97376482 -0.22755673
vn -1.00000000 0.00000000 0.00000000
vn 0.00000000 -0.97375718 -0.22758943
vn 0.00000000 -0.97369088 -0.22787293
vn 0.00595916 -0.97373989 -0.22758539
vn 0.01167353 -0.97328874 -0.22928751
vn 0.01552698 -0.97337486 -0.22869259
vn 0.01552582 -0.97330210 -0.22900213
vn 0.01552698 -0.97337486 -0.22869259
vn 0.01552582 -0.97330210 -0.22900213
vn 0.01653149 -0.97309832 -0.22979638
vn 0.04158492 -0.97265012 -0.22852231
vn 0.04739779 -0.97213749 -0.22956948
vn 0.04740263 -0.97223690 -0.22914713
vn 0.07603488 -0.97795676 -0.19447180
vn 0.07929968 -0.97026586 -0.22868257
vn 0.08725261 -0.96939982 -0.22945798
vn 0.09975357 -0.98109745 -0.16582227
vn 0.10829974 -0.96738750 -0.22898166
vn 0.09975357 -0.98109745 -0.16582227
vn 0.10829974 -0.96738750 -0.22898166
vn 0.10888986 -0.98425174 -0.13925340
vn 0.11277123 -0.96678159 -0.22938178
vn 0.11374545 -0.98471053 -0.13193614
vn 0.13064170 -0.96444505 -0.22973569
vn 0.10797038 -0.97594060 0.18942636
vn 0.10888986 -0.98425174 -0.13925340
vn 0.11374545 -0.98471053 -0.13193614
vn 0.14995264 -0.98626208 0.06929148
vn 0.15025774 -0.98826877 -0.02733970
vn 0.10750817 -0.97559473 0.19145997
vn 0.10797038 -0.97594060 0.18942636
vn 0.14708079 -0.67807249 0.72012842
vn 0.14995264 -0.98626208 0.06929148
vn 0.17668131 -0.74637018 0.64165043
vn 0.17703839 -0.98335837 0.04078872
vn 0.19703665 -0.81238680 0.54882077
vn 0.22929471 -0.97228782 0.04561074
vn 0.23687933 -0.96757571 0.08766655
vn 0.22929471 -0.97228782 0.04561074
vn 0.22953308 -0.97329858 0.00210534
vn 0.23687933 -0.96757571 0.08766655
vn 0.23855926 -0.97023513 -0.04163263
vn 0.23950271 -0.96760173 0.07990838
vn 0.24010567 -0.97003771 -0.03709590
vn 0.23950271 -0.96760173 0.07990838
vn 0.24010567 -0.97003771 -0.03709590
vn 0.25673700 -0.96457930 0.06060427
vn 0.25716904 -0.96620250 -0.01779933
vn 0.25673700 -0.96457930 0.06060427
vn 0.25716904 -0.96620250 -0.01779933
vn 0.28868635 -0.95528317 0.06398637
vn 0.28922843 -0.95707697 -0.01872389
vn 0.28868635 -0.95528317 0.06398637
vn 0.28922843 -0.95707697 -0.01872389
vn 0.34190324 -0.93112049 0.12695202
vn 0.34374155 -0.93612684 -0.07421778
vn 0.34190324 -0.93112049 0.12695202
vn 0.34374155 -0.93612684 -0.07421778
vn 0.38875792 -0.90438482 -0.17594139
vn 0.41116834 -0.85487519 0.31643168
vn 1.00000000 0.00000000 0.00000000
vn 0.19517560 -0.92331081 -0.33076219
vn 0.19566985 -0.92334718 -0.33036841
vn 0.19871772 -0.92187096 -0.33266381
vn 0.20284336 -0.90980596 -0.36208795
vn 0.20719387 -0.91065350 -0.35746455
vn 0.19935639 -0.93177178 -0.30341123
vn 0.20090829 -0.93525004 -0.29145020
vn 0.20279154 -0.93539529 -0.28967438
vn 0.21330938 -0.93339365 -0.28857477
vn 0.21377063 -0.93284037 -0.29001891
vn 0.20016623 -0.93539506 -0.29149539
vn 0.20030455 -0.93765463 -0.28404555
vn 0.20090829 -0.93525004 -0.29145020
vn 0.20279154 -0.93539529 -0.28967438
vn 0.20315936 -0.93709189 -0.28387508
vn 0.19106296 -0.94375171 -0.26986599
vn 0.19278170 -0.94156191 -0.27621800
vn 0.19694216 -0.94447124 -0.26303585
vn 0.19741773 -0.93885857 -0.28208300
vn 0.20030455 -0.93765463 -0.28404555
vn 0.20315936 -0.93709189 -0.28387508
vn 0.20348975 -0.93710289 -0.28360199
vn 0.17950958 -0.94557754 -0.27140272
vn 0.19106296 -0.94375171 -0.26986599
vn 0.19278170 -0.94156191 -0.27621800
vn 0.15501236 -0.95124789 -0.26664325
vn 0.15892413 -0.94955273 -0.27035667
vn 0.17950958 -0.94557754 -0.27140272
vn 0.19106296 -0.94375171 -0.26986599
vn 0.19694216 -0.94447124 -0.26303585
vn 0.19773994 -0.94482563 -0.26115790
vn 0.19823406 -0.94718660 -0.25207300
vn 0.11105601 -0.96658229 -0.23105246
vn 0.11277123 -0.96678159 -0.22938178
vn 0.11524520 -0.96125928 -0.25039798
vn 0.12465143 -0.95802220 -0.25817725
vn 0.13064170 -0.96444505 -0.22973569
vn 0.14493006 -0.95332977 -0.26487284
vn 0.15501236 -0.95124789 -0.26664325
vn 0.19823406 -0.94718660 -0.25207300
vn 0.20612269 -0.94751528 -0.24439361
vn 0.20703886 -0.94966664 -0.23509186
vn 0.20759647 -0.94875713 -0.23825115
vn 0.09644055 -0.96319631 -0.25090256
vn 0.09660567 -0.96293475 -0.25184123
vn 0.10265625 -0.96045181 -0.25883201
vn 0.11524520 -0.96125928 -0.25039798
vn 0.12465143 -0.95802220 -0.25817725
vn 0.05352534 -0.96849683 -0.24320554
vn 0.05401382 -0.96723968 -0.24805224
vn 0.05705241 -0.96588401 -0.25261256
vn 0.09046249 -0.96591050 -0.24255607
vn 0.09644055 -0.96319631 -0.25090256
vn 0.09660567 -0.96293475 -0.25184123
vn 0.02300480 -0.97132438 -0.23664260
vn 0.02350899 -0.96838602 -0.24834622
vn 0.04921016 -0.97040438 -0.23641846
vn 0.05352534 -0.96849683 -0.24320554
vn 0.05401382 -0.96723968 -0.24805224
vn 0.01547175 -0.97267257 -0.23166507
vn 0.01607391 -0.96752896 -0.25224857
vn 0.01664247 -0.97290965 -0.23058586
vn 0.01791187 -0.96707371 -0.25386532
vn 0.02300480 -0.97132438 -0.23664260
vn 0.02350899 -0.96838602 -0.24834622
vn 0.01167353 -0.97328874 -0.22928751
vn 0.01547175 -0.97267257 -0.23166507
vn 0.01552582 -0.97330210 -0.22900213
vn 0.01653149 -0.97309832 -0.22979638
vn 0.01664247 -0.97290965 -0.23058586
vn 0.21330938 -0.93339365 -0.28857477
vn 0.21377063 -0.93284037 -0.29001891
vn 0.21536256 -0.93373755 -0.28592509
vn 0.22742521 -0.92632907 -0.30032022
vn 0.22903981 -0.93075705 -0.28501242
vn 0.23407161 -0.92482970 -0.29983412
vn 0.36697983 -0.89775867 -0.24362916
vn 0.36771116 -0.89764138 -0.24295771
vn 0.36777063 -0.89686076 -0.24573468
vn 1.00000000 0.00000000 0.00000000
vn 0.36771116 -0.89764138 -0.24295771
vn 0.36793108 -0.89882343 -0.23820823
vn 1.00000000 0.00000000 0.00000000
vn 0.36633011 -0.89994267 -0.23644331
vn 0.36710622 -0.89999079 -0.23505234
vn 0.36793108 -0.89882343 -0.23820823
vn 1.00000000 0.00000000 0.00000000
vn 0.37396523 -0.89840600 -0.23025350
vn 0.37428283 -0.89916901 -0.22673213
vn 0.38747818 -0.89487178 -0.22150657
vn 1.00000000 0.00000000 0.00000000
vn 0.35172235 -0.90964727 -0.22098241
vn 0.37241570 -0.90252733 -0.21621971
vn 0.37428283 -0.89916901 -0.22673213
vn 0.38602884 -0.89604948 -0.21926481
vn 0.38747818 -0.89487178 -0.22150657
vn 0.36710622 -0.89999079 -0.23505234
vn 0.36727694 -0.90045106 -0.23301404
vn 0.37396523 -0.89840600 -0.23025350
vn 1.00000000 0.00000000 0.00000000
vn 0.38001845 -0.89984203 -0.21417351
vn 0.39065481 -0.90054542 -0.19080556
vn 1.00000000 0.00000000 0.00000000
vn 0.38875792 -0.90438482 -0.17594139
vn 0.39065481 -0.90054542 -0.19080556
vn 1.00000000 0.00000000 0.00000000
vn 0.11374545 -0.98471053 -0.13193614
vn 0.13064170 -0.96444505 -0.22973569
vn 0.15025774 -0.98826877 -0.02733970
vn 0.17718548 -0.98417539 0.00202815
vn 0.20703886 -0.94966664 -0.23509186
vn 0.21173837 -0.94888090 -0.23407669
vn 0.21719003 -0.94809277 -0.23226837
vn 0.22953308 -0.97329858 0.00210534
vn 0.23154733 -0.94598643 -0.22692620
vn 0.23855926 -0.97023513 -0.04163263
vn 0.21719003 -0.94809277 -0.23226837
vn 0.23154733 -0.94598643 -0.22692620
vn 0.23375227 -0.94436971 -0.23135628
vn 0.23398079 -0.94529291 -0.22731983
vn 0.37241570 -0.90252733 -0.21621971
vn 0.38001845 -0.89984203 -0.21417351
vn 0.38602884 -0.89604948 -0.21926481
vn 1.00000000 0.00000000 0.00000000
vn 0.21152837 -0.94793982 -0.23804591
vn 0.21173837 -0.94888090 -0.23407669
vn 0.21719003 -0.94809277 -0.23226837
vn 0.21722915 -0.94521852 -0.24366668
vn 0.23015197 -0.94235292 -0.24290129
vn 0.23375227 -0.94436971 -0.23135628
vn 0.23680857 -0.94239223 -0.23625957
vn 0.23692504 -0.94279313 -0.23453707
vn 0.21716869 -0.94499274 -0.24459454
vn 0.21722915 -0.94521852 -0.24366668
vn 0.22523036 -0.94211514 -0.24837540
vn 0.23015197 -0.94235292 -0.24290129
vn 0.23035228 -0.94218489 -0.24336281
vn 0.21467522 -0.94490126 -0.24713590
vn 0.21716869 -0.94499274 -0.24459454
vn 0.21805422 -0.94214005 -0.25460654
vn 0.22130692 -0.94040184 -0.25820073
vn 0.22523036 -0.94211514 -0.24837540
vn 0.22568096 -0.93873017 -0.26048757
vn 0.22887943 -0.93880066 -0.25742480
vn 0.22130692 -0.94040184 -0.25820073
vn 0.22426817 -0.93747454 -0.26616774
vn 0.22568096 -0.93873017 -0.26048757
vn 0.22691226 -0.93759940 -0.26347332
vn 0.19694216 -0.94447124 -0.26303585
vn 0.19773994 -0.94482563 -0.26115790
vn 0.20348975 -0.93710289 -0.28360199
vn 0.20896421 -0.94549203 -0.24975746
vn 0.21577402 -0.93552148 -0.27971616
vn 0.21805422 -0.94214005 -0.25460654
vn 0.22128581 -0.93579268 -0.27445338
vn 0.22130692 -0.94040184 -0.25820073
vn 0.22426817 -0.93747454 -0.26616774
vn 0.20279154 -0.93539529 -0.28967438
vn 0.20315936 -0.93709189 -0.28387508
vn 0.20348975 -0.93710289 -0.28360199
vn 0.21330938 -0.93339365 -0.28857477
vn 0.21536256 -0.93373755 -0.28592509
vn 0.21577402 -0.93552148 -0.27971616
vn 0.04739779 -0.97213749 -0.22956948
vn 0.04740263 -0.97223690 -0.22914713
vn 0.04863412 -0.97179071 -0.23077597
vn 0.07929968 -0.97026586 -0.22868257
vn 0.08723757 -0.96923272 -0.23016851
vn 0.08725261 -0.96939982 -0.22945798
vn 0.01653149 -0.97309832 -0.22979638
vn 0.01664247 -0.97290965 -0.23058586
vn 0.02300480 -0.97132438 -0.23664260
vn 0.04739779 -0.97213749 -0.22956948
vn 0.04863412 -0.97179071 -0.23077597
vn 0.04921016 -0.97040438 -0.23641846
vn 0.08723757 -0.96923272 -0.23016851
vn 0.08725261 -0.96939982 -0.22945798
vn 0.08850846 -0.96878161 -0.23157818
vn 0.10829974 -0.96738750 -0.22898166
vn 0.11105601 -0.96658229 -0.23105246
vn 0.11277123 -0.96678159 -0.22938178
vn 0.14995264 -0.98626208 0.06929148
vn 0.15025774 -0.98826877 -0.02733970
vn 0.17703839 -0.98335837 0.04078872
vn 0.17718548 -0.98417539 0.00202815
vn 0.17703839 -0.98335837 0.04078872
vn 0.17718548 -0.98417539 0.00202815
vn 0.22929471 -0.97228782 0.04561074
vn 0.22953308 -0.97329858 0.00210534
vn 0.19773994 -0.94482563 -0.26115790
vn 0.19823406 -0.94718660 -0.25207300
vn 0.20612269 -0.94751528 -0.24439361
vn 0.20896421 -0.94549203 -0.24975746
vn 0.20907386 -0.94611649 -0.24728873
vn 0.08850846 -0.96878161 -0.23157818
vn 0.09046249 -0.96591050 -0.24255607
vn 0.09644055 -0.96319631 -0.25090256
vn 0.11105601 -0.96658229 -0.23105246
vn 0.11524520 -0.96125928 -0.25039798
vn 0.20612269 -0.94751528 -0.24439361
vn 0.20759647 -0.94875713 -0.23825115
vn 0.20907386 -0.94611649 -0.24728873
vn 0.21152837 -0.94793982 -0.23804591
vn 0.21467522 -0.94490126 -0.24713590
vn 0.21716869 -0.94499274 -0.24459454
vn 0.21722915 -0.94521852 -0.24366668
vn 0.20703886 -0.94966664 -0.23509186
vn 0.20759647 -0.94875713 -0.23825115
vn 0.21152837 -0.94793982 -0.23804591
vn 0.21173837 -0.94888090 -0.23407669
vn 0.04863412 -0.97179071 -0.23077597
vn 0.04921016 -0.97040438 -0.23641846
vn 0.05352534 -0.96849683 -0.24320554
vn 0.08723757 -0.96923272 -0.23016851
vn 0.08850846 -0.96878161 -0.23157818
vn 0.09046249 -0.96591050 -0.24255607
vn 0.38602884 -0.89604948 -0.21926481
vn 0.38747818 -0.89487178 -0.22150657
vn 1.00000000 0.00000000 0.00000000
vn 0.20896421 -0.94549203 -0.24975746
vn 0.20907386 -0.94611649 -0.24728873
vn 0.21467522 -0.94490126 -0.24713590
vn 0.21805422 -0.94214005 -0.25460654
f 2//2 7//7 13//13
f 1//1 11//11 21//21
f 1//1 21//21 48//48
f 1//1 48//48 88//88
f 1//1 88//88 141//141
f 1//1 141//141 218//218
f 1//1 218//218 338//338
f 1//1 338//338 525//525
f 1//1 525//525 632//632
f 1//1 632//632 925//925
f 1//1 925//925 727//727
f 1//1 727//727 706//706
f 1//1 706//706 445//445
f 1//1 445//445 277//277
f 1//1 277//277 274//274
f 1//1 274//274 177//177
f 1//1 177//177 117//117
f 1//1 117//117 114//114
f 1//1 114//114 68//68
f 1//1 68//68 35//35
f 1//1 35//35 15//15
f 4//4 17//17 47//47
f 4//4 47//47 87//87
f 4//4 87//87 140//140
f 4//4 140//140 217//217
f 4//4 217//217 337//337
f 4//4 337//337 524//524
f 4//4 524//524 804//804
f 4//4 804//804 801//801
f 4//4 801//801 798//798
f 4//4 798//798 937//937
f 4//4 937//937 645//645
f 4//4 645//645 437//437
f 4//4 437//437 269//269
f 4//4 269//269 171//171
f 4//4 171//171 104//104
f 4//4 104//104 56//56
f 4//4 56//56 30//30
f 4//4 30//30 20//20
f 3//3 19//19 10//10
f 5//5 22//22 12//12
f 9//9 18//18 29//29
f 8//8 28//28 34//34
f 6//6 32//32 62//62
f 6//6 62//62 57//57
f 6//6 57//57 111//111
f 6//6 111//111 176//176
f 6//6 176//176 273//273
f 6//6 273//273 444//444
f 6//6 444//444 705//705
f 6//6 705//705 997//997
f 6//6 997//997 1103//1103
f 6//6 1103//1103 1100//1100
f 6//6 1100//1100 1121//1121
f 6//6 1121//1121 1216//1216
f 6//6 1216//1216 1088//1088
f 6//6 1088//1088 1097//1097
f 6//6 1097//1097 1084//1084
f 6//6 1084//1084 1080//1080
f 6//6 1080//1080 1077//1077
f 6//6 1077//1077 833//833
f 6//6 833//833 828//828
f 6//6 828//828 824//824
f 6//6 824//824 565//565
f 6//6 565//565 561//561
f 6//6 561//561 558//558
f 6//6 558//558 537//537
f 6//6 537//537 345//345
f 6//6 345//345 226//226
f 6//6 226//226 148//148
f 6//6 148//148 94//94
f 6//6 94//94 51//51
f 6//6 51//51 23//23
f 16//16 36//36 40//40
f 14//14 39//39 46//46
f 24//24 55//55 59//59
f 25//25 60//60 63//63
f 26//26 64//64 66//66
f 27//27 67//67 33//33
f 31//31 65//65 61//61
f 37//37 69//69 43//43
f 44//44 70//70 74//74
f 42//42 72//72 81//81
f 41//41 79//79 85//85
f 38//38 84//84 45//45
f 50//50 92//92 99//99
f 49//49 98//98 90//90
f 52//52 103//103 108//108
f 53//53 109//109 112//112
f 54//54 113//113 58//58
f 71//71 115//115 75//75
f 77//77 116//116 118//118
f 78//78 119//119 122//122
f 76//76 121//121 129//129
f 73//73 127//127 82//82
f 83//83 128//128 201//201
f 83//83 201//201 135//135
f 80//80 134//134 139//139
f 80//80 139//139 86//86
f 89//89 96//96 144//144
f 93//93 145//145 154//154
f 91//91 153//153 97//97
f 95//95 152//152 143//143
f 101//101 160//160 166//166
f 102//102 167//167 107//107
f 100//100 170//170 159//159
f 106//106 161//161 173//173
f 105//105 172//172 110//110
f 120//120 178//178 123//123
f 126//126 179//179 182//182
f 125//125 181//181 190//190
f 124//124 188//188 130//130
f 132//132 189//189 194//194
f 131//131 193//193 205//205
f 136//136 202//202 211//211
f 133//133 209//209 138//138
f 137//137 208//208 216//216
f 142//142 151//151 221//221
f 147//147 224//224 235//235
f 146//146 232//232 155//155
f 149//149 230//230 240//240
f 150//150 241//241 220//220
f 157//157 243//243 162//162
f 158//158 168//168 250//250
f 156//156 247//247 242//242
f 163//163 246//246 254//254
f 164//164 256//256 259//259
f 165//165 260//260 174//174
f 169//169 268//268 252//252
f 175//175 263//263 270//270
f 180//180 275//275 183//183
f 185//185 276//276 278//278
f 187//187 279//279 282//282
f 186//186 281//281 289//289
f 184//184 287//287 192//192
f 191//191 286//286 197//197
f 199//199 288//288 293//293
f 200//200 294//294 301//301
f 198//198 300//300 309//309
f 196//196 306//306 316//316
f 195//195 314//314 206//206
f 204//204 313//313 322//322
f 203//203 318//318 213//213
f 212//212 317//317 325//325
f 210//210 324//324 333//333
f 207//207 330//330 215//215
f 214//214 329//329 335//335
f 219//219 239//239 341//341
f 225//225 344//344 350//350
f 223//223 348//348 354//354
f 222//222 353//353 234//234
f 228//228 360//360 237//237
f 233//233 351//351 364//364
f 231//231 361//361 374//374
f 229//229 371//371 388//388
f 227//227 385//385 358//358
f 238//238 395//395 340//340
f 236//236 359//359 394//394
f 244//244 249//249 397//397
f 245//245 399//399 253//253
f 251//251 266//266 407//407
f 248//248 403//403 396//396
f 258//258 411//411 261//261
f 255//255 401//401 417//417
f 257//257 419//419 410//410
f 265//265 423//423 271//271
f 262//262 414//414 428//428
f 264//264 431//431 422//422
f 267//267 435//435 408//408
f 272//272 425//425 438//438
f 280//280 446//446 284//284
f 285//285 447//447 451//451
f 283//283 449//449 291//291
f 292//292 450//450 461//461
f 290//290 459//459 296//296
f 298//298 460//460 464//464
f 299//299 465//465 471//471
f 297//297 470//470 482//482
f 295//295 480//480 303//303
f 302//302 478//478 311//311
f 305//305 487//487 315//315
f 310//310 477//477 490//490
f 308//308 488//488 496//496
f 307//307 494//494 504//504
f 304//304 503//503 486//486
f 312//312 485//485 321//321
f 320//320 484//484 502//502
f 319//319 499//499 326//326
f 327//327 500//500 508//508
f 323//323 507//507 332//332
f 331//331 505//505 516//516
f 328//328 513//513 334//334
f 336//336 518//518 522//522
f 339//339 393//393 527//527
f 342//342 532//532 349//349
f 343//343 535//535 533//533
f 346//346 529//529 363//363
f 347//347 365//365 352//352
f 357//357 383//383 544//544
f 355//355 542//542 549//549
f 356//356 550//550 392//392
f 362//362 528//528 375//375
f 379//379 554//554 556//556
f 382//382 557//557 560//560
f 381//381 559//559 564//564
f 380//380 562//562 569//569
f 378//378 566//566 574//574
f 377//377 572//572 581//581
f 373//373 576//576 584//584
f 372//372 583//583 597//597
f 369//369 596//596 603//603
f 368//368 602//602 609//609
f 366//366 608//608 612//612
f 367//367 614//614 616//616
f 370//370 619//619 387//387
f 376//376 530//530 551//551
f 386//386 618//618 624//624
f 384//384 623//623 545//545
f 390//390 631//631 634//634
f 391//391 635//635 526//526
f 389//389 548//548 630//630
f 398//398 404//404 636//636
f 400//400 638//638 416//416
f 409//409 436//436 644//644
f 406//406 643//643 650//650
f 402//402 647//647 651//651
f 405//405 654//654 637//637
f 415//415 658//658 429//429
f 412//412 421//421 661//661
f 413//413 662//662 657//657
f 418//418 640//640 666//666
f 420//420 668//668 660//660
f 424//424 432//432 675//675
f 426//426 678//678 682//682
f 427//427 683//683 439//439
f 433//433 665//665 687//687
f 434//434 688//688 676//676
f 430//430 659//659 664//664
f 440//440 684//684 679//679
f 441//441 681//681 691//691
f 442//442 693//693 695//695
f 443//443 701//701 703//703
f 448//448 707//707 452//452
f 458//458 710//710 718//718
f 456//456 717//717 723//723
f 453//453 721//721 463//463
f 454//454 708//708 728//728
f 455//455 729//729 625//625
f 457//457 626//626 709//709
f 462//462 720//720 466//466
f 469//469 732//732 736//736
f 467//467 735//735 474//474
f 468//468 722//722 731//731
f 475//475 738//738 742//742
f 476//476 744//744 750//750
f 473//473 748//748 757//757
f 472//472 756//756 483//483
f 481//481 753//753 765//765
f 479//479 762//762 491//491
f 489//489 760//760 497//497
f 492//492 510//510 501//501
f 498//498 761//761 769//769
f 495//495 767//767 776//776
f 493//493 774//774 511//511
f 509//509 772//772 783//783
f 506//506 780//780 517//517
f 515//515 778//778 787//787
f 514//514 785//785 791//791
f 512//512 790//790 796//796
f 519//519 797//797 799//799
f 520//520 800//800 802//802
f 521//521 803//803 523//523
f 531//531 534//534 552//552
f 536//536 555//555 553//553
f 543//543 621//621 809//809
f 541//541 806//806 816//816
f 539//539 814//814 821//821
f 538//538 820//820 714//714
f 540//540 716//716 547//547
f 546//546 715//715 629//629
f 563//563 823//823 570//570
f 568//568 822//822 827//827
f 567//567 826//826 575//575
f 573//573 825//825 832//832
f 571//571 831//831 580//580
f 579//579 830//830 837//837
f 578//578 834//834 840//840
f 577//577 838//838 585//585
f 588//588 845//845 853//853
f 586//586 852//852 864//864
f 582//582 861//861 595//595
f 587//587 839//839 871//871
f 589//589 872//872 848//848
f 590//590 878//878 884//884
f 591//591 885//885 888//888
f 593//593 889//889 601//601
f 594//594 860//860 894//894
f 592//592 893//893 879//879
f 600//600 887//887 900//900
f 599//599 898//898 906//906
f 598//598 905//905 607//607
f 604//604 910//910 916//916
f 606//606 918//918 611//611
f 605//605 904//904 911//911
f 610//610 917//917 920//920
f 613//613 922//922 615//615
f 617//617 924//924 622//622
f 620//620 923//923 808//808
f 627//627 730//730 926//926
f 628//628 927//927 633//633
f 639//639 655//655 928//928
f 641//641 931//931 667//667
f 642//642 936//936 649//649
f 646//646 934//934 938//938
f 648//648 940//940 652//652
f 653//653 942//942 944//944
f 656//656 947//947 929//929
f 663//663 670//670 685//685
f 669//669 932//932 950//950
f 671//671 953//953 955//955
f 674//674 957//957 962//962
f 673//673 961//961 967//967
f 672//672 966//966 686//686
f 677//677 689//689 968//968
f 680//680 970//970 690//690
f 692//692 972//972 694//694
f 696//696 974//974 977//977
f 697//697 979//979 981//981
f 698//698 983//983 985//985
f 699//699 987//987 989//989
f 700//700 991//991 993//993
f 702//702 996//996 704//704
f 713//713 819//819 1002//1002
f 712//712 1001//1001 726//726
f 711//711 725//725 719//719
f 724//724 998//998 733//733
f 734//734 999//999 737//737
f 740//740 1000//1000 817//817
f 741//741 818//818 812//812
f 739//739 810//810 743//743
f 745//745 811//811 1003//1003
f 747//747 1004//1004 1010//1010
f 746//746 1008//1008 751//751
f 752//752 1009//1009 1017//1017
f 749//749 1016//1016 759//759
f 758//758 1014//1014 1022//1022
f 755//755 1020//1020 1025//1025
f 754//754 1024//1024 766//766
f 764//764 1023//1023 1036//1036
f 763//763 1035//1035 771//771
f 770//770 1033//1033 1045//1045
f 768//768 1043//1043 777//777
f 775//775 1042//1042 1051//1051
f 773//773 1048//1048 784//784
f 782//782 1047//1047 1056//1056
f 781//781 1053//1053 1062//1062
f 779//779 1060//1060 788//788
f 786//786 1058//1058 794//794
f 793//793 1057//1057 1064//1064
f 792//792 1063//1063 941//941
f 789//789 939//939 935//935
f 789//789 935//935 795//795
f 807//807 921//921 1073//1073
f 805//805 1071//1071 815//815
f 813//813 1069//1069 1007//1007
f 829//829 1076//1076 836//836
f 835//835 1074//1074 842//842
f 843//843 1075//1075 1078//1078
f 844//844 1079//1079 1083//1083
f 841//841 1081//1081 873//873
f 851//851 1086//1086 1091//1091
f 847//847 1089//1089 866//866
f 846//846 865//865 854//854
f 849//849 875//875 1095//1095
f 850//850 1096//1096 1085//1085
f 870//870 1099//1099 1102//1102
f 869//869 1101//1101 995//995
f 863//863 994//994 992//992
f 862//862 990//990 988//988
f 859//859 986//986 984//984
f 858//858 982//982 980//980
f 857//857 978//978 1113//1113
f 855//855 1112//1112 1115//1115
f 856//856 1117//1117 891//891
f 867//867 1090//1090 1118//1118
f 868//868 1119//1119 1098//1098
f 874//874 1082//1082 1094//1094
f 876//876 1128//1128 882//882
f 877//877 892//892 1129//1129
f 880//880 1126//1126 1133//1133
f 881//881 1134//1134 897//897
f 883//883 899//899 886//886
f 890//890 1116//1116 1127//1127
f 895//895 1132//1132 1139//1139
f 896//896 1141//1141 903//903
f 902//902 1145//1145 909//909
f 901//901 1140//1140 1144//1144
f 908//908 1143//1143 1154//1154
f 907//907 1152//1152 914//914
f 912//912 1159//1159 1070//1070
f 915//915 1072//1072 919//919
f 913//913 1150//1150 1160//1160
f 930//930 949//949 1162//1162
f 933//933 1164//1164 951//951
f 943//943 1065//1065 945//945
f 946//946 1066//1066 1167//1167
f 948//948 1170//1170 1161//1161
f 952//952 1166//1166 1174//1174
f 954//954 1176//1176 956//956
f 959//959 1104//1104 963//963
f 958//958 1178//1178 1031//1031
f 960//960 1034//1034 1105//1105
f 965//965 1106//1106 1180//1180
f 964//964 1179//1179 969//969
f 971//971 1181//1181 1183//1183
f 973//973 1185//1185 975//975
f 976//976 1186//1186 1111//1111
f 1006//1006 1068//1068 1158//1158
f 1005//1005 1155//1155 1011//1011
f 1012//1012 1156//1156 1018//1018
f 1019//1019 1157//1157 1148//1148
f 1015//1015 1146//1146 1027//1027
f 1013//1013 1026//1026 1021//1021
f 1029//1029 1188//1188 1037//1037
f 1028//1028 1147//1147 1187//1187
f 1030//1030 1177//1177 1195//1195
f 1032//1032 1196//1196 1044//1044
f 1038//1038 1189//1189 1197//1197
f 1040//1040 1198//1198 1205//1205
f 1039//1039 1204//1204 1108//1108
f 1041//1041 1194//1194 1050//1050
f 1049//1049 1193//1193 1213//1213
f 1046//1046 1210//1210 1055//1055
f 1054//1054 1209//1209 1172//1172
f 1052//1052 1169//1169 1061//1061
f 1059//1059 1168//1168 1067//1067
f 1087//1087 1215//1215 1093//1093
f 1092//1092 1214//1214 1120//1120
f 1107//1107 1184//1184 1182//1182
f 1109//1109 1207//1207 1123//1123
f 1110//1110 1124//1124 1114//1114
f 1122//1122 1206//1206 1200//1200
f 1125//1125 1203//1203 1131//1131
f 1130//1130 1202//1202 1136//1136
f 1135//1135 1201//1201 1219//1219
f 1137//1137 1220//1220 1151//1151
f 1138//1138 1153//1153 1142//1142
f 1149//1149 1217//1217 1190//1190
f 1163//1163 1171//1171 1208//1208
f 1165//1165 1211//1211 1173//1173
f 1175//1175 1212//1212 1192//1192
f 1191//1191 1218//1218 1199//1199

