# https://github.com/mikedh/trimesh
v -0.53313512 -0.88712156 0.24804285
v -0.53313512 -0.88712156 0.24804285
v -0.53313512 -0.88712156 0.24804285
v -0.53313512 -0.88712156 0.24804285
v -0.53313512 -0.88712156 0.24804285
v 0.00023879 -1.03006417 0.24804285
v 0.00023879 -1.03006417 0.24804285
v 0.00023879 -1.03006417 0.24804285
v -0.53313512 -1.02992707 0.24804285
v -0.53313512 -1.02992707 0.24804285
v -0.53313512 -1.02992707 0.24804285
v -0.53313512 -1.02992707 0.24804285
v -0.53313512 -1.11813444 0.99350759
v -0.53313512 -1.11813444 0.99350759
v -0.53313512 -1.11813444 0.99350759
v 0.00023879 -1.24424952 1.01126415
v 0.00023879 -1.24424952 1.01126415
v 0.00023879 -1.24424952 1.01126415
v 0.00023879 -1.24424952 1.01126415
v 0.00023879 -1.24424952 1.01126415
v 0.00023879 -1.23743623 0.98800230
v 0.00023879 -1.23743623 0.98800230
v 0.00023879 -1.23743623 0.98800230
v 0.00023879 -1.15713948 0.24804285
v 0.00023879 -1.15713948 0.24804285
v 0.00023879 -1.15713948 0.24804285
v 0.00023879 -1.15713948 0.24804285
v -0.45168808 -1.06682867 0.24804285
v -0.45168808 -1.06682867 0.24804285
v -0.45168808 -1.06682867 0.24804285
v -0.44944304 -1.06920654 0.25036901
v -0.44944304 -1.06920654 0.25036901
v -0.44944304 -1.06920654 0.25036901
v -0.44944304 -1.06920654 0.25036901
v -0.44944304 -1.06920654 0.25036901
v -0.44944304 -1.06920654 0.25036901
v -0.44944304 -1.06920654 0.25036901
v -0.44944304 -1.06920654 0.25036901
v -0.53313512 -1.03381377 0.25564170
v -0.53313512 -1.03381377 0.25564170
v -0.53313512 -1.03381377 0.25564170
v -0.53313512 -1.03381377 0.25564170
v -0.53313512 -1.13816291 1.02336031
v -0.53313512 -1.13816291 1.02336031
v -0.53313512 -1.13816291 1.02336031
v -0.53313512 -1.13816291 1.02336031
v -0.53313512 -1.13816291 1.02336031
v -0.53313512 -1.13816291 1.02336031
v 0.00023879 -1.25554413 1.01971596
v 0.00023879 -1.25554413 1.01971596
v 0.00023879 -1.25554413 1.01971596
v -0.02226357 -1.15713948 0.24804285
v -0.02226357 -1.15713948 0.24804285
v -0.02226357 -1.15713948 0.24804285
v 0.00023879 -1.15814561 0.24990380
v 0.00023879 -1.15814561 0.24990380
v 0.00023879 -1.15814561 0.24990380
v -0.44307348 -1.07053262 0.24804285
v -0.44307348 -1.07053262 0.24804285
v -0.44307348 -1.07053262 0.24804285
v -0.44307348 -1.07053262 0.24804285
v -0.37796801 -1.10551375 0.26797047
v -0.37796801 -1.10551375 0.26797047
v -0.37796801 -1.10551375 0.26797047
v -0.37796801 -1.10551375 0.26797047
v -0.37796801 -1.10551375 0.26797047
v -0.37796801 -1.10551375 0.26797047
v -0.37796801 -1.10551375 0.26797047
v -0.37796801 -1.10551375 0.26797047
v -0.41806504 -1.09618551 0.28099713
v -0.41806504 -1.09618551 0.28099713
v -0.41806504 -1.09618551 0.28099713
v -0.41806504 -1.09618551 0.28099713
v -0.46531478 -1.07478529 0.27797309
v -0.46531478 -1.07478529 0.27797309
v -0.46531478 -1.07478529 0.27797309
v -0.46531478 -1.07478529 0.27797309
v -0.46531478 -1.07478529 0.27797309
v -0.47909814 -1.06262177 0.26409352
v -0.47909814 -1.06262177 0.26409352
v -0.47909814 -1.06262177 0.26409352
v -0.47909814 -1.06262177 0.26409352
v -0.47909814 -1.06262177 0.26409352
v -0.47909814 -1.06262177 0.26409352
v -0.47909814 -1.06262177 0.26409352
v -0.53313512 -1.03404254 0.25610694
v -0.53313512 -1.03404254 0.25610694
v -0.53313512 -1.03404254 0.25610694
v -0.53313512 -1.17821974 1.03917837
v -0.53313512 -1.17821974 1.03917837
v -0.53313512 -1.17821974 1.03917837
v -0.53313512 -1.17821974 1.03917837
v -0.53313512 -1.17821974 1.03917837
v -0.53313512 -1.17821974 1.03917837
v -0.51136369 -1.17821974 1.03863561
v -0.51136369 -1.17821974 1.03863561
v -0.51136369 -1.17821974 1.03863561
v -0.51136369 -1.17821974 1.03863561
v 0.00023879 -1.26711303 1.02832282
v 0.00023879 -1.26711303 1.02832282
v 0.00023879 -1.26711303 1.02832282
v 0.00023879 -1.26711303 1.02832282
v -0.02612707 -1.15704805 0.24804285
v -0.02612707 -1.15704805 0.24804285
v -0.02612707 -1.15704805 0.24804285
v -0.02612707 -1.15704805 0.24804285
v -0.02226357 -1.15814561 0.24990380
v -0.02226357 -1.15814561 0.24990380
v -0.02226357 -1.15814561 0.24990380
v -0.02226357 -1.15814561 0.24990380
v -0.02226357 -1.15814561 0.24990380
v -0.02226357 -1.15814561 0.24990380
v -0.02226357 -1.15814561 0.24990380
v 0.00023879 -1.16404432 0.26339567
v 0.00023879 -1.16404432 0.26339567
v 0.00023879 -1.16404432 0.26339567
v -0.41044244 -1.08310753 0.24804285
v -0.41044244 -1.08310753 0.24804285
v -0.41044244 -1.08310753 0.24804285
v -0.37984756 -1.09426492 0.24804285
v -0.37984756 -1.09426492 0.24804285
v -0.37984756 -1.09426492 0.24804285
v -0.37984756 -1.09426492 0.24804285
v -0.34987921 -1.11004072 0.25773528
v -0.34987921 -1.11004072 0.25773528
v -0.34987921 -1.11004072 0.25773528
v -0.34987921 -1.11004072 0.25773528
v -0.34987921 -1.11004072 0.25773528
v -0.34987921 -1.11004072 0.25773528
v -0.34987921 -1.11004072 0.25773528
v -0.34987921 -1.11004072 0.25773528
v -0.37796801 -1.11520785 0.29022434
v -0.37796801 -1.11520785 0.29022434
v -0.37796801 -1.11520785 0.29022434
v -0.37796801 -1.11520785 0.29022434
v -0.37796801 -1.11520785 0.29022434
v -0.37796801 -1.11520785 0.29022434
v -0.40031376 -1.11159545 0.29875369
v -0.40031376 -1.11159545 0.29875369
v -0.40031376 -1.11159545 0.29875369
v -0.40031376 -1.11159545 0.29875369
v -0.40031376 -1.11159545 0.29875369
v -0.40031376 -1.11159545 0.29875369
v -0.40031376 -1.11159545 0.29875369
v -0.40031376 -1.11159545 0.29875369
v -0.40031376 -1.11159545 0.29875369
v -0.49418673 -1.06929797 0.29371363
v -0.49418673 -1.06929797 0.29371363
v -0.49418673 -1.06929797 0.29371363
v -0.49418673 -1.06929797 0.29371363
v -0.49418673 -1.06929797 0.29371363
v -0.49418673 -1.06929797 0.29371363
v -0.49418673 -1.06929797 0.29371363
v -0.49418673 -1.06929797 0.29371363
v -0.49418673 -1.06929797 0.29371363
v -0.49418673 -1.06929797 0.29371363
v -0.50995409 -1.05498546 0.27797309
v -0.50995409 -1.05498546 0.27797309
v -0.50995409 -1.05498546 0.27797309
v -0.53313512 -1.04401094 0.27719770
v -0.53313512 -1.04401094 0.27719770
v -0.53313512 -1.04401094 0.27719770
v -0.53313512 -1.04401094 0.27719770
v -0.53313512 -1.04401094 0.27719770
v -0.53313512 -1.22102028 1.02591908
v -0.53313512 -1.22102028 1.02591908
v -0.53313512 -1.22102028 1.02591908
v -0.53313512 -1.22102028 1.02591908
v -0.53313512 -1.22102028 1.02591908
v -0.53313512 -1.22102028 1.02591908
v -0.46693328 -1.22266632 1.03902328
v -0.46693328 -1.22266632 1.03902328
v -0.46693328 -1.22266632 1.03902328
v -0.46693328 -1.22266632 1.03902328
v -0.46693328 -1.22266632 1.03902328
v -0.46693328 -1.22266632 1.03902328
v -0.46693328 -1.22266632 1.03902328
v -0.28905496 -1.26711303 1.04018641
v -0.28905496 -1.26711303 1.04018641
v -0.28905496 -1.26711303 1.04018641
v -0.28905496 -1.26711303 1.04018641
v -0.28905496 -1.26711303 1.04018641
v -0.28905496 -1.26711303 1.04018641
v -0.28905496 -1.26711303 1.04018641
v 0.00023879 -1.31160539 1.03964365
v 0.00023879 -1.31160539 1.03964365
v 0.00023879 -1.31160539 1.03964365
v 0.00023879 -1.31160539 1.03964365
v 0.00023879 -1.31160539 1.03964365
v 0.00023879 -1.31160539 1.03964365
v -0.06674620 -1.15590495 0.24804285
v -0.06674620 -1.15590495 0.24804285
v -0.06674620 -1.15590495 0.24804285
v -0.06674620 -1.15590495 0.24804285
v -0.06674620 -1.15755111 0.25106689
v -0.06674620 -1.15755111 0.25106689
v -0.06674620 -1.15755111 0.25106689
v -0.06674620 -1.15755111 0.25106689
v -0.06674620 -1.15755111 0.25106689
v -0.06674620 -1.15755111 0.25106689
v -0.02226357 -1.16980594 0.27657740
v -0.02226357 -1.16980594 0.27657740
v -0.02226357 -1.16980594 0.27657740
v -0.02226357 -1.16980594 0.27657740
v -0.02226357 -1.16980594 0.27657740
v 0.00023879 -1.16980594 0.27657740
v 0.00023879 -1.16980594 0.27657740
v 0.00023879 -1.16980594 0.27657740
v 0.00023879 -1.16980594 0.27657740
v -0.36021674 -1.10121542 0.24804285
v -0.36021674 -1.10121542 0.24804285
v -0.36021674 -1.10121542 0.24804285
v -0.34361407 -1.10638255 0.24804285
v -0.34361407 -1.10638255 0.24804285
v -0.34361407 -1.10638255 0.24804285
v -0.32184261 -1.11237282 0.24804285
v -0.32184261 -1.11237282 0.24804285
v -0.32184261 -1.11237282 0.24804285
v -0.32184261 -1.11237282 0.24804285
v -0.32022414 -1.11383611 0.24990380
v -0.32022414 -1.11383611 0.24990380
v -0.32022414 -1.11383611 0.24990380
v -0.32022414 -1.11383611 0.24990380
v -0.32022414 -1.11383611 0.24990380
v -0.32022414 -1.11383611 0.24990380
v -0.32022414 -1.11383611 0.24990380
v -0.33442512 -1.12096959 0.27417366
v -0.33442512 -1.12096959 0.27417366
v -0.33442512 -1.12096959 0.27417366
v -0.33442512 -1.12096959 0.27417366
v -0.33442512 -1.12096959 0.27417366
v -0.33348539 -1.13980907 0.32108507
v -0.33348539 -1.13980907 0.32108507
v -0.33348539 -1.13980907 0.32108507
v -0.33348539 -1.13980907 0.32108507
v -0.33348539 -1.13980907 0.32108507
v -0.33348539 -1.13980907 0.32108507
v -0.33348539 -1.13980907 0.32108507
v -0.33348539 -1.13980907 0.32108507
v -0.37796801 -1.12727982 0.32108507
v -0.37796801 -1.12727982 0.32108507
v -0.37796801 -1.12727982 0.32108507
v -0.37796801 -1.12727982 0.32108507
v -0.37796801 -1.12727982 0.32108507
v -0.38663480 -1.15210956 0.39939994
v -0.38663480 -1.15210956 0.39939994
v -0.38663480 -1.15210956 0.39939994
v -0.38663480 -1.15210956 0.39939994
v -0.38663480 -1.15210956 0.39939994
v -0.38663480 -1.15210956 0.39939994
v -0.40255877 -1.15695661 0.42902005
v -0.40255877 -1.15695661 0.42902005
v -0.40255877 -1.15695661 0.42902005
v -0.40255877 -1.15695661 0.42902005
v -0.40255877 -1.15695661 0.42902005
v -0.40255877 -1.15695661 0.42902005
v -0.40255877 -1.15695661 0.42902005
v -0.40255877 -1.15695661 0.42902005
v -0.40255877 -1.15695661 0.42902005
v -0.40255877 -1.15695661 0.42902005
v -0.40255877 -1.15695661 0.42902005
v -0.40255877 -1.15695661 0.42902005
v -0.40255877 -1.15695661 0.42902005
v -0.40255877 -1.15695661 0.42902005
v -0.40255877 -1.15695661 0.42902005
v -0.41018137 -1.11593944 0.32108507
v -0.41018137 -1.11593944 0.32108507
v -0.41018137 -1.11593944 0.32108507
v -0.41018137 -1.11593944 0.32108507
v -0.41018137 -1.11593944 0.32108507
v -0.41018137 -1.11593944 0.32108507
v -0.46693328 -1.09152132 0.32108507
v -0.46693328 -1.09152132 0.32108507
v -0.46693328 -1.09152132 0.32108507
v -0.46693328 -1.09152132 0.32108507
v -0.50995409 -1.07387060 0.32341124
v -0.50995409 -1.07387060 0.32341124
v -0.50995409 -1.07387060 0.32341124
v -0.50995409 -1.07387060 0.32341124
v -0.50995409 -1.07387060 0.32341124
v -0.52384180 -1.06262177 0.31015199
v -0.52384180 -1.06262177 0.31015199
v -0.52384180 -1.06262177 0.31015199
v -0.52384180 -1.06262177 0.31015199
v -0.52384180 -1.06262177 0.31015199
v -0.53313512 -1.05411667 0.30045953
v -0.53313512 -1.05411667 0.30045953
v -0.53313512 -1.05411667 0.30045953
v -0.53313512 -1.05411667 0.30045953
v -0.50066072 -1.24996537 1.01669192
v -0.50066072 -1.24996537 1.01669192
v -0.50066072 -1.24996537 1.01669192
v -0.50066072 -1.24996537 1.01669192
v -0.50066072 -1.24996537 1.01669192
v -0.50066072 -1.24996537 1.01669192
v -0.50066072 -1.24996537 1.01669192
v -0.46693328 -1.25687021 1.02266246
v -0.46693328 -1.25687021 1.02266246
v -0.46693328 -1.25687021 1.02266246
v -0.46693328 -1.25687021 1.02266246
v -0.46693328 -1.25687021 1.02266246
v -0.46693328 -1.25687021 1.02266246
v -0.46693328 -1.25687021 1.02266246
v -0.46693328 -1.25687021 1.02266246
v -0.51381755 -1.22614163 1.02754748
v -0.51381755 -1.22614163 1.02754748
v -0.51381755 -1.22614163 1.02754748
v -0.53313512 -1.24104863 0.98800230
v -0.53313512 -1.24104863 0.98800230
v -0.53313512 -1.24104863 0.98800230
v -0.53313512 -1.24104863 0.98800230
v -0.53313512 -1.24104863 0.98800230
v -0.33348539 -1.26711303 1.03762764
v -0.33348539 -1.26711303 1.03762764
v -0.33348539 -1.26711303 1.03762764
v -0.33348539 -1.26711303 1.03762764
v -0.33348539 -1.26711303 1.03762764
v -0.33348539 -1.26711303 1.03762764
v -0.37796801 -1.26711303 1.03196716
v -0.37796801 -1.26711303 1.03196716
v -0.37796801 -1.26711303 1.03196716
v -0.37796801 -1.26711303 1.03196716
v -0.37796801 -1.26711303 1.03196716
v -0.02226357 -1.31160539 1.03964365
v -0.02226357 -1.31160539 1.03964365
v -0.02226357 -1.31160539 1.03964365
v -0.02226357 -1.31160539 1.03964365
v -0.02226357 -1.31160539 1.03964365
v -0.11122883 -1.31160539 1.03786021
v -0.11122883 -1.31160539 1.03786021
v -0.11122883 -1.31160539 1.03786021
v -0.11122883 -1.31160539 1.03786021
v -0.11122883 -1.31160539 1.03786021
v -0.11122883 -1.31160539 1.03786021
v -0.06674620 -1.31160539 1.03902328
v -0.06674620 -1.31160539 1.03902328
v -0.06674620 -1.31160539 1.03902328
v -0.06674620 -1.31160539 1.03902328
v -0.06674620 -1.31160539 1.03902328
v 0.00023879 -1.32738131 1.03119183
v 0.00023879 -1.32738131 1.03119183
v 0.00023879 -1.32738131 1.03119183
v 0.00023879 -1.32738131 1.03119183
v -0.10115237 -1.15380150 0.24804285
v -0.10115237 -1.15380150 0.24804285
v -0.10115237 -1.15380150 0.24804285
v -0.09723663 -1.15677375 0.25269523
v -0.09723663 -1.15677375 0.25269523
v -0.09723663 -1.15677375 0.25269523
v -0.09723663 -1.15677375 0.25269523
v -0.09723663 -1.15677375 0.25269523
v -0.09723663 -1.15677375 0.25269523
v -0.09723663 -1.15677375 0.25269523
v -0.06674620 -1.16861707 0.27657740
v -0.06674620 -1.16861707 0.27657740
v -0.06674620 -1.16861707 0.27657740
v -0.06674620 -1.16861707 0.27657740
v -0.06674620 -1.16861707 0.27657740
v -0.06674620 -1.16861707 0.27657740
v -0.02226357 -1.18681639 0.32108507
v -0.02226357 -1.18681639 0.32108507
v -0.02226357 -1.18681639 0.32108507
v -0.02226357 -1.18681639 0.32108507
v -0.02226357 -1.18681639 0.32108507
v -0.02226357 -1.18681639 0.32108507
v -0.02226357 -1.18681639 0.32108507
v 0.00023879 -1.18677074 0.32108507
v 0.00023879 -1.18677074 0.32108507
v 0.00023879 -1.18677074 0.32108507
v -0.31171393 -1.11479634 0.24804285
v -0.31171393 -1.11479634 0.24804285
v -0.31171393 -1.11479634 0.24804285
v -0.20014189 -1.14922887 0.27029669
v -0.20014189 -1.14922887 0.27029669
v -0.20014189 -1.14922887 0.27029669
v -0.20014189 -1.14922887 0.27029669
v -0.20014189 -1.14922887 0.27029669
v -0.20014189 -1.14922887 0.27029669
v -0.20014189 -1.14922887 0.27029669
v -0.20014189 -1.14922887 0.27029669
v -0.20014189 -1.14922887 0.27029669
v -0.28905496 -1.13272136 0.27657740
v -0.28905496 -1.13272136 0.27657740
v -0.28905496 -1.13272136 0.27657740
v -0.28905496 -1.13272136 0.27657740
v -0.28905496 -1.13272136 0.27657740
v -0.28905496 -1.13272136 0.27657740
v -0.28905496 -1.13272136 0.27657740
v -0.28905496 -1.13272136 0.27657740
v -0.28905496 -1.11968905 0.24804285
v -0.28905496 -1.11968905 0.24804285
v -0.28905496 -1.11968905 0.24804285
v -0.28905496 -1.11968905 0.24804285
v -0.29109114 -1.14991468 0.32155031
v -0.29109114 -1.14991468 0.32155031
v -0.29109114 -1.14991468 0.32155031
v -0.29109114 -1.14991468 0.32155031
v -0.29109114 -1.14991468 0.32155031
v -0.30732831 -1.15512758 0.34589769
v -0.30732831 -1.15512758 0.34589769
v -0.30732831 -1.15512758 0.34589769
v -0.30732831 -1.15512758 0.34589769
v -0.30732831 -1.15512758 0.34589769
v -0.30732831 -1.15512758 0.34589769
v -0.30732831 -1.15512758 0.34589769
v -0.30732831 -1.15512758 0.34589769
v -0.30732831 -1.15512758 0.34589769
v -0.33348539 -1.15192670 0.35559013
v -0.33348539 -1.15192670 0.35559013
v -0.33348539 -1.15192670 0.35559013
v -0.33348539 -1.15192670 0.35559013
v -0.33348539 -1.15192670 0.35559013
v -0.37426114 -1.14552492 0.36931463
v -0.37426114 -1.14552492 0.36931463
v -0.37426114 -1.14552492 0.36931463
v -0.37426114 -1.14552492 0.36931463
v -0.37426114 -1.14552492 0.36931463
v -0.35697973 -1.15631646 0.38676102
v -0.35697973 -1.15631646 0.38676102
v -0.35697973 -1.15631646 0.38676102
v -0.35697973 -1.15631646 0.38676102
v -0.35697973 -1.15631646 0.38676102
v -0.35697973 -1.15631646 0.38676102
v -0.37426114 -1.15965456 0.41250412
v -0.37426114 -1.15965456 0.41250412
v -0.37426114 -1.15965456 0.41250412
v -0.37426114 -1.15965456 0.41250412
v -0.37426114 -1.15965456 0.41250412
v -0.37426114 -1.15965456 0.41250412
v -0.37796801 -1.17094904 0.45445300
v -0.37796801 -1.17094904 0.45445300
v -0.37796801 -1.17094904 0.45445300
v -0.37796801 -1.17094904 0.45445300
v -0.37796801 -1.17094904 0.45445300
v -0.37796801 -1.18329543 0.49896067
v -0.37796801 -1.18329543 0.49896067
v -0.37796801 -1.18329543 0.49896067
v -0.37796801 -1.18329543 0.49896067
v -0.37796801 -1.18329543 0.49896067
v -0.37796801 -1.18329543 0.49896067
v -0.37796801 -1.18329543 0.49896067
v -0.39368311 -1.19870538 0.57246811
v -0.39368311 -1.19870538 0.57246811
v -0.39368311 -1.19870538 0.57246811
v -0.39368311 -1.19870538 0.57246811
v -0.39368311 -1.19870538 0.57246811
v -0.39368311 -1.19870538 0.57246811
v -0.39368311 -1.19870538 0.57246811
v -0.39368311 -1.19870538 0.57246811
v -0.39368311 -1.19870538 0.57246811
v -0.41138217 -1.16066056 0.45445300
v -0.41138217 -1.16066056 0.45445300
v -0.41138217 -1.16066056 0.45445300
v -0.41138217 -1.16066056 0.45445300
v -0.41138217 -1.16066056 0.45445300
v -0.41138217 -1.16066056 0.45445300
v -0.41138217 -1.16066056 0.45445300
v -0.44239476 -1.15499038 0.48011857
v -0.44239476 -1.15499038 0.48011857
v -0.44239476 -1.15499038 0.48011857
v -0.44239476 -1.15499038 0.48011857
v -0.44239476 -1.15499038 0.48011857
v -0.44239476 -1.15499038 0.48011857
v -0.44239476 -1.15499038 0.48011857
v -0.43362352 -1.15110368 0.45445300
v -0.43362352 -1.15110368 0.45445300
v -0.43362352 -1.15110368 0.45445300
v -0.46693328 -1.13651663 0.45445300
v -0.46693328 -1.13651663 0.45445300
v -0.46693328 -1.13651663 0.45445300
v -0.46693328 -1.13651663 0.45445300
v -0.51078939 -1.11813444 0.45732197
v -0.51078939 -1.11813444 0.45732197
v -0.51078939 -1.11813444 0.45732197
v -0.51078939 -1.11813444 0.45732197
v -0.51078939 -1.11813444 0.45732197
v -0.51078939 -1.11813444 0.45732197
v -0.51078939 -1.11813444 0.45732197
v -0.51078939 -1.11813444 0.45732197
v -0.49554417 -1.11438483 0.42359227
v -0.49554417 -1.11438483 0.42359227
v -0.49554417 -1.11438483 0.42359227
v -0.49554417 -1.11438483 0.42359227
v -0.49554417 -1.11438483 0.42359227
v -0.49554417 -1.11438483 0.42359227
v -0.49554417 -1.11438483 0.42359227
v -0.41942248 -1.14415318 0.41250412
v -0.41942248 -1.14415318 0.41250412
v -0.41942248 -1.14415318 0.41250412
v -0.41942248 -1.14415318 0.41250412
v -0.41942248 -1.14415318 0.41250412
v -0.41942248 -1.14415318 0.41250412
v -0.42589647 -1.12421614 0.36233608
v -0.42589647 -1.12421614 0.36233608
v -0.42589647 -1.12421614 0.36233608
v -0.42589647 -1.12421614 0.36233608
v -0.42589647 -1.12421614 0.36233608
v -0.42589647 -1.12421614 0.36233608
v -0.42589647 -1.12421614 0.36233608
v -0.44302124 -1.11081809 0.34535493
v -0.44302124 -1.11081809 0.34535493
v -0.44302124 -1.11081809 0.34535493
v -0.44302124 -1.11081809 0.34535493
v -0.44302124 -1.11081809 0.34535493
v -0.53313512 -1.06911510 0.33767852
v -0.53313512 -1.06911510 0.33767852
v -0.53313512 -1.06911510 0.33767852
v -0.53313512 -1.06911510 0.33767852
v -0.53313512 -1.06911510 0.33767852
v -0.53313512 -1.06911510 0.33767852
v -0.53313512 -1.05996960 0.31433912
v -0.53313512 -1.05996960 0.31433912
v -0.53313512 -1.05996960 0.31433912
v -0.40271538 -1.29006797 1.01134166
v -0.40271538 -1.29006797 1.01134166
v -0.40271538 -1.29006797 1.01134166
v -0.40271538 -1.29006797 1.01134166
v -0.40271538 -1.29006797 1.01134166
v -0.40271538 -1.29006797 1.01134166
v -0.40271538 -1.29006797 1.01134166
v -0.40271538 -1.29006797 1.01134166
v -0.40271538 -1.29006797 1.01134166
v -0.52921939 -1.24283201 0.98800230
v -0.52921939 -1.24283201 0.98800230
v -0.52921939 -1.24283201 0.98800230
v -0.52921939 -1.24283201 0.98800230
v -0.50697809 -1.25275475 0.98800230
v -0.50697809 -1.25275475 0.98800230
v -0.50697809 -1.25275475 0.98800230
v -0.50697809 -1.25275475 0.98800230
v -0.46693328 -1.26971942 0.98800230
v -0.46693328 -1.26971942 0.98800230
v -0.46693328 -1.26971942 0.98800230
v -0.46693328 -1.26971942 0.98800230
v -0.46693328 -1.26971942 0.98800230
v -0.46693328 -1.26971942 0.98800230
v -0.37796801 -1.29322320 1.01537371
v -0.37796801 -1.29322320 1.01537371
v -0.37796801 -1.29322320 1.01537371
v -0.37796801 -1.29322320 1.01537371
v -0.33348539 -1.29866475 1.02134424
v -0.33348539 -1.29866475 1.02134424
v -0.33348539 -1.29866475 1.02134424
v -0.33348539 -1.29866475 1.02134424
v -0.33348539 -1.29866475 1.02134424
v -0.33348539 -1.29866475 1.02134424
v -0.53313512 -1.23972255 0.98148897
v -0.53313512 -1.23972255 0.98148897
v -0.53313512 -1.23972255 0.98148897
v -0.50144386 -1.25028545 0.95357475
v -0.50144386 -1.25028545 0.95357475
v -0.50144386 -1.25028545 0.95357475
v -0.50144386 -1.25028545 0.95357475
v -0.50144386 -1.25028545 0.95357475
v -0.50144386 -1.25028545 0.95357475
v -0.50144386 -1.25028545 0.95357475
v -0.50144386 -1.25028545 0.95357475
v -0.50144386 -1.25028545 0.95357475
v -0.50144386 -1.25028545 0.95357475
v -0.50144386 -1.25028545 0.95357475
v -0.50144386 -1.25028545 0.95357475
v -0.15565926 -1.31160539 1.03506875
v -0.15565926 -1.31160539 1.03506875
v -0.15565926 -1.31160539 1.03506875
v -0.15565926 -1.31160539 1.03506875
v -0.15565926 -1.31160539 1.03506875
v -0.15565926 -1.31160539 1.03506875
v -0.28905496 -1.30383188 1.02483356
v -0.28905496 -1.30383188 1.02483356
v -0.28905496 -1.30383188 1.02483356
v -0.28905496 -1.30383188 1.02483356
v -0.28905496 -1.30383188 1.02483356
v -0.28905496 -1.30383188 1.02483356
v -0.28905496 -1.30383188 1.02483356
v -0.02226357 -1.34356862 1.02250743
v -0.02226357 -1.34356862 1.02250743
v -0.02226357 -1.34356862 1.02250743
v -0.02226357 -1.34356862 1.02250743
v -0.02226357 -1.34356862 1.02250743
v -0.02226357 -1.34356862 1.02250743
v -0.02226357 -1.34356862 1.02250743
v -0.11122883 -1.34192234 1.02064645
v -0.11122883 -1.34192234 1.02064645
v -0.11122883 -1.34192234 1.02064645
v -0.11122883 -1.34192234 1.02064645
v -0.11122883 -1.34192234 1.02064645
v -0.11122883 -1.34192234 1.02064645
v -0.06674620 -1.34301978 1.02188706
v -0.06674620 -1.34301978 1.02188706
v -0.06674620 -1.34301978 1.02188706
v -0.06674620 -1.34301978 1.02188706
v -0.06674620 -1.34301978 1.02188706
v -0.06674620 -1.34301978 1.02188706
v 0.00023879 -1.34356862 1.02250743
v 0.00023879 -1.34356862 1.02250743
v 0.00023879 -1.34356862 1.02250743
v -0.12104425 -1.15165240 0.24804285
v -0.12104425 -1.15165240 0.24804285
v -0.12104425 -1.15165240 0.24804285
v -0.12104425 -1.15165240 0.24804285
v -0.12683952 -1.15531045 0.25587434
v -0.12683952 -1.15531045 0.25587434
v -0.12683952 -1.15531045 0.25587434
v -0.12683952 -1.15531045 0.25587434
v -0.12683952 -1.15531045 0.25587434
v -0.12683952 -1.15531045 0.25587434
v -0.11169872 -1.16390711 0.27308811
v -0.11169872 -1.16390711 0.27308811
v -0.11169872 -1.16390711 0.27308811
v -0.11169872 -1.16390711 0.27308811
v -0.11169872 -1.16390711 0.27308811
v -0.06674620 -1.18562752 0.32108507
v -0.06674620 -1.18562752 0.32108507
v -0.06674620 -1.18562752 0.32108507
v -0.06674620 -1.18562752 0.32108507
v -0.06674620 -1.18562752 0.32108507
v -0.11122883 -1.18256384 0.32108507
v -0.11122883 -1.18256384 0.32108507
v -0.11122883 -1.18256384 0.32108507
v -0.11122883 -1.18256384 0.32108507
v -0.11122883 -1.18256384 0.32108507
v -0.11122883 -1.18256384 0.32108507
v -0.11122883 -1.18256384 0.32108507
v 0.00023879 -1.19212073 0.33767852
v 0.00023879 -1.19212073 0.33767852
v 0.00023879 -1.19212073 0.33767852
v 0.00023879 -1.19212073 0.33767852
v -0.02226357 -1.19733363 0.35388428
v -0.02226357 -1.19733363 0.35388428
v -0.02226357 -1.19733363 0.35388428
v -0.02226357 -1.19733363 0.35388428
v -0.02226357 -1.19733363 0.35388428
v -0.02226357 -1.19733363 0.35388428
v -0.02226357 -1.19733363 0.35388428
v -0.02226357 -1.19733363 0.35388428
v -0.06674620 -1.19683057 0.35551259
v -0.06674620 -1.19683057 0.35551259
v -0.06674620 -1.19683057 0.35551259
v -0.06674620 -1.19683057 0.35551259
v -0.06674620 -1.19683057 0.35551259
v -0.06674620 -1.19683057 0.35551259
v -0.20014189 -1.13793427 0.24804285
v -0.20014189 -1.13793427 0.24804285
v -0.20014189 -1.13793427 0.24804285
v -0.17529009 -1.14296418 0.24804285
v -0.17529009 -1.14296418 0.24804285
v -0.17529009 -1.14296418 0.24804285
v -0.17529009 -1.14296418 0.24804285
v -0.15565926 -1.15329844 0.26068178
v -0.15565926 -1.15329844 0.26068178
v -0.15565926 -1.15329844 0.26068178
v -0.15565926 -1.15329844 0.26068178
v -0.15565926 -1.15329844 0.26068178
v -0.15565926 -1.15329844 0.26068178
v -0.15565926 -1.15329844 0.26068178
v -0.20014189 -1.15851146 0.29255052
v -0.20014189 -1.15851146 0.29255052
v -0.20014189 -1.15851146 0.29255052
v -0.20014189 -1.15851146 0.29255052
v -0.20014189 -1.15851146 0.29255052
v -0.20014189 -1.15851146 0.29255052
v -0.22321858 -1.15613359 0.29836598
v -0.22321858 -1.15613359 0.29836598
v -0.22321858 -1.15613359 0.29836598
v -0.22321858 -1.15613359 0.29836598
v -0.22321858 -1.15613359 0.29836598
v -0.22321858 -1.15613359 0.29836598
v -0.22321858 -1.15613359 0.29836598
v -0.24065660 -1.14497620 0.28076451
v -0.24065660 -1.14497620 0.28076451
v -0.24065660 -1.14497620 0.28076451
v -0.25287366 -1.15297848 0.30705042
v -0.25287366 -1.15297848 0.30705042
v -0.25287366 -1.15297848 0.30705042
v -0.25287366 -1.15297848 0.30705042
v -0.25287366 -1.15297848 0.30705042
v -0.27767324 -1.15828270 0.33674803
v -0.27767324 -1.15828270 0.33674803
v -0.27767324 -1.15828270 0.33674803
v -0.27767324 -1.15828270 0.33674803
v -0.27767324 -1.15828270 0.33674803
v -0.20014189 -1.18434709 0.36551519
v -0.20014189 -1.18434709 0.36551519
v -0.20014189 -1.18434709 0.36551519
v -0.20014189 -1.18434709 0.36551519
v -0.20014189 -1.18434709 0.36551519
v -0.20014189 -1.18434709 0.36551519
v -0.20014189 -1.18434709 0.36551519
v -0.20014189 -1.18434709 0.36551519
v -0.24462453 -1.17492741 0.36551519
v -0.24462453 -1.17492741 0.36551519
v -0.24462453 -1.17492741 0.36551519
v -0.24462453 -1.17492741 0.36551519
v -0.24462453 -1.17492741 0.36551519
v -0.29109114 -1.16399854 0.36264622
v -0.29109114 -1.16399854 0.36264622
v -0.29109114 -1.16399854 0.36264622
v -0.29109114 -1.16399854 0.36264622
v -0.28905496 -1.17922574 0.41002287
v -0.28905496 -1.17922574 0.41002287
v -0.28905496 -1.17922574 0.41002287
v -0.28905496 -1.17922574 0.41002287
v -0.28905496 -1.17922574 0.41002287
v -0.28905496 -1.17922574 0.41002287
v -0.28905496 -1.17922574 0.41002287
v -0.33348539 -1.15915161 0.37784398
v -0.33348539 -1.15915161 0.37784398
v -0.33348539 -1.15915161 0.37784398
v -0.33348539 -1.15915161 0.37784398
v -0.33348539 -1.15915161 0.37784398
v -0.33348539 -1.16898280 0.41002287
v -0.33348539 -1.16898280 0.41002287
v -0.33348539 -1.16898280 0.41002287
v -0.33348539 -1.16898280 0.41002287
v -0.33348539 -1.16898280 0.41002287
v -0.33348539 -1.16898280 0.41002287
v -0.33348539 -1.18196934 0.45445300
v -0.33348539 -1.18196934 0.45445300
v -0.33348539 -1.18196934 0.45445300
v -0.33348539 -1.18196934 0.45445300
v -0.33348539 -1.18196934 0.45445300
v -0.33348539 -1.18196934 0.45445300
v -0.33364198 -1.19449848 0.49927083
v -0.33364198 -1.19449848 0.49927083
v -0.33364198 -1.19449848 0.49927083
v -0.33364198 -1.19449848 0.49927083
v -0.33364198 -1.19449848 0.49927083
v -0.33364198 -1.19449848 0.49927083
v -0.34857398 -1.19865972 0.52788291
v -0.34857398 -1.19865972 0.52788291
v -0.34857398 -1.19865972 0.52788291
v -0.34857398 -1.19865972 0.52788291
v -0.34857398 -1.19865972 0.52788291
v -0.36402801 -1.20259219 0.55750299
v -0.36402801 -1.20259219 0.55750299
v -0.36402801 -1.20259219 0.55750299
v -0.36402801 -1.20259219 0.55750299
v -0.36402801 -1.20259219 0.55750299
v -0.36402801 -1.20259219 0.55750299
v -0.36402801 -1.20259219 0.55750299
v -0.37849012 -1.19491011 0.54292557
v -0.37849012 -1.19491011 0.54292557
v -0.37849012 -1.19491011 0.54292557
v -0.37849012 -1.20647901 0.58751078
v -0.37849012 -1.20647901 0.58751078
v -0.37849012 -1.20647901 0.58751078
v -0.37849012 -1.20647901 0.58751078
v -0.37796801 -1.21763641 0.63232861
v -0.37796801 -1.21763641 0.63232861
v -0.37796801 -1.21763641 0.63232861
v -0.37796801 -1.21763641 0.63232861
v -0.37796801 -1.21763641 0.63232861
v -0.40459493 -1.29061669 0.96287948
v -0.40459493 -1.29061669 0.96287948
v -0.40459493 -1.29061669 0.96287948
v -0.40459493 -1.29061669 0.96287948
v -0.40459493 -1.29061669 0.96287948
v -0.40459493 -1.29061669 0.96287948
v -0.40459493 -1.29061669 0.96287948
v -0.40459493 -1.29061669 0.96287948
v -0.40459493 -1.29061669 0.96287948
v -0.40459493 -1.29061669 0.96287948
v -0.40459493 -1.29061669 0.96287948
v -0.40459493 -1.29061669 0.96287948
v -0.40553471 -1.20245510 0.60208821
v -0.40553471 -1.20245510 0.60208821
v -0.40553471 -1.20245510 0.60208821
v -0.40553471 -1.20245510 0.60208821
v -0.40553471 -1.20245510 0.60208821
v -0.40553471 -1.20245510 0.60208821
v -0.40553471 -1.20245510 0.60208821
v -0.42245066 -1.18059748 0.54339080
v -0.42245066 -1.18059748 0.54339080
v -0.42245066 -1.18059748 0.54339080
v -0.42245066 -1.18059748 0.54339080
v -0.42245066 -1.18059748 0.54339080
v -0.42245066 -1.18059748 0.54339080
v -0.42245066 -1.18059748 0.54339080
v -0.42245066 -1.18059748 0.54339080
v -0.42553103 -1.16660506 0.49647940
v -0.42553103 -1.16660506 0.49647940
v -0.42553103 -1.16660506 0.49647940
v -0.45241898 -1.15924305 0.50973866
v -0.45241898 -1.15924305 0.50973866
v -0.45241898 -1.15924305 0.50973866
v -0.45241898 -1.15924305 0.50973866
v -0.45241898 -1.15924305 0.50973866
v -0.45241898 -1.15924305 0.50973866
v -0.45241898 -1.15924305 0.50973866
v -0.46708992 -1.14904588 0.49647940
v -0.46708992 -1.14904588 0.49647940
v -0.46708992 -1.14904588 0.49647940
v -0.46708992 -1.14904588 0.49647940
v -0.46708992 -1.14904588 0.49647940
v -0.46708992 -1.14904588 0.49647940
v -0.53313512 -1.11401898 0.47639667
v -0.53313512 -1.11401898 0.47639667
v -0.53313512 -1.11401898 0.47639667
v -0.53313512 -1.11401898 0.47639667
v -0.53313512 -1.11401898 0.47639667
v -0.53313512 -1.11287588 0.47259724
v -0.53313512 -1.11287588 0.47259724
v -0.53313512 -1.11287588 0.47259724
v -0.53313512 -1.11287588 0.47259724
v -0.52519923 -1.10780007 0.44445039
v -0.52519923 -1.10780007 0.44445039
v -0.52519923 -1.10780007 0.44445039
v -0.52519923 -1.10780007 0.44445039
v -0.52519923 -1.10780007 0.44445039
v -0.53313512 -1.09261876 0.40792929
v -0.53313512 -1.09261876 0.40792929
v -0.53313512 -1.09261876 0.40792929
v -0.53313512 -1.09261876 0.40792929
v -0.51078939 -1.10299879 0.40924746
v -0.51078939 -1.10299879 0.40924746
v -0.51078939 -1.10299879 0.40924746
v -0.51078939 -1.10299879 0.40924746
v -0.51078939 -1.10299879 0.40924746
v -0.51078939 -1.10299879 0.40924746
v -0.53313512 -1.10148972 0.43568844
v -0.53313512 -1.10148972 0.43568844
v -0.53313512 -1.10148972 0.43568844
v -0.53313512 -1.10148972 0.43568844
v -0.48447576 -1.10949200 0.39397219
v -0.48447576 -1.10949200 0.39397219
v -0.48447576 -1.10949200 0.39397219
v -0.51136369 -1.08827466 0.36551519
v -0.51136369 -1.08827466 0.36551519
v -0.51136369 -1.08827466 0.36551519
v -0.51136369 -1.08827466 0.36551519
v -0.51136369 -1.08827466 0.36551519
v -0.51136369 -1.08827466 0.36551519
v -0.51136369 -1.08827466 0.36551519
v -0.53313512 -1.07108134 0.34326135
v -0.53313512 -1.07108134 0.34326135
v -0.53313512 -1.07108134 0.34326135
v -0.53313512 -1.07108134 0.34326135
v -0.22353183 -1.33410317 1.01064384
v -0.22353183 -1.33410317 1.01064384
v -0.22353183 -1.33410317 1.01064384
v -0.22353183 -1.33410317 1.01064384
v -0.22353183 -1.33410317 1.01064384
v -0.22353183 -1.33410317 1.01064384
v -0.22353183 -1.33410317 1.01064384
v -0.22353183 -1.33410317 1.01064384
v -0.22353183 -1.33410317 1.01064384
v -0.42761940 -1.28412348 0.98800230
v -0.42761940 -1.28412348 0.98800230
v -0.42761940 -1.28412348 0.98800230
v -0.42761940 -1.28412348 0.98800230
v -0.40537807 -1.29084533 0.98800230
v -0.40537807 -1.29084533 0.98800230
v -0.40537807 -1.29084533 0.98800230
v -0.40537807 -1.29084533 0.98800230
v -0.37796801 -1.29807025 0.98800230
v -0.37796801 -1.29807025 0.98800230
v -0.37796801 -1.29807025 0.98800230
v -0.37796801 -1.29807025 0.98800230
v -0.33348539 -1.30909044 0.98800230
v -0.33348539 -1.30909044 0.98800230
v -0.33348539 -1.30909044 0.98800230
v -0.33348539 -1.30909044 0.98800230
v -0.33348539 -1.30909044 0.98800230
v -0.33348539 -1.30909044 0.98800230
v -0.20014189 -1.33606941 1.01343530
v -0.20014189 -1.33606941 1.01343530
v -0.20014189 -1.33606941 1.01343530
v -0.20014189 -1.33606941 1.01343530
v -0.20014189 -1.33606941 1.01343530
v -0.53313512 -1.23103434 0.94194382
v -0.53313512 -1.23103434 0.94194382
v -0.53313512 -1.23103434 0.94194382
v -0.53313512 -1.16166657 0.65202364
v -0.53313512 -1.16166657 0.65202364
v -0.53313512 -1.16166657 0.65202364
v -0.53313512 -1.15951735 0.64318414
v -0.53313512 -1.15951735 0.64318414
v -0.53313512 -1.15951735 0.64318414
v -0.53313512 -1.15951735 0.64318414
v -0.52989811 -1.15435022 0.61658809
v -0.52989811 -1.15435022 0.61658809
v -0.52989811 -1.15435022 0.61658809
v -0.52989811 -1.15435022 0.61658809
v -0.52989811 -1.15435022 0.61658809
v -0.52989811 -1.15435022 0.61658809
v -0.52989811 -1.15435022 0.61658809
v -0.52989811 -1.15435022 0.61658809
v -0.52989811 -1.15435022 0.61658809
v -0.52989811 -1.15435022 0.61658809
v -0.51360875 -1.16514176 0.63178583
v -0.51360875 -1.16514176 0.63178583
v -0.51360875 -1.16514176 0.63178583
v -0.44463977 -1.20039731 0.65458244
v -0.44463977 -1.20039731 0.65458244
v -0.44463977 -1.20039731 0.65458244
v -0.44463977 -1.20039731 0.65458244
v -0.44463977 -1.20039731 0.65458244
v -0.44463977 -1.20039731 0.65458244
v -0.44463977 -1.20039731 0.65458244
v -0.20014189 -1.31160539 1.03041637
v -0.20014189 -1.31160539 1.03041637
v -0.20014189 -1.31160539 1.03041637
v -0.15565926 -1.33949894 1.01785499
v -0.15565926 -1.33949894 1.01785499
v -0.15565926 -1.33949894 1.01785499
v -0.15565926 -1.33949894 1.01785499
v -0.15565926 -1.33949894 1.01785499
v -0.15565926 -1.33949894 1.01785499
v -0.02226357 -1.35417718 0.98800230
v -0.02226357 -1.35417718 0.98800230
v -0.02226357 -1.35417718 0.98800230
v -0.02226357 -1.35417718 0.98800230
v -0.02226357 -1.35417718 0.98800230
v 0.00023879 -1.35422307 0.98800230
v 0.00023879 -1.35422307 0.98800230
v 0.00023879 -1.35422307 0.98800230
v 0.00023879 -1.35422307 0.98800230
v 0.00023879 -1.35422307 0.98800230
v -0.11122883 -1.35093063 0.98800230
v -0.11122883 -1.35093063 0.98800230
v -0.11122883 -1.35093063 0.98800230
v -0.11122883 -1.35093063 0.98800230
v -0.11122883 -1.35093063 0.98800230
v -0.11122883 -1.35093063 0.98800230
v -0.11122883 -1.35093063 0.98800230
v -0.11122883 -1.35093063 0.98800230
v -0.11122883 -1.35093063 0.98800230
v -0.06674620 -1.35326284 0.98800230
v -0.06674620 -1.35326284 0.98800230
v -0.06674620 -1.35326284 0.98800230
v -0.06674620 -1.35326284 0.98800230
v -0.06674620 -1.35326284 0.98800230
v -0.06674620 -1.35326284 0.98800230
v -0.13628948 -1.14968604 0.24804285
v -0.13628948 -1.14968604 0.24804285
v -0.13628948 -1.14968604 0.24804285
v -0.13628948 -1.14968604 0.24804285
v -0.15565926 -1.16244394 0.28293563
v -0.15565926 -1.16244394 0.28293563
v -0.15565926 -1.16244394 0.28293563
v -0.15565926 -1.16244394 0.28293563
v -0.15565926 -1.16244394 0.28293563
v -0.15565926 -1.16244394 0.28293563
v -0.11122883 -1.19545883 0.35954466
v -0.11122883 -1.19545883 0.35954466
v -0.11122883 -1.19545883 0.35954466
v -0.11122883 -1.19545883 0.35954466
v -0.11122883 -1.19545883 0.35954466
v -0.11122883 -1.19545883 0.35954466
v -0.15565926 -1.17698509 0.32108507
v -0.15565926 -1.17698509 0.32108507
v -0.15565926 -1.17698509 0.32108507
v -0.15565926 -1.17698509 0.32108507
v -0.15565926 -1.17698509 0.32108507
v -0.15565926 -1.17698509 0.32108507
v -0.15565926 -1.17698509 0.32108507
v -0.15398856 -1.19344682 0.36877185
v -0.15398856 -1.19344682 0.36877185
v -0.15398856 -1.19344682 0.36877185
v -0.15398856 -1.19344682 0.36877185
v -0.15398856 -1.19344682 0.36877185
v 0.00023879 -1.19733363 0.35396180
v 0.00023879 -1.19733363 0.35396180
v 0.00023879 -1.19733363 0.35396180
v 0.00023879 -1.21411544 0.41002287
v 0.00023879 -1.21411544 0.41002287
v 0.00023879 -1.21411544 0.41002287
v 0.00023879 -1.21411544 0.41002287
v 0.00023879 -1.21411544 0.41002287
v -0.02226357 -1.21406966 0.41002287
v -0.02226357 -1.21406966 0.41002287
v -0.02226357 -1.21406966 0.41002287
v -0.02226357 -1.21406966 0.41002287
v -0.06674620 -1.22646171 0.45445300
v -0.06674620 -1.22646171 0.45445300
v -0.06674620 -1.22646171 0.45445300
v -0.06674620 -1.22646171 0.45445300
v -0.06674620 -1.22646171 0.45445300
v -0.06674620 -1.22646171 0.45445300
v -0.06674620 -1.22646171 0.45445300
v -0.06674620 -1.22646171 0.45445300
v -0.06674620 -1.21320087 0.41002287
v -0.06674620 -1.21320087 0.41002287
v -0.06674620 -1.21320087 0.41002287
v -0.06674620 -1.21320087 0.41002287
v -0.06674620 -1.21320087 0.41002287
v -0.11122883 -1.20222634 0.38179848
v -0.11122883 -1.20222634 0.38179848
v -0.11122883 -1.20222634 0.38179848
v -0.11122883 -1.20222634 0.38179848
v -0.11122883 -1.20222634 0.38179848
v -0.15565926 -1.14657658 0.24804285
v -0.15565926 -1.14657658 0.24804285
v -0.15565926 -1.14657658 0.24804285
v -0.20014189 -1.16907424 0.32108507
v -0.20014189 -1.16907424 0.32108507
v -0.20014189 -1.16907424 0.32108507
v -0.20014189 -1.16907424 0.32108507
v -0.20014189 -1.16907424 0.32108507
v -0.24065660 -1.16079766 0.32155031
v -0.24065660 -1.16079766 0.32155031
v -0.24065660 -1.16079766 0.32155031
v -0.24065660 -1.16079766 0.32155031
v -0.24065660 -1.16079766 0.32155031
v -0.16771968 -1.19907123 0.39218877
v -0.16771968 -1.19907123 0.39218877
v -0.16771968 -1.19907123 0.39218877
v -0.16771968 -1.19907123 0.39218877
v -0.16771968 -1.19907123 0.39218877
v -0.16771968 -1.19907123 0.39218877
v -0.16771968 -1.19907123 0.39218877
v -0.16771968 -1.19907123 0.39218877
v -0.16771968 -1.19907123 0.39218877
v -0.20014189 -1.19600743 0.40219136
v -0.20014189 -1.19600743 0.40219136
v -0.20014189 -1.19600743 0.40219136
v -0.20014189 -1.19600743 0.40219136
v -0.20014189 -1.19600743 0.40219136
v -0.24023890 -1.19120616 0.41436508
v -0.24023890 -1.19120616 0.41436508
v -0.24023890 -1.19120616 0.41436508
v -0.24023890 -1.19120616 0.41436508
v -0.24023890 -1.19120616 0.41436508
v -0.24023890 -1.19120616 0.41436508
v -0.25214273 -1.19724220 0.44274454
v -0.25214273 -1.19724220 0.44274454
v -0.25214273 -1.19724220 0.44274454
v -0.25214273 -1.19724220 0.44274454
v -0.25214273 -1.19724220 0.44274454
v -0.27224344 -1.20172340 0.47236462
v -0.27224344 -1.20172340 0.47236462
v -0.27224344 -1.20172340 0.47236462
v -0.27224344 -1.20172340 0.47236462
v -0.27224344 -1.20172340 0.47236462
v -0.27224344 -1.20172340 0.47236462
v -0.27224344 -1.20172340 0.47236462
v -0.27224344 -1.20172340 0.47236462
v -0.27224344 -1.20172340 0.47236462
v -0.30189854 -1.19815665 0.48477094
v -0.30189854 -1.19815665 0.48477094
v -0.30189854 -1.19815665 0.48477094
v -0.30189854 -1.19815665 0.48477094
v -0.31891888 -1.20231789 0.51439103
v -0.31891888 -1.20231789 0.51439103
v -0.31891888 -1.20231789 0.51439103
v -0.31891888 -1.20231789 0.51439103
v -0.31891888 -1.20231789 0.51439103
v -0.31891888 -1.20231789 0.51439103
v -0.31891888 -1.20231789 0.51439103
v -0.33364198 -1.20634180 0.54292557
v -0.33364198 -1.20634180 0.54292557
v -0.33364198 -1.20634180 0.54292557
v -0.33364198 -1.20634180 0.54292557
v -0.33364198 -1.20634180 0.54292557
v -0.33348539 -1.21781927 0.58789848
v -0.33348539 -1.21781927 0.58789848
v -0.33348539 -1.21781927 0.58789848
v -0.33348539 -1.21781927 0.58789848
v -0.33348539 -1.21781927 0.58789848
v -0.33348539 -1.21781927 0.58789848
v -0.33348539 -1.21781927 0.58789848
v -0.33348539 -1.21781927 0.58789848
v -0.33348539 -1.22870237 0.63232861
v -0.33348539 -1.22870237 0.63232861
v -0.33348539 -1.22870237 0.63232861
v -0.33348539 -1.22870237 0.63232861
v -0.22593346 -1.33469766 0.96380997
v -0.22593346 -1.33469766 0.96380997
v -0.22593346 -1.33469766 0.96380997
v -0.22593346 -1.33469766 0.96380997
v -0.22593346 -1.33469766 0.96380997
v -0.22593346 -1.33469766 0.96380997
v -0.22593346 -1.33469766 0.96380997
v -0.22593346 -1.33469766 0.96380997
v -0.22593346 -1.33469766 0.96380997
v -0.22593346 -1.33469766 0.96380997
v -0.43748704 -1.19760793 0.63232861
v -0.43748704 -1.19760793 0.63232861
v -0.43748704 -1.19760793 0.63232861
v -0.43748704 -1.19760793 0.63232861
v -0.43748704 -1.19760793 0.63232861
v -0.42119762 -1.19257802 0.58751078
v -0.42119762 -1.19257802 0.58751078
v -0.42119762 -1.19257802 0.58751078
v -0.46693328 -1.17405850 0.58789848
v -0.46693328 -1.17405850 0.58789848
v -0.46693328 -1.17405850 0.58789848
v -0.46693328 -1.17405850 0.58789848
v -0.46693328 -1.17405850 0.58789848
v -0.46693328 -1.17405850 0.58789848
v -0.46693328 -1.17405850 0.58789848
v -0.46708992 -1.16290122 0.54563945
v -0.46708992 -1.16290122 0.54563945
v -0.46708992 -1.16290122 0.54563945
v -0.46708992 -1.16290122 0.54563945
v -0.46708992 -1.16290122 0.54563945
v -0.48202187 -1.15288693 0.53238019
v -0.48202187 -1.15288693 0.53238019
v -0.48202187 -1.15288693 0.53238019
v -0.48202187 -1.15288693 0.53238019
v -0.48202187 -1.15288693 0.53238019
v -0.48202187 -1.15288693 0.53238019
v -0.48202187 -1.15288693 0.53238019
v -0.48202187 -1.15288693 0.53238019
v -0.51136369 -1.13020629 0.49896067
v -0.51136369 -1.13020629 0.49896067
v -0.51136369 -1.13020629 0.49896067
v -0.51136369 -1.13020629 0.49896067
v -0.53313512 -1.12051219 0.49896067
v -0.53313512 -1.12051219 0.49896067
v -0.53313512 -1.12051219 0.49896067
v -0.53313512 -1.12051219 0.49896067
v -0.53313512 -1.10537666 0.44817230
v -0.53313512 -1.10537666 0.44817230
v -0.53313512 -1.10537666 0.44817230
v -0.53313512 -1.08397633 0.38164340
v -0.53313512 -1.08397633 0.38164340
v -0.53313512 -1.08397633 0.38164340
v -0.53313512 -1.08397633 0.38164340
v -0.53313512 -1.07862633 0.36551519
v -0.53313512 -1.07862633 0.36551519
v -0.53313512 -1.07862633 0.36551519
v -0.22593346 -1.33465177 0.98800230
v -0.22593346 -1.33465177 0.98800230
v -0.22593346 -1.33465177 0.98800230
v -0.22593346 -1.33465177 0.98800230
v -0.20014189 -1.33922452 0.98800230
v -0.20014189 -1.33922452 0.98800230
v -0.20014189 -1.33922452 0.98800230
v -0.20014189 -1.33922452 0.98800230
v -0.15565926 -1.34599215 0.98800230
v -0.15565926 -1.34599215 0.98800230
v -0.15565926 -1.34599215 0.98800230
v -0.15565926 -1.34599215 0.98800230
v -0.15565926 -1.34599215 0.98800230
v -0.53313512 -1.15338987 0.61860412
v -0.53313512 -1.15338987 0.61860412
v -0.53313512 -1.15338987 0.61860412
v -0.46693328 -1.18526167 0.63232861
v -0.46693328 -1.18526167 0.63232861
v -0.46693328 -1.18526167 0.63232861
v -0.46693328 -1.18526167 0.63232861
v -0.53313512 -1.15192670 0.61302128
v -0.53313512 -1.15192670 0.61302128
v -0.53313512 -1.15192670 0.61302128
v -0.53313512 -1.14520484 0.58789848
v -0.53313512 -1.14520484 0.58789848
v -0.53313512 -1.14520484 0.58789848
v -0.53313512 -1.14520484 0.58789848
v -0.52138793 -1.15050918 0.58789848
v -0.52138793 -1.15050918 0.58789848
v -0.52138793 -1.15050918 0.58789848
v -0.52138793 -1.15050918 0.58789848
v -0.52138793 -1.15050918 0.58789848
v -0.49131522 -1.15695661 0.56200029
v -0.49131522 -1.15695661 0.56200029
v -0.49131522 -1.15695661 0.56200029
v -0.49131522 -1.15695661 0.56200029
v -0.49131522 -1.15695661 0.56200029
v -0.49131522 -1.15695661 0.56200029
v -0.49131522 -1.15695661 0.56200029
v -0.49914664 -1.16029471 0.58789848
v -0.49914664 -1.16029471 0.58789848
v -0.49914664 -1.16029471 0.58789848
v -0.49914664 -1.16029471 0.58789848
v -0.06674620 -1.34407169 0.94458020
v -0.06674620 -1.34407169 0.94458020
v -0.06674620 -1.34407169 0.94458020
v -0.06674620 -1.34407169 0.94458020
v -0.06674620 -1.34407169 0.94458020
v -0.06674620 -1.34407169 0.94458020
v -0.06674620 -1.34407169 0.94458020
v -0.06674620 -1.34407169 0.94458020
v 0.00023879 -1.26619846 0.61038493
v 0.00023879 -1.26619846 0.61038493
v 0.00023879 -1.26619846 0.61038493
v 0.00023879 -1.26619846 0.61038493
v -0.20014189 -1.33698386 0.95892498
v -0.20014189 -1.33698386 0.95892498
v -0.20014189 -1.33698386 0.95892498
v -0.20014189 -1.33698386 0.95892498
v -0.20014189 -1.33698386 0.95892498
v -0.20014189 -1.33698386 0.95892498
v -0.15565926 -1.34032208 0.95225659
v -0.15565926 -1.34032208 0.95225659
v -0.15565926 -1.34032208 0.95225659
v -0.15565926 -1.34032208 0.95225659
v -0.15565926 -1.34032208 0.95225659
v -0.11122883 -1.34283692 0.94744915
v -0.11122883 -1.34283692 0.94744915
v -0.11122883 -1.34283692 0.94744915
v -0.11122883 -1.34283692 0.94744915
v -0.11122883 -1.34283692 0.94744915
v -0.11122883 -1.34283692 0.94744915
v -0.11122883 -1.34283692 0.94744915
v -0.13806461 -1.20103759 0.38575301
v -0.13806461 -1.20103759 0.38575301
v -0.13806461 -1.20103759 0.38575301
v -0.13806461 -1.20103759 0.38575301
v -0.13806461 -1.20103759 0.38575301
v -0.13806461 -1.20103759 0.38575301
v -0.13806461 -1.20103759 0.38575301
v -0.13806461 -1.20103759 0.38575301
v 0.00023879 -1.22079152 0.43250931
v 0.00023879 -1.22079152 0.43250931
v 0.00023879 -1.22079152 0.43250931
v -0.02226357 -1.22728473 0.45445300
v -0.02226357 -1.22728473 0.45445300
v -0.02226357 -1.22728473 0.45445300
v -0.02226357 -1.22728473 0.45445300
v -0.02226357 -1.22728473 0.45445300
v -0.02226357 -1.22728473 0.45445300
v -0.02226357 -1.22728473 0.45445300
v -0.02226357 -1.22728473 0.45445300
v -0.02226357 -1.22728473 0.45445300
v -0.11122883 -1.22380954 0.45445300
v -0.11122883 -1.22380954 0.45445300
v -0.11122883 -1.22380954 0.45445300
v -0.11122883 -1.22380954 0.45445300
v -0.11122883 -1.22380954 0.45445300
v -0.11122883 -1.22380954 0.45445300
v -0.11122883 -1.21068591 0.41002287
v -0.11122883 -1.21068591 0.41002287
v -0.11122883 -1.21068591 0.41002287
v -0.11122883 -1.21068591 0.41002287
v -0.11122883 -1.21068591 0.41002287
v -0.06674620 -1.23857945 0.49896067
v -0.06674620 -1.23857945 0.49896067
v -0.06674620 -1.23857945 0.49896067
v -0.06674620 -1.23857945 0.49896067
v -0.06674620 -1.23857945 0.49896067
v -0.06674620 -1.23857945 0.49896067
v -0.06674620 -1.23857945 0.49896067
v -0.11122883 -1.23601872 0.49896067
v -0.11122883 -1.23601872 0.49896067
v -0.11122883 -1.23601872 0.49896067
v -0.11122883 -1.23601872 0.49896067
v -0.11122883 -1.23601872 0.49896067
v -0.11122883 -1.23601872 0.49896067
v -0.11122883 -1.23601872 0.49896067
v -0.15398856 -1.20565587 0.40823945
v -0.15398856 -1.20565587 0.40823945
v -0.15398856 -1.20565587 0.40823945
v -0.15565926 -1.21891671 0.45445300
v -0.15565926 -1.21891671 0.45445300
v -0.15565926 -1.21891671 0.45445300
v -0.15565926 -1.21891671 0.45445300
v -0.15565926 -1.21891671 0.45445300
v -0.15565926 -1.21891671 0.45445300
v -0.15565926 -1.21891671 0.45445300
v -0.15565926 -1.21891671 0.45445300
v -0.20014189 -1.21169192 0.45445300
v -0.20014189 -1.21169192 0.45445300
v -0.20014189 -1.21169192 0.45445300
v -0.20014189 -1.21169192 0.45445300
v -0.20014189 -1.21169192 0.45445300
v -0.20014189 -1.20282084 0.42436768
v -0.20014189 -1.20282084 0.42436768
v -0.20014189 -1.20282084 0.42436768
v -0.20014189 -1.20282084 0.42436768
v -0.20014189 -1.20282084 0.42436768
v -0.22248763 -1.20044309 0.43212161
v -0.22248763 -1.20044309 0.43212161
v -0.22248763 -1.20044309 0.43212161
v -0.22248763 -1.20044309 0.43212161
v -0.24023890 -1.20391828 0.45631395
v -0.24023890 -1.20391828 0.45631395
v -0.24023890 -1.20391828 0.45631395
v -0.24023890 -1.20391828 0.45631395
v -0.24023890 -1.20391828 0.45631395
v -0.24023890 -1.20391828 0.45631395
v -0.24023890 -1.20391828 0.45631395
v -0.24462453 -1.21489280 0.49896067
v -0.24462453 -1.21489280 0.49896067
v -0.24462453 -1.21489280 0.49896067
v -0.24462453 -1.21489280 0.49896067
v -0.24462453 -1.21489280 0.49896067
v -0.24462453 -1.21489280 0.49896067
v -0.28785414 -1.20542735 0.49927083
v -0.28785414 -1.20542735 0.49927083
v -0.28785414 -1.20542735 0.49927083
v -0.28785414 -1.20542735 0.49927083
v -0.28905496 -1.21667618 0.54339080
v -0.28905496 -1.21667618 0.54339080
v -0.28905496 -1.21667618 0.54339080
v -0.28905496 -1.21667618 0.54339080
v -0.28905496 -1.21667618 0.54339080
v -0.28905496 -1.21667618 0.54339080
v -0.28905496 -1.21667618 0.54339080
v -0.28905496 -1.22778779 0.58789848
v -0.28905496 -1.22778779 0.58789848
v -0.28905496 -1.22778779 0.58789848
v -0.28905496 -1.22778779 0.58789848
v -0.18025002 -1.24539274 0.56370615
v -0.18025002 -1.24539274 0.56370615
v -0.18025002 -1.24539274 0.56370615
v -0.18025002 -1.24539274 0.56370615
v -0.18025002 -1.24539274 0.56370615
v -0.18025002 -1.24539274 0.56370615
v -0.18025002 -1.24539274 0.56370615
v -0.18025002 -1.24539274 0.56370615
v -0.18025002 -1.24539274 0.56370615
v -0.18025002 -1.24539274 0.56370615
v -0.18025002 -1.24539274 0.56370615
v -0.53313512 -1.12435335 0.51253009
v -0.53313512 -1.12435335 0.51253009
v -0.53313512 -1.12435335 0.51253009
v -0.53313512 -1.12435335 0.51253009
v -0.50823110 -1.14488477 0.54563945
v -0.50823110 -1.14488477 0.54563945
v -0.50823110 -1.14488477 0.54563945
v -0.50823110 -1.14488477 0.54563945
v -0.50823110 -1.14488477 0.54563945
v -0.53313512 -1.13322431 0.54408866
v -0.53313512 -1.13322431 0.54408866
v -0.53313512 -1.13322431 0.54408866
v -0.53313512 -1.13322431 0.54408866
v -0.06674620 -1.26020819 0.58789848
v -0.06674620 -1.26020819 0.58789848
v -0.06674620 -1.26020819 0.58789848
v -0.06674620 -1.26020819 0.58789848
v -0.02597045 -1.24941665 0.53897105
v -0.02597045 -1.24941665 0.53897105
v -0.02597045 -1.24941665 0.53897105
v -0.02597045 -1.24941665 0.53897105
v -0.02597045 -1.24941665 0.53897105
v -0.02597045 -1.24941665 0.53897105
v -0.02226357 -1.26093990 0.58789848
v -0.02226357 -1.26093990 0.58789848
v -0.02226357 -1.26093990 0.58789848
v -0.02226357 -1.26093990 0.58789848
v -0.02226357 -1.26093990 0.58789848
v 0.00023879 -1.26093990 0.58789848
v 0.00023879 -1.26093990 0.58789848
v 0.00023879 -1.26093990 0.58789848
v -0.15565926 -1.25403506 0.58789848
v -0.15565926 -1.25403506 0.58789848
v -0.15565926 -1.25403506 0.58789848
v -0.15565926 -1.25403506 0.58789848
v -0.15565926 -1.25403506 0.58789848
v -0.15565926 -1.25403506 0.58789848
v -0.11122883 -1.25805908 0.58789848
v -0.11122883 -1.25805908 0.58789848
v -0.11122883 -1.25805908 0.58789848
v -0.11122883 -1.25805908 0.58789848
v -0.11122883 -1.25805908 0.58789848
v -0.06674620 -1.25001115 0.54463144
v -0.06674620 -1.25001115 0.54463144
v -0.06674620 -1.25001115 0.54463144
v -0.06674620 -1.25001115 0.54463144
v -0.06674620 -1.25001115 0.54463144
v -0.06674620 -1.25001115 0.54463144
v -0.06674620 -1.25001115 0.54463144
v 0.00023879 -1.22728473 0.45445300
v 0.00023879 -1.22728473 0.45445300
v 0.00023879 -1.22728473 0.45445300
v 0.00023879 -1.24040836 0.50283765
v 0.00023879 -1.24040836 0.50283765
v 0.00023879 -1.24040836 0.50283765
v 0.00023879 -1.24040836 0.50283765
v -0.01359676 -1.24511832 0.52028403
v -0.01359676 -1.24511832 0.52028403
v -0.01359676 -1.24511832 0.52028403
v -0.01359676 -1.24511832 0.52028403
v -0.01359676 -1.24511832 0.52028403
v -0.01359676 -1.24511832 0.52028403
v -0.01359676 -1.24511832 0.52028403
v -0.02597045 -1.24036270 0.50283765
v -0.02597045 -1.24036270 0.50283765
v -0.02597045 -1.24036270 0.50283765
v -0.02597045 -1.24036270 0.50283765
v -0.15565926 -1.23126310 0.49896067
v -0.15565926 -1.23126310 0.49896067
v -0.15565926 -1.23126310 0.49896067
v -0.15565926 -1.23126310 0.49896067
v -0.15565926 -1.23126310 0.49896067
v -0.04325185 -1.24488968 0.52121451
v -0.04325185 -1.24488968 0.52121451
v -0.04325185 -1.24488968 0.52121451
v -0.04325185 -1.24488968 0.52121451
v -0.04325185 -1.24488968 0.52121451
v -0.04325185 -1.24488968 0.52121451
v -0.06674620 -1.24461538 0.52237760
v -0.06674620 -1.24461538 0.52237760
v -0.06674620 -1.24461538 0.52237760
v -0.06674620 -1.24461538 0.52237760
v -0.06674620 -1.24461538 0.52237760
v -0.11122883 -1.24333495 0.52726259
v -0.11122883 -1.24333495 0.52726259
v -0.11122883 -1.24333495 0.52726259
v -0.11122883 -1.24333495 0.52726259
v -0.11122883 -1.24333495 0.52726259
v -0.15565926 -1.24685603 0.55804577
v -0.15565926 -1.24685603 0.55804577
v -0.15565926 -1.24685603 0.55804577
v -0.15565926 -1.24685603 0.55804577
v -0.15565926 -1.24685603 0.55804577
v -0.15565926 -1.24685603 0.55804577
v -0.15565926 -1.24109441 0.53579193
v -0.15565926 -1.24109441 0.53579193
v -0.15565926 -1.24109441 0.53579193
v -0.15565926 -1.24109441 0.53579193
v -0.20014189 -1.22412962 0.49896067
v -0.20014189 -1.22412962 0.49896067
v -0.20014189 -1.22412962 0.49896067
v -0.20014189 -1.22412962 0.49896067
v -0.20014189 -1.22412962 0.49896067
v 0.00023879 -1.24511832 0.52028403
v 0.00023879 -1.24511832 0.52028403
v 0.00023879 -1.24511832 0.52028403
v -0.11122883 -1.24891371 0.54951642
v -0.11122883 -1.24891371 0.54951642
v -0.11122883 -1.24891371 0.54951642
v -0.11122883 -1.24891371 0.54951642
v -0.11122883 -1.24891371 0.54951642
v -0.11122883 -1.24891371 0.54951642
vn 0.00000000 -0.00000000 -1.00000000
vn 0.21112858 0.93365521 0.28933143
vn 0.23369772 0.93310814 0.27330309
vn 0.24986925 0.93235837 0.26129146
vn -1.00000000 0.00000000 0.00000000
vn -0.00000000 -0.00000000 -1.00000000
vn 0.24986925 0.93235837 0.26129146
vn 1.00000000 0.00000000 0.00000000
vn 0.00000000 0.00000000 -1.00000000
vn -0.36421833 -0.80388135 -0.47023375
vn -0.37553384 -0.82513739 -0.42204576
vn -1.00000000 0.00000000 0.00000000
vn 0.17505785 0.81759734 0.54853381
vn 0.21112858 0.93365521 0.28933143
vn -1.00000000 0.00000000 0.00000000
vn 0.13604649 0.59356116 0.79320647
vn 0.17505785 0.81759734 0.54853381
vn 0.21112858 0.93365521 0.28933143
vn 0.23369772 0.93310814 0.27330309
vn 1.00000000 0.00000000 0.00000000
vn 0.23369772 0.93310814 0.27330309
vn 0.24986925 0.93235837 0.26129146
vn 1.00000000 0.00000000 0.00000000
vn 0.00000000 -0.87966510 -0.47559364
vn 0.00000000 -0.87966510 -0.47559364
vn -0.00000000 -0.00000000 -1.00000000
vn 1.00000000 0.00000000 0.00000000
vn 0.00000000 0.00000000 -1.00000000
vn -0.34494989 -0.80227965 -0.48719292
vn -0.36421833 -0.80388135 -0.47023375
vn -0.32841266 -0.84809250 -0.41579349
vn -0.33088802 -0.85005262 -0.40978490
vn -0.34494989 -0.80227965 -0.48719292
vn -0.36136335 -0.85153672 -0.37987070
vn -0.36421833 -0.80388135 -0.47023375
vn -0.36514205 -0.84916444 -0.38156393
vn -0.37553384 -0.82513739 -0.42204576
vn -0.37631321 -0.82789494 -0.41590664
vn -0.37553384 -0.82513739 -0.42204576
vn -0.37631321 -0.82789494 -0.41590664
vn -0.37887461 -0.83048321 -0.40835239
vn -1.00000000 0.00000000 0.00000000
vn 0.02318124 0.36719148 0.92985646
vn 0.08723229 0.39599539 0.91409965
vn 0.13557918 0.59138481 0.79491024
vn 0.13604649 0.59356116 0.79320647
vn 0.17505785 0.81759734 0.54853381
vn -1.00000000 0.00000000 0.00000000
vn 0.13557918 0.59138481 0.79491024
vn 0.13604649 0.59356116 0.79320647
vn 1.00000000 0.00000000 0.00000000
vn 0.00000000 -0.87966510 -0.47559364
vn -0.00000000 -0.00000000 -1.00000000
vn -0.02081363 -0.87947454 -0.47549062
vn 0.00000000 -0.91625653 -0.40059204
vn 0.00000000 -0.87966510 -0.47559364
vn 1.00000000 0.00000000 0.00000000
vn 0.00000000 0.00000000 -1.00000000
vn -0.32628904 -0.84669787 -0.42028345
vn -0.32841266 -0.84809250 -0.41579349
vn -0.34494989 -0.80227965 -0.48719292
vn -0.28142648 -0.87973696 -0.38322580
vn -0.28791526 -0.87797039 -0.38245626
vn -0.29891896 -0.84281429 -0.44756176
vn -0.30668418 -0.84096409 -0.44578495
vn -0.32628904 -0.84669787 -0.42028345
vn -0.32841266 -0.84809250 -0.41579349
vn -0.33055510 -0.85100146 -0.40808069
vn -0.33088802 -0.85005262 -0.40978490
vn -0.33055510 -0.85100146 -0.40808069
vn -0.33088802 -0.85005262 -0.40978490
vn -0.36136335 -0.85153672 -0.37987070
vn -0.36180077 -0.85222486 -0.37790606
vn -0.36136335 -0.85153672 -0.37987070
vn -0.36180077 -0.85222486 -0.37790606
vn -0.36476822 -0.85380703 -0.37142658
vn -0.36514205 -0.84916444 -0.38156393
vn -0.36792384 -0.84919038 -0.37882416
vn -0.36514205 -0.84916444 -0.38156393
vn -0.36792384 -0.84919038 -0.37882416
vn -0.37631321 -0.82789494 -0.41590664
vn -0.37887461 -0.83048321 -0.40835239
vn -0.38076903 -0.84134778 -0.38359987
vn -0.38306857 -0.83678047 -0.39122488
vn -0.38330901 -0.83504657 -0.39467890
vn -0.37887461 -0.83048321 -0.40835239
vn -0.38330901 -0.83504657 -0.39467890
vn -1.00000000 0.00000000 0.00000000
vn 0.00626375 0.02853376 0.99957320
vn 0.02318124 0.36719148 0.92985646
vn 0.02479065 0.10259994 0.99441374
vn -0.01180047 -0.02106480 0.99970847
vn -0.19275199 -0.29036881 0.93730071
vn -1.00000000 0.00000000 0.00000000
vn 0.02318124 0.36719148 0.92985646
vn 0.02479065 0.10259994 0.99441374
vn 0.06226002 0.24610885 0.96724047
vn 0.08723229 0.39599539 0.91409965
vn 0.06226002 0.24610885 0.96724047
vn 0.08723229 0.39599539 0.91409965
vn 0.13557918 0.59138481 0.79491024
vn 1.00000000 0.00000000 0.00000000
vn -0.00000000 -0.00000000 -1.00000000
vn -0.02081363 -0.87947454 -0.47549062
vn -0.02408690 -0.88218215 -0.47029190
vn -0.02470945 -0.87803198 -0.47796368
vn -0.00003083 -0.91627540 -0.40054887
vn 0.00000000 -0.91625653 -0.40059204
vn 0.00000000 -0.87966510 -0.47559364
vn 0.00000000 -0.87966510 -0.47559364
vn -0.02081363 -0.87947454 -0.47549062
vn -0.02271310 -0.91603902 -0.40044554
vn -0.02408690 -0.88218215 -0.47029190
vn -0.00001646 -0.91628440 -0.40052828
vn 0.00000000 -0.91625653 -0.40059204
vn 1.00000000 0.00000000 0.00000000
vn 0.00000000 0.00000000 -1.00000000
vn -0.30668418 -0.84096409 -0.44578495
vn -0.32628904 -0.84669787 -0.42028345
vn 0.00000000 0.00000000 -1.00000000
vn -0.29824130 -0.84234562 -0.44889418
vn -0.29891896 -0.84281429 -0.44756176
vn -0.30668418 -0.84096409 -0.44578495
vn -0.21755975 -0.89463365 -0.39025425
vn -0.23270207 -0.85254643 -0.46798967
vn -0.23387557 -0.85001437 -0.47199342
vn -0.25172594 -0.89815914 -0.36047775
vn -0.26010877 -0.83576406 -0.48357198
vn -0.28142648 -0.87973696 -0.38322580
vn -0.29824130 -0.84234562 -0.44889418
vn -0.29891896 -0.84281429 -0.44756176
vn -0.25050224 -0.90010255 -0.35646043
vn -0.25172594 -0.89815914 -0.36047775
vn -0.25372722 -0.90080791 -0.35237424
vn -0.27817168 -0.89452693 -0.34991727
vn -0.28142648 -0.87973696 -0.38322580
vn -0.28791526 -0.87797039 -0.38245626
vn -0.27817168 -0.89452693 -0.34991727
vn -0.28791526 -0.87797039 -0.38245626
vn -0.31053404 -0.89567245 -0.31833862
vn -0.31708312 -0.89393916 -0.31675081
vn -0.32287470 -0.89206040 -0.31619640
vn -0.33055510 -0.85100146 -0.40808069
vn -0.36180077 -0.85222486 -0.37790606
vn -0.36476822 -0.85380703 -0.37142658
vn -0.37242747 -0.86623496 -0.33306872
vn -0.36476822 -0.85380703 -0.37142658
vn -0.36792384 -0.84919038 -0.37882416
vn -0.37242747 -0.86623496 -0.33306872
vn -0.37277440 -0.86639192 -0.33227141
vn -0.37338886 -0.86636890 -0.33164091
vn -0.37953504 -0.86265579 -0.33433239
vn -0.38076903 -0.84134778 -0.38359987
vn -0.38564679 -0.84134202 -0.37870855
vn -0.39232017 -0.84365490 -0.36651234
vn -0.39231389 -0.84439961 -0.36480010
vn -0.38076903 -0.84134778 -0.38359987
vn -0.38306857 -0.83678047 -0.39122488
vn -0.38564679 -0.84134202 -0.37870855
vn -0.38306857 -0.83678047 -0.39122488
vn -0.38330901 -0.83504657 -0.39467890
vn -0.38564679 -0.84134202 -0.37870855
vn -0.39232017 -0.84365490 -0.36651234
vn -1.00000000 0.00000000 0.00000000
vn -0.18624867 -0.42012618 0.88814719
vn -0.18779804 -0.42714029 0.88446767
vn -0.19275199 -0.29036881 0.93730071
vn -0.25263097 -0.53948127 0.80320455
vn -0.54816926 -0.73953594 0.39063673
vn -1.00000000 0.00000000 0.00000000
vn -0.01180047 -0.02106480 0.99970847
vn -0.05633519 -0.19985812 0.97820401
vn -0.11679135 -0.37947648 0.91780030
vn -0.14255944 -0.42710052 0.89289526
vn -0.18554375 -0.42401514 0.88644497
vn -0.18624867 -0.42012618 0.88814719
vn -0.19275199 -0.29036881 0.93730071
vn 0.00000000 -0.01219804 0.99992560
vn 0.00626375 0.02853376 0.99957320
vn -0.01180047 -0.02106480 0.99970847
vn -0.01388130 -0.09537918 0.99534422
vn -0.02582234 -0.15484088 0.98760190
vn -0.05533706 -0.27140719 0.96087249
vn -0.05633519 -0.19985812 0.97820401
vn 0.00000000 -0.47224027 0.88146987
vn 0.00000000 -0.01219804 0.99992560
vn 0.00626375 0.02853376 0.99957320
vn 0.02479065 0.10259994 0.99441374
vn 0.06226002 0.24610885 0.96724047
vn 1.00000000 0.00000000 0.00000000
vn -0.00000000 -0.00000000 -1.00000000
vn -0.02470945 -0.87803198 -0.47796368
vn -0.04787102 -0.87729320 -0.47756152
vn -0.05264094 -0.86104965 -0.50578892
vn -0.02271310 -0.91603902 -0.40044554
vn -0.02408690 -0.88218215 -0.47029190
vn -0.02451187 -0.91713025 -0.39783323
vn -0.02470945 -0.87803198 -0.47796368
vn -0.04459779 -0.91649309 -0.39755685
vn -0.04787102 -0.87729320 -0.47756152
vn 0.00000000 -0.93410214 -0.35700586
vn -0.00001967 -0.91628239 -0.40053287
vn -0.02271310 -0.91603902 -0.40044554
vn -0.02451187 -0.91713025 -0.39783323
vn -0.02495770 -0.93381118 -0.35689466
vn 0.00000000 -0.93410214 -0.35700586
vn 0.00000000 -0.91629471 -0.40050468
vn 0.00189593 -0.93441975 -0.35616869
vn 1.00000000 0.00000000 0.00000000
vn 0.00000000 0.00000000 -1.00000000
vn -0.26010877 -0.83576406 -0.48357198
vn -0.29824130 -0.84234562 -0.44889418
vn 0.00000000 0.00000000 -1.00000000
vn -0.23387557 -0.85001437 -0.47199342
vn -0.26010877 -0.83576406 -0.48357198
vn 0.00000000 0.00000000 -1.00000000
vn -0.20283325 -0.84770429 -0.49015927
vn -0.23270207 -0.85254643 -0.46798967
vn -0.23387557 -0.85001437 -0.47199342
vn -0.19168826 -0.88774155 -0.41853381
vn -0.19179694 -0.88959045 -0.41453922
vn -0.19447260 -0.89329709 -0.40521687
vn -0.20283325 -0.84770429 -0.49015927
vn -0.21183905 -0.89713827 -0.38764307
vn -0.21755975 -0.89463365 -0.39025425
vn -0.23270207 -0.85254643 -0.46798967
vn -0.21183905 -0.89713827 -0.38764307
vn -0.21599260 -0.90754881 -0.36014212
vn -0.21755975 -0.89463365 -0.39025425
vn -0.25050224 -0.90010255 -0.35646043
vn -0.25172594 -0.89815914 -0.36047775
vn -0.21285646 -0.90940830 -0.35730754
vn -0.21460299 -0.91590234 -0.33921741
vn -0.21599260 -0.90754881 -0.36014212
vn -0.23175213 -0.91782238 -0.32232443
vn -0.25050224 -0.90010255 -0.35646043
vn -0.25132234 -0.91322614 -0.32071030
vn -0.25372722 -0.90080791 -0.35237424
vn -0.25642778 -0.91039572 -0.32469126
vn -0.25372722 -0.90080791 -0.35237424
vn -0.25642778 -0.91039572 -0.32469126
vn -0.27817168 -0.89452693 -0.34991727
vn -0.29432189 -0.90115021 -0.31828121
vn -0.31053404 -0.89567245 -0.31833862
vn -0.25468337 -0.92233733 -0.29056882
vn -0.25652563 -0.92236769 -0.28884674
vn -0.26089991 -0.91505553 -0.30757863
vn -0.29432189 -0.90115021 -0.31828121
vn -0.31053404 -0.89567245 -0.31833862
vn -0.31708312 -0.89393916 -0.31675081
vn -0.24754025 -0.92984661 -0.27222988
vn -0.25652563 -0.92236769 -0.28884674
vn -0.26232633 -0.92986551 -0.25794384
vn -0.27397835 -0.92783861 -0.25308374
vn -0.31708312 -0.89393916 -0.31675081
vn -0.32287470 -0.89206040 -0.31619640
vn -0.32483889 -0.91329574 -0.24570428
vn -0.35086250 -0.88331176 -0.31089521
vn -0.37192677 -0.87811526 -0.30097187
vn -0.37803800 -0.88837535 -0.26053122
vn -0.38369693 -0.88459301 -0.26508842
vn -0.38485507 -0.87720102 -0.28706261
vn -0.38636941 -0.88228094 -0.26888477
vn -0.38708970 -0.88112024 -0.27164075
vn -0.38725770 -0.88064725 -0.27293203
vn -0.32287470 -0.89206040 -0.31619640
vn -0.35086250 -0.88331176 -0.31089521
vn -0.36992559 -0.87359467 -0.31620787
vn -0.37242747 -0.86623496 -0.33306872
vn -0.37277440 -0.86639192 -0.33227141
vn -0.37408392 -0.86943547 -0.32271222
vn -0.37277440 -0.86639192 -0.33227141
vn -0.37338886 -0.86636890 -0.33164091
vn -0.37408392 -0.86943547 -0.32271222
vn -0.37415857 -0.86943175 -0.32263571
vn -0.37338886 -0.86636890 -0.33164091
vn -0.37415857 -0.86943175 -0.32263571
vn -0.37534224 -0.86993955 -0.31988027
vn -0.37953504 -0.86265579 -0.33433239
vn -0.38146216 -0.86260296 -0.33226911
vn -0.37953504 -0.86265579 -0.33433239
vn -0.38146216 -0.86260296 -0.33226911
vn -0.39231389 -0.84439961 -0.36480010
vn -0.39509885 -0.85531770 -0.33515449
vn -0.40122321 -0.84400611 -0.35591238
vn -0.39232017 -0.84365490 -0.36651234
vn -0.39231389 -0.84439961 -0.36480010
vn -0.40122321 -0.84400611 -0.35591238
vn -1.00000000 0.00000000 0.00000000
vn -0.25263097 -0.53948127 0.80320455
vn -0.26123309 -0.72330676 0.63920622
vn -0.36168283 -0.91025319 0.20155559
vn -0.38421475 -0.90693216 0.17278046
vn -0.40109136 -0.89902472 0.17572784
vn -0.40746469 -0.89466554 0.18315594
vn -0.54816926 -0.73953594 0.39063673
vn -0.14255944 -0.42710052 0.89289526
vn -0.14656345 -0.49498266 0.85645275
vn -0.17794379 -0.59293570 0.78534276
vn -0.18554375 -0.42401514 0.88644497
vn -0.18779804 -0.42714029 0.88446767
vn -0.20232617 -0.64320893 0.73847572
vn -0.25263097 -0.53948127 0.80320455
vn -0.26123309 -0.72330676 0.63920622
vn -0.18554375 -0.42401514 0.88644497
vn -0.18624867 -0.42012618 0.88814719
vn -0.18779804 -0.42714029 0.88446767
vn -0.40746469 -0.89466554 0.18315594
vn -0.41061999 -0.90159359 -0.13608899
vn -0.44887959 -0.87562862 -0.17827405
vn -0.54816926 -0.73953594 0.39063673
vn -1.00000000 0.00000000 0.00000000
vn -0.05533706 -0.27140719 0.96087249
vn -0.05633519 -0.19985812 0.97820401
vn -0.05992586 -0.29436695 0.95381182
vn -0.09388905 -0.42697940 0.89937391
vn -0.11297924 -0.44606110 0.88784299
vn -0.11679135 -0.37947648 0.91780030
vn -0.11297924 -0.44606110 0.88784299
vn -0.11679135 -0.37947648 0.91780030
vn -0.12317036 -0.46823856 0.87497527
vn -0.14255944 -0.42710052 0.89289526
vn -0.14656345 -0.49498266 0.85645275
vn 0.00000000 -0.47224027 0.88146987
vn 0.00000000 -0.01219804 0.99992560
vn -0.00023541 -0.47250113 0.88133003
vn -0.01229031 -0.47246546 0.88126349
vn -0.01388130 -0.09537918 0.99534422
vn -0.02294752 -0.47874960 0.87765154
vn -0.02582234 -0.15484088 0.98760190
vn -0.03641036 -0.49342661 0.86902501
vn -0.05455376 -0.49301873 0.86830664
vn -0.05533706 -0.27140719 0.96087249
vn -0.05992586 -0.29436695 0.95381182
vn -0.01229031 -0.47246546 0.88126349
vn -0.01388130 -0.09537918 0.99534422
vn -0.01814868 -0.47879683 0.87773813
vn -0.02294752 -0.47874960 0.87765154
vn -0.02582234 -0.15484088 0.98760190
vn 0.00000000 -0.47275527 0.88119377
vn 0.00000000 -0.47224027 0.88146987
vn 1.00000000 0.00000000 0.00000000
vn -0.00023541 -0.47250113 0.88133003
vn -0.00000000 -0.00000000 -1.00000000
vn -0.05264094 -0.86104965 -0.50578892
vn -0.09432590 -0.87307021 -0.47838377
vn -0.04459779 -0.91649309 -0.39755685
vn -0.04787102 -0.87729320 -0.47756152
vn -0.05264094 -0.86104965 -0.50578892
vn -0.06810710 -0.92568938 -0.37210294
vn -0.08660029 -0.91963796 -0.38310105
vn -0.09432590 -0.87307021 -0.47838377
vn -0.09448766 -0.87334209 -0.47785528
vn -0.02451187 -0.91713025 -0.39783323
vn -0.02495770 -0.93381118 -0.35689466
vn -0.04459779 -0.91649309 -0.39755685
vn -0.06420224 -0.93217501 -0.35626933
vn -0.06810710 -0.92568938 -0.37210294
vn -0.06943787 -0.93004169 -0.36083352
vn 0.00000000 -0.93410214 -0.35700586
vn 0.00069578 -0.95224263 -0.30534158
vn 0.00193110 -0.95175265 -0.30686016
vn 0.00189593 -0.93441975 -0.35616869
vn -0.02194102 -0.95201363 -0.30526815
vn -0.02495770 -0.93381118 -0.35689466
vn -0.02540674 -0.95061252 -0.30933855
vn 0.00193110 -0.95175265 -0.30686016
vn 0.00189593 -0.93441975 -0.35616869
vn 1.00000000 0.00000000 0.00000000
vn 0.00000000 0.00000000 -1.00000000
vn -0.19168826 -0.88774155 -0.41853381
vn -0.20283325 -0.84770429 -0.49015927
vn -0.16534027 -0.91022460 -0.37967587
vn -0.17638261 -0.87837124 -0.44424446
vn -0.17761212 -0.87754549 -0.44538505
vn -0.17999563 -0.87715923 -0.44518901
vn -0.18866596 -0.90635268 -0.37806080
vn -0.19179694 -0.88959045 -0.41453922
vn -0.19342257 -0.90395559 -0.38138171
vn -0.19447260 -0.89329709 -0.40521687
vn -0.19466783 -0.90114995 -0.38734120
vn -0.19447260 -0.89329709 -0.40521687
vn -0.19466783 -0.90114995 -0.38734120
vn -0.19622190 -0.90439996 -0.37889006
vn -0.20312382 -0.90927194 -0.36327023
vn -0.20860367 -0.91033042 -0.35746753
vn -0.21183905 -0.89713827 -0.38764307
vn -0.21285646 -0.90940830 -0.35730754
vn -0.21599260 -0.90754881 -0.36014212
vn 0.00000000 0.00000000 -1.00000000
vn -0.17999563 -0.87715923 -0.44518901
vn -0.19168826 -0.88774155 -0.41853381
vn -0.19179694 -0.88959045 -0.41453922
vn -0.19967077 -0.92210779 -0.33143448
vn -0.20022721 -0.92215437 -0.33096885
vn -0.20860367 -0.91033042 -0.35746753
vn -0.21285646 -0.90940830 -0.35730754
vn -0.21460299 -0.91590234 -0.33921741
vn -0.19575460 -0.92898342 -0.31411773
vn -0.19700955 -0.93033989 -0.30928129
vn -0.20022721 -0.92215437 -0.33096885
vn -0.20090920 -0.93277543 -0.29927494
vn -0.20980985 -0.93343528 -0.29099554
vn -0.21124600 -0.93325942 -0.29052020
vn -0.21460299 -0.91590234 -0.33921741
vn -0.22490084 -0.92676291 -0.30088224
vn -0.23175213 -0.91782238 -0.32232443
vn -0.22490084 -0.92676291 -0.30088224
vn -0.22597545 -0.92652640 -0.30080545
vn -0.23175213 -0.91782238 -0.32232443
vn -0.25047881 -0.91454830 -0.31758743
vn -0.25132234 -0.91322614 -0.32071030
vn -0.25047881 -0.91454830 -0.31758743
vn -0.25132234 -0.91322614 -0.32071030
vn -0.25642778 -0.91039572 -0.32469126
vn -0.26089991 -0.91505553 -0.30757863
vn -0.29432189 -0.90115021 -0.31828121
vn -0.22072244 -0.93277487 -0.28497832
vn -0.22597545 -0.92652640 -0.30080545
vn -0.23027721 -0.93328174 -0.27560405
vn -0.25047881 -0.91454830 -0.31758743
vn -0.25468337 -0.92233733 -0.29056882
vn -0.26089991 -0.91505553 -0.30757863
vn -0.23027721 -0.93328174 -0.27560405
vn -0.23029282 -0.93403954 -0.27301164
vn -0.23141144 -0.93407479 -0.27194305
vn -0.24754025 -0.92984661 -0.27222988
vn -0.25468337 -0.92233733 -0.29056882
vn -0.25652563 -0.92236769 -0.28884674
vn -0.23141144 -0.93407479 -0.27194305
vn -0.23203212 -0.93658012 -0.26263811
vn -0.23491193 -0.93664687 -0.25982498
vn -0.24754025 -0.92984661 -0.27222988
vn -0.26232633 -0.92986551 -0.25794384
vn -0.23491193 -0.93664687 -0.25982498
vn -0.23497972 -0.93688915 -0.25888851
vn -0.24275799 -0.93703613 -0.25106143
vn -0.24517047 -0.93660007 -0.25034324
vn -0.25250538 -0.93475633 -0.24994327
vn -0.26232633 -0.92986551 -0.25794384
vn -0.27397835 -0.92783861 -0.25308374
vn -0.24393476 -0.93980557 -0.23929340
vn -0.24778329 -0.93660154 -0.24775186
vn -0.25209729 -0.93972469 -0.23100751
vn -0.25250538 -0.93475633 -0.24994327
vn -0.26101373 -0.93799432 -0.22811945
vn -0.27328990 -0.93460244 -0.22766404
vn -0.27397835 -0.92783861 -0.25308374
vn -0.32483889 -0.91329574 -0.24570428
vn -0.32502298 -0.91324230 -0.24565945
vn -0.32483889 -0.91329574 -0.24570428
vn -0.32502298 -0.91324230 -0.24565945
vn -0.32770469 -0.91237786 -0.24530852
vn -0.35199886 -0.90303063 -0.24623664
vn -0.36872505 -0.89508080 -0.25074330
vn -0.37372716 -0.89192989 -0.25453700
vn -0.37803800 -0.88837535 -0.26053122
vn -0.37372716 -0.89192989 -0.25453700
vn -0.37803800 -0.88837535 -0.26053122
vn -0.38369693 -0.88459301 -0.26508842
vn -0.38389838 -0.88681840 -0.25724533
vn -0.38670372 -0.88304433 -0.26588147
vn -0.38743178 -0.88295402 -0.26512038
vn -0.38772383 -0.88304463 -0.26439064
vn -0.38369693 -0.88459301 -0.26508842
vn -0.38636941 -0.88228094 -0.26888477
vn -0.38670372 -0.88304433 -0.26588147
vn -0.38636941 -0.88228094 -0.26888477
vn -0.38670372 -0.88304433 -0.26588147
vn -0.38708970 -0.88112024 -0.27164075
vn -0.38743178 -0.88295402 -0.26512038
vn -0.38708970 -0.88112024 -0.27164075
vn -0.38725770 -0.88064725 -0.27293203
vn -0.38743178 -0.88295402 -0.26512038
vn -0.38755707 -0.88047938 -0.27304868
vn -0.38772383 -0.88304463 -0.26439064
vn -0.38801856 -0.88301952 -0.26404190
vn -0.38902781 -0.88216534 -0.26540851
vn -0.39100426 -0.88020973 -0.26897303
vn -0.38485735 -0.87715049 -0.28721391
vn -0.38485507 -0.87720102 -0.28706261
vn -0.38725770 -0.88064725 -0.27293203
vn -0.38755707 -0.88047938 -0.27304868
vn -0.39055883 -0.87751937 -0.27825088
vn -0.39068658 -0.87669563 -0.28065774
vn -0.39091472 -0.87674647 -0.28018085
vn -0.37192677 -0.87811526 -0.30097187
vn -0.37934118 -0.87560736 -0.29901842
vn -0.38422411 -0.87638312 -0.29038674
vn -0.38447218 -0.87649394 -0.28972319
vn -0.38485735 -0.87715049 -0.28721391
vn -0.38485507 -0.87720102 -0.28706261
vn -0.35086250 -0.88331176 -0.31089521
vn -0.36992559 -0.87359467 -0.31620787
vn -0.37192677 -0.87811526 -0.30097187
vn -0.37786237 -0.87317489 -0.30787277
vn -0.37797070 -0.87324155 -0.30755056
vn -0.37883523 -0.87391382 -0.30456282
vn -0.37934118 -0.87560736 -0.29901842
vn -0.36992559 -0.87359467 -0.31620787
vn -0.37408392 -0.86943547 -0.32271222
vn -0.37415857 -0.86943175 -0.32263571
vn -0.37534224 -0.86993955 -0.31988027
vn -0.37786237 -0.87317489 -0.30787277
vn -0.37534224 -0.86993955 -0.31988027
vn -0.37786237 -0.87317489 -0.30787277
vn -0.37797070 -0.87324155 -0.30755056
vn -0.38146216 -0.86260296 -0.33226911
vn -0.39509885 -0.85531770 -0.33515449
vn -1.00000000 0.00000000 0.00000000
vn -0.39509885 -0.85531770 -0.33515449
vn -0.40122321 -0.84400611 -0.35591238
vn -1.00000000 0.00000000 0.00000000
vn -0.19445400 -0.80024204 0.56727446
vn -0.20232617 -0.64320893 0.73847572
vn -0.23749518 -0.96772670 0.08426786
vn -0.23974669 -0.96772983 0.07759192
vn -0.25440343 -0.96516168 0.06117043
vn -0.26123309 -0.72330676 0.63920622
vn -0.28869298 -0.95522960 0.06475157
vn -0.34124117 -0.93137050 0.12689942
vn -0.36168283 -0.91025319 0.20155559
vn -0.40109136 -0.89902472 0.17572784
vn -0.40398009 -0.90549965 -0.12988639
vn -0.40746469 -0.89466554 0.18315594
vn -0.41061999 -0.90159359 -0.13608899
vn -0.38421475 -0.90693216 0.17278046
vn -0.38688807 -0.91324247 -0.12769420
vn -0.40109136 -0.89902472 0.17572784
vn -0.40398009 -0.90549965 -0.12988639
vn -0.34124117 -0.93137050 0.12689942
vn -0.34311918 -0.93649629 -0.07241501
vn -0.36168283 -0.91025319 0.20155559
vn -0.36785928 -0.91780988 -0.14934713
vn -0.38421475 -0.90693216 0.17278046
vn -0.38688807 -0.91324247 -0.12769420
vn -0.17745080 -0.74479923 0.64326146
vn -0.17794379 -0.59293570 0.78534276
vn -0.19445400 -0.80024204 0.56727446
vn -0.20232617 -0.64320893 0.73847572
vn -0.12317036 -0.46823856 0.87497527
vn -0.13371082 -0.63715900 0.75904534
vn -0.14335561 -0.66586000 0.73217459
vn -0.14656345 -0.49498266 0.85645275
vn -0.17745080 -0.74479923 0.64326146
vn -0.17794379 -0.59293570 0.78534276
vn -0.44887959 -0.87562862 -0.17827405
vn -0.45753593 -0.86847758 -0.19080765
vn -1.00000000 0.00000000 0.00000000
vn -0.35703949 -0.90797385 -0.21933148
vn -0.36785928 -0.91780988 -0.14934713
vn -0.38443022 -0.89593275 -0.22252620
vn -0.38576150 -0.89540738 -0.22233686
vn -0.38688807 -0.91324247 -0.12769420
vn -0.39167029 -0.89312391 -0.22118787
vn -0.40398009 -0.90549965 -0.12988639
vn -0.41061999 -0.90159359 -0.13608899
vn -0.42470920 -0.87970080 -0.21388921
vn -0.44887959 -0.87562862 -0.17827405
vn -0.45105178 -0.86799807 -0.20768160
vn -0.45753593 -0.86847758 -0.19080765
vn -0.05455376 -0.49301873 0.86830664
vn -0.05992586 -0.29436695 0.95381182
vn -0.08183563 -0.52340884 0.84814274
vn -0.08865423 -0.52310247 0.84764629
vn -0.09388905 -0.42697940 0.89937391
vn -0.09394179 -0.42942741 0.89820212
vn -0.09388905 -0.42697940 0.89937391
vn -0.09394179 -0.42942741 0.89820212
vn -0.09950808 -0.53616872 0.83822506
vn -0.11297924 -0.44606110 0.88784299
vn -0.12317036 -0.46823856 0.87497527
vn -0.12476854 -0.61844171 0.77586253
vn -0.13371082 -0.63715900 0.75904534
vn 0.00000000 -0.95548676 0.29503398
vn 0.00000000 -0.47275527 0.88119377
vn -0.00023541 -0.47250113 0.88133003
vn -0.00194953 -0.95584264 0.29387249
vn -0.01229031 -0.47246546 0.88126349
vn -0.01588990 -0.95572378 0.29383595
vn -0.01814868 -0.47879683 0.87773813
vn -0.03167007 -0.95674044 0.28921400
vn -0.03641036 -0.49342661 0.86902501
vn -0.05047621 -0.96274106 0.26567236
vn -0.05455376 -0.49301873 0.86830664
vn -0.06912576 -0.96166401 0.26537514
vn -0.08183563 -0.52340884 0.84814274
vn -0.01588990 -0.95572378 0.29383595
vn -0.01814868 -0.47879683 0.87773813
vn -0.01967175 -0.95703537 0.28930315
vn -0.02294752 -0.47874960 0.87765154
vn -0.03167007 -0.95674044 0.28921400
vn -0.03641036 -0.49342661 0.86902501
vn 0.00000000 -0.95548676 0.29503398
vn 0.00000000 -0.47275527 0.88119377
vn 1.00000000 0.00000000 0.00000000
vn -0.00000000 -0.00000000 -1.00000000
vn -0.09432590 -0.87307021 -0.47838377
vn -0.09448766 -0.87334209 -0.47785528
vn -0.11171171 -0.86610441 -0.48722033
vn -0.08660029 -0.91963796 -0.38310105
vn -0.09448766 -0.87334209 -0.47785528
vn -0.11171171 -0.86610441 -0.48722033
vn -0.11215713 -0.92491372 -0.36325664
vn -0.12694538 -0.91745612 -0.37703998
vn -0.13825649 -0.87591351 -0.46223444
vn -0.06810710 -0.92568938 -0.37210294
vn -0.06943787 -0.93004169 -0.36083352
vn -0.08660029 -0.91963796 -0.38310105
vn -0.11128384 -0.92664012 -0.35910164
vn -0.11215713 -0.92491372 -0.36325664
vn -0.02495770 -0.93381118 -0.35689466
vn -0.02540674 -0.95061252 -0.30933855
vn -0.05727864 -0.94935829 -0.30893041
vn -0.06420224 -0.93217501 -0.35626933
vn -0.06516208 -0.94611119 -0.31721840
vn -0.06420224 -0.93217501 -0.35626933
vn -0.06516208 -0.94611119 -0.31721840
vn -0.06943787 -0.93004169 -0.36083352
vn -0.11128384 -0.92664012 -0.35910164
vn -0.11249332 -0.94210800 -0.31587619
vn -0.11652826 -0.92805640 -0.35374070
vn -0.11801849 -0.93992493 -0.32033228
vn 0.00069578 -0.95224263 -0.30534158
vn 0.00105030 -0.95238532 -0.30489522
vn 0.00193110 -0.95175265 -0.30686016
vn 1.00000000 0.00000000 0.00000000
vn 0.00069578 -0.95224263 -0.30534158
vn 0.00098788 -0.95799739 -0.28677523
vn 0.00105030 -0.95238532 -0.30489522
vn -0.00194950 -0.95831893 -0.28569394
vn -0.01838362 -0.95815880 -0.28564620
vn -0.01912926 -0.95805481 -0.28594589
vn -0.02135511 -0.95752460 -0.28755973
vn -0.02194102 -0.95201363 -0.30526815
vn -0.02135511 -0.95752460 -0.28755973
vn -0.02194102 -0.95201363 -0.30526815
vn -0.02540674 -0.95061252 -0.30933855
vn -0.05371246 -0.95636045 -0.28721012
vn -0.05578935 -0.95524832 -0.29049648
vn -0.05727864 -0.94935829 -0.30893041
vn 0.00000000 -0.00000000 -1.00000000
vn -0.17761212 -0.87754549 -0.44538505
vn -0.17999563 -0.87715923 -0.44518901
vn -0.00000000 -0.00000000 -1.00000000
vn -0.16036566 -0.87147396 -0.46348247
vn -0.17638261 -0.87837124 -0.44424446
vn -0.17761212 -0.87754549 -0.44538505
vn -0.12694538 -0.91745612 -0.37703998
vn -0.13825649 -0.87591351 -0.46223444
vn -0.14033066 -0.87416417 -0.46491323
vn -0.16036566 -0.87147396 -0.46348247
vn -0.16177136 -0.91275609 -0.37510844
vn -0.16534027 -0.91022460 -0.37967587
vn -0.17638261 -0.87837124 -0.44424446
vn -0.15759822 -0.92274509 -0.35171622
vn -0.16177136 -0.91275609 -0.37510844
vn -0.16450874 -0.92503135 -0.34242354
vn -0.16534027 -0.91022460 -0.37967587
vn -0.18107475 -0.92230581 -0.34141461
vn -0.18866596 -0.90635268 -0.37806080
vn -0.18107475 -0.92230581 -0.34141461
vn -0.18866596 -0.90635268 -0.37806080
vn -0.19253596 -0.92389494 -0.33067816
vn -0.19342257 -0.90395559 -0.38138171
vn -0.19558015 -0.92253101 -0.33269345
vn -0.19622190 -0.90439996 -0.37889006
vn -0.20312382 -0.90927194 -0.36327023
vn -0.19342257 -0.90395559 -0.38138171
vn -0.19466783 -0.90114995 -0.38734120
vn -0.19622190 -0.90439996 -0.37889006
vn -0.19558015 -0.92253101 -0.33269345
vn -0.19836653 -0.92273947 -0.33045816
vn -0.19967077 -0.92210779 -0.33143448
vn -0.20312382 -0.90927194 -0.36327023
vn -0.20860367 -0.91033042 -0.35746753
vn -0.19378893 -0.92791946 -0.31845146
vn -0.19575460 -0.92898342 -0.31411773
vn -0.19836653 -0.92273947 -0.33045816
vn -0.19967077 -0.92210779 -0.33143448
vn -0.20022721 -0.92215437 -0.33096885
vn -0.16278818 -0.93409292 -0.31775845
vn -0.16585286 -0.93258931 -0.32057761
vn -0.18051361 -0.93734063 -0.29800566
vn -0.19321275 -0.92786691 -0.31895428
vn -0.19378893 -0.92791946 -0.31845146
vn -0.19575460 -0.92898342 -0.31411773
vn -0.19700955 -0.93033989 -0.30928129
vn -0.19781922 -0.93416338 -0.29699553
vn -0.19700955 -0.93033989 -0.30928129
vn -0.19781922 -0.93416338 -0.29699553
vn -0.20090920 -0.93277543 -0.29927494
vn -0.20099323 -0.93461941 -0.29340804
vn -0.20168384 -0.93450234 -0.29330702
vn -0.20090920 -0.93277543 -0.29927494
vn -0.20168384 -0.93450234 -0.29330702
vn -0.20343579 -0.93463919 -0.29165643
vn -0.20980985 -0.93343528 -0.29099554
vn -0.20343579 -0.93463919 -0.29165643
vn -0.20448335 -0.93647723 -0.28495079
vn -0.20703632 -0.93674390 -0.28221769
vn -0.20980985 -0.93343528 -0.29099554
vn -0.21124600 -0.93325942 -0.29052020
vn -0.21530750 -0.93393173 -0.28533176
vn -0.21569487 -0.93561201 -0.27947430
vn -0.21124600 -0.93325942 -0.29052020
vn -0.21530750 -0.93393173 -0.28533176
vn -0.22072244 -0.93277487 -0.28497832
vn -0.22490084 -0.92676291 -0.30088224
vn -0.22597545 -0.92652640 -0.30080545
vn -0.21530750 -0.93393173 -0.28533176
vn -0.21569487 -0.93561201 -0.27947430
vn -0.22072244 -0.93277487 -0.28497832
vn -0.22187737 -0.93591430 -0.27355962
vn -0.23027721 -0.93328174 -0.27560405
vn -0.23029282 -0.93403954 -0.27301164
vn -0.22187737 -0.93591430 -0.27355962
vn -0.22432156 -0.93730129 -0.26673231
vn -0.22811354 -0.93747588 -0.26287483
vn -0.23029282 -0.93403954 -0.27301164
vn -0.23141144 -0.93407479 -0.27194305
vn -0.23203212 -0.93658012 -0.26263811
vn -0.22811354 -0.93747588 -0.26287483
vn -0.22806668 -0.93751911 -0.26276133
vn -0.23203212 -0.93658012 -0.26263811
vn -0.23303355 -0.93762557 -0.25797995
vn -0.23491193 -0.93664687 -0.25982498
vn -0.23497972 -0.93688915 -0.25888851
vn -0.23035128 -0.94006649 -0.25142250
vn -0.23303355 -0.93762557 -0.25797995
vn -0.23461340 -0.94012641 -0.24722234
vn -0.23497972 -0.93688915 -0.25888851
vn -0.24275799 -0.93703613 -0.25106143
vn -0.23139449 -0.94283900 -0.23981493
vn -0.23461340 -0.94012641 -0.24722234
vn -0.23555125 -0.94286018 -0.23564866
vn -0.24275799 -0.93703613 -0.25106143
vn -0.24393476 -0.93980557 -0.23929340
vn -0.24517047 -0.93660007 -0.25034324
vn -0.24778329 -0.93660154 -0.24775186
vn -0.24517047 -0.93660007 -0.25034324
vn -0.24778329 -0.93660154 -0.24775186
vn -0.25250538 -0.93475633 -0.24994327
vn -0.23555125 -0.94286018 -0.23564866
vn -0.23578341 -0.94366285 -0.23217796
vn -0.24393476 -0.93980557 -0.23929340
vn -0.25209729 -0.93972469 -0.23100751
vn -0.23486824 -0.94411641 -0.23125985
vn -0.23507829 -0.94496076 -0.22756835
vn -0.23578341 -0.94366285 -0.23217796
vn -0.25209729 -0.93972469 -0.23100751
vn -0.26101373 -0.93799432 -0.22811945
vn -0.23217160 -0.94579200 -0.22709875
vn -0.23507829 -0.94496076 -0.22756835
vn -0.23920791 -0.97028529 -0.03641468
vn -0.24033995 -0.97012453 -0.03309225
vn -0.25484501 -0.96683695 -0.01674341
vn -0.26101373 -0.93799432 -0.22811945
vn -0.27328990 -0.93460244 -0.22766404
vn -0.28925464 -0.95708803 -0.01772732
vn -0.34311918 -0.93649629 -0.07241501
vn -0.34581978 -0.91169048 -0.22187644
vn -0.35703949 -0.90797385 -0.21933148
vn -0.36785928 -0.91780988 -0.14934713
vn -0.27328990 -0.93460244 -0.22766404
vn -0.32502298 -0.91324230 -0.24565945
vn -0.32770469 -0.91237786 -0.24530852
vn -0.34581978 -0.91169048 -0.22187644
vn -0.35161610 -0.90590644 -0.23600770
vn -0.35267552 -0.90776014 -0.22713763
vn -0.35599758 -0.90548264 -0.23101281
vn -0.32770469 -0.91237786 -0.24530852
vn -0.35161610 -0.90590644 -0.23600770
vn -0.35199886 -0.90303063 -0.24623664
vn -0.36612716 -0.89805375 -0.24382445
vn -0.36615289 -0.90061226 -0.23415724
vn -0.36669286 -0.90038034 -0.23420417
vn -0.36808782 -0.89777265 -0.24190005
vn -0.36836509 -0.89921587 -0.23604654
vn -0.35199886 -0.90303063 -0.24623664
vn -0.36612716 -0.89805375 -0.24382445
vn -0.36872505 -0.89508080 -0.25074330
vn -0.36612716 -0.89805375 -0.24382445
vn -0.36808782 -0.89777265 -0.24190005
vn -0.36872505 -0.89508080 -0.25074330
vn -0.37372716 -0.89192989 -0.25453700
vn -0.37965016 -0.89181878 -0.24601834
vn -0.38389838 -0.88681840 -0.25724533
vn -0.38559779 -0.88665968 -0.25524293
vn -0.38389838 -0.88681840 -0.25724533
vn -0.38559779 -0.88665968 -0.25524293
vn -0.38772383 -0.88304463 -0.26439064
vn -0.38801856 -0.88301952 -0.26404190
vn -0.39054156 -0.88390185 -0.25728352
vn -0.39055670 -0.88397242 -0.25701794
vn -0.38801856 -0.88301952 -0.26404190
vn -0.38902781 -0.88216534 -0.26540851
vn -0.39054156 -0.88390185 -0.25728352
vn -0.39339920 -0.88351307 -0.25424735
vn -1.00000000 0.00000000 0.00000000
vn -0.38902781 -0.88216534 -0.26540851
vn -0.39100426 -0.88020973 -0.26897303
vn -0.39470064 -0.87834216 -0.26967842
vn -1.00000000 0.00000000 0.00000000
vn -0.38755707 -0.88047938 -0.27304868
vn -0.39055883 -0.87751937 -0.27825088
vn -0.39100426 -0.88020973 -0.26897303
vn -0.39470064 -0.87834216 -0.26967842
vn -0.39579583 -0.87682056 -0.27300434
vn -0.38946725 -0.87496184 -0.28767524
vn -0.39068658 -0.87669563 -0.28065774
vn -0.39091472 -0.87674647 -0.28018085
vn -1.00000000 0.00000000 0.00000000
vn -0.38447218 -0.87649394 -0.28972319
vn -0.38459882 -0.87634533 -0.29000451
vn -0.38485735 -0.87715049 -0.28721391
vn -0.38734304 -0.87526790 -0.28960572
vn -0.38946725 -0.87496184 -0.28767524
vn -0.39068658 -0.87669563 -0.28065774
vn -0.39055883 -0.87751937 -0.27825088
vn -0.39091472 -0.87674647 -0.28018085
vn -0.39579583 -0.87682056 -0.27300434
vn -1.00000000 0.00000000 0.00000000
vn -0.38422411 -0.87638312 -0.29038674
vn -0.38447218 -0.87649394 -0.28972319
vn -0.38459882 -0.87634533 -0.29000451
vn -0.37883523 -0.87391382 -0.30456282
vn -0.37934118 -0.87560736 -0.29901842
vn -0.38422411 -0.87638312 -0.29038674
vn -0.38459882 -0.87634533 -0.29000451
vn -0.38699600 -0.87325608 -0.29607078
vn -0.38734304 -0.87526790 -0.28960572
vn -0.38772313 -0.87489683 -0.29021769
vn -0.37797070 -0.87324155 -0.30755056
vn -0.37883523 -0.87391382 -0.30456282
vn -0.38699600 -0.87325608 -0.29607078
vn -1.00000000 0.00000000 0.00000000
vn -0.10571648 -0.97414955 0.19964140
vn -0.10851460 -0.97628153 0.18734715
vn -0.14335561 -0.66586000 0.73217459
vn -0.15006119 -0.98632999 0.06807928
vn -0.17441720 -0.98376125 0.04233718
vn -0.17745080 -0.74479923 0.64326146
vn -0.19445400 -0.80024204 0.56727446
vn -0.23095739 -0.97177695 0.04804414
vn -0.23749518 -0.96772670 0.08426786
vn -0.28869298 -0.95522960 0.06475157
vn -0.28925464 -0.95708803 -0.01772732
vn -0.34124117 -0.93137050 0.12689942
vn -0.34311918 -0.93649629 -0.07241501
vn -0.25440343 -0.96516168 0.06117043
vn -0.25484501 -0.96683695 -0.01674341
vn -0.28869298 -0.95522960 0.06475157
vn -0.28925464 -0.95708803 -0.01772732
vn -0.23974669 -0.96772983 0.07759192
vn -0.24033995 -0.97012453 -0.03309225
vn -0.25440343 -0.96516168 0.06117043
vn -0.25484501 -0.96683695 -0.01674341
vn -0.23095739 -0.97177695 0.04804414
vn -0.23122401 -0.97289879 0.00184570
vn -0.23749518 -0.96772670 0.08426786
vn -0.23920791 -0.97028529 -0.03641468
vn -0.23974669 -0.96772983 0.07759192
vn -0.24033995 -0.97012453 -0.03309225
vn -0.09721873 -0.96916234 0.22643514
vn -0.10571648 -0.97414955 0.19964140
vn -0.12476854 -0.61844171 0.77586253
vn -0.13371082 -0.63715900 0.75904534
vn -0.14335561 -0.66586000 0.73217459
vn -0.45105178 -0.86799807 -0.20768160
vn -0.45753593 -0.86847758 -0.19080765
vn -1.00000000 0.00000000 0.00000000
vn -0.42470920 -0.87970080 -0.21388921
vn -0.45105178 -0.86799807 -0.20768160
vn -1.00000000 0.00000000 0.00000000
vn -0.39167029 -0.89312391 -0.22118787
vn -0.40159928 -0.88862044 -0.22152139
vn -0.42470920 -0.87970080 -0.21388921
vn -1.00000000 0.00000000 0.00000000
vn -0.38338121 -0.89567648 -0.22534969
vn -0.38349958 -0.89571501 -0.22499487
vn -0.38576150 -0.89540738 -0.22233686
vn -0.38928892 -0.89126495 -0.23259604
vn -0.39167029 -0.89312391 -0.22118787
vn -0.39348356 -0.88860676 -0.23568775
vn -0.39979464 -0.88540012 -0.23713049
vn -0.40154890 -0.88471721 -0.23671487
vn -0.40159928 -0.88862044 -0.22152139
vn -0.40647132 -0.88381382 -0.23163377
vn -0.38351314 -0.89571642 -0.22496616
vn -0.38443022 -0.89593275 -0.22252620
vn -0.38576150 -0.89540738 -0.22233686
vn -0.34581978 -0.91169048 -0.22187644
vn -0.35267552 -0.90776014 -0.22713763
vn -0.35703949 -0.90797385 -0.21933148
vn -0.36995472 -0.89969852 -0.23168097
vn -0.38271693 -0.89582579 -0.22588471
vn -0.38348238 -0.89571322 -0.22503131
vn -0.38443022 -0.89593275 -0.22252620
vn -0.08865423 -0.52310247 0.84764629
vn -0.09394179 -0.42942741 0.89820212
vn -0.09950808 -0.53616872 0.83822506
vn -0.06912576 -0.96166401 0.26537514
vn -0.08183563 -0.52340884 0.84814274
vn -0.08865423 -0.52310247 0.84764629
vn -0.09721873 -0.96916234 0.22643514
vn -0.09950808 -0.53616872 0.83822506
vn -0.12476854 -0.61844171 0.77586253
vn -0.00194953 -0.95584264 0.29387249
vn -0.00198741 -0.97441739 -0.22473717
vn -0.01588990 -0.95572378 0.29383595
vn -0.01967175 -0.95703537 0.28930315
vn -0.02010526 -0.97812589 -0.20703988
vn 0.00000000 -0.95548676 0.29503398
vn 1.00000000 0.00000000 0.00000000
vn -0.00042836 -0.97389024 -0.22701899
vn -0.00194953 -0.95584264 0.29387249
vn -0.00198741 -0.97441739 -0.22473717
vn -0.05047621 -0.96274106 0.26567236
vn -0.05134783 -0.97936561 -0.19546460
vn -0.06912576 -0.96166401 0.26537514
vn -0.07646005 -0.97778853 -0.19514984
vn -0.09721873 -0.96916234 0.22643514
vn -0.09882391 -0.98077982 -0.16824024
vn -0.10571648 -0.97414955 0.19964140
vn -0.10851460 -0.97628153 0.18734715
vn -0.10941998 -0.98442704 -0.13758880
vn -0.01967175 -0.95703537 0.28930315
vn -0.02010526 -0.97812589 -0.20703988
vn -0.03167007 -0.95674044 0.28921400
vn -0.04047950 -0.97752178 -0.20691201
vn -0.05047621 -0.96274106 0.26567236
vn -0.05134783 -0.97936561 -0.19546460
vn -0.00000000 -0.00000000 -1.00000000
vn -0.11171171 -0.86610441 -0.48722033
vn -0.13825649 -0.87591351 -0.46223444
vn -0.14033066 -0.87416417 -0.46491323
vn -0.11128384 -0.92664012 -0.35910164
vn -0.11215713 -0.92491372 -0.36325664
vn -0.11652826 -0.92805640 -0.35374070
vn -0.12694538 -0.91745612 -0.37703998
vn -0.15759822 -0.92274509 -0.35171622
vn -0.16177136 -0.91275609 -0.37510844
vn -0.05578935 -0.95524832 -0.29049648
vn -0.05727864 -0.94935829 -0.30893041
vn -0.06516208 -0.94611119 -0.31721840
vn -0.08494730 -0.95328019 -0.28989796
vn -0.11245893 -0.94217005 -0.31570331
vn -0.11249332 -0.94210800 -0.31587619
vn -0.11652826 -0.92805640 -0.35374070
vn -0.11801849 -0.93992493 -0.32033228
vn -0.15759822 -0.92274509 -0.35171622
vn -0.15802991 -0.93507967 -0.31725787
vn -0.16278818 -0.93409292 -0.31775845
vn -0.16450874 -0.92503135 -0.34242354
vn -0.16585286 -0.93258931 -0.32057761
vn -0.11245893 -0.94217005 -0.31570331
vn -0.11249332 -0.94210800 -0.31587619
vn -0.11801849 -0.93992493 -0.32033228
vn -0.12818836 -0.94463279 -0.30205403
vn -0.15802991 -0.93507967 -0.31725787
vn 0.00098788 -0.95799739 -0.28677523
vn 0.00105030 -0.95238532 -0.30489522
vn 1.00000000 0.00000000 0.00000000
vn 0.00098788 -0.95799739 -0.28677523
vn 1.00000000 0.00000000 0.00000000
vn -0.00092563 -0.95864162 -0.28461445
vn -0.00194987 -0.95849854 -0.28509079
vn -0.00194950 -0.95831893 -0.28569394
vn -0.00194987 -0.95849854 -0.28509079
vn -0.00194950 -0.95831893 -0.28569394
vn -0.01773146 -0.95834967 -0.28504651
vn -0.01838362 -0.95815880 -0.28564620
vn -0.01773146 -0.95834967 -0.28504651
vn -0.01784940 -0.96472399 -0.26265760
vn -0.01838362 -0.95815880 -0.28564620
vn -0.01912926 -0.95805481 -0.28594589
vn -0.05409707 -0.95682699 -0.28557943
vn -0.05545969 -0.96339270 -0.26229513
vn -0.05708704 -0.95747396 -0.28281564
vn -0.05740362 -0.96278358 -0.26410717
vn -0.01912926 -0.95805481 -0.28594589
vn -0.02135511 -0.95752460 -0.28755973
vn -0.05371246 -0.95636045 -0.28721012
vn -0.05407841 -0.95649695 -0.28668644
vn -0.05409707 -0.95682699 -0.28557943
vn -0.05371246 -0.95636045 -0.28721012
vn -0.05407841 -0.95649695 -0.28668644
vn -0.05578935 -0.95524832 -0.29049648
vn -0.08443791 -0.95447775 -0.28608123
vn -0.08494730 -0.95328019 -0.28989796
vn -0.00000000 -0.00000000 -1.00000000
vn -0.14033066 -0.87416417 -0.46491323
vn -0.16036566 -0.87147396 -0.46348247
vn -0.16450874 -0.92503135 -0.34242354
vn -0.16585286 -0.93258931 -0.32057761
vn -0.18107475 -0.92230581 -0.34141461
vn -0.19253596 -0.92389494 -0.33067816
vn -0.19321275 -0.92786691 -0.31895428
vn -0.19253596 -0.92389494 -0.33067816
vn -0.19321275 -0.92786691 -0.31895428
vn -0.19378893 -0.92791946 -0.31845146
vn -0.19558015 -0.92253101 -0.33269345
vn -0.19836653 -0.92273947 -0.33045816
vn -0.12457455 -0.95084525 -0.28350395
vn -0.12818836 -0.94463279 -0.30205403
vn -0.13158290 -0.95158148 -0.27781043
vn -0.15423690 -0.94962700 -0.27279946
vn -0.15802991 -0.93507967 -0.31725787
vn -0.16278818 -0.93409292 -0.31775845
vn -0.16738008 -0.94563991 -0.27883521
vn -0.17804487 -0.94062797 -0.28899663
vn -0.18051361 -0.93734063 -0.29800566
vn -0.17804487 -0.94062797 -0.28899663
vn -0.18051361 -0.93734063 -0.29800566
vn -0.19781922 -0.93416338 -0.29699553
vn -0.19953131 -0.93667889 -0.28778450
vn -0.20099323 -0.93461941 -0.29340804
vn -0.19953272 -0.93667829 -0.28778546
vn -0.20099323 -0.93461941 -0.29340804
vn -0.20168384 -0.93450234 -0.29330702
vn -0.20302227 -0.93695070 -0.28443865
vn -0.20343579 -0.93463919 -0.29165643
vn -0.20448335 -0.93647723 -0.28495079
vn -0.20268153 -0.93734898 -0.28336741
vn -0.20302227 -0.93695070 -0.28443865
vn -0.20448335 -0.93647723 -0.28495079
vn -0.20528415 -0.93745447 -0.28113614
vn -0.20703632 -0.93674390 -0.28221769
vn -0.19680522 -0.94443312 -0.26327511
vn -0.20528415 -0.93745447 -0.28113614
vn -0.20703632 -0.93674390 -0.28221769
vn -0.20875040 -0.94515023 -0.25122563
vn -0.21569487 -0.93561201 -0.27947430
vn -0.21918859 -0.94129448 -0.25675097
vn -0.22157206 -0.94001481 -0.25937999
vn -0.22187737 -0.93591430 -0.27355962
vn -0.22432156 -0.93730129 -0.26673231
vn -0.22157206 -0.94001481 -0.25937999
vn -0.22432156 -0.93730129 -0.26673231
vn -0.22811354 -0.93747588 -0.26287483
vn -0.22806668 -0.93751911 -0.26276133
vn -0.21470409 -0.94498828 -0.24677784
vn -0.21648772 -0.94505116 -0.24497219
vn -0.21918859 -0.94129448 -0.25675097
vn -0.22157206 -0.94001481 -0.25937999
vn -0.22806668 -0.93751911 -0.26276133
vn -0.23035128 -0.94006649 -0.25142250
vn -0.23303355 -0.93762557 -0.25797995
vn -0.21648772 -0.94505116 -0.24497219
vn -0.21677191 -0.94608470 -0.24069417
vn -0.23035128 -0.94006649 -0.25142250
vn -0.23139449 -0.94283900 -0.23981493
vn -0.23461340 -0.94012641 -0.24722234
vn -0.21270002 -0.94801990 -0.23667905
vn -0.21283910 -0.94863978 -0.23405572
vn -0.21677191 -0.94608470 -0.24069417
vn -0.21854641 -0.94780665 -0.23216377
vn -0.23139449 -0.94283900 -0.23981493
vn -0.23486824 -0.94411641 -0.23125985
vn -0.23555125 -0.94286018 -0.23564866
vn -0.23578341 -0.94366285 -0.23217796
vn -0.21854641 -0.94780665 -0.23216377
vn -0.23217160 -0.94579200 -0.22709875
vn -0.23486824 -0.94411641 -0.23125985
vn -0.23507829 -0.94496076 -0.22756835
vn -0.11247686 -0.98471300 -0.13300097
vn -0.12907149 -0.96458469 -0.23003678
vn -0.15036453 -0.98832377 -0.02463010
vn -0.17457342 -0.98464239 0.00186798
vn -0.20604354 -0.94977697 -0.23552022
vn -0.21283910 -0.94863978 -0.23405572
vn -0.21854641 -0.94780665 -0.23216377
vn -0.23122401 -0.97289879 0.00184570
vn -0.23217160 -0.94579200 -0.22709875
vn -0.23920791 -0.97028529 -0.03641468
vn -0.35267552 -0.90776014 -0.22713763
vn -0.35599758 -0.90548264 -0.23101281
vn -0.36615289 -0.90061226 -0.23415724
vn -0.36669286 -0.90038034 -0.23420417
vn -0.36995472 -0.89969852 -0.23168097
vn -0.35161610 -0.90590644 -0.23600770
vn -0.35599758 -0.90548264 -0.23101281
vn -0.36615289 -0.90061226 -0.23415724
vn -0.36669286 -0.90038034 -0.23420417
vn -0.36836509 -0.89921587 -0.23604654
vn -0.36995472 -0.89969852 -0.23168097
vn -0.37839842 -0.89532040 -0.23498087
vn -0.38228793 -0.89472325 -0.23092475
vn -0.38271693 -0.89582579 -0.22588471
vn -0.38275285 -0.89581136 -0.22588107
vn -0.36808782 -0.89777265 -0.24190005
vn -0.36836509 -0.89921587 -0.23604654
vn -0.37839842 -0.89532040 -0.23498087
vn -0.37965016 -0.89181878 -0.24601834
vn -0.38256206 -0.89153190 -0.24252244
vn -0.37965016 -0.89181878 -0.24601834
vn -0.38256206 -0.89153190 -0.24252244
vn -0.38559779 -0.88665968 -0.25524293
vn -0.39055670 -0.88397242 -0.25701794
vn -0.39340289 -0.88352134 -0.25421291
vn -0.39453009 -0.88549495 -0.24544797
vn -0.39608057 -0.88349977 -0.25009664
vn -0.39617219 -0.88351802 -0.24988697
vn -0.39054156 -0.88390185 -0.25728352
vn -0.39055670 -0.88397242 -0.25701794
vn -0.39339920 -0.88351307 -0.25424735
vn -0.39340289 -0.88352134 -0.25421291
vn -0.39339920 -0.88351307 -0.25424735
vn -0.39340289 -0.88352134 -0.25421291
vn -0.39608057 -0.88349977 -0.25009664
vn -1.00000000 0.00000000 0.00000000
vn -0.39470064 -0.87834216 -0.26967842
vn -0.39579583 -0.87682056 -0.27300434
vn -1.00000000 0.00000000 0.00000000
vn -0.38734304 -0.87526790 -0.28960572
vn -0.38772313 -0.87489683 -0.29021769
vn -0.38946725 -0.87496184 -0.28767524
vn -1.00000000 0.00000000 0.00000000
vn -0.38699600 -0.87325608 -0.29607078
vn -0.38772313 -0.87489683 -0.29021769
vn -1.00000000 0.00000000 0.00000000
vn -0.17441720 -0.98376125 0.04233718
vn -0.17457342 -0.98464239 0.00186798
vn -0.23095739 -0.97177695 0.04804414
vn -0.23122401 -0.97289879 0.00184570
vn -0.15006119 -0.98632999 0.06807928
vn -0.15036453 -0.98832377 -0.02463010
vn -0.17441720 -0.98376125 0.04233718
vn -0.17457342 -0.98464239 0.00186798
vn -0.10851460 -0.97628153 0.18734715
vn -0.10941998 -0.98442704 -0.13758880
vn -0.11247686 -0.98471300 -0.13300097
vn -0.15006119 -0.98632999 0.06807928
vn -0.15036453 -0.98832377 -0.02463010
vn -0.40159928 -0.88862044 -0.22152139
vn -0.40647132 -0.88381382 -0.23163377
vn -1.00000000 0.00000000 0.00000000
vn -0.38271693 -0.89582579 -0.22588471
vn -0.38275285 -0.89581136 -0.22588107
vn -0.38338121 -0.89567648 -0.22534969
vn -0.38347394 -0.89571234 -0.22504918
vn -0.40154890 -0.88471721 -0.23671487
vn -0.40647132 -0.88381382 -0.23163377
vn -1.00000000 0.00000000 0.00000000
vn -0.39931677 -0.88434180 -0.24183817
vn -0.39979464 -0.88540012 -0.23713049
vn -0.40154890 -0.88471721 -0.23671487
vn -1.00000000 0.00000000 0.00000000
vn -0.39348356 -0.88860676 -0.23568775
vn -0.39786657 -0.88504262 -0.24166456
vn -0.39904068 -0.88443600 -0.24194937
vn -0.39931677 -0.88434180 -0.24183817
vn -0.39979464 -0.88540012 -0.23713049
vn -0.37839842 -0.89532040 -0.23498087
vn -0.38228793 -0.89472325 -0.23092475
vn -0.38256206 -0.89153190 -0.24252244
vn -0.38928892 -0.89126495 -0.23259604
vn -0.39348356 -0.88860676 -0.23568775
vn -0.39453009 -0.88549495 -0.24544797
vn -0.39786657 -0.88504262 -0.24166456
vn -0.38228793 -0.89472325 -0.23092475
vn -0.38275285 -0.89581136 -0.22588107
vn -0.38338121 -0.89567648 -0.22534969
vn -0.38928892 -0.89126495 -0.23259604
vn -0.00042836 -0.97389024 -0.22701899
vn -0.00067896 -0.97387900 -0.22706660
vn -0.00198741 -0.97441739 -0.22473717
vn -0.01188345 -0.97350054 -0.22837573
vn -0.01700358 -0.97331391 -0.22884691
vn -0.02010526 -0.97812589 -0.20703988
vn -0.04047950 -0.97752178 -0.20691201
vn -0.04174702 -0.97260600 -0.22868046
vn 0.00000000 -0.97372878 -0.22771091
vn 1.00000000 0.00000000 0.00000000
vn -0.00042836 -0.97389024 -0.22701899
vn -0.00067896 -0.97387900 -0.22706660
vn -0.09882391 -0.98077982 -0.16824024
vn -0.10695460 -0.96750356 -0.22912349
vn -0.10941998 -0.98442704 -0.13758880
vn -0.11247686 -0.98471300 -0.13300097
vn -0.11369839 -0.96659079 -0.22972794
vn -0.12907149 -0.96458469 -0.23003678
vn -0.07646005 -0.97778853 -0.19514984
vn -0.07966871 -0.97021606 -0.22876557
vn -0.08779128 -0.96932808 -0.22955557
vn -0.09882391 -0.98077982 -0.16824024
vn -0.10695460 -0.96750356 -0.22912349
vn -0.04047950 -0.97752178 -0.20691201
vn -0.04174702 -0.97260600 -0.22868046
vn -0.04610004 -0.97229921 -0.22914850
vn -0.04707701 -0.97223068 -0.22924060
vn -0.05134783 -0.97936561 -0.19546460
vn -0.07646005 -0.97778853 -0.19514984
vn -0.07966871 -0.97021606 -0.22876557
vn -0.08443791 -0.95447775 -0.28608123
vn -0.08494730 -0.95328019 -0.28989796
vn -0.08826714 -0.95529467 -0.28217193
vn -0.10522195 -0.95549204 -0.27561441
vn -0.11245893 -0.94217005 -0.31570331
vn -0.11574901 -0.95363232 -0.27782649
vn -0.12457455 -0.95084525 -0.28350395
vn -0.12818836 -0.94463279 -0.30205403
vn 0.00000000 -0.95890068 -0.28374192
vn 1.00000000 0.00000000 0.00000000
vn -0.00092563 -0.95864162 -0.28461445
vn 0.00000000 -0.96512838 -0.26177701
vn 0.00000000 -0.95890068 -0.28374192
vn -0.00092563 -0.95864162 -0.28461445
vn -0.00097267 -0.96524212 -0.26135550
vn -0.00194987 -0.95849854 -0.28509079
vn -0.00281640 -0.96529996 -0.26112843
vn -0.01727448 -0.96487996 -0.26212258
vn -0.01773146 -0.95834967 -0.28504651
vn -0.01784940 -0.96472399 -0.26265760
vn -0.05708704 -0.95747396 -0.28281564
vn -0.05740362 -0.96278358 -0.26410717
vn -0.08826714 -0.95529467 -0.28217193
vn -0.10267632 -0.95927689 -0.26314523
vn -0.10522195 -0.95549204 -0.27561441
vn -0.10552368 -0.95823191 -0.26581265
vn -0.05407841 -0.95649695 -0.28668644
vn -0.05409707 -0.95682699 -0.28557943
vn -0.05708704 -0.95747396 -0.28281564
vn -0.08443791 -0.95447775 -0.28608123
vn -0.08826714 -0.95529467 -0.28217193
vn -0.01727448 -0.96487996 -0.26212258
vn -0.01784940 -0.96472399 -0.26265760
vn -0.01802395 -0.96674697 -0.25509887
vn -0.02365550 -0.96807789 -0.24953079
vn -0.05520014 -0.96687243 -0.24922007
vn -0.05545969 -0.96339270 -0.26229513
vn -0.05564855 -0.96667343 -0.24989142
vn -0.05545969 -0.96339270 -0.26229513
vn -0.05564855 -0.96667343 -0.24989142
vn -0.05740362 -0.96278358 -0.26410717
vn -0.09622765 -0.96368074 -0.24911779
vn -0.09672389 -0.96354114 -0.24946534
vn -0.10267632 -0.95927689 -0.26314523
vn -0.10286575 -0.96104665 -0.25653065
vn -0.11574901 -0.95363232 -0.27782649
vn -0.12457455 -0.95084525 -0.28350395
vn -0.13158290 -0.95158148 -0.27781043
vn -0.10522195 -0.95549204 -0.27561441
vn -0.10552368 -0.95823191 -0.26581265
vn -0.11574901 -0.95363232 -0.27782649
vn -0.13158290 -0.95158148 -0.27781043
vn -0.14844635 -0.95293558 -0.26434345
vn -0.15390575 -0.95180357 -0.26529793
vn -0.15423690 -0.94962700 -0.27279946
vn -0.15454601 -0.95153016 -0.26590580
vn -0.15423690 -0.94962700 -0.27279946
vn -0.15454601 -0.95153016 -0.26590580
vn -0.16738008 -0.94563991 -0.27883521
vn -0.19524995 -0.94071080 -0.27738179
vn -0.19536946 -0.94454201 -0.26395296
vn -0.16738008 -0.94563991 -0.27883521
vn -0.17804487 -0.94062797 -0.28899663
vn -0.19524995 -0.94071080 -0.27738179
vn -0.19698843 -0.93971209 -0.27952952
vn -0.19952986 -0.93667950 -0.28778351
vn -0.19698843 -0.93971209 -0.27952952
vn -0.19953183 -0.93667867 -0.28778485
vn -0.20268153 -0.93734898 -0.28336741
vn -0.20302227 -0.93695070 -0.28443865
vn -0.19524995 -0.94071080 -0.27738179
vn -0.19536946 -0.94454201 -0.26395296
vn -0.19614183 -0.94457963 -0.26324459
vn -0.19680522 -0.94443312 -0.26327511
vn -0.19698843 -0.93971209 -0.27952952
vn -0.20268153 -0.93734898 -0.28336741
vn -0.20528415 -0.93745447 -0.28113614
vn -0.19614183 -0.94457963 -0.26324459
vn -0.19681442 -0.94781869 -0.25080634
vn -0.19680522 -0.94443312 -0.26327511
vn -0.20488354 -0.94815692 -0.24294279
vn -0.20875040 -0.94515023 -0.25122563
vn -0.20895687 -0.94623368 -0.24693895
vn -0.20875040 -0.94515023 -0.25122563
vn -0.20895687 -0.94623368 -0.24693895
vn -0.21470409 -0.94498828 -0.24677784
vn -0.21918859 -0.94129448 -0.25675097
vn -0.20488354 -0.94815692 -0.24294279
vn -0.20630576 -0.94934913 -0.23701090
vn -0.20895687 -0.94623368 -0.24693895
vn -0.21270002 -0.94801990 -0.23667905
vn -0.21470409 -0.94498828 -0.24677784
vn -0.21648772 -0.94505116 -0.24497219
vn -0.21677191 -0.94608470 -0.24069417
vn -0.20604354 -0.94977697 -0.23552022
vn -0.20630576 -0.94934913 -0.23701090
vn -0.21270002 -0.94801990 -0.23667905
vn -0.21283910 -0.94863978 -0.23405572
vn -0.11098690 -0.96627411 -0.23237096
vn -0.11369839 -0.96659079 -0.22972794
vn -0.11454088 -0.96170884 -0.24899095
vn -0.12293286 -0.95884353 -0.25594257
vn -0.12907149 -0.96458469 -0.23003678
vn -0.14844635 -0.95293558 -0.26434345
vn -0.15390575 -0.95180357 -0.26529793
vn -0.19681442 -0.94781869 -0.25080634
vn -0.20488354 -0.94815692 -0.24294279
vn -0.20604354 -0.94977697 -0.23552022
vn -0.20630576 -0.94934913 -0.23701090
vn -0.39608057 -0.88349977 -0.25009664
vn -0.39617219 -0.88351802 -0.24988697
vn -0.39804181 -0.88314012 -0.24824635
vn -1.00000000 0.00000000 0.00000000
vn -0.39453009 -0.88549495 -0.24544797
vn -0.39617219 -0.88351802 -0.24988697
vn -0.39786657 -0.88504262 -0.24166456
vn -0.39804181 -0.88314012 -0.24824635
vn -0.39904068 -0.88443600 -0.24194937
vn -0.39804181 -0.88314012 -0.24824635
vn -0.39904068 -0.88443600 -0.24194937
vn -0.39931677 -0.88434180 -0.24183817
vn -1.00000000 0.00000000 0.00000000
vn -0.01700358 -0.97331391 -0.22884691
vn -0.01765003 -0.97318241 -0.22935665
vn -0.04174702 -0.97260600 -0.22868046
vn -0.04610004 -0.97229921 -0.22914850
vn -0.00725601 -0.97346565 -0.22871810
vn -0.01188345 -0.97350054 -0.22837573
vn -0.01482102 -0.97225607 -0.23344908
vn -0.01700358 -0.97331391 -0.22884691
vn -0.01765003 -0.97318241 -0.22935665
vn -0.01783692 -0.97286853 -0.23067003
vn 0.00000000 -0.97372878 -0.22771091
vn 0.00000000 -0.97369802 -0.22784240
vn -0.00067896 -0.97387900 -0.22706660
vn -0.00725601 -0.97346565 -0.22871810
vn -0.01188345 -0.97350054 -0.22837573
vn 0.00000000 -0.97372878 -0.22771091
vn 0.00000000 -0.97369802 -0.22784240
vn 1.00000000 0.00000000 0.00000000
vn -0.08776282 -0.96901388 -0.23088911
vn -0.08779128 -0.96932808 -0.22955557
vn -0.08955298 -0.96837442 -0.23287604
vn -0.10695460 -0.96750356 -0.22912349
vn -0.11098690 -0.96627411 -0.23237096
vn -0.11369839 -0.96659079 -0.22972794
vn -0.04707701 -0.97223068 -0.22924060
vn -0.04939292 -0.97158007 -0.23150056
vn -0.07966871 -0.97021606 -0.22876557
vn -0.08776282 -0.96901388 -0.23088911
vn -0.08779128 -0.96932808 -0.22955557
vn -0.01765003 -0.97318241 -0.22935665
vn -0.01783692 -0.97286853 -0.23067003
vn -0.02300554 -0.97158390 -0.23557477
vn -0.04610004 -0.97229921 -0.22914850
vn -0.04707701 -0.97223068 -0.22924060
vn -0.04939292 -0.97158007 -0.23150056
vn -0.04979179 -0.97063566 -0.23534486
vn 0.00000000 -0.96512838 -0.26177701
vn 0.00000000 -0.95890068 -0.28374192
vn 1.00000000 0.00000000 0.00000000
vn 0.00000000 -0.96543694 -0.26063673
vn 0.00000000 -0.96512838 -0.26177701
vn 1.00000000 0.00000000 0.00000000
vn -0.00097267 -0.96524212 -0.26135550
vn 0.00000000 -0.97369802 -0.22784240
vn 0.00000000 -0.96543694 -0.26063673
vn -0.00097267 -0.96524212 -0.26135550
vn -0.00281640 -0.96529996 -0.26112843
vn -0.00725601 -0.97346565 -0.22871810
vn -0.01482102 -0.97225607 -0.23344908
vn -0.01539022 -0.96740055 -0.25278315
vn -0.00281640 -0.96529996 -0.26112843
vn -0.01539022 -0.96740055 -0.25278315
vn -0.01727448 -0.96487996 -0.26212258
vn -0.01802395 -0.96674697 -0.25509887
vn -0.10267632 -0.95927689 -0.26314523
vn -0.10286575 -0.96104665 -0.25653065
vn -0.10552368 -0.95823191 -0.26581265
vn -0.12293286 -0.95884353 -0.25594257
vn -0.14844635 -0.95293558 -0.26434345
vn -0.01482102 -0.97225607 -0.23344908
vn -0.01539022 -0.96740055 -0.25278315
vn -0.01783692 -0.97286853 -0.23067003
vn -0.01802395 -0.96674697 -0.25509887
vn -0.02300554 -0.97158390 -0.23557477
vn -0.02365550 -0.96807789 -0.24953079
vn -0.02300554 -0.97158390 -0.23557477
vn -0.02365550 -0.96807789 -0.24953079
vn -0.04979179 -0.97063566 -0.23534486
vn -0.05454328 -0.96854148 -0.24280122
vn -0.05520014 -0.96687243 -0.24922007
vn -0.05454328 -0.96854148 -0.24280122
vn -0.05520014 -0.96687243 -0.24922007
vn -0.05564855 -0.96667343 -0.24989142
vn -0.09122051 -0.96594125 -0.24214938
vn -0.09622765 -0.96368074 -0.24911779
vn -0.08955298 -0.96837442 -0.23287604
vn -0.09122051 -0.96594125 -0.24214938
vn -0.09622765 -0.96368074 -0.24911779
vn -0.09672389 -0.96354114 -0.24946534
vn -0.11098690 -0.96627411 -0.23237096
vn -0.11454088 -0.96170884 -0.24899095
vn -0.09672389 -0.96354114 -0.24946534
vn -0.10286575 -0.96104665 -0.25653065
vn -0.11454088 -0.96170884 -0.24899095
vn -0.12293286 -0.95884353 -0.25594257
vn -0.15390575 -0.95180357 -0.26529793
vn -0.15454601 -0.95153016 -0.26590580
vn -0.19536946 -0.94454201 -0.26395296
vn -0.19614183 -0.94457963 -0.26324459
vn -0.19681442 -0.94781869 -0.25080634
vn 0.00000000 -0.97369802 -0.22784240
vn 0.00000000 -0.96543694 -0.26063673
vn 1.00000000 0.00000000 0.00000000
vn -0.04939292 -0.97158007 -0.23150056
vn -0.04979179 -0.97063566 -0.23534486
vn -0.05454328 -0.96854148 -0.24280122
vn -0.08776282 -0.96901388 -0.23088911
vn -0.08955298 -0.96837442 -0.23287604
vn -0.09122051 -0.96594125 -0.24214938
f 1//1 6//6 26//26
f 1//1 26//26 53//53
f 1//1 53//53 103//103
f 1//1 103//103 191//191
f 1//1 191//191 344//344
f 1//1 344//344 597//597
f 1//1 597//597 934//934
f 1//1 934//934 992//992
f 1//1 992//992 645//645
f 1//1 645//645 642//642
f 1//1 642//642 390//390
f 1//1 390//390 370//370
f 1//1 370//370 216//216
f 1//1 216//216 213//213
f 1//1 213//213 210//210
f 1//1 210//210 120//120
f 1//1 120//120 117//117
f 1//1 117//117 58//58
f 1//1 58//58 28//28
f 1//1 28//28 9//9
f 5//5 12//12 42//42
f 5//5 42//42 88//88
f 5//5 88//88 164//164
f 5//5 164//164 289//289
f 5//5 289//289 513//513
f 5//5 513//513 510//510
f 5//5 510//510 837//837
f 5//5 837//837 1122//1122
f 5//5 1122//1122 1119//1119
f 5//5 1119//1119 813//813
f 5//5 813//813 823//823
f 5//5 823//823 1115//1115
f 5//5 1115//1115 804//804
f 5//5 804//804 800//800
f 5//5 800//800 1112//1112
f 5//5 1112//1112 1308//1308
f 5//5 1308//1308 1317//1317
f 5//5 1317//1317 1149//1149
f 5//5 1149//1149 1145//1145
f 5//5 1145//1145 1138//1138
f 5//5 1138//1138 879//879
f 5//5 879//879 875//875
f 5//5 875//875 872//872
f 5//5 872//872 549//549
f 5//5 549//549 312//312
f 5//5 312//312 170//170
f 5//5 170//170 94//94
f 5//5 94//94 48//48
f 5//5 48//48 15//15
f 2//2 14//14 18//18
f 3//3 19//19 21//21
f 4//4 22//22 7//7
f 8//8 23//23 20//20
f 8//8 20//20 51//51
f 8//8 51//51 102//102
f 8//8 102//102 190//190
f 8//8 190//190 342//342
f 8//8 342//342 596//596
f 8//8 596//596 915//915
f 8//8 915//915 1175//1175
f 8//8 1175//1175 1335//1335
f 8//8 1335//1335 1410//1410
f 8//8 1410//1410 1359//1359
f 8//8 1359//1359 1356//1356
f 8//8 1356//1356 1205//1205
f 8//8 1205//1205 966//966
f 8//8 966//966 964//964
f 8//8 964//964 627//627
f 8//8 627//627 369//369
f 8//8 369//369 209//209
f 8//8 209//209 116//116
f 8//8 116//116 57//57
f 8//8 57//57 27//27
f 10//10 30//30 35//35
f 11//11 37//37 39//39
f 13//13 47//47 17//17
f 16//16 46//46 50//50
f 25//25 56//56 110//110
f 24//24 109//109 52//52
f 29//29 61//61 33//33
f 32//32 69//69 71//71
f 34//34 72//72 74//74
f 36//36 77//77 79//79
f 38//38 81//81 40//40
f 31//31 60//60 67//67
f 41//41 82//82 86//86
f 43//43 90//90 95//95
f 44//44 98//98 100//100
f 45//45 101//101 49//49
f 54//54 111//111 104//104
f 55//55 115//115 108//108
f 59//59 119//119 66//66
f 65//65 118//118 123//123
f 64//64 122//122 131//131
f 62//62 129//129 136//136
f 63//63 137//137 139//139
f 68//68 143//143 70//70
f 73//73 144//144 75//75
f 76//76 145//145 147//147
f 78//78 148//148 80//80
f 83//83 153//153 157//157
f 84//84 158//158 160//160
f 85//85 161//161 87//87
f 93//93 167//167 177//177
f 92//92 171//171 180//180
f 89//89 179//179 187//187
f 91//91 188//188 96//96
f 97//97 189//189 99//99
f 105//105 113//113 196//196
f 106//106 198//198 192//192
f 107//107 114//114 202//202
f 112//112 203//203 195//195
f 114//114 207//207 202//202
f 121//121 212//212 130//130
f 128//128 211//211 215//215
f 126//126 214//214 219//219
f 125//125 218//218 226//226
f 124//124 225//225 229//229
f 127//127 231//231 133//133
f 132//132 230//230 236//236
f 134//134 238//238 240//240
f 135//135 242//242 138//138
f 140//140 244//244 249//249
f 141//141 250//250 255//255
f 142//142 256//256 266//266
f 146//146 269//269 149//149
f 150//150 270//270 272//272
f 151//151 273//273 276//276
f 152//152 279//279 281//281
f 156//156 283//283 287//287
f 155//155 286//286 163//163
f 154//154 162//162 159//159
f 168//168 290//290 303//303
f 166//166 301//301 307//307
f 165//165 306//306 176//176
f 169//169 311//311 296//296
f 172//172 314//314 184//184
f 175//175 305//305 300//300
f 174//174 297//297 322//322
f 173//173 320//320 318//318
f 178//178 325//325 186//186
f 183//183 313//313 333//333
f 182//182 330//330 339//339
f 181//181 336//336 328//328
f 185//185 324//324 341//341
f 193//193 200//200 348//348
f 194//194 349//349 345//345
f 197//197 204//204 354//354
f 199//199 356//356 347//347
f 201//201 206//206 360//360
f 205//205 365//365 612//612
f 205//205 612//612 355//355
f 208//208 368//368 363//363
f 217//217 372//372 223//223
f 222//222 380//380 382//382
f 224//224 387//387 227//227
f 220//220 371//371 392//392
f 221//221 393//393 378//378
f 228//228 389//389 234//234
f 233//233 398//398 405//405
f 235//235 407//407 410//410
f 237//237 412//412 414//414
f 239//239 415//415 241//241
f 232//232 388//388 397//397
f 243//243 417//417 248//248
f 247//247 416//416 423//423
f 245//245 422//422 428//428
f 246//246 429//429 252//252
f 253//253 434//434 440//440
f 254//254 441//441 448//448
f 257//257 449//449 451//451
f 260//260 457//457 459//459
f 261//261 460//460 465//465
f 263//263 466//466 468//468
f 264//264 470//470 472//472
f 265//265 473//473 482//482
f 262//262 481//481 492//492
f 259//259 487//487 495//495
f 258//258 493//493 267//267
f 251//251 427//427 433//433
f 268//268 494//494 500//500
f 271//271 501//501 274//274
f 275//275 502//502 277//277
f 278//278 503//503 505//505
f 280//280 508//508 282//282
f 285//285 512//512 288//288
f 284//284 509//509 511//511
f 291//291 519//519 304//304
f 295//295 308//308 525//525
f 294//294 523//523 529//529
f 293//293 527//527 535//535
f 292//292 533//533 522//522
f 302//302 515//515 540//540
f 299//299 538//538 546//546
f 298//298 544//544 323//323
f 310//310 547//547 559//559
f 309//309 557//557 526//526
f 315//315 563//563 334//334
f 317//317 319//319 571//571
f 316//316 568//568 566//566
f 321//321 541//541 572//572
f 327//327 335//335 579//579
f 326//326 577//577 343//343
f 332//332 562//562 585//585
f 331//331 583//583 593//593
f 329//329 591//591 338//338
f 337//337 589//589 581//581
f 340//340 576//576 595//595
f 346//346 352//352 598//598
f 353//353 602//602 599//599
f 350//350 358//358 607//607
f 351//351 609//609 601//601
f 357//357 615//615 617//617
f 359//359 619//619 608//608
f 362//362 367//367 626//626
f 361//361 624//624 628//628
f 364//364 635//635 637//637
f 366//366 638//638 613//613
f 376//376 391//391 644//644
f 375//375 643//643 648//648
f 374//374 647//647 655//655
f 373//373 654//654 659//659
f 377//377 661//661 663//663
f 379//379 665//665 669//669
f 381//381 670//670 383//383
f 384//384 671//671 667//667
f 385//385 668//668 675//675
f 386//386 676//676 396//396
f 395//395 681//681 401//401
f 394//394 674//674 680//680
f 400//400 688//688 690//690
f 402//402 692//692 695//695
f 403//403 698//698 702//702
f 404//404 703//703 706//706
f 406//406 709//709 408//408
f 399//399 678//678 687//687
f 409//409 710//710 419//419
f 411//411 421//421 413//413
f 418//418 708//708 713//713
f 420//420 715//715 424//424
f 425//425 716//716 720//720
f 426//426 721//721 430//430
f 431//431 722//722 725//725
f 432//432 727//727 435//435
f 436//436 728//728 732//732
f 437//437 733//733 737//737
f 438//438 739//739 741//741
f 439//439 743//743 445//445
f 443//443 742//742 740//740
f 442//442 738//738 746//746
f 444//444 747//747 751//751
f 446//446 752//752 758//758
f 447//447 759//759 765//765
f 450//450 766//766 452//452
f 453//453 767//767 772//772
f 454//454 774//774 780//780
f 455//455 782//782 785//785
f 456//456 786//786 458//458
f 463//463 474//474 471//471
f 462//462 469//469 467//467
f 461//461 788//788 790//790
f 464//464 792//792 476//476
f 477//477 793//793 796//796
f 478//478 797//797 801//801
f 479//479 802//802 807//807
f 475//475 805//805 483//483
f 485//485 811//811 819//819
f 480//480 816//816 491//491
f 484//484 806//806 820//820
f 486//486 821//821 812//812
f 490//490 814//814 825//825
f 489//489 824//824 829//829
f 488//488 828//828 499//499
f 498//498 827//827 835//835
f 497//497 834//834 507//507
f 496//496 506//506 504//504
f 514//514 844//844 539//539
f 521//521 531//531 849//849
f 520//520 847//847 853//853
f 518//518 851//851 857//857
f 517//517 855//855 863//863
f 516//516 861//861 846//846
f 524//524 556//556 530//530
f 528//528 554//554 536//536
f 534//534 551//551 764//764
f 532//532 761//761 850//850
f 537//537 843//843 545//545
f 543//543 840//840 869//869
f 542//542 868//868 574//574
f 548//548 871//871 561//561
f 560//560 870//870 874//874
f 558//558 873//873 878//878
f 555//555 876//876 884//884
f 553//553 882//882 892//892
f 552//552 891//891 899//899
f 550//550 895//895 763//763
f 567//567 569//569 901//901
f 565//565 900//900 905//905
f 564//564 904//904 587//587
f 573//573 867//867 908//908
f 570//570 907//907 902//902
f 580//580 588//588 911//911
f 578//578 909//909 917//917
f 575//575 914//914 594//594
f 586//586 903//903 921//921
f 584//584 919//919 932//932
f 582//582 930//930 592//592
f 590//590 928//928 912//912
f 600//600 603//603 935//935
f 606//606 650//650 936//936
f 604//604 611//611 939//939
f 605//605 941//941 649//649
f 610//610 620//620 938//938
f 614//614 641//641 945//945
f 616//616 946//946 618//618
f 622//622 950//950 940//940
f 621//621 949//949 958//958
f 623//623 959//959 951//951
f 625//625 963//963 630//630
f 629//629 962//962 965//965
f 631//631 969//969 971//971
f 632//632 973//973 976//976
f 633//633 977//977 982//982
f 634//634 983//983 636//636
f 639//639 984//984 987//987
f 640//640 989//989 944//944
f 646//646 994//994 652//652
f 651//651 993//993 937//937
f 653//653 943//943 657//657
f 656//656 942//942 952//952
f 658//658 955//955 995//995
f 660//660 997//997 662//662
f 664//664 998//998 1000//1000
f 666//666 1003//1003 672//672
f 673//673 1004//1004 679//679
f 677//677 1002//1002 686//686
f 685//685 1001//1001 999//999
f 683//683 996//996 956//956
f 682//682 954//954 1010//1010
f 684//684 1013//1013 1015//1015
f 689//689 1016//1016 691//691
f 693//693 1018//1018 1020//1020
f 694//694 1021//1021 696//696
f 697//697 1023//1023 699//699
f 700//700 1024//1024 1027//1027
f 701//701 1029//1029 1032//1032
f 705//705 1034//1034 712//712
f 704//704 711//711 707//707
f 714//714 1037//1037 717//717
f 718//718 1038//1038 1040//1040
f 719//719 1041//1041 723//723
f 724//724 1042//1042 1047//1047
f 726//726 1049//1049 730//730
f 729//729 1048//1048 1052//1052
f 731//731 1054//1054 735//735
f 736//736 1061//1061 744//744
f 734//734 1053//1053 1059//1059
f 745//745 1062//1062 750//750
f 749//749 1066//1066 754//754
f 748//748 1060//1060 1065//1065
f 755//755 1076//1076 862//862
f 756//756 864//864 856//856
f 757//757 858//858 852//852
f 760//760 854//854 848//848
f 762//762 893//893 768//768
f 753//753 1064//1064 1075//1075
f 770//770 894//894 1077//1077
f 771//771 1078//1078 1083//1083
f 769//769 1082//1082 773//773
f 776//776 1084//1084 1079//1079
f 777//777 1080//1080 1085//1085
f 779//779 1086//1086 1093//1093
f 778//778 1092//1092 784//784
f 775//775 783//783 781//781
f 789//789 1099//1099 791//791
f 787//787 1095//1095 1097//1097
f 795//795 1100//1100 1106//1106
f 794//794 1105//1105 798//798
f 799//799 1107//1107 1109//1109
f 803//803 1113//1113 808//808
f 809//809 1114//1114 822//822
f 810//810 1118//1118 818//818
f 817//817 1116//1116 832//832
f 815//815 830//830 826//826
f 831//831 1120//1120 836//836
f 833//833 1117//1117 1121//1121
f 845//845 859//859 1125//1125
f 842//842 1123//1123 1129//1129
f 841//841 1127//1127 1134//1134
f 839//839 1131//1131 926//926
f 838//838 925//925 866//866
f 860//860 1074//1074 1126//1126
f 865//865 923//923 906//906
f 877//877 1136//1136 888//888
f 881//881 1142//1142 898//898
f 881//881 898//898 890//890
f 889//889 1137//1137 1144//1144
f 887//887 1143//1143 1148//1148
f 886//886 1147//1147 1154//1154
f 885//885 1150//1150 1159//1159
f 883//883 1158//1158 1165//1165
f 880//880 1164//1164 1141//1141
f 897//897 1139//1139 1090//1090
f 896//896 1087//1087 1081//1081
f 913//913 929//929 1171//1171
f 910//910 1168//1168 918//918
f 916//916 1166//1166 1176//1176
f 927//927 1132//1132 1180//1180
f 924//924 1178//1178 1187//1187
f 922//922 1184//1184 1194//1194
f 920//920 1193//1193 933//933
f 931//931 1189//1189 1172//1172
f 947//947 991//991 1197//1197
f 948//948 1200//1200 957//957
f 953//953 961//961 1009//1009
f 960//960 1203//1203 1006//1006
f 967//967 1206//1206 1209//1209
f 968//968 1211//1211 970//970
f 972//972 1214//1214 974//974
f 980//980 1216//1216 1224//1224
f 978//978 1223//1223 986//986
f 975//975 1215//1215 1228//1228
f 979//979 1232//1232 1234//1234
f 981//981 1236//1236 1217//1217
f 985//985 1222//1222 988//988
f 990//990 1225//1225 1196//1196
f 1005//1005 1202//1202 1242//1242
f 1007//1007 1243//1243 1247//1247
f 1008//1008 1250//1250 1252//1252
f 1011//1011 1254//1254 1257//1257
f 1012//1012 1258//1258 1014//1014
f 1017//1017 1261//1261 1263//1263
f 1017//1017 1263//1263 1019//1019
f 1022//1022 1265//1265 1026//1026
f 1025//1025 1264//1264 1271//1271
f 1028//1028 1272//1272 1031//1031
f 1030//1030 1269//1269 1275//1275
f 1033//1033 1277//1277 1279//1279
f 1035//1035 1282//1282 1045//1045
f 1036//1036 1046//1046 1039//1039
f 1043//1043 1281//1281 1287//1287
f 1044//1044 1288//1288 1050//1050
f 1051//1051 1289//1289 1057//1057
f 1055//1055 1286//1286 1292//1292
f 1056//1056 1293//1293 1072//1072
f 1058//1058 1073//1073 1063//1063
f 1067//1067 1181//1181 1133//1133
f 1069//1069 1135//1135 1128//1128
f 1070//1070 1130//1130 1124//1124
f 1071//1071 1290//1290 1303//1303
f 1068//1068 1298//1298 1183//1183
f 1089//1089 1162//1162 1156//1156
f 1088//1088 1155//1155 1094//1094
f 1091//1091 1140//1140 1163//1163
f 1096//1096 1157//1157 1098//1098
f 1103//1103 1305//1305 1111//1111
f 1101//1101 1110//1110 1108//1108
f 1102//1102 1160//1160 1309//1309
f 1104//1104 1310//1310 1306//1306
f 1146//1146 1316//1316 1153//1153
f 1152//1152 1315//1315 1313//1313
f 1151//1151 1311//1311 1161//1161
f 1173//1173 1190//1190 1320//1320
f 1170//1170 1318//1318 1325//1325
f 1169//1169 1323//1323 1332//1332
f 1167//1167 1330//1330 1177//1177
f 1174//1174 1328//1328 1333//1333
f 1182//1182 1295//1295 1341//1341
f 1179//1179 1339//1339 1188//1188
f 1186//1186 1337//1337 1346//1346
f 1185//1185 1344//1344 1195//1195
f 1192//1192 1342//1342 1351//1351
f 1191//1191 1350//1350 1321//1321
f 1198//1198 1226//1226 1218//1218
f 1199//1199 1220//1220 1244//1244
f 1201//1201 1246//1246 1241//1241
f 1204//1204 1355//1355 1208//1208
f 1207//1207 1354//1354 1358//1358
f 1210//1210 1360//1360 1363//1363
f 1212//1212 1364//1364 1368//1368
f 1213//1213 1370//1370 1227//1227
f 1219//1219 1239//1239 1372//1372
f 1221//1221 1374//1374 1245//1245
f 1229//1229 1371//1371 1380//1380
f 1230//1230 1382//1382 1384//1384
f 1231//1231 1387//1387 1389//1389
f 1233//1233 1390//1390 1235//1235
f 1237//1237 1392//1392 1395//1395
f 1238//1238 1396//1396 1399//1399
f 1240//1240 1400//1400 1373//1373
f 1248//1248 1376//1376 1299//1299
f 1249//1249 1300//1300 1403//1403
f 1251//1251 1404//1404 1253//1253
f 1255//1255 1266//1266 1259//1259
f 1256//1256 1405//1405 1267//1267
f 1260//1260 1270//1270 1262//1262
f 1268//1268 1406//1406 1273//1273
f 1274//1274 1407//1407 1301//1301
f 1276//1276 1302//1302 1283//1283
f 1278//1278 1285//1285 1280//1280
f 1284//1284 1304//1304 1291//1291
f 1297//1297 1375//1375 1402//1402
f 1296//1296 1401//1401 1398//1398
f 1294//1294 1397//1397 1340//1340
f 1307//1307 1312//1312 1314//1314
f 1319//1319 1347//1347 1326//1326
f 1324//1324 1377//1377 1366//1366
f 1322//1322 1365//1365 1331//1331
f 1327//1327 1348//1348 1379//1379
f 1329//1329 1361//1361 1408//1408
f 1329//1329 1408//1408 1334//1334
f 1338//1338 1393//1393 1415//1415
f 1336//1336 1414//1414 1345//1345
f 1343//1343 1411//1411 1352//1352
f 1353//1353 1412//1412 1385//1385
f 1349//1349 1383//1383 1381//1381
f 1357//1357 1409//1409 1362//1362
f 1367//1367 1378//1378 1369//1369
f 1386//1386 1413//1413 1388//1388
f 1391//1391 1416//1416 1394//1394

