# https://github.com/mikedh/trimesh
v -0.56923795 -0.00003049 0.15586227
v -0.56923795 -0.00003049 0.15586227
v -0.56923795 -0.00003049 0.15586227
v -1.03377163 -0.00003049 0.25599924
v -1.03377163 -0.00003049 0.25599924
v -1.03377163 -0.00003049 0.25599924
v -0.56923795 -0.00003049 0.04317388
v -0.56923795 -0.00003049 0.04317388
v -0.56923795 -0.00003049 0.04317388
v -0.56923795 0.87210834 0.25599924
v -0.56923795 0.87210834 0.25599924
v -0.56923795 0.87210834 0.25599924
v -1.15709865 -0.00003049 0.25599924
v -1.15709865 -0.00003049 0.25599924
v -1.15709865 -0.00003049 0.25599924
v -0.77825505 -0.00003049 0.00149387
v -0.77825505 -0.00003049 0.00149387
v -0.77825505 -0.00003049 0.00149387
v -0.77825505 -0.00003049 0.00149387
v -0.77825505 -0.00003049 0.00149387
v -0.56923795 0.51150101 0.00524437
v -0.56923795 0.51150101 0.00524437
v -0.56923795 0.51150101 0.00524437
v -0.56923795 0.51150101 0.00524437
v -0.56923795 1.01567525 0.25599924
v -0.56923795 1.01567525 0.25599924
v -0.56923795 1.01567525 0.25599924
v -0.56923795 1.01567525 0.25599924
v -0.56923795 1.01567525 0.25599924
v -1.15629292 -0.00003049 0.25402400
v -1.15629292 -0.00003049 0.25402400
v -1.15629292 -0.00003049 0.25402400
v -1.15709865 0.00702854 0.25599924
v -1.15709865 0.00702854 0.25599924
v -1.15709865 0.00702854 0.25599924
v -1.15709865 0.00702854 0.25599924
v -0.82676864 -0.00003049 0.01934600
v -0.82676864 -0.00003049 0.01934600
v -0.82676864 -0.00003049 0.01934600
v -0.82676864 -0.00003049 0.01934600
v -0.82676864 -0.00003049 0.01934600
v -0.77825505 0.06698061 0.00081879
v -0.77825505 0.06698061 0.00081879
v -0.77825505 0.06698061 0.00081879
v -0.77825505 0.06698061 0.00081879
v -0.77825505 0.06698061 0.00081879
v -0.77825505 0.06698061 0.00081879
v -0.60037178 0.51150101 0.00071883
v -0.60037178 0.51150101 0.00071883
v -0.60037178 0.51150101 0.00071883
v -0.60037178 0.51150101 0.00071883
v -0.60037178 0.51150101 0.00071883
v -0.60037178 0.51150101 0.00071883
v -0.60037178 0.51150101 0.00071883
v -0.60037178 0.51150101 0.00071883
v -0.56923795 0.55594313 0.00299412
v -0.56923795 0.55594313 0.00299412
v -0.56923795 0.55594313 0.00299412
v -0.56923795 0.55594313 0.00299412
v -0.56923795 1.00255150 0.23322153
v -0.56923795 1.00255150 0.23322153
v -0.56923795 1.00255150 0.23322153
v -0.56923795 1.00255150 0.23322153
v -0.59778208 0.98724025 0.23439667
v -0.59778208 0.98724025 0.23439667
v -0.59778208 0.98724025 0.23439667
v -0.59778208 0.98724025 0.23439667
v -0.59778208 0.98724025 0.23439667
v -0.62563568 0.98047948 0.25077361
v -0.62563568 0.98047948 0.25077361
v -0.62563568 0.98047948 0.25077361
v -0.62563568 0.98047948 0.25077361
v -0.62563568 0.98047948 0.25077361
v -0.62563568 0.98047948 0.25077361
v -0.62563568 0.98047948 0.25077361
v -0.62563568 0.98047948 0.25077361
v -0.62753481 0.98177201 0.25599924
v -0.62753481 0.98177201 0.25599924
v -0.62753481 0.98177201 0.25599924
v -1.15427864 -0.00003049 0.25057358
v -1.15427864 -0.00003049 0.25057358
v -1.15427864 -0.00003049 0.25057358
v -1.15427864 -0.00003049 0.25057358
v -1.15629292 0.00533833 0.25402400
v -1.15629292 0.00533833 0.25402400
v -1.15629292 0.00533833 0.25402400
v -1.15629292 0.00533833 0.25402400
v -1.15629292 0.00533833 0.25402400
v -1.15629292 0.03635833 0.25599924
v -1.15629292 0.03635833 0.25599924
v -1.15629292 0.03635833 0.25599924
v -1.15588999 0.03496638 0.25492409
v -1.15588999 0.03496638 0.25492409
v -1.15588999 0.03496638 0.25492409
v -1.15588999 0.03496638 0.25492409
v -1.15588999 0.03496638 0.25492409
v -1.15588999 0.03496638 0.25492409
v -1.07670295 -0.00003049 0.15918767
v -1.07670295 -0.00003049 0.15918767
v -1.07670295 -0.00003049 0.15918767
v -1.07670295 -0.00003049 0.15918767
v -0.82676864 0.01866101 0.01932102
v -0.82676864 0.01866101 0.01932102
v -0.82676864 0.01866101 0.01932102
v -0.82676864 0.01866101 0.01932102
v -0.82061094 0.06698061 0.01654571
v -0.82061094 0.06698061 0.01654571
v -0.82061094 0.06698061 0.01654571
v -0.82061094 0.06698061 0.01654571
v -0.82061094 0.06698061 0.01654571
v -0.82061094 0.06698061 0.01654571
v -0.82061094 0.06698061 0.01654571
v -0.82061094 0.06698061 0.01654571
v -0.82061094 0.06698061 0.01654571
v -0.82061094 0.06698061 0.01654571
v -0.77825505 0.11142273 0.00131887
v -0.77825505 0.11142273 0.00131887
v -0.77825505 0.11142273 0.00131887
v -0.77825505 0.11142273 0.00131887
v -0.77825505 0.11142273 0.00131887
v -0.73376983 0.24484843 0.00059378
v -0.73376983 0.24484843 0.00059378
v -0.73376983 0.24484843 0.00059378
v -0.73376983 0.24484843 0.00059378
v -0.73376983 0.24484843 0.00059378
v -0.64485699 0.46715835 0.00189394
v -0.64485699 0.46715835 0.00189394
v -0.64485699 0.46715835 0.00189394
v -0.64485699 0.46715835 0.00189394
v -0.60037178 0.55594313 0.00919485
v -0.60037178 0.55594313 0.00919485
v -0.60037178 0.55594313 0.00919485
v -0.60037178 0.55594313 0.00919485
v -0.60037178 0.55594313 0.00919485
v -0.60037178 0.55594313 0.00919485
v -0.60037178 0.55594313 0.00919485
v -0.60037178 0.55594313 0.00919485
v -0.60037178 0.55594313 0.00919485
v -0.68928462 0.37817475 0.00076884
v -0.68928462 0.37817475 0.00076884
v -0.68928462 0.37817475 0.00076884
v -0.68928462 0.37817475 0.00076884
v -0.68928462 0.37817475 0.00076884
v -0.68928462 0.37817475 0.00076884
v -0.56923795 0.59909272 0.01432043
v -0.56923795 0.59909272 0.01432043
v -0.56923795 0.59909272 0.01432043
v -0.56923795 0.59909272 0.01432043
v -0.56923795 0.59909272 0.01432043
v -0.56923795 0.59909272 0.01432043
v -0.56923795 0.59909272 0.01432043
v -0.56923795 0.98356169 0.20406806
v -0.56923795 0.98356169 0.20406806
v -0.56923795 0.98356169 0.20406806
v -0.58120805 0.98028070 0.20761847
v -0.58120805 0.98028070 0.20761847
v -0.58120805 0.98028070 0.20761847
v -0.58120805 0.98028070 0.20761847
v -0.58120805 0.98028070 0.20761847
v -0.58120805 0.98028070 0.20761847
v -0.58120805 0.98028070 0.20761847
v -0.58120805 0.98028070 0.20761847
v -0.61084563 0.97103429 0.22114509
v -0.61084563 0.97103429 0.22114509
v -0.61084563 0.97103429 0.22114509
v -0.61084563 0.97103429 0.22114509
v -0.61084563 0.97103429 0.22114509
v -0.61084563 0.97103429 0.22114509
v -0.63202363 0.97868991 0.25599924
v -0.63202363 0.97868991 0.25599924
v -0.63202363 0.97868991 0.25599924
v -0.64416635 0.95572317 0.23262146
v -0.64416635 0.95572317 0.23262146
v -0.64416635 0.95572317 0.23262146
v -0.64416635 0.95572317 0.23262146
v -0.67604846 0.94041198 0.24412280
v -0.67604846 0.94041198 0.24412280
v -0.67604846 0.94041198 0.24412280
v -0.67604846 0.94041198 0.24412280
v -0.67604846 0.94041198 0.24412280
v -0.67604846 0.94041198 0.24412280
v -0.69526970 0.93355185 0.25599924
v -0.69526970 0.93355185 0.25599924
v -0.69526970 0.93355185 0.25599924
v -0.69526970 0.93355185 0.25599924
v -0.69526970 0.93355185 0.25599924
v -0.69526970 0.93355185 0.25599924
v -1.14558876 0.02104718 0.23634690
v -1.14558876 0.02104718 0.23634690
v -1.14558876 0.02104718 0.23634690
v -1.14558876 0.02104718 0.23634690
v -1.14558876 0.02104718 0.23634690
v -1.14558876 0.02104718 0.23634690
v -1.14570391 -0.00003049 0.23634690
v -1.14570391 -0.00003049 0.23634690
v -1.14570391 -0.00003049 0.23634690
v -1.14570391 -0.00003049 0.23634690
v -1.15542960 0.05117236 0.25599924
v -1.15542960 0.05117236 0.25599924
v -1.15542960 0.05117236 0.25599924
v -1.15542960 0.05117236 0.25599924
v -1.14081228 0.06698061 0.23207137
v -1.14081228 0.06698061 0.23207137
v -1.14081228 0.06698061 0.23207137
v -1.14081228 0.06698061 0.23207137
v -1.14081228 0.06698061 0.23207137
v -1.14081228 0.06698061 0.23207137
v -1.14081228 0.06698061 0.23207137
v -1.14081228 0.06698061 0.23207137
v -1.08792496 -0.00003049 0.16768870
v -1.08792496 -0.00003049 0.16768870
v -1.08792496 -0.00003049 0.16768870
v -1.07664537 0.02243909 0.15921268
v -1.07664537 0.02243909 0.15921268
v -1.07664537 0.02243909 0.15921268
v -1.07664537 0.02243909 0.15921268
v -1.07664537 0.02243909 0.15921268
v -1.07664537 0.02243909 0.15921268
v -1.07664537 0.02243909 0.15921268
v -1.07543683 0.06698061 0.15993780
v -1.07543683 0.06698061 0.15993780
v -1.07543683 0.06698061 0.15993780
v -1.07543683 0.06698061 0.15993780
v -1.07543683 0.06698061 0.15993780
v -1.07359529 0.11142273 0.16108793
v -1.07359529 0.11142273 0.16108793
v -1.07359529 0.11142273 0.16108793
v -1.07359529 0.11142273 0.16108793
v -1.07359529 0.11142273 0.16108793
v -1.07359529 0.11142273 0.16108793
v -1.07359529 0.11142273 0.16108793
v -1.04499352 0.11142273 0.14501101
v -1.04499352 0.11142273 0.14501101
v -1.04499352 0.11142273 0.14501101
v -1.04499352 0.11142273 0.14501101
v -0.81796372 0.11142273 0.01769584
v -0.81796372 0.11142273 0.01769584
v -0.81796372 0.11142273 0.01769584
v -0.81796372 0.11142273 0.01769584
v -0.81796372 0.11142273 0.01769584
v -0.81796372 0.11142273 0.01769584
v -0.77825505 0.15586480 0.00289404
v -0.77825505 0.15586480 0.00289404
v -0.77825505 0.15586480 0.00289404
v -0.77825505 0.15586480 0.00289404
v -0.77825505 0.15586480 0.00289404
v -0.73376983 0.28929052 0.00121886
v -0.73376983 0.28929052 0.00121886
v -0.73376983 0.28929052 0.00121886
v -0.73376983 0.28929052 0.00121886
v -0.73376983 0.28929052 0.00121886
v -0.73376983 0.28929052 0.00121886
v -0.68928462 0.42271626 0.00609446
v -0.68928462 0.42271626 0.00609446
v -0.68928462 0.42271626 0.00609446
v -0.68928462 0.42271626 0.00609446
v -0.68928462 0.42271626 0.00609446
v -0.68928462 0.42271626 0.00609446
v -0.68928462 0.42271626 0.00609446
v -0.68928462 0.42271626 0.00609446
v -0.68928462 0.42271626 0.00609446
v -0.68928462 0.42271626 0.00609446
v -0.68928462 0.42271626 0.00609446
v -0.64784950 0.51408601 0.01557058
v -0.64784950 0.51408601 0.01557058
v -0.64784950 0.51408601 0.01557058
v -0.64784950 0.51408601 0.01557058
v -0.64784950 0.51408601 0.01557058
v -0.64784950 0.51408601 0.01557058
v -0.64784950 0.51408601 0.01557058
v -0.82394874 0.68996543 0.15453711
v -0.82394874 0.68996543 0.15453711
v -0.82394874 0.68996543 0.15453711
v -0.82394874 0.68996543 0.15453711
v -0.82394874 0.68996543 0.15453711
v -0.78049946 0.73589885 0.15271193
v -0.78049946 0.73589885 0.15271193
v -0.78049946 0.73589885 0.15271193
v -0.78049946 0.73589885 0.15271193
v -0.78049946 0.73589885 0.15271193
v -0.73664725 0.78123575 0.15188679
v -0.73664725 0.78123575 0.15188679
v -0.73664725 0.78123575 0.15188679
v -0.73664725 0.78123575 0.15188679
v -0.73664725 0.78123575 0.15188679
v -0.73664725 0.78123575 0.15188679
v -0.73664725 0.78123575 0.15188679
v -0.73376983 0.33373263 0.00604445
v -0.73376983 0.33373263 0.00604445
v -0.73376983 0.33373263 0.00604445
v -0.73376983 0.33373263 0.00604445
v -0.73376983 0.33373263 0.00604445
v -0.73376983 0.33373263 0.00604445
v -0.73376983 0.33373263 0.00604445
v -0.73376983 0.33373263 0.00604445
v -0.69141394 0.82518071 0.15263692
v -0.69141394 0.82518071 0.15263692
v -0.69141394 0.82518071 0.15263692
v -0.69141394 0.82518071 0.15263692
v -0.69141394 0.82518071 0.15263692
v -0.69141394 0.82518071 0.15263692
v -0.69141394 0.82518071 0.15263692
v -0.64134651 0.81911594 0.13235947
v -0.64134651 0.81911594 0.13235947
v -0.64134651 0.81911594 0.13235947
v -0.60037178 0.86723667 0.13891029
v -0.60037178 0.86723667 0.13891029
v -0.60037178 0.86723667 0.13891029
v -0.60037178 0.86723667 0.13891029
v -0.60037178 0.86723667 0.13891029
v -0.60037178 0.86723667 0.13891029
v -0.60037178 0.86723667 0.13891029
v -0.56923795 0.86803210 0.12950915
v -0.56923795 0.86803210 0.12950915
v -0.56923795 0.86803210 0.12950915
v -0.56923795 0.97232682 0.19359180
v -0.56923795 0.97232682 0.19359180
v -0.56923795 0.97232682 0.19359180
v -0.56923795 0.95979953 0.18209043
v -0.56923795 0.95979953 0.18209043
v -0.56923795 0.95979953 0.18209043
v -0.56923795 0.95979953 0.18209043
v -0.56923795 0.95979953 0.18209043
v -0.59484714 0.95274049 0.19016638
v -0.59484714 0.95274049 0.19016638
v -0.59484714 0.95274049 0.19016638
v -0.59484714 0.95274049 0.19016638
v -0.59484714 0.95274049 0.19016638
v -0.63305944 0.94140625 0.20234284
v -0.63305944 0.94140625 0.20234284
v -0.63305944 0.94140625 0.20234284
v -0.63305944 0.94140625 0.20234284
v -0.63305944 0.94140625 0.20234284
v -0.63305944 0.94140625 0.20234284
v -0.63305944 0.94140625 0.20234284
v -0.63305944 0.94140625 0.20234284
v -0.66269708 0.93086737 0.21449429
v -0.66269708 0.93086737 0.21449429
v -0.66269708 0.93086737 0.21449429
v -0.66269708 0.93086737 0.21449429
v -0.66269708 0.93086737 0.21449429
v -0.66269708 0.93086737 0.21449429
v -0.69026297 0.92122340 0.23042119
v -0.69026297 0.92122340 0.23042119
v -0.69026297 0.92122340 0.23042119
v -0.69026297 0.92122340 0.23042119
v -0.72277796 0.89815718 0.23207137
v -0.72277796 0.89815718 0.23207137
v -0.72277796 0.89815718 0.23207137
v -0.72277796 0.89815718 0.23207137
v -0.72277796 0.89815718 0.23207137
v -0.75506288 0.88871205 0.25574920
v -0.75506288 0.88871205 0.25574920
v -0.75506288 0.88871205 0.25574920
v -0.75506288 0.88871205 0.25574920
v -0.75506288 0.88871205 0.25574920
v -0.75506288 0.88871205 0.25574920
v -0.75506288 0.88871205 0.25574920
v -0.75506288 0.88871205 0.25574920
v -0.75506288 0.88871205 0.25574920
v -0.75506288 0.88871205 0.25574920
v -0.70257837 0.92808354 0.25599924
v -0.70257837 0.92808354 0.25599924
v -0.70257837 0.92808354 0.25599924
v -1.12095797 0.02243909 0.19844237
v -1.12095797 0.02243909 0.19844237
v -1.12095797 0.02243909 0.19844237
v -1.12095797 0.02243909 0.19844237
v -1.12095797 0.02243909 0.19844237
v -1.12095797 0.02243909 0.19844237
v -1.12095797 0.02243909 0.19844237
v -1.12101555 -0.00003049 0.19836739
v -1.12101555 -0.00003049 0.19836739
v -1.12101555 -0.00003049 0.19836739
v -1.15422106 0.06877025 0.25599924
v -1.15422106 0.06877025 0.25599924
v -1.15422106 0.06877025 0.25599924
v -1.15422106 0.06877025 0.25599924
v -1.13724422 0.11142273 0.23207137
v -1.13724422 0.11142273 0.23207137
v -1.13724422 0.11142273 0.23207137
v -1.13724422 0.11142273 0.23207137
v -1.13724422 0.11142273 0.23207137
v -1.13724422 0.11142273 0.23207137
v -1.13724422 0.11142273 0.23207137
v -1.11802292 0.11142273 0.20174277
v -1.11802292 0.11142273 0.20174277
v -1.11802292 0.11142273 0.20174277
v -1.11802292 0.11142273 0.20174277
v -1.11802292 0.11142273 0.20174277
v -1.11802292 0.11142273 0.20174277
v -1.11974943 0.06698061 0.19976753
v -1.11974943 0.06698061 0.19976753
v -1.11974943 0.06698061 0.19976753
v -1.11974943 0.06698061 0.19976753
v -1.11974943 0.06698061 0.19976753
v -1.09897435 -0.00003049 0.17611471
v -1.09897435 -0.00003049 0.17611471
v -1.09897435 -0.00003049 0.17611471
v -1.09897435 -0.00003049 0.17611471
v -1.09891677 0.02243909 0.17621472
v -1.09891677 0.02243909 0.17621472
v -1.09891677 0.02243909 0.17621472
v -1.09891677 0.02243909 0.17621472
v -1.09891677 0.02243909 0.17621472
v -1.09891677 0.02243909 0.17621472
v -1.09765065 0.06698061 0.17751488
v -1.09765065 0.06698061 0.17751488
v -1.09765065 0.06698061 0.17751488
v -1.09765065 0.06698061 0.17751488
v -1.09765065 0.06698061 0.17751488
v -1.09765065 0.06698061 0.17751488
v -1.09580910 0.11142273 0.17951512
v -1.09580910 0.11142273 0.17951512
v -1.09580910 0.11142273 0.17951512
v -1.09580910 0.11142273 0.17951512
v -1.09580910 0.11142273 0.17951512
v -1.09580910 0.11142273 0.17951512
v -1.07117820 0.15586480 0.16266310
v -1.07117820 0.15586480 0.16266310
v -1.07117820 0.15586480 0.16266310
v -1.07117820 0.15586480 0.16266310
v -1.07117820 0.15586480 0.16266310
v -1.04499352 0.15586480 0.14771131
v -1.04499352 0.15586480 0.14771131
v -1.04499352 0.15586480 0.14771131
v -1.04499352 0.15586480 0.14771131
v -1.04499352 0.15586480 0.14771131
v -1.04499352 0.15586480 0.14771131
v -1.04499352 0.15586480 0.14771131
v -0.81439561 0.15586480 0.01989609
v -0.81439561 0.15586480 0.01989609
v -0.81439561 0.15586480 0.01989609
v -0.81439561 0.15586480 0.01989609
v -0.81439561 0.15586480 0.01989609
v -0.77825505 0.20030692 0.00606948
v -0.77825505 0.20030692 0.00606948
v -0.77825505 0.20030692 0.00606948
v -0.77825505 0.20030692 0.00606948
v -0.77825505 0.20030692 0.00606948
v -0.77825505 0.20030692 0.00606948
v -0.77825505 0.20030692 0.00606948
v -0.77825505 0.20030692 0.00606948
v -0.77825505 0.20030692 0.00606948
v -0.93875855 0.54281932 0.16236308
v -0.93875855 0.54281932 0.16236308
v -0.93875855 0.54281932 0.16236308
v -0.93875855 0.54281932 0.16236308
v -0.93875855 0.54281932 0.16236308
v -0.93875855 0.54281932 0.16236308
v -0.93875855 0.54281932 0.16236308
v -0.93875855 0.54281932 0.16236308
v -0.93875855 0.54281932 0.16236308
v -0.91395503 0.55693734 0.15393707
v -0.91395503 0.55693734 0.15393707
v -0.91395503 0.55693734 0.15393707
v -0.89939517 0.60048467 0.15981275
v -0.89939517 0.60048467 0.15981275
v -0.89939517 0.60048467 0.15981275
v -0.89939517 0.60048467 0.15981275
v -0.89939517 0.60048467 0.15981275
v -0.89939517 0.60048467 0.15981275
v -0.89939517 0.60048467 0.15981275
v -0.86711031 0.60048467 0.14446092
v -0.86711031 0.60048467 0.14446092
v -0.86711031 0.60048467 0.14446092
v -0.86711031 0.60048467 0.14446092
v -0.86711031 0.60048467 0.14446092
v -0.68974501 0.46556759 0.01949602
v -0.68974501 0.46556759 0.01949602
v -0.68974501 0.46556759 0.01949602
v -0.73607177 0.37847301 0.01757079
v -0.73607177 0.37847301 0.01757079
v -0.73607177 0.37847301 0.01757079
v -0.73607177 0.37847301 0.01757079
v -0.73607177 0.37847301 0.01757079
v -0.73607177 0.37847301 0.01757079
v -0.86653483 0.64224237 0.15753752
v -0.86653483 0.64224237 0.15753752
v -0.86653483 0.64224237 0.15753752
v -0.86653483 0.64224237 0.15753752
v -0.86653483 0.64224237 0.15753752
v -0.85139948 0.67554903 0.16178799
v -0.85139948 0.67554903 0.16178799
v -0.85139948 0.67554903 0.16178799
v -0.85139948 0.67554903 0.16178799
v -0.85139948 0.67554903 0.16178799
v -0.85139948 0.67554903 0.16178799
v -0.85139948 0.67554903 0.16178799
v -0.80996442 0.72237730 0.16058788
v -0.80996442 0.72237730 0.16058788
v -0.80996442 0.72237730 0.16058788
v -0.80996442 0.72237730 0.16058788
v -0.80996442 0.72237730 0.16058788
v -0.80996442 0.72237730 0.16058788
v -0.76720560 0.76831073 0.15983775
v -0.76720560 0.76831073 0.15983775
v -0.76720560 0.76831073 0.15983775
v -0.76720560 0.76831073 0.15983775
v -0.76720560 0.76831073 0.15983775
v -0.75345147 0.79793882 0.16671360
v -0.75345147 0.79793882 0.16671360
v -0.75345147 0.79793882 0.16671360
v -0.75345147 0.79793882 0.16671360
v -0.75345147 0.79793882 0.16671360
v -0.75345147 0.79793882 0.16671360
v -0.75345147 0.79793882 0.16671360
v -0.75345147 0.79793882 0.16671360
v -0.72375631 0.81195742 0.15976277
v -0.72375631 0.81195742 0.15976277
v -0.72375631 0.81195742 0.15976277
v -0.72375631 0.81195742 0.15976277
v -0.72375631 0.81195742 0.15976277
v -0.77388132 0.28929052 0.01819587
v -0.77388132 0.28929052 0.01819587
v -0.77388132 0.28929052 0.01819587
v -0.77388132 0.28929052 0.01819587
v -1.00263762 0.37618628 0.15576228
v -1.00263762 0.37618628 0.15576228
v -1.00263762 0.37618628 0.15576228
v -1.00263762 0.37618628 0.15576228
v -1.00263762 0.37618628 0.15576228
v -1.00263762 0.37618628 0.15576228
v -0.98980433 0.42271626 0.15856263
v -0.98980433 0.42271626 0.15856263
v -0.98980433 0.42271626 0.15856263
v -0.98980433 0.42271626 0.15856263
v -0.98980433 0.42271626 0.15856263
v -0.98980433 0.42271626 0.15856263
v -0.67800510 0.85361564 0.16053784
v -0.67800510 0.85361564 0.16053784
v -0.67800510 0.85361564 0.16053784
v -0.67800510 0.85361564 0.16053784
v -0.67800510 0.85361564 0.16053784
v -0.67800510 0.85361564 0.16053784
v -0.64433903 0.86793268 0.15483716
v -0.64433903 0.86793268 0.15483716
v -0.64433903 0.86793268 0.15483716
v -0.64433903 0.86793268 0.15483716
v -0.64433903 0.86793268 0.15483716
v -0.59634334 0.91018742 0.15846261
v -0.59634334 0.91018742 0.15846261
v -0.59634334 0.91018742 0.15846261
v -0.59634334 0.91018742 0.15846261
v -0.59634334 0.91018742 0.15846261
v -0.59634334 0.91018742 0.15846261
v -0.56923795 0.91118157 0.14961156
v -0.56923795 0.91118157 0.14961156
v -0.56923795 0.91118157 0.14961156
v -0.56923795 0.91118157 0.14961156
v -0.56923795 0.93723041 0.16328821
v -0.56923795 0.93723041 0.16328821
v -0.56923795 0.93723041 0.16328821
v -0.57879096 0.93444663 0.16506338
v -0.57879096 0.93444663 0.16506338
v -0.57879096 0.93444663 0.16506338
v -0.57879096 0.93444663 0.16506338
v -0.57879096 0.93444663 0.16506338
v -0.57879096 0.93444663 0.16506338
v -0.57879096 0.93444663 0.16506338
v -0.57879096 0.93444663 0.16506338
v -0.60848618 0.92400724 0.17268932
v -0.60848618 0.92400724 0.17268932
v -0.60848618 0.92400724 0.17268932
v -0.60848618 0.92400724 0.17268932
v -0.60848618 0.92400724 0.17268932
v -0.64595038 0.91257358 0.18586588
v -0.64595038 0.91257358 0.18586588
v -0.64595038 0.91257358 0.18586588
v -0.64595038 0.91257358 0.18586588
v -0.68928462 0.89895266 0.20096767
v -0.68928462 0.89895266 0.20096767
v -0.68928462 0.89895266 0.20096767
v -0.68928462 0.89895266 0.20096767
v -0.68928462 0.89895266 0.20096767
v -0.71270698 0.89040220 0.20881861
v -0.71270698 0.89040220 0.20881861
v -0.71270698 0.89040220 0.20881861
v -0.71270698 0.89040220 0.20881861
v -0.71270698 0.89040220 0.20881861
v -0.71270698 0.89040220 0.20881861
v -0.71270698 0.89040220 0.20881861
v -0.71270698 0.89040220 0.20881861
v -0.71270698 0.89040220 0.20881861
v -0.71270698 0.89040220 0.20881861
v -0.75535065 0.88851321 0.25599924
v -0.75535065 0.88851321 0.25599924
v -0.75535065 0.88851321 0.25599924
v -0.75477511 0.88901031 0.25599924
v -0.75477511 0.88901031 0.25599924
v -0.75477511 0.88901031 0.25599924
v -0.74504936 0.88006222 0.23207137
v -0.74504936 0.88006222 0.23207137
v -0.74504936 0.88006222 0.23207137
v -0.74504936 0.88006222 0.23207137
v -0.77572286 0.85540533 0.23627189
v -0.77572286 0.85540533 0.23627189
v -0.77572286 0.85540533 0.23627189
v -0.77572286 0.85540533 0.23627189
v -0.77572286 0.85540533 0.23627189
v -0.80075657 0.84526420 0.25392401
v -0.80075657 0.84526420 0.25392401
v -0.80075657 0.84526420 0.25392401
v -0.80075657 0.84526420 0.25392401
v -0.80075657 0.84526420 0.25392401
v -0.80075657 0.84526420 0.25392401
v -0.80075657 0.84526420 0.25392401
v -0.80133212 0.84586072 0.25599924
v -0.80133212 0.84586072 0.25599924
v -0.80133212 0.84586072 0.25599924
v -0.80133212 0.84586072 0.25599924
v -1.10990858 -0.00003049 0.18714103
v -1.10990858 -0.00003049 0.18714103
v -1.10990858 -0.00003049 0.18714103
v -1.15030789 0.11142273 0.25599924
v -1.15030789 0.11142273 0.25599924
v -1.15030789 0.11142273 0.25599924
v -1.14955974 0.11927715 0.25599924
v -1.14955974 0.11927715 0.25599924
v -1.14955974 0.11927715 0.25599924
v -1.14955974 0.11927715 0.25599924
v -1.13281298 0.15586480 0.23207137
v -1.13281298 0.15586480 0.23207137
v -1.13281298 0.15586480 0.23207137
v -1.13281298 0.15586480 0.23207137
v -1.13281298 0.15586480 0.23207137
v -1.13281298 0.15586480 0.23207137
v -1.11583614 0.15586480 0.20439309
v -1.11583614 0.15586480 0.20439309
v -1.11583614 0.15586480 0.20439309
v -1.11583614 0.15586480 0.20439309
v -1.11583614 0.15586480 0.20439309
v -1.11583614 0.15586480 0.20439309
v -1.09339201 0.15586480 0.18214044
v -1.09339201 0.15586480 0.18214044
v -1.09339201 0.15586480 0.18214044
v -1.09339201 0.15586480 0.18214044
v -1.09339201 0.15586480 0.18214044
v -1.09339201 0.15586480 0.18214044
v -1.06893384 0.18628827 0.16416329
v -1.06893384 0.18628827 0.16416329
v -1.06893384 0.18628827 0.16416329
v -1.06893384 0.18628827 0.16416329
v -1.06893384 0.18628827 0.16416329
v -1.06893384 0.18628827 0.16416329
v -1.06893384 0.18628827 0.16416329
v -1.04850399 0.20080402 0.15418711
v -1.04850399 0.20080402 0.15418711
v -1.04850399 0.20080402 0.15418711
v -1.04850399 0.20080402 0.15418711
v -1.04010189 0.24484843 0.15486220
v -1.04010189 0.24484843 0.15486220
v -1.04010189 0.24484843 0.15486220
v -1.04010189 0.24484843 0.15486220
v -1.04010189 0.24484843 0.15486220
v -1.04010189 0.24484843 0.15486220
v -1.03440464 0.28929052 0.15803754
v -1.03440464 0.28929052 0.15803754
v -1.03440464 0.28929052 0.15803754
v -1.03440464 0.28929052 0.15803754
v -1.03440464 0.28929052 0.15803754
v -1.03440464 0.28929052 0.15803754
v -1.00050831 0.33373263 0.14698625
v -1.00050831 0.33373263 0.14698625
v -1.00050831 0.33373263 0.14698625
v -1.00050831 0.33373263 0.14698625
v -1.00050831 0.33373263 0.14698625
v -1.00050831 0.33373263 0.14698625
v -0.94658518 0.51150101 0.15806255
v -0.94658518 0.51150101 0.15806255
v -0.94658518 0.51150101 0.15806255
v -0.94658518 0.51150101 0.15806255
v -0.98266822 0.45433280 0.16256312
v -0.98266822 0.45433280 0.16256312
v -0.98266822 0.45433280 0.16256312
v -0.98266822 0.45433280 0.16256312
v -0.98266822 0.45433280 0.16256312
v -0.98266822 0.45433280 0.16256312
v -0.98266822 0.45433280 0.16256312
v -0.97547466 0.48396084 0.16711363
v -0.97547466 0.48396084 0.16711363
v -0.97547466 0.48396084 0.16711363
v -0.97547466 0.48396084 0.16711363
v -0.96879900 0.51150101 0.17198923
v -0.96879900 0.51150101 0.17198923
v -0.96879900 0.51150101 0.17198923
v -0.96879900 0.51150101 0.17198923
v -0.96879900 0.51150101 0.17198923
v -0.96879900 0.51150101 0.17198923
v -0.96879900 0.51150101 0.17198923
v -0.93035644 0.57244736 0.16748866
v -0.93035644 0.57244736 0.16748866
v -0.93035644 0.57244736 0.16748866
v -0.93035644 0.57244736 0.16748866
v -0.93035644 0.57244736 0.16748866
v -0.93035644 0.57244736 0.16748866
v -0.93035644 0.57244736 0.16748866
v -0.89139593 0.62573808 0.16411328
v -0.89139593 0.62573808 0.16411328
v -0.89139593 0.62573808 0.16411328
v -0.89139593 0.62573808 0.16411328
v -0.89139593 0.62573808 0.16411328
v -0.89139593 0.62573808 0.16411328
v -0.95884305 0.46835142 0.15366203
v -0.95884305 0.46835142 0.15366203
v -0.95884305 0.46835142 0.15366203
v -0.95884305 0.46835142 0.15366203
v -0.88097960 0.65536618 0.17073908
v -0.88097960 0.65536618 0.17073908
v -0.88097960 0.65536618 0.17073908
v -0.88097960 0.65536618 0.17073908
v -0.88097960 0.65536618 0.17073908
v -0.88097960 0.65536618 0.17073908
v -0.88097960 0.65536618 0.17073908
v -0.83960199 0.70527655 0.16841379
v -0.83960199 0.70527655 0.16841379
v -0.83960199 0.70527655 0.16841379
v -0.83960199 0.70527655 0.16841379
v -0.83960199 0.70527655 0.16841379
v -0.83960199 0.70527655 0.16841379
v -0.83960199 0.70527655 0.16841379
v -0.79684329 0.75200534 0.16741368
v -0.79684329 0.75200534 0.16741368
v -0.79684329 0.75200534 0.16741368
v -0.79684329 0.75200534 0.16741368
v -0.79684329 0.75200534 0.16741368
v -0.79684329 0.75200534 0.16741368
v -0.77572286 0.82030898 0.19826734
v -0.77572286 0.82030898 0.19826734
v -0.77572286 0.82030898 0.19826734
v -0.77572286 0.82030898 0.19826734
v -0.77572286 0.82030898 0.19826734
v -0.73664725 0.82518071 0.17448953
v -0.73664725 0.82518071 0.17448953
v -0.73664725 0.82518071 0.17448953
v -0.73664725 0.82518071 0.17448953
v -0.70764267 0.84158552 0.16731367
v -0.70764267 0.84158552 0.16731367
v -0.70764267 0.84158552 0.16731367
v -0.70764267 0.84158552 0.16731367
v -0.70764267 0.84158552 0.16731367
v -0.70764267 0.84158552 0.16731367
v -0.70764267 0.84158552 0.16731367
v -0.70764267 0.84158552 0.16731367
v -0.78049946 0.78123575 0.17456451
v -0.78049946 0.78123575 0.17456451
v -0.78049946 0.78123575 0.17456451
v -0.78049946 0.78123575 0.17456451
v -0.78049946 0.78123575 0.17456451
v -0.78049946 0.78123575 0.17456451
v -1.02410328 0.36007974 0.16446331
v -1.02410328 0.36007974 0.16446331
v -1.02410328 0.36007974 0.16446331
v -1.02410328 0.36007974 0.16446331
v -1.02410328 0.36007974 0.16446331
v -1.02410328 0.36007974 0.16446331
v -1.01886642 0.38970777 0.16783872
v -1.01886642 0.38970777 0.16783872
v -1.01886642 0.38970777 0.16783872
v -1.01886642 0.38970777 0.16783872
v -1.01886642 0.38970777 0.16783872
v -1.01886642 0.38970777 0.16783872
v -1.01886642 0.38970777 0.16783872
v -1.01886642 0.38970777 0.16783872
v -0.65889889 0.88324380 0.16938892
v -0.65889889 0.88324380 0.16938892
v -0.65889889 0.88324380 0.16938892
v -0.65889889 0.88324380 0.16938892
v -0.65889889 0.88324380 0.16938892
v -0.65889889 0.88324380 0.16938892
v -0.65889889 0.88324380 0.16938892
v -0.65889889 0.88324380 0.16938892
v -0.62920368 0.89427972 0.16241309
v -0.62920368 0.89427972 0.16241309
v -0.62920368 0.89427972 0.16241309
v -0.62920368 0.89427972 0.16241309
v -0.62920368 0.89427972 0.16241309
v -0.56923795 0.92500150 0.15678740
v -0.56923795 0.92500150 0.15678740
v -0.56923795 0.92500150 0.15678740
v -0.56923795 0.92500150 0.15678740
v -0.69141394 0.86793268 0.17723984
v -0.69141394 0.86793268 0.17723984
v -0.69141394 0.86793268 0.17723984
v -0.69141394 0.86793268 0.17723984
v -0.69141394 0.86793268 0.17723984
v -0.73002911 0.86465174 0.19974253
v -0.73002911 0.86465174 0.19974253
v -0.73002911 0.86465174 0.19974253
v -0.73002911 0.86465174 0.19974253
v -0.75926387 0.84804803 0.20691839
v -0.75926387 0.84804803 0.20691839
v -0.75926387 0.84804803 0.20691839
v -0.75926387 0.84804803 0.20691839
v -0.75926387 0.84804803 0.20691839
v -0.75926387 0.84804803 0.20691839
v -0.75926387 0.84804803 0.20691839
v -0.75926387 0.84804803 0.20691839
v -0.75926387 0.84804803 0.20691839
v -0.78890157 0.83343279 0.22427046
v -0.78890157 0.83343279 0.22427046
v -0.78890157 0.83343279 0.22427046
v -0.78890157 0.83343279 0.22427046
v -0.78890157 0.83343279 0.22427046
v -0.81111538 0.82030898 0.23627189
v -0.81111538 0.82030898 0.23627189
v -0.81111538 0.82030898 0.23627189
v -0.81111538 0.82030898 0.23627189
v -0.81111538 0.82030898 0.23627189
v -0.84449363 0.80012614 0.25504911
v -0.84449363 0.80012614 0.25504911
v -0.84449363 0.80012614 0.25504911
v -0.84449363 0.80012614 0.25504911
v -0.84449363 0.80012614 0.25504911
v -0.84449363 0.80012614 0.25504911
v -0.80426705 0.84287804 0.25599924
v -0.80426705 0.84287804 0.25599924
v -0.80426705 0.84287804 0.25599924
v -0.80426705 0.84287804 0.25599924
v -1.14553130 0.15586480 0.25599924
v -1.14553130 0.15586480 0.25599924
v -1.14553130 0.15586480 0.25599924
v -1.14553130 0.15586480 0.25599924
v -1.11364925 0.18877384 0.20724344
v -1.11364925 0.18877384 0.20724344
v -1.11364925 0.18877384 0.20724344
v -1.11364925 0.18877384 0.20724344
v -1.11364925 0.18877384 0.20724344
v -1.11364925 0.18877384 0.20724344
v -1.11364925 0.18877384 0.20724344
v -1.12389290 0.20229538 0.22834593
v -1.12389290 0.20229538 0.22834593
v -1.12389290 0.20229538 0.22834593
v -1.12389290 0.20229538 0.22834593
v -1.12389290 0.20229538 0.22834593
v -1.12389290 0.20229538 0.22834593
v -1.12389290 0.20229538 0.22834593
v -1.08993912 0.20229538 0.18679100
v -1.08993912 0.20229538 0.18679100
v -1.08993912 0.20229538 0.18679100
v -1.08993912 0.20229538 0.18679100
v -1.08993912 0.20229538 0.18679100
v -1.08993912 0.20229538 0.18679100
v -1.06571114 0.21591634 0.16636357
v -1.06571114 0.21591634 0.16636357
v -1.06571114 0.21591634 0.16636357
v -1.06571114 0.21591634 0.16636357
v -1.06571114 0.21591634 0.16636357
v -1.02813172 0.33373263 0.16193804
v -1.02813172 0.33373263 0.16193804
v -1.02813172 0.33373263 0.16193804
v -1.02813172 0.33373263 0.16193804
v -1.02813172 0.33373263 0.16193804
v -1.06231582 0.24484843 0.16891387
v -1.06231582 0.24484843 0.16891387
v -1.06231582 0.24484843 0.16891387
v -1.06231582 0.24484843 0.16891387
v -1.06231582 0.24484843 0.16891387
v -1.06231582 0.24484843 0.16891387
v -1.01201820 0.42271626 0.17328939
v -1.01201820 0.42271626 0.17328939
v -1.01201820 0.42271626 0.17328939
v -1.01201820 0.42271626 0.17328939
v -1.01201820 0.42271626 0.17328939
v -1.01201820 0.42271626 0.17328939
v -1.01201820 0.42271626 0.17328939
v -0.99458081 0.51150101 0.19421688
v -0.99458081 0.51150101 0.19421688
v -0.99458081 0.51150101 0.19421688
v -0.99458081 0.51150101 0.19421688
v -0.98577583 0.54759157 0.20209283
v -0.98577583 0.54759157 0.20209283
v -0.98577583 0.54759157 0.20209283
v -0.98577583 0.54759157 0.20209283
v -0.98577583 0.54759157 0.20209283
v -0.98577583 0.54759157 0.20209283
v -0.98577583 0.54759157 0.20209283
v -0.95826757 0.56001949 0.18479076
v -0.95826757 0.56001949 0.18479076
v -0.95826757 0.56001949 0.18479076
v -0.95826757 0.56001949 0.18479076
v -0.94848430 0.60048467 0.19621712
v -0.94848430 0.60048467 0.19621712
v -0.94848430 0.60048467 0.19621712
v -0.94848430 0.60048467 0.19621712
v -0.94848430 0.60048467 0.19621712
v -0.94848430 0.60048467 0.19621712
v -0.92166656 0.60048467 0.17398947
v -0.92166656 0.60048467 0.17398947
v -0.92166656 0.60048467 0.17398947
v -0.92166656 0.60048467 0.17398947
v -0.92166656 0.60048467 0.17398947
v -0.92166656 0.60048467 0.17398947
v -0.89956784 0.68181270 0.20039260
v -0.89956784 0.68181270 0.20039260
v -0.89956784 0.68181270 0.20039260
v -0.89956784 0.68181270 0.20039260
v -0.89956784 0.68181270 0.20039260
v -0.87027550 0.69354463 0.18439069
v -0.87027550 0.69354463 0.18439069
v -0.87027550 0.69354463 0.18439069
v -0.87027550 0.69354463 0.18439069
v -0.87027550 0.69354463 0.18439069
v -0.91032946 0.64303774 0.18756607
v -0.91032946 0.64303774 0.18756607
v -0.91032946 0.64303774 0.18756607
v -0.91032946 0.64303774 0.18756607
v -0.85755724 0.73381096 0.19951749
v -0.85755724 0.73381096 0.19951749
v -0.85755724 0.73381096 0.19951749
v -0.85755724 0.73381096 0.19951749
v -0.85755724 0.73381096 0.19951749
v -0.82394874 0.73589885 0.17613971
v -0.82394874 0.73589885 0.17613971
v -0.82394874 0.73589885 0.17613971
v -0.82394874 0.73589885 0.17613971
v -0.82394874 0.73589885 0.17613971
v -0.82394874 0.73589885 0.17613971
v -0.80351889 0.80380476 0.20694339
v -0.80351889 0.80380476 0.20694339
v -0.80351889 0.80380476 0.20694339
v -0.80351889 0.80380476 0.20694339
v -0.80351889 0.80380476 0.20694339
v -0.80351889 0.80380476 0.20694339
v -0.80351889 0.80380476 0.20694339
v -0.80351889 0.80380476 0.20694339
v -0.82009298 0.77527034 0.19924247
v -0.82009298 0.77527034 0.19924247
v -0.82009298 0.77527034 0.19924247
v -0.82009298 0.77527034 0.19924247
v -1.05667591 0.28929052 0.17356440
v -1.05667591 0.28929052 0.17356440
v -1.05667591 0.28929052 0.17356440
v -1.05667591 0.28929052 0.17356440
v -1.05667591 0.28929052 0.17356440
v -1.05667591 0.28929052 0.17356440
v -1.05034554 0.33373263 0.17956510
v -1.05034554 0.33373263 0.17956510
v -1.05034554 0.33373263 0.17956510
v -1.05034554 0.33373263 0.17956510
v -1.05034554 0.33373263 0.17956510
v -1.05034554 0.33373263 0.17956510
v -1.03676403 0.42271626 0.19551703
v -1.03676403 0.42271626 0.19551703
v -1.03676403 0.42271626 0.19551703
v -1.03676403 0.42271626 0.19551703
v -1.03676403 0.42271626 0.19551703
v -1.03676403 0.42271626 0.19551703
v -1.04447556 0.37658396 0.18729103
v -1.04447556 0.37658396 0.18729103
v -1.04447556 0.37658396 0.18729103
v -1.04447556 0.37658396 0.18729103
v -0.83580381 0.79078037 0.23207137
v -0.83580381 0.79078037 0.23207137
v -0.83580381 0.79078037 0.23207137
v -0.83580381 0.79078037 0.23207137
v -0.83580381 0.79078037 0.23207137
v -0.83580381 0.79078037 0.23207137
v -0.88811558 0.75459039 0.25599924
v -0.88811558 0.75459039 0.25599924
v -0.88811558 0.75459039 0.25599924
v -0.88811558 0.75459039 0.25599924
v -0.88811558 0.75459039 0.25599924
v -0.88811558 0.75459039 0.25599924
v -0.88811558 0.75459039 0.25599924
v -0.88811558 0.75459039 0.25599924
v -0.88811558 0.75459039 0.25599924
v -0.84604752 0.79903251 0.25599924
v -0.84604752 0.79903251 0.25599924
v -0.84604752 0.79903251 0.25599924
v -1.14363217 0.16839214 0.25599924
v -1.14363217 0.16839214 0.25599924
v -1.14363217 0.16839214 0.25599924
v -1.11088693 0.21840189 0.21104386
v -1.11088693 0.21840189 0.21104386
v -1.11088693 0.21840189 0.21104386
v -1.11088693 0.21840189 0.21104386
v -1.11088693 0.21840189 0.21104386
v -1.11088693 0.21840189 0.21104386
v -1.11088693 0.21840189 0.21104386
v -1.08545041 0.24484843 0.19114149
v -1.08545041 0.24484843 0.19114149
v -1.08545041 0.24484843 0.19114149
v -1.08545041 0.24484843 0.19114149
v -1.08545041 0.24484843 0.19114149
v -1.13799238 0.20299134 0.25599924
v -1.13799238 0.20299134 0.25599924
v -1.13799238 0.20299134 0.25599924
v -1.13799238 0.20299134 0.25599924
v -1.12078536 0.24484843 0.23852214
v -1.12078536 0.24484843 0.23852214
v -1.12078536 0.24484843 0.23852214
v -1.12078536 0.24484843 0.23852214
v -1.12078536 0.24484843 0.23852214
v -1.12078536 0.24484843 0.23852214
v -1.12078536 0.24484843 0.23852214
v -1.12078536 0.24484843 0.23852214
v -1.12078536 0.24484843 0.23852214
v -1.02899504 0.45850855 0.20309293
v -1.02899504 0.45850855 0.20309293
v -1.02899504 0.45850855 0.20309293
v -1.02899504 0.45850855 0.20309293
v -1.02899504 0.45850855 0.20309293
v -1.02899504 0.45850855 0.20309293
v -0.97771907 0.57721967 0.21059382
v -0.97771907 0.57721967 0.21059382
v -0.97771907 0.57721967 0.21059382
v -0.97771907 0.57721967 0.21059382
v -0.97771907 0.57721967 0.21059382
v -0.97771907 0.57721967 0.21059382
v -0.97771907 0.57721967 0.21059382
v -0.97771907 0.57721967 0.21059382
v -1.02220428 0.48823604 0.21064383
v -1.02220428 0.48823604 0.21064383
v -1.02220428 0.48823604 0.21064383
v -1.02220428 0.48823604 0.21064383
v -1.02220428 0.48823604 0.21064383
v -1.02220428 0.48823604 0.21064383
v -1.02220428 0.48823604 0.21064383
v -1.02220428 0.48823604 0.21064383
v -0.93910384 0.63060981 0.20439309
v -0.93910384 0.63060981 0.20439309
v -0.93910384 0.63060981 0.20439309
v -0.93910384 0.63060981 0.20439309
v -0.93910384 0.63060981 0.20439309
v -0.93910384 0.63060981 0.20439309
v -0.93910384 0.63060981 0.20439309
v -0.93910384 0.63060981 0.20439309
v -0.88920903 0.71144080 0.20999375
v -0.88920903 0.71144080 0.20999375
v -0.88920903 0.71144080 0.20999375
v -0.88920903 0.71144080 0.20999375
v -0.88920903 0.71144080 0.20999375
v -0.88920903 0.71144080 0.20999375
v -0.88920903 0.71144080 0.20999375
v -0.88920903 0.71144080 0.20999375
v -0.88920903 0.71144080 0.20999375
v -0.88920903 0.71144080 0.20999375
v -0.84708333 0.75836849 0.20784348
v -0.84708333 0.75836849 0.20784348
v -0.84708333 0.75836849 0.20784348
v -0.84708333 0.75836849 0.20784348
v -0.84708333 0.75836849 0.20784348
v -0.84708333 0.75836849 0.20784348
v -0.84708333 0.75836849 0.20784348
v -0.84708333 0.75836849 0.20784348
v -0.84708333 0.75836849 0.20784348
v -1.07981050 0.28929052 0.19579205
v -1.07981050 0.28929052 0.19579205
v -1.07981050 0.28929052 0.19579205
v -1.07981050 0.28929052 0.19579205
v -1.07388306 0.33373263 0.20179278
v -1.07388306 0.33373263 0.20179278
v -1.07388306 0.33373263 0.20179278
v -1.07388306 0.33373263 0.20179278
v -1.07388306 0.33373263 0.20179278
v -1.07388306 0.33373263 0.20179278
v -1.06962442 0.36346012 0.20674336
v -1.06962442 0.36346012 0.20674336
v -1.06962442 0.36346012 0.20674336
v -1.06962442 0.36346012 0.20674336
v -1.06962442 0.36346012 0.20674336
v -1.06962442 0.36346012 0.20674336
v -1.06962442 0.36346012 0.20674336
v -1.06962442 0.36346012 0.20674336
v -1.06962442 0.36346012 0.20674336
v -1.06484783 0.39308822 0.21356916
v -1.06484783 0.39308822 0.21356916
v -1.06484783 0.39308822 0.21356916
v -1.06484783 0.39308822 0.21356916
v -1.06484783 0.39308822 0.21356916
v -1.06484783 0.39308822 0.21356916
v -1.06484783 0.39308822 0.21356916
v -0.85675150 0.76850957 0.23207137
v -0.85675150 0.76850957 0.23207137
v -0.85675150 0.76850957 0.23207137
v -0.88092202 0.73748964 0.22772086
v -0.88092202 0.73748964 0.22772086
v -0.88092202 0.73748964 0.22772086
v -0.89939517 0.72506171 0.23964730
v -0.89939517 0.72506171 0.23964730
v -0.89939517 0.72506171 0.23964730
v -0.89939517 0.72506171 0.23964730
v -0.89939517 0.72506171 0.23964730
v -0.91970992 0.71094364 0.25599924
v -0.91970992 0.71094364 0.25599924
v -0.91970992 0.71094364 0.25599924
v -0.91970992 0.71094364 0.25599924
v -1.10772181 0.24484843 0.21629450
v -1.10772181 0.24484843 0.21629450
v -1.10772181 0.24484843 0.21629450
v -1.10772181 0.24484843 0.21629450
v -1.10772181 0.24484843 0.21629450
v -1.13338840 0.22645517 0.25599924
v -1.13338840 0.22645517 0.25599924
v -1.13338840 0.22645517 0.25599924
v -1.12941766 0.24484843 0.25599924
v -1.12941766 0.24484843 0.25599924
v -1.12941766 0.24484843 0.25599924
v -1.12182117 0.27706149 0.25599924
v -1.12182117 0.27706149 0.25599924
v -1.12182117 0.27706149 0.25599924
v -1.12182117 0.27706149 0.25599924
v -1.12182117 0.27706149 0.25599924
v -1.11508799 0.28929052 0.24822330
v -1.11508799 0.28929052 0.24822330
v -1.11508799 0.28929052 0.24822330
v -1.11508799 0.28929052 0.24822330
v -1.10202432 0.28929052 0.22597066
v -1.10202432 0.28929052 0.22597066
v -1.10202432 0.28929052 0.22597066
v -1.10202432 0.28929052 0.22597066
v -1.10202432 0.28929052 0.22597066
v -1.10202432 0.28929052 0.22597066
v -1.01679468 0.51150101 0.21899483
v -1.01679468 0.51150101 0.21899483
v -1.01679468 0.51150101 0.21899483
v -1.01679468 0.51150101 0.21899483
v -1.01679468 0.51150101 0.21899483
v -1.00142908 0.55753386 0.23074621
v -1.00142908 0.55753386 0.23074621
v -1.00142908 0.55753386 0.23074621
v -1.00142908 0.55753386 0.23074621
v -0.98543060 0.60048467 0.24332273
v -0.98543060 0.60048467 0.24332273
v -0.98543060 0.60048467 0.24332273
v -0.98543060 0.60048467 0.24332273
v -0.98543060 0.60048467 0.24332273
v -0.98543060 0.60048467 0.24332273
v -0.97069812 0.60048467 0.22109506
v -0.97069812 0.60048467 0.22109506
v -0.97069812 0.60048467 0.22109506
v -0.97069812 0.60048467 0.22109506
v -0.97069812 0.60048467 0.22109506
v -1.05897784 0.42271626 0.22294530
v -1.05897784 0.42271626 0.22294530
v -1.05897784 0.42271626 0.22294530
v -1.05897784 0.42271626 0.22294530
v -1.05897784 0.42271626 0.22294530
v -1.04505110 0.46725777 0.23194638
v -1.04505110 0.46725777 0.23194638
v -1.04505110 0.46725777 0.23194638
v -1.04505110 0.46725777 0.23194638
v -1.03077900 0.51150101 0.24122247
v -1.03077900 0.51150101 0.24122247
v -1.03077900 0.51150101 0.24122247
v -1.03077900 0.51150101 0.24122247
v -1.03077900 0.51150101 0.24122247
v -0.92920548 0.66023791 0.21661952
v -0.92920548 0.66023791 0.21661952
v -0.92920548 0.66023791 0.21661952
v -0.92920548 0.66023791 0.21661952
v -0.92920548 0.66023791 0.21661952
v -0.92920548 0.66023791 0.21661952
v -0.91430032 0.69314688 0.22812089
v -0.91430032 0.69314688 0.22812089
v -0.91430032 0.69314688 0.22812089
v -0.91430032 0.69314688 0.22812089
v -1.07917750 0.37827414 0.22984609
v -1.07917750 0.37827414 0.22984609
v -1.07917750 0.37827414 0.22984609
v -1.07917750 0.37827414 0.22984609
v -1.07917750 0.37827414 0.22984609
v -1.07917750 0.37827414 0.22984609
v -1.07917750 0.37827414 0.22984609
v -1.09701765 0.33005399 0.23609686
v -1.09701765 0.33005399 0.23609686
v -1.09701765 0.33005399 0.23609686
v -1.09701765 0.33005399 0.23609686
v -1.07255936 0.42271626 0.24517295
v -1.07255936 0.42271626 0.24517295
v -1.07255936 0.42271626 0.24517295
v -1.07255936 0.42271626 0.24517295
v -1.07255936 0.42271626 0.24517295
v -1.07255936 0.42271626 0.24517295
v -1.07255936 0.42271626 0.24517295
v -0.93893117 0.67475367 0.24627307
v -0.93893117 0.67475367 0.24627307
v -0.93893117 0.67475367 0.24627307
v -0.93893117 0.67475367 0.24627307
v -0.93893117 0.67475367 0.24627307
v -0.93893117 0.67475367 0.24627307
v -0.92592514 0.70199555 0.25599924
v -0.92592514 0.70199555 0.25599924
v -0.92592514 0.70199555 0.25599924
v -0.92592514 0.70199555 0.25599924
v -1.11370683 0.31046763 0.25599924
v -1.11370683 0.31046763 0.25599924
v -1.11370683 0.31046763 0.25599924
v -1.11203790 0.31285378 0.25362393
v -1.11203790 0.31285378 0.25362393
v -1.11203790 0.31285378 0.25362393
v -1.11203790 0.31285378 0.25362393
v -1.11203790 0.31285378 0.25362393
v -1.11203790 0.31285378 0.25362393
v -1.11203790 0.31285378 0.25362393
v -1.11203790 0.31285378 0.25362393
v -1.11203790 0.31285378 0.25362393
v -1.02473640 0.53784811 0.25089863
v -1.02473640 0.53784811 0.25089863
v -1.02473640 0.53784811 0.25089863
v -1.02473640 0.53784811 0.25089863
v -1.02473640 0.53784811 0.25089863
v -1.02473640 0.53784811 0.25089863
v -1.02473640 0.53784811 0.25089863
v -1.02473640 0.53784811 0.25089863
v -1.02473640 0.53784811 0.25089863
v -1.00344336 0.58169371 0.25599924
v -1.00344336 0.58169371 0.25599924
v -1.00344336 0.58169371 0.25599924
v -1.00344336 0.58169371 0.25599924
v -1.00344336 0.58169371 0.25599924
v -0.97863984 0.62325257 0.25372395
v -0.97863984 0.62325257 0.25372395
v -0.97863984 0.62325257 0.25372395
v -0.97863984 0.62325257 0.25372395
v -0.97863984 0.62325257 0.25372395
v -0.97863984 0.62325257 0.25372395
v -0.97863984 0.62325257 0.25372395
v -0.97863984 0.62325257 0.25372395
v -1.06784046 0.44627953 0.25324890
v -1.06784046 0.44627953 0.25324890
v -1.06784046 0.44627953 0.25324890
v -1.06784046 0.44627953 0.25324890
v -1.06784046 0.44627953 0.25324890
v -1.06784046 0.44627953 0.25324890
v -1.06784046 0.44627953 0.25324890
v -1.06784046 0.44627953 0.25324890
v -1.06784046 0.44627953 0.25324890
v -1.10213947 0.34973973 0.25599924
v -1.10213947 0.34973973 0.25599924
v -1.10213947 0.34973973 0.25599924
v -1.10213947 0.34973973 0.25599924
v -1.09258640 0.37887070 0.25599924
v -1.09258640 0.37887070 0.25599924
v -1.09258640 0.37887070 0.25599924
v -1.09258640 0.37887070 0.25599924
v -1.07785392 0.42271626 0.25599924
v -1.07785392 0.42271626 0.25599924
v -1.07785392 0.42271626 0.25599924
v -1.07785392 0.42271626 0.25599924
v -1.08297575 0.40800166 0.25599924
v -1.08297575 0.40800166 0.25599924
v -1.08297575 0.40800166 0.25599924
v -0.97921532 0.62414730 0.25599924
v -0.97921532 0.62414730 0.25599924
v -0.97921532 0.62414730 0.25599924
v -1.11261344 0.31454399 0.25599924
v -1.11261344 0.31454399 0.25599924
v -1.11261344 0.31454399 0.25599924
v -1.10524714 0.33939976 0.25599924
v -1.10524714 0.33939976 0.25599924
v -1.10524714 0.33939976 0.25599924
v -1.02957046 0.53257871 0.25599924
v -1.02957046 0.53257871 0.25599924
v -1.02957046 0.53257871 0.25599924
v -1.02957046 0.53257871 0.25599924
v -1.02577233 0.54073143 0.25599924
v -1.02577233 0.54073143 0.25599924
v -1.02577233 0.54073143 0.25599924
v -1.01276624 0.56469238 0.25599924
v -1.01276624 0.56469238 0.25599924
v -1.01276624 0.56469238 0.25599924
v -0.98117203 0.62096578 0.25599924
v -0.98117203 0.62096578 0.25599924
v -0.98117203 0.62096578 0.25599924
v -1.07019997 0.44349566 0.25599924
v -1.07019997 0.44349566 0.25599924
v -1.07019997 0.44349566 0.25599924
v -1.06830084 0.44796970 0.25599924
v -1.06830084 0.44796970 0.25599924
v -1.06830084 0.44796970 0.25599924
vn -0.00000000 -1.00000000 0.00000000
vn 0.20940920 -0.11153915 0.97144573
vn 1.00000000 0.00000000 0.00000000
vn 0.00000000 -1.00000000 0.00000000
vn 0.00000000 0.00000000 1.00000000
vn 0.20940920 -0.11153915 0.97144573
vn -0.00000000 -1.00000000 0.00000000
vn 0.19504434 -0.07252574 -0.97810926
vn 1.00000000 0.00000000 0.00000000
vn 0.00000000 0.00000000 1.00000000
vn 0.20940920 -0.11153915 0.97144573
vn 1.00000000 0.00000000 0.00000000
vn 0.00000000 -1.00000000 0.00000000
vn 0.00000000 0.00000000 1.00000000
vn -0.92592703 0.00000000 -0.37770245
vn -0.00000000 -1.00000000 0.00000000
vn 0.02460420 -0.01007062 -0.99964655
vn 0.14365546 -0.05145307 -0.98828927
vn 0.19504434 -0.07252574 -0.97810926
vn -0.34532709 -0.00945397 -0.93843477
vn 0.14365546 -0.05145307 -0.98828927
vn 0.14366576 -0.05004400 -0.98836013
vn 0.19504434 -0.07252574 -0.97810926
vn 1.00000000 0.00000000 0.00000000
vn 0.00000000 0.00000000 1.00000000
vn 1.00000000 0.00000000 0.00000000
vn -0.43662577 0.77951316 -0.44912935
vn -0.44660131 0.78056703 -0.43733555
vn -0.46733024 0.80357761 -0.36859934
vn 0.00000000 -1.00000000 0.00000000
vn -0.86361193 0.00000000 -0.50415716
vn -0.92592703 0.00000000 -0.37770245
vn 0.00000000 0.00000000 1.00000000
vn -0.91814229 0.02450122 -0.39549263
vn -0.92484583 0.02540697 -0.37949265
vn -0.92592703 0.00000000 -0.37770245
vn -0.00000000 -1.00000000 0.00000000
vn -0.34532709 -0.00945397 -0.93843477
vn -0.34807512 -0.00718920 -0.93743908
vn -0.40290812 -0.00122288 -0.91523962
vn -0.48827994 -0.00116603 -0.87268628
vn 0.00693115 -0.00299849 -0.99997148
vn 0.02460420 -0.01007062 -0.99964655
vn -0.04998366 0.01123768 -0.99868681
vn -0.34532709 -0.00945397 -0.93843477
vn -0.34806475 0.01054818 -0.93741115
vn -0.34807512 -0.00718920 -0.93743908
vn 0.00693115 -0.00299849 -0.99997148
vn 0.02460420 -0.01007062 -0.99964655
vn 0.14365546 -0.05145307 -0.98828927
vn 0.14366576 -0.05004400 -0.98836013
vn -0.00506583 0.00300324 -0.99998266
vn -0.07734256 0.05120487 -0.99568880
vn -0.19199770 0.18385814 -0.96401923
vn -0.20803772 0.18324467 -0.96080263
vn 0.14366576 -0.05004400 -0.98836013
vn 1.00000000 0.00000000 0.00000000
vn -0.18916002 0.24930496 -0.94977130
vn -0.19199770 0.18385814 -0.96401923
vn 1.00000000 0.00000000 0.00000000
vn -0.36460545 0.78023680 -0.50822574
vn -0.43261219 0.77058012 -0.46803094
vn -0.43662577 0.77951316 -0.44912935
vn -0.43261219 0.77058012 -0.46803094
vn -0.43662577 0.77951316 -0.44912935
vn -0.44660131 0.78056703 -0.43733555
vn -0.45252393 0.75404919 -0.47605873
vn -0.45914440 0.75410029 -0.46959468
vn -0.44660131 0.78056703 -0.43733555
vn -0.45914440 0.75410029 -0.46959468
vn -0.46733024 0.80357761 -0.36859934
vn -0.49734786 0.72340746 -0.47888073
vn -0.51380611 0.72309991 -0.46165983
vn -0.52379405 0.76286391 -0.37904940
vn -0.52681256 0.73398427 -0.42864393
vn -0.53340321 0.74738827 -0.39609569
vn -0.00000000 0.00000000 1.00000000
vn -0.46733024 0.80357761 -0.36859934
vn -0.52379405 0.76286391 -0.37904940
vn -0.00000000 -1.00000000 0.00000000
vn -0.85645348 0.00467917 -0.51620300
vn -0.85836485 0.00764068 -0.51298284
vn -0.86361193 0.00000000 -0.50415716
vn -0.85836485 0.00764068 -0.51298284
vn -0.86361193 0.00000000 -0.50415716
vn -0.86552215 0.02696489 -0.50014429
vn -0.91814229 0.02450122 -0.39549263
vn -0.92592703 0.00000000 -0.37770245
vn 0.00000000 0.00000000 1.00000000
vn -0.91056410 0.05306474 -0.40994775
vn -0.92484583 0.02540697 -0.37949265
vn -0.86005628 0.04210679 -0.50845867
vn -0.86552215 0.02696489 -0.50014429
vn -0.86836931 0.05734883 -0.49259096
vn -0.91056410 0.05306474 -0.40994775
vn -0.91814229 0.02450122 -0.39549263
vn -0.92484583 0.02540697 -0.37949265
vn 0.00000000 -1.00000000 0.00000000
vn -0.48827994 -0.00116603 -0.87268628
vn -0.48847205 0.00222271 -0.87257671
vn -0.60383352 0.00243434 -0.79710674
vn -0.40290812 -0.00122288 -0.91523962
vn -0.48827994 -0.00116603 -0.87268628
vn -0.48832357 0.01211249 -0.87257858
vn -0.48847205 0.00222271 -0.87257671
vn -0.34806475 0.01054818 -0.93741115
vn -0.34807512 -0.00718920 -0.93743908
vn -0.36853407 0.03292788 -0.92903089
vn -0.39491014 0.04726740 -0.91750301
vn -0.40290812 -0.00122288 -0.91523962
vn -0.48832357 0.01211249 -0.87257858
vn -0.48847270 0.05163833 -0.87104989
vn -0.48947762 0.04586747 -0.87080872
vn -0.48994758 0.04283501 -0.87069888
vn -0.49021245 0.02748326 -0.87116958
vn -0.04998366 0.01123768 -0.99868681
vn -0.05837933 0.01403953 -0.99819575
vn -0.14240647 0.03506001 -0.98918714
vn -0.34806475 0.01054818 -0.93741115
vn -0.36853407 0.03292788 -0.92903089
vn 0.00693115 -0.00299849 -0.99997148
vn -0.00506583 0.00300324 -0.99998266
vn -0.03818697 0.01405326 -0.99917179
vn -0.04998366 0.01123768 -0.99868681
vn -0.05837933 0.01403953 -0.99819575
vn -0.07734256 0.05120487 -0.99568880
vn -0.20798699 0.11612343 -0.97121407
vn -0.20803772 0.18324467 -0.96080263
vn -0.32450956 0.23787564 -0.91548278
vn -0.18916002 0.24930496 -0.94977130
vn -0.19199770 0.18385814 -0.96401923
vn -0.20803772 0.18324467 -0.96080263
vn -0.32450956 0.23787564 -0.91548278
vn -0.33901872 0.34841834 -0.87388270
vn -0.34095552 0.24864463 -0.90660089
vn -0.36097373 0.33330060 -0.87098144
vn -0.37435522 0.31952002 -0.87049706
vn -0.38469397 0.30357306 -0.87169601
vn -0.00506583 0.00300324 -0.99998266
vn -0.03818697 0.01405326 -0.99917179
vn -0.07734256 0.05120487 -0.99568880
vn -0.20798699 0.11612343 -0.97121407
vn -0.22020092 0.10529742 -0.96975461
vn -0.23002054 0.11553626 -0.96630323
vn 1.00000000 0.00000000 0.00000000
vn -0.18916002 0.24930496 -0.94977130
vn -0.27642241 0.37837364 -0.88341612
vn -0.29821411 0.37350613 -0.87838574
vn -0.31028761 0.36845003 -0.87633679
vn -0.33111608 0.35574178 -0.87396220
vn -0.33901872 0.34841834 -0.87388270
vn 1.00000000 0.00000000 0.00000000
vn -0.36460545 0.78023680 -0.50822574
vn -0.37447377 0.63236047 -0.67815163
vn -0.36460545 0.78023680 -0.50822574
vn -0.37447377 0.63236047 -0.67815163
vn -0.38235514 0.62491200 -0.68065376
vn -0.38623979 0.62257604 -0.68060113
vn -0.39915327 0.62361420 -0.67214730
vn -0.43261219 0.77058012 -0.46803094
vn -0.45252393 0.75404919 -0.47605873
vn -0.46632066 0.69607282 -0.54591911
vn -0.45252393 0.75404919 -0.47605873
vn -0.45914440 0.75410029 -0.46959468
vn -0.46632066 0.69607282 -0.54591911
vn -0.46998285 0.69648450 -0.54224115
vn -0.49734786 0.72340746 -0.47888073
vn -0.49741776 0.72179815 -0.48123072
vn -0.00000000 0.00000000 1.00000000
vn -0.52379405 0.76286391 -0.37904940
vn -0.53340321 0.74738827 -0.39609569
vn -0.49734786 0.72340746 -0.47888073
vn -0.49741776 0.72179815 -0.48123072
vn -0.51380611 0.72309991 -0.46165983
vn -0.51389903 0.72152722 -0.46401105
vn -0.51380611 0.72309991 -0.46165983
vn -0.51389903 0.72152722 -0.46401105
vn -0.51947589 0.71686713 -0.46502291
vn -0.52681256 0.73398427 -0.42864393
vn -0.53119756 0.71643996 -0.45226423
vn -0.53311254 0.71745254 -0.44838919
vn -0.00000000 0.00000000 1.00000000
vn -0.52681256 0.73398427 -0.42864393
vn -0.53311254 0.71745254 -0.44838919
vn -0.53340321 0.74738827 -0.39609569
vn -0.53613337 0.71740612 -0.44484768
vn -0.56903154 0.76053845 -0.31270492
vn -0.83856764 0.03660439 -0.54356640
vn -0.83858404 0.00458154 -0.54475298
vn -0.85645348 0.00467917 -0.51620300
vn -0.85836485 0.00764068 -0.51298284
vn -0.86005628 0.04210679 -0.50845867
vn -0.86552215 0.02696489 -0.50014429
vn 0.00000000 -1.00000000 0.00000000
vn -0.83842008 0.00396718 -0.54501012
vn -0.83858404 0.00458154 -0.54475298
vn -0.85645348 0.00467917 -0.51620300
vn 0.00000000 0.00000000 1.00000000
vn -0.86836931 0.05734883 -0.49259096
vn -0.86889891 0.05967206 -0.49137961
vn -0.91056410 0.05306474 -0.40994775
vn -0.83631957 0.05672568 -0.54529971
vn -0.83703278 0.03894830 -0.54576474
vn -0.83856764 0.03660439 -0.54356640
vn -0.84271751 0.06765791 -0.53408763
vn -0.86005628 0.04210679 -0.50845867
vn -0.86801063 0.06968858 -0.49163100
vn -0.86836931 0.05734883 -0.49259096
vn -0.86889891 0.05967206 -0.49137961
vn -0.00000000 -1.00000000 0.00000000
vn -0.60383352 0.00243434 -0.79710674
vn -0.60637539 0.00444239 -0.79516611
vn -0.48832357 0.01211249 -0.87257858
vn -0.48847205 0.00222271 -0.87257671
vn -0.49021245 0.02748326 -0.87116958
vn -0.60383352 0.00243434 -0.79710674
vn -0.60637539 0.00444239 -0.79516611
vn -0.60653420 0.02939149 -0.79451394
vn -0.60678848 0.00509291 -0.79484703
vn -0.48994758 0.04283501 -0.87069888
vn -0.49021245 0.02748326 -0.87116958
vn -0.60653420 0.02939149 -0.79451394
vn -0.61985509 0.04595795 -0.78336935
vn -0.62000174 0.04049573 -0.78355468
vn -0.48930745 0.05289191 -0.87050598
vn -0.48947762 0.04586747 -0.87080872
vn -0.48994758 0.04283501 -0.87069888
vn -0.49504221 0.05765172 -0.86695414
vn -0.61985509 0.04595795 -0.78336935
vn -0.63723490 0.06188436 -0.76818097
vn -0.63727034 0.06098260 -0.76822369
vn -0.48843984 0.05292140 -0.87099130
vn -0.48847270 0.05163833 -0.87104989
vn -0.48930745 0.05289191 -0.87050598
vn -0.48947762 0.04586747 -0.87080872
vn -0.39491014 0.04726740 -0.91750301
vn -0.41155949 0.06495370 -0.90906535
vn -0.44008730 0.07961423 -0.89441866
vn -0.48315796 0.08194697 -0.87168978
vn -0.48843984 0.05292140 -0.87099130
vn -0.48847270 0.05163833 -0.87104989
vn -0.14240647 0.03506001 -0.98918714
vn -0.24374185 0.06911992 -0.96737394
vn -0.36853407 0.03292788 -0.92903089
vn -0.39491014 0.04726740 -0.91750301
vn -0.41155949 0.06495370 -0.90906535
vn -0.03818697 0.01405326 -0.99917179
vn -0.05837933 0.01403953 -0.99819575
vn -0.14240647 0.03506001 -0.98918714
vn -0.22020092 0.10529742 -0.96975461
vn -0.24374185 0.06911992 -0.96737394
vn -0.30850780 0.10268157 -0.94566349
vn -0.20798699 0.11612343 -0.97121407
vn -0.23002054 0.11553626 -0.96630323
vn -0.32450956 0.23787564 -0.91548278
vn -0.34095552 0.24864463 -0.90660089
vn -0.39529188 0.27030714 -0.87788290
vn -0.41014012 0.26821157 -0.87169240
vn -0.41338972 0.20716250 -0.88667504
vn -0.41423611 0.26368217 -0.87113728
vn -0.41904851 0.25758202 -0.87066058
vn -0.43094516 0.23754690 -0.87055025
vn -0.43344058 0.23251807 -0.87066906
vn -0.34095552 0.24864463 -0.90660089
vn -0.38469397 0.30357306 -0.87169601
vn -0.38785489 0.30021921 -0.87145683
vn -0.39523693 0.29080141 -0.87133364
vn -0.39529188 0.27030714 -0.87788290
vn -0.40275324 0.27858452 -0.87188330
vn -0.40319831 0.27761125 -0.87198802
vn -0.37435522 0.31952002 -0.87049706
vn -0.38083561 0.32585557 -0.86532213
vn -0.38469397 0.30357306 -0.87169601
vn -0.38785489 0.30021921 -0.87145683
vn -0.40002967 0.33206619 -0.85422966
vn -0.36097373 0.33330060 -0.87098144
vn -0.36931605 0.34149160 -0.86428534
vn -0.37435522 0.31952002 -0.87049706
vn -0.38083561 0.32585557 -0.86532213
vn -0.38743714 0.34671021 -0.85421572
vn -0.33111608 0.35574178 -0.87396220
vn -0.33901872 0.34841834 -0.87388270
vn -0.34014879 0.36491502 -0.86668093
vn -0.36097373 0.33330060 -0.87098144
vn -0.36931605 0.34149160 -0.86428534
vn -0.37537471 0.37483004 -0.84770058
vn -0.37798834 0.37219880 -0.84769857
vn -0.22020092 0.10529742 -0.96975461
vn -0.23002054 0.11553626 -0.96630323
vn -0.30850780 0.10268157 -0.94566349
vn -0.41338972 0.20716250 -0.88667504
vn -0.42836011 0.14265131 -0.89227699
vn -0.44874047 0.20123097 -0.87071126
vn -0.45702832 0.17849319 -0.87135831
vn -0.45779311 0.17484330 -0.87169679
vn -0.30722090 0.38035019 -0.87232394
vn -0.30894761 0.38494655 -0.86969393
vn -0.31028761 0.36845003 -0.87633679
vn -0.31187793 0.38804824 -0.86726623
vn -0.33111608 0.35574178 -0.87396220
vn -0.34014879 0.36491502 -0.86668093
vn -0.35028057 0.40044992 -0.84672509
vn -0.29821411 0.37350613 -0.87838574
vn -0.30722090 0.38035019 -0.87232394
vn -0.31028761 0.36845003 -0.87633679
vn -0.27364290 0.40618014 -0.87185851
vn -0.27642241 0.37837364 -0.88341612
vn -0.29574163 0.41862186 -0.85865746
vn -0.29821411 0.37350613 -0.87838574
vn -0.30351284 0.41820670 -0.85614433
vn -0.30722090 0.38035019 -0.87232394
vn -0.30894761 0.38494655 -0.86969393
vn 1.00000000 0.00000000 0.00000000
vn -0.27364290 0.40618014 -0.87185851
vn -0.27642241 0.37837364 -0.88341612
vn 1.00000000 0.00000000 0.00000000
vn -0.37447377 0.63236047 -0.67815163
vn -0.38235514 0.62491200 -0.68065376
vn 1.00000000 0.00000000 0.00000000
vn -0.31276957 0.60796317 -0.72976433
vn -0.38235514 0.62491200 -0.68065376
vn -0.38623979 0.62257604 -0.68060113
vn -0.38632035 0.61013438 -0.69173161
vn -0.38623979 0.62257604 -0.68060113
vn -0.38632035 0.61013438 -0.69173161
vn -0.39101650 0.60662591 -0.69217852
vn -0.39904286 0.60728586 -0.68699977
vn -0.39915327 0.62361420 -0.67214730
vn -0.39904286 0.60728586 -0.68699977
vn -0.39915327 0.62361420 -0.67214730
vn -0.42210420 0.58465034 -0.69282900
vn -0.42467214 0.58481908 -0.69111520
vn -0.44282452 0.60782397 -0.65913312
vn -0.46632066 0.69607282 -0.54591911
vn -0.46998285 0.69648450 -0.54224115
vn -0.47325610 0.66579379 -0.57684253
vn -0.46998285 0.69648450 -0.54224115
vn -0.47325610 0.66579379 -0.57684253
vn -0.49741776 0.72179815 -0.48123072
vn -0.51389903 0.72152722 -0.46401105
vn -0.51947589 0.71686713 -0.46502291
vn -0.52146750 0.71070039 -0.47220399
vn -0.51947589 0.71686713 -0.46502291
vn -0.52146750 0.71070039 -0.47220399
vn -0.52767854 0.71053177 -0.46551044
vn -0.53119756 0.71643996 -0.45226423
vn -0.52767854 0.71053177 -0.46551044
vn -0.53119756 0.71643996 -0.45226423
vn -0.53311254 0.71745254 -0.44838919
vn -0.53613337 0.71740612 -0.44484768
vn -0.54653886 0.69428243 -0.46825974
vn -0.53613337 0.71740612 -0.44484768
vn -0.54653886 0.69428243 -0.46825974
vn -0.56192988 0.67154710 -0.48296926
vn -0.56903154 0.76053845 -0.31270492
vn -0.57924175 0.77379148 -0.25637030
vn -0.58727208 0.64793967 -0.48506255
vn -0.59664644 0.64740833 -0.47421037
vn -0.63210669 0.68036070 -0.37087795
vn -0.64637734 0.74837166 -0.14878235
vn -0.66690574 0.71895699 -0.19579986
vn -0.00000000 0.00000000 1.00000000
vn -0.56903154 0.76053845 -0.31270492
vn -0.57924175 0.77379148 -0.25637030
vn -0.70950506 0.04018250 -0.70355380
vn -0.71006979 0.00496629 -0.70411379
vn -0.71087046 0.00416860 -0.70331061
vn -0.83703278 0.03894830 -0.54576474
vn -0.83842008 0.00396718 -0.54501012
vn -0.83856764 0.03660439 -0.54356640
vn -0.83858404 0.00458154 -0.54475298
vn -0.00000000 -1.00000000 0.00000000
vn -0.71087046 0.00416860 -0.70331061
vn -0.83842008 0.00396718 -0.54501012
vn 0.00000000 0.00000000 1.00000000
vn -0.86801063 0.06968858 -0.49163100
vn -0.86889891 0.05967206 -0.49137961
vn -0.87487691 0.08026585 -0.47764819
vn -0.84238159 0.07328726 -0.53387474
vn -0.84271751 0.06765791 -0.53408763
vn -0.84936421 0.08468873 -0.52096858
vn -0.86801063 0.06968858 -0.49163100
vn -0.87383293 0.08712846 -0.47835619
vn -0.87465737 0.08331374 -0.47752833
vn -0.87487691 0.08026585 -0.47764819
vn -0.70524136 0.07673262 -0.70480262
vn -0.70600908 0.06101101 -0.70556986
vn -0.70832878 0.05878161 -0.70343093
vn -0.83631957 0.05672568 -0.54529971
vn -0.84238159 0.07328726 -0.53387474
vn -0.84271751 0.06765791 -0.53408763
vn -0.70832878 0.05878161 -0.70343093
vn -0.70896764 0.04070437 -0.70406537
vn -0.70950506 0.04018250 -0.70355380
vn -0.83631957 0.05672568 -0.54529971
vn -0.83703278 0.03894830 -0.54576474
vn -0.00000000 -1.00000000 0.00000000
vn -0.60637539 0.00444239 -0.79516611
vn -0.60678848 0.00509291 -0.79484703
vn -0.71005700 0.00495372 -0.70412678
vn -0.60653420 0.02939149 -0.79451394
vn -0.60678848 0.00509291 -0.79484703
vn -0.62000174 0.04049573 -0.78355468
vn -0.70896764 0.04070437 -0.70406537
vn -0.70950506 0.04018250 -0.70355380
vn -0.71006487 0.00496145 -0.70411879
vn -0.61985509 0.04595795 -0.78336935
vn -0.62000174 0.04049573 -0.78355468
vn -0.63727034 0.06098260 -0.76822369
vn -0.70600908 0.06101101 -0.70556986
vn -0.70832878 0.05878161 -0.70343093
vn -0.70896764 0.04070437 -0.70406537
vn -0.63723490 0.06188436 -0.76818097
vn -0.63727034 0.06098260 -0.76822369
vn -0.65716194 0.08001576 -0.74949026
vn -0.70181531 0.07998479 -0.70785430
vn -0.70524136 0.07673262 -0.70480262
vn -0.70600908 0.06101101 -0.70556986
vn -0.49431120 0.07915219 -0.86567394
vn -0.49504221 0.05765172 -0.86695414
vn -0.63723490 0.06188436 -0.76818097
vn -0.65686743 0.08539843 -0.74915438
vn -0.65716194 0.08001576 -0.74949026
vn -0.48291519 0.08782520 -0.87125178
vn -0.48315796 0.08194697 -0.87168978
vn -0.48650037 0.08726551 -0.86931129
vn -0.48843984 0.05292140 -0.87099130
vn -0.48930745 0.05289191 -0.87050598
vn -0.49431120 0.07915219 -0.86567394
vn -0.49504221 0.05765172 -0.86695414
vn -0.44008730 0.07961423 -0.89441866
vn -0.47579149 0.11564812 -0.87192200
vn -0.47961417 0.10484641 -0.87119313
vn -0.48291519 0.08782520 -0.87125178
vn -0.48315796 0.08194697 -0.87168978
vn -0.24374185 0.06911992 -0.96737394
vn -0.30850780 0.10268157 -0.94566349
vn -0.41155949 0.06495370 -0.90906535
vn -0.42836011 0.14265131 -0.89227699
vn -0.44008730 0.07961423 -0.89441866
vn -0.46790797 0.14187483 -0.87231512
vn -0.46861012 0.14053603 -0.87215491
vn -0.47438213 0.12309348 -0.87167058
vn -0.47579149 0.11564812 -0.87192200
vn -0.43094516 0.23754690 -0.87055025
vn -0.43344058 0.23251807 -0.87066906
vn -0.43636410 0.22855124 -0.87025898
vn -0.44129157 0.26329293 -0.85786863
vn -0.45950620 0.27633581 -0.84409275
vn -0.47909104 0.23582803 -0.84549211
vn -0.50721662 0.24983154 -0.82481240
vn -0.53884298 0.27177572 -0.79736202
vn -0.55420965 0.29201353 -0.77947403
vn -0.41904851 0.25758202 -0.87066058
vn -0.43094516 0.23754690 -0.87055025
vn -0.44129157 0.26329293 -0.85786863
vn -0.41258105 0.27739638 -0.86765669
vn -0.41422948 0.27876024 -0.86643330
vn -0.41423611 0.26368217 -0.87113728
vn -0.41904851 0.25758202 -0.87066058
vn -0.44129157 0.26329293 -0.85786863
vn -0.45950620 0.27633581 -0.84409275
vn -0.46994772 0.29078776 -0.83342163
vn -0.40275324 0.27858452 -0.87188330
vn -0.40319831 0.27761125 -0.87198802
vn -0.41014012 0.26821157 -0.87169240
vn -0.41258105 0.27739638 -0.86765669
vn -0.41423611 0.26368217 -0.87113728
vn -0.39529188 0.27030714 -0.87788290
vn -0.40319831 0.27761125 -0.87198802
vn -0.41014012 0.26821157 -0.87169240
vn -0.41338972 0.20716250 -0.88667504
vn -0.43344058 0.23251807 -0.87066906
vn -0.43636410 0.22855124 -0.87025898
vn -0.44451161 0.21496042 -0.86959844
vn -0.44673123 0.20968642 -0.86974871
vn -0.44874047 0.20123097 -0.87071126
vn -0.39523693 0.29080141 -0.87133364
vn -0.40275324 0.27858452 -0.87188330
vn -0.41258105 0.27739638 -0.86765669
vn -0.41422948 0.27876024 -0.86643330
vn -0.42631374 0.30251869 -0.85248990
vn -0.38785489 0.30021921 -0.87145683
vn -0.39523693 0.29080141 -0.87133364
vn -0.40002967 0.33206619 -0.85422966
vn -0.42439672 0.35416223 -0.83334059
vn -0.42631374 0.30251869 -0.85248990
vn -0.48145023 0.34905646 -0.80396845
vn -0.49140239 0.37067356 -0.78811471
vn -0.38083561 0.32585557 -0.86532213
vn -0.38743714 0.34671021 -0.85421572
vn -0.40002967 0.33206619 -0.85422966
vn -0.41810884 0.37570554 -0.82706127
vn -0.42439672 0.35416223 -0.83334059
vn -0.43510057 0.38067106 -0.81595162
vn -0.36931605 0.34149160 -0.86428534
vn -0.37798834 0.37219880 -0.84769857
vn -0.38743714 0.34671021 -0.85421572
vn -0.41810884 0.37570554 -0.82706127
vn -0.42215559 0.38629688 -0.82009718
vn -0.37537471 0.37483004 -0.84770058
vn -0.37798834 0.37219880 -0.84769857
vn -0.39038925 0.42098432 -0.81876030
vn -0.42215559 0.38629688 -0.82009718
vn -0.46204322 0.49504759 -0.73582875
vn -0.49347340 0.50627184 -0.70722897
vn -0.49684529 0.45811919 -0.73706958
vn -0.50857753 0.49116632 -0.70718070
vn -0.34014879 0.36491502 -0.86668093
vn -0.35028057 0.40044992 -0.84672509
vn -0.35781549 0.40859360 -0.83965430
vn -0.37537471 0.37483004 -0.84770058
vn -0.39038925 0.42098432 -0.81876030
vn -0.42836011 0.14265131 -0.89227699
vn -0.45779311 0.17484330 -0.87169679
vn -0.46453346 0.15686818 -0.87155094
vn -0.46790797 0.14187483 -0.87231512
vn -0.45702832 0.17849319 -0.87135831
vn -0.45779311 0.17484330 -0.87169679
vn -0.46453346 0.15686818 -0.87155094
vn -0.46941061 0.15611075 -0.86907026
vn -0.48300332 0.18472760 -0.85591092
vn -0.48417222 0.18305560 -0.85560967
vn -0.44673123 0.20968642 -0.86974871
vn -0.44867132 0.21114800 -0.86839540
vn -0.44874047 0.20123097 -0.87071126
vn -0.45702832 0.17849319 -0.87135831
vn -0.48300332 0.18472760 -0.85591092
vn -0.51537641 0.22108677 -0.82795398
vn -0.31187793 0.38804824 -0.86726623
vn -0.32517900 0.42911211 -0.84268702
vn -0.35028057 0.40044992 -0.84672509
vn -0.35781549 0.40859360 -0.83965430
vn -0.36454944 0.47445010 -0.80124953
vn -0.37587332 0.47931249 -0.79308183
vn -0.30351284 0.41820670 -0.85614433
vn -0.30666595 0.42155071 -0.85337623
vn -0.30894761 0.38494655 -0.86969393
vn -0.31187793 0.38804824 -0.86726623
vn -0.32517900 0.42911211 -0.84268702
vn -0.29322391 0.44056435 -0.84848264
vn -0.29472478 0.44354522 -0.84640708
vn -0.29574163 0.41862186 -0.85865746
vn -0.30351284 0.41820670 -0.85614433
vn -0.30666595 0.42155071 -0.85337623
vn -0.32137594 0.45803887 -0.82880510
vn 1.00000000 0.00000000 0.00000000
vn -0.27364290 0.40618014 -0.87185851
vn -0.29322391 0.44056435 -0.84848264
vn -0.29574163 0.41862186 -0.85865746
vn 1.00000000 0.00000000 0.00000000
vn -0.28810549 0.44948911 -0.84554998
vn -0.31276957 0.60796317 -0.72976433
vn -0.28810549 0.44948911 -0.84554998
vn -0.29472478 0.44354522 -0.84640708
vn -0.31276957 0.60796317 -0.72976433
vn -0.32137594 0.45803887 -0.82880510
vn -0.37361373 0.51961477 -0.76838354
vn -0.38130478 0.53273485 -0.75551323
vn -0.38632035 0.61013438 -0.69173161
vn -0.39101650 0.60662591 -0.69217852
vn -0.38130478 0.53273485 -0.75551323
vn -0.39101650 0.60662591 -0.69217852
vn -0.39904286 0.60728586 -0.68699977
vn -0.42204782 0.57846845 -0.69803287
vn -0.42210420 0.58465034 -0.69282900
vn -0.42204782 0.57846845 -0.69803287
vn -0.42210420 0.58465034 -0.69282900
vn -0.42455962 0.57864045 -0.69636511
vn -0.42467214 0.58481908 -0.69111520
vn -0.42455962 0.57864045 -0.69636511
vn -0.42467214 0.58481908 -0.69111520
vn -0.43544017 0.56560094 -0.70034808
vn -0.44012961 0.56441209 -0.69837305
vn -0.44282452 0.60782397 -0.65913312
vn -0.44012961 0.56441209 -0.69837305
vn -0.44282452 0.60782397 -0.65913312
vn -0.45433297 0.55205286 -0.69915606
vn -0.47325610 0.66579379 -0.57684253
vn -0.48383236 0.56194281 -0.67091469
vn -0.52146750 0.71070039 -0.47220399
vn -0.52767854 0.71053177 -0.46551044
vn -0.54653886 0.69428243 -0.46825974
vn -0.56192988 0.67154710 -0.48296926
vn -0.56986023 0.64901919 -0.50401728
vn -0.00000000 0.00000000 1.00000000
vn -0.64637734 0.74837166 -0.14878235
vn -0.66690574 0.71895699 -0.19579986
vn -0.00000000 0.00000000 1.00000000
vn -0.57924175 0.77379148 -0.25637030
vn -0.64637734 0.74837166 -0.14878235
vn -0.56192988 0.67154710 -0.48296926
vn -0.56986023 0.64901919 -0.50401728
vn -0.58586514 0.64530624 -0.49024678
vn -0.58727208 0.64793967 -0.48506255
vn -0.58586514 0.64530624 -0.49024678
vn -0.58727208 0.64793967 -0.48506255
vn -0.59664644 0.64740833 -0.47421037
vn -0.59968513 0.62952508 -0.49404041
vn -0.60169563 0.62944701 -0.49168976
vn -0.59664644 0.64740833 -0.47421037
vn -0.60169563 0.62944701 -0.49168976
vn -0.62428862 0.60698813 -0.49176125
vn -0.63210669 0.68036070 -0.37087795
vn -0.63566902 0.60395482 -0.48079462
vn -0.66196812 0.65137208 -0.37082694
vn -0.66462684 0.63414914 -0.39512788
vn -0.00000000 0.00000000 1.00000000
vn -0.63210669 0.68036070 -0.37087795
vn -0.66196812 0.65137208 -0.37082694
vn -0.66690574 0.71895699 -0.19579986
vn 0.00000000 -1.00000000 0.00000000
vn -0.71006413 0.00496073 -0.70411954
vn -0.71087046 0.00416860 -0.70331061
vn 0.00000000 0.00000000 1.00000000
vn -0.87465737 0.08331374 -0.47752833
vn -0.87487691 0.08026585 -0.47764819
vn 0.00000000 0.00000000 1.00000000
vn -0.87383293 0.08712846 -0.47835619
vn -0.87465737 0.08331374 -0.47752833
vn -0.87887024 0.09676694 -0.46714372
vn -0.84803244 0.10140600 -0.52015172
vn -0.84936421 0.08468873 -0.52096858
vn -0.85869519 0.12509292 -0.49698524
vn -0.87383293 0.08712846 -0.47835619
vn -0.87542241 0.13084792 -0.46531110
vn -0.87887024 0.09676694 -0.46714372
vn -0.69997853 0.10766447 -0.70600171
vn -0.70181531 0.07998479 -0.70785430
vn -0.70524136 0.07673262 -0.70480262
vn -0.84238159 0.07328726 -0.53387474
vn -0.84803244 0.10140600 -0.52015172
vn -0.84936421 0.08468873 -0.52096858
vn -0.65686743 0.08539843 -0.74915438
vn -0.65716194 0.08001576 -0.74949026
vn -0.68247675 0.12291986 -0.72049718
vn -0.68745933 0.12281616 -0.71576243
vn -0.69997853 0.10766447 -0.70600171
vn -0.70181531 0.07998479 -0.70785430
vn -0.48650037 0.08726551 -0.86931129
vn -0.49431120 0.07915219 -0.86567394
vn -0.49715480 0.10803492 -0.86090973
vn -0.51562009 0.11909734 -0.84849971
vn -0.65686743 0.08539843 -0.74915438
vn -0.68027738 0.12759558 -0.72176316
vn -0.68247675 0.12291986 -0.72049718
vn -0.47961417 0.10484641 -0.87119313
vn -0.48291519 0.08782520 -0.87125178
vn -0.48650037 0.08726551 -0.86931129
vn -0.49715480 0.10803492 -0.86090973
vn -0.47438213 0.12309348 -0.87167058
vn -0.47579149 0.11564812 -0.87192200
vn -0.47961417 0.10484641 -0.87119313
vn -0.49715480 0.10803492 -0.86090973
vn -0.51562009 0.11909734 -0.84849971
vn -0.52239036 0.12721113 -0.84316407
vn -0.46861012 0.14053603 -0.87215491
vn -0.47113043 0.14289154 -0.87041262
vn -0.47438213 0.12309348 -0.87167058
vn -0.52239036 0.12721113 -0.84316407
vn -0.54094611 0.13663518 -0.82988441
vn -0.55753723 0.15034928 -0.81642350
vn -0.46453346 0.15686818 -0.87155094
vn -0.46790797 0.14187483 -0.87231512
vn -0.46861012 0.14053603 -0.87215491
vn -0.46941061 0.15611075 -0.86907026
vn -0.47024950 0.15517034 -0.86878511
vn -0.47113043 0.14289154 -0.87041262
vn -0.43636410 0.22855124 -0.87025898
vn -0.44451161 0.21496042 -0.86959844
vn -0.45085129 0.21639157 -0.86597217
vn -0.47909104 0.23582803 -0.84549211
vn -0.44867132 0.21114800 -0.86839540
vn -0.45085129 0.21639157 -0.86597217
vn -0.47909104 0.23582803 -0.84549211
vn -0.50721662 0.24983154 -0.82481240
vn -0.51537641 0.22108677 -0.82795398
vn -0.55563395 0.24640166 -0.79407628
vn -0.56406446 0.25745311 -0.78456942
vn -0.50721662 0.24983154 -0.82481240
vn -0.53884298 0.27177572 -0.79736202
vn -0.56406446 0.25745311 -0.78456942
vn -0.59289801 0.27754480 -0.75593706
vn -0.53884298 0.27177572 -0.79736202
vn -0.55420965 0.29201353 -0.77947403
vn -0.59289801 0.27754480 -0.75593706
vn -0.59839121 0.32330779 -0.73307574
vn -0.60416589 0.32330750 -0.72832400
vn -0.62107447 0.30873034 -0.72038329
vn -0.62425947 0.29327767 -0.72407757
vn -0.45950620 0.27633581 -0.84409275
vn -0.46994772 0.29078776 -0.83342163
vn -0.53870164 0.34516245 -0.76854630
vn -0.55420965 0.29201353 -0.77947403
vn -0.59725415 0.35219079 -0.72058943
vn -0.59839121 0.32330779 -0.73307574
vn -0.60102460 0.34841854 -0.71928711
vn -0.41422948 0.27876024 -0.86643330
vn -0.42631374 0.30251869 -0.85248990
vn -0.46994772 0.29078776 -0.83342163
vn -0.48145023 0.34905646 -0.80396845
vn -0.53870164 0.34516245 -0.76854630
vn -0.54764565 0.36130627 -0.75468008
vn -0.44451161 0.21496042 -0.86959844
vn -0.44673123 0.20968642 -0.86974871
vn -0.44867132 0.21114800 -0.86839540
vn -0.45085129 0.21639157 -0.86597217
vn -0.48145023 0.34905646 -0.80396845
vn -0.49140239 0.37067356 -0.78811471
vn -0.54000017 0.41352738 -0.73307225
vn -0.54764565 0.36130627 -0.75468008
vn -0.55846878 0.41367888 -0.71901489
vn -0.57531679 0.38373666 -0.72232733
vn -0.57625808 0.39636020 -0.71472038
vn -0.42439672 0.35416223 -0.83334059
vn -0.43510057 0.38067106 -0.81595162
vn -0.49140239 0.37067356 -0.78811471
vn -0.50265460 0.44407460 -0.74171160
vn -0.52825712 0.45146099 -0.71911570
vn -0.54000017 0.41352738 -0.73307225
vn -0.54144992 0.44012069 -0.71632797
vn -0.41810884 0.37570554 -0.82706127
vn -0.42215559 0.38629688 -0.82009718
vn -0.43510057 0.38067106 -0.81595162
vn -0.49684529 0.45811919 -0.73706958
vn -0.50265460 0.44407460 -0.74171160
vn -0.50847852 0.46206256 -0.72660015
vn -0.49227687 0.51169823 -0.70415084
vn -0.49347340 0.50627184 -0.70722897
vn -0.50857753 0.49116632 -0.70718070
vn -0.51147472 0.49052277 -0.70553599
vn -0.52020797 0.51996314 -0.67751163
vn -0.46204322 0.49504759 -0.73582875
vn -0.47362387 0.52956036 -0.70373735
vn -0.49227687 0.51169823 -0.70415084
vn -0.49347340 0.50627184 -0.70722897
vn -0.35781549 0.40859360 -0.83965430
vn -0.37587332 0.47931249 -0.79308183
vn -0.39038925 0.42098432 -0.81876030
vn -0.42848344 0.53754196 -0.72625794
vn -0.45603206 0.54574520 -0.70299142
vn -0.46204322 0.49504759 -0.73582875
vn -0.47356042 0.52969728 -0.70367700
vn -0.47362387 0.52956036 -0.70373735
vn -0.49684529 0.45811919 -0.73706958
vn -0.50847852 0.46206256 -0.72660015
vn -0.50857753 0.49116632 -0.70718070
vn -0.51147472 0.49052277 -0.70553599
vn -0.51335084 0.48858417 -0.70551855
vn -0.51673816 0.47036896 -0.71535635
vn -0.46941061 0.15611075 -0.86907026
vn -0.47024950 0.15517034 -0.86878511
vn -0.48417222 0.18305560 -0.85560967
vn -0.58172162 0.16527826 -0.79641889
vn -0.62674066 0.19126816 -0.75538906
vn -0.63001920 0.19693879 -0.75119299
vn -0.48300332 0.18472760 -0.85591092
vn -0.48417222 0.18305560 -0.85560967
vn -0.51537641 0.22108677 -0.82795398
vn -0.55563395 0.24640166 -0.79407628
vn -0.63001920 0.19693879 -0.75119299
vn -0.64650345 0.25298011 -0.71974603
vn -0.65903510 0.21995240 -0.71923131
vn -0.66180331 0.23742435 -0.71108794
vn -0.36454944 0.47445010 -0.80124953
vn -0.37361373 0.51961477 -0.76838354
vn -0.37587332 0.47931249 -0.79308183
vn -0.38130478 0.53273485 -0.75551323
vn -0.42204782 0.57846845 -0.69803287
vn -0.42455962 0.57864045 -0.69636511
vn -0.42848344 0.53754196 -0.72625794
vn -0.43544017 0.56560094 -0.70034808
vn -0.30666595 0.42155071 -0.85337623
vn -0.32137594 0.45803887 -0.82880510
vn -0.32517900 0.42911211 -0.84268702
vn -0.36454944 0.47445010 -0.80124953
vn -0.37361373 0.51961477 -0.76838354
vn 1.00000000 0.00000000 0.00000000
vn -0.28810549 0.44948911 -0.84554998
vn -0.29322391 0.44056435 -0.84848264
vn -0.29472478 0.44354522 -0.84640708
vn -0.42848344 0.53754196 -0.72625794
vn -0.43544017 0.56560094 -0.70034808
vn -0.44012961 0.56441209 -0.69837305
vn -0.45433297 0.55205286 -0.69915606
vn -0.45603206 0.54574520 -0.70299142
vn -0.45433297 0.55205286 -0.69915606
vn -0.45603206 0.54574520 -0.70299142
vn -0.47356042 0.52969728 -0.70367700
vn -0.48383236 0.56194281 -0.67091469
vn -0.47356042 0.52969728 -0.70367700
vn -0.47362387 0.52956036 -0.70373735
vn -0.48383236 0.56194281 -0.67091469
vn -0.49227687 0.51169823 -0.70415084
vn -0.52020797 0.51996314 -0.67751163
vn -0.56986023 0.64901919 -0.50401728
vn -0.58586514 0.64530624 -0.49024678
vn -0.59968513 0.62952508 -0.49404041
vn -0.60308940 0.60295431 -0.52223489
vn -0.59968513 0.62952508 -0.49404041
vn -0.60169563 0.62944701 -0.49168976
vn -0.60308940 0.60295431 -0.52223489
vn -0.62428862 0.60698813 -0.49176125
vn -0.62455613 0.60029408 -0.49957648
vn -0.62428862 0.60698813 -0.49176125
vn -0.62455613 0.60029408 -0.49957648
vn -0.62879124 0.59665324 -0.49862460
vn -0.63566902 0.60395482 -0.48079462
vn -0.63585695 0.60058690 -0.48474872
vn -0.63566902 0.60395482 -0.48079462
vn -0.63585695 0.60058690 -0.48474872
vn -0.63664641 0.59977542 -0.48471723
vn -0.66462684 0.63414914 -0.39512788
vn -0.67448314 0.64271594 -0.36330250
vn -0.67511542 0.63905144 -0.36855452
vn -0.00000000 0.00000000 1.00000000
vn -0.66196812 0.65137208 -0.37082694
vn -0.66462684 0.63414914 -0.39512788
vn -0.67448314 0.64271594 -0.36330250
vn 0.00000000 0.00000000 1.00000000
vn -0.87542241 0.13084792 -0.46531110
vn -0.87648026 0.13287299 -0.46273872
vn -0.87887024 0.09676694 -0.46714372
vn -0.68745933 0.12281616 -0.71576243
vn -0.69244812 0.14529215 -0.70668649
vn -0.69997853 0.10766447 -0.70600171
vn -0.70348201 0.15456965 -0.69370115
vn -0.84803244 0.10140600 -0.52015172
vn -0.85078786 0.14414394 -0.50535388
vn -0.85869519 0.12509292 -0.49698524
vn -0.85078786 0.14414394 -0.50535388
vn -0.85869519 0.12509292 -0.49698524
vn -0.85892024 0.17759191 -0.48033024
vn -0.87542241 0.13084792 -0.46531110
vn -0.87588259 0.17179413 -0.45090628
vn -0.87648026 0.13287299 -0.46273872
vn -0.88020069 0.14347581 -0.45239523
vn -0.68027738 0.12759558 -0.72176316
vn -0.68247675 0.12291986 -0.72049718
vn -0.68379832 0.14331319 -0.71545872
vn -0.68548298 0.14524925 -0.71345338
vn -0.68745933 0.12281616 -0.71576243
vn -0.69244812 0.14529215 -0.70668649
vn -0.51562009 0.11909734 -0.84849971
vn -0.52239036 0.12721113 -0.84316407
vn -0.54094611 0.13663518 -0.82988441
vn -0.68027738 0.12759558 -0.72176316
vn -0.68379832 0.14331319 -0.71545872
vn -0.47024950 0.15517034 -0.86878511
vn -0.47113043 0.14289154 -0.87041262
vn -0.55753723 0.15034928 -0.81642350
vn -0.57210409 0.15684462 -0.80504452
vn -0.58172162 0.16527826 -0.79641889
vn -0.54094611 0.13663518 -0.82988441
vn -0.55753723 0.15034928 -0.81642350
vn -0.57210409 0.15684462 -0.80504452
vn -0.68376463 0.16124364 -0.71166454
vn -0.68379832 0.14331319 -0.71545872
vn -0.68548298 0.14524925 -0.71345338
vn -0.55563395 0.24640166 -0.79407628
vn -0.56406446 0.25745311 -0.78456942
vn -0.59289801 0.27754480 -0.75593706
vn -0.62425947 0.29327767 -0.72407757
vn -0.63563391 0.29317306 -0.71415621
vn -0.63961418 0.28955323 -0.71207628
vn -0.64650345 0.25298011 -0.71974603
vn -0.62107447 0.30873034 -0.72038329
vn -0.62425947 0.29327767 -0.72407757
vn -0.63563391 0.29317306 -0.71415621
vn -0.65526903 0.31017539 -0.68877698
vn -0.60416589 0.32330750 -0.72832400
vn -0.60678003 0.34843823 -0.71442900
vn -0.62107447 0.30873034 -0.72038329
vn -0.62927070 0.36759084 -0.68475935
vn -0.65526903 0.31017539 -0.68877698
vn -0.68012610 0.32257699 -0.65831039
vn -0.72962754 0.36443445 -0.57864599
vn -0.59839121 0.32330779 -0.73307574
vn -0.60102460 0.34841854 -0.71928711
vn -0.60416589 0.32330750 -0.72832400
vn -0.60678003 0.34843823 -0.71442900
vn -0.59092477 0.37749957 -0.71295301
vn -0.59725415 0.35219079 -0.72058943
vn -0.60102460 0.34841854 -0.71928711
vn -0.60678003 0.34843823 -0.71442900
vn -0.62927070 0.36759084 -0.68475935
vn -0.63380527 0.38017554 -0.67361520
vn -0.53870164 0.34516245 -0.76854630
vn -0.54764565 0.36130627 -0.75468008
vn -0.57531679 0.38373666 -0.72232733
vn -0.58404313 0.38380465 -0.71525353
vn -0.59092477 0.37749957 -0.71295301
vn -0.59725415 0.35219079 -0.72058943
vn -0.55846878 0.41367888 -0.71901489
vn -0.55915695 0.42598262 -0.71125404
vn -0.57625808 0.39636020 -0.71472038
vn -0.58499057 0.39641518 -0.70755992
vn -0.62259164 0.42962828 -0.65406360
vn -0.54000017 0.41352738 -0.73307225
vn -0.54144992 0.44012069 -0.71632797
vn -0.54685490 0.44025078 -0.71212988
vn -0.55846878 0.41367888 -0.71901489
vn -0.55915695 0.42598262 -0.71125404
vn -0.57531679 0.38373666 -0.72232733
vn -0.57625808 0.39636020 -0.71472038
vn -0.58404313 0.38380465 -0.71525353
vn -0.58499057 0.39641518 -0.70755992
vn -0.52471014 0.46544830 -0.71276725
vn -0.52825712 0.45146099 -0.71911570
vn -0.54144992 0.44012069 -0.71632797
vn -0.54685490 0.44025078 -0.71212988
vn -0.55840245 0.46993824 -0.68362618
vn -0.50265460 0.44407460 -0.74171160
vn -0.50847852 0.46206256 -0.72660015
vn -0.51673816 0.47036896 -0.71535635
vn -0.52108156 0.46933972 -0.71287743
vn -0.52471014 0.46544830 -0.71276725
vn -0.52825712 0.45146099 -0.71911570
vn -0.51147472 0.49052277 -0.70553599
vn -0.51335084 0.48858417 -0.70551855
vn -0.52020797 0.51996314 -0.67751163
vn -0.52906173 0.49359209 -0.69026121
vn -0.60308940 0.60295431 -0.52223489
vn -0.62455613 0.60029408 -0.49957648
vn -0.62879124 0.59665324 -0.49862460
vn -0.62957022 0.59370619 -0.50115297
vn -0.51335084 0.48858417 -0.70551855
vn -0.51673816 0.47036896 -0.71535635
vn -0.52108156 0.46933972 -0.71287743
vn -0.52906173 0.49359209 -0.69026121
vn -0.57210409 0.15684462 -0.80504452
vn -0.58172162 0.16527826 -0.79641889
vn -0.62674066 0.19126816 -0.75538906
vn -0.67377213 0.19230821 -0.71347646
vn -0.68068251 0.18644384 -0.70845608
vn -0.68376495 0.16124336 -0.71166430
vn -0.62674066 0.19126816 -0.75538906
vn -0.63001920 0.19693879 -0.75119299
vn -0.65903510 0.21995240 -0.71923131
vn -0.66603299 0.21975452 -0.71281695
vn -0.67063147 0.21433473 -0.71015073
vn -0.67377213 0.19230821 -0.71347646
vn -0.63961418 0.28955323 -0.71207628
vn -0.64650345 0.25298011 -0.71974603
vn -0.66180331 0.23742435 -0.71108794
vn -0.66881665 0.23742137 -0.70449655
vn -0.70361775 0.26530309 -0.65919370
vn -0.71485350 0.28986009 -0.63636907
vn -0.65903510 0.21995240 -0.71923131
vn -0.66180331 0.23742435 -0.71108794
vn -0.66603299 0.21975452 -0.71281695
vn -0.66881665 0.23742137 -0.70449655
vn -0.62879124 0.59665324 -0.49862460
vn -0.62957022 0.59370619 -0.50115297
vn -0.63079625 0.59332076 -0.50006656
vn -0.63585695 0.60058690 -0.48474872
vn -0.63656466 0.59874648 -0.48609473
vn -0.63664641 0.59977542 -0.48471723
vn -0.00000000 0.00000000 1.00000000
vn -0.63656466 0.59874648 -0.48609473
vn -0.63664641 0.59977542 -0.48471723
vn -0.64017782 0.58350025 -0.49969972
vn -0.64831961 0.56718787 -0.50791693
vn -0.66324077 0.55367624 -0.50354176
vn -0.67511542 0.63905144 -0.36855452
vn -0.69448860 0.53295685 -0.48336589
vn -0.72449992 0.52443979 -0.44728376
vn -0.00000000 0.00000000 1.00000000
vn -0.67448314 0.64271594 -0.36330250
vn -0.67511542 0.63905144 -0.36855452
vn 0.00000000 0.00000000 1.00000000
vn -0.87648026 0.13287299 -0.46273872
vn -0.88020069 0.14347581 -0.45239523
vn -0.70348201 0.15456965 -0.69370115
vn -0.70692467 0.16176333 -0.68854204
vn -0.74091007 0.18595546 -0.64534706
vn -0.79305795 0.20854357 -0.57233615
vn -0.84476864 0.19967288 -0.49648433
vn -0.85078786 0.14414394 -0.50535388
vn -0.85892024 0.17759191 -0.48033024
vn -0.68376442 0.16124382 -0.71166470
vn -0.68548298 0.14524925 -0.71345338
vn -0.69244812 0.14529215 -0.70668649
vn -0.70348201 0.15456965 -0.69370115
vn -0.70692467 0.16176333 -0.68854204
vn 0.00000000 0.00000000 1.00000000
vn -0.87588259 0.17179413 -0.45090628
vn -0.87593679 0.17187293 -0.45077093
vn -0.88020069 0.14347581 -0.45239523
vn -0.84184482 0.21564773 -0.49476595
vn -0.84204617 0.21585508 -0.49433272
vn -0.84476864 0.19967288 -0.49648433
vn -0.85892024 0.17759191 -0.48033024
vn -0.87588259 0.17179413 -0.45090628
vn -0.87593679 0.17187293 -0.45077093
vn -0.87695196 0.20708803 -0.43367016
vn -0.87720343 0.20686234 -0.43326910
vn -0.88025914 0.19003056 -0.43477837
vn -0.63563391 0.29317306 -0.71415621
vn -0.63961418 0.28955323 -0.71207628
vn -0.65526903 0.31017539 -0.68877698
vn -0.68012610 0.32257699 -0.65831039
vn -0.71485350 0.28986009 -0.63636907
vn -0.75043342 0.31852537 -0.57912975
vn -0.62927070 0.36759084 -0.68475935
vn -0.63380527 0.38017554 -0.67361520
vn -0.71476737 0.45531388 -0.53084544
vn -0.72962754 0.36443445 -0.57864599
vn -0.74478927 0.37202805 -0.55397118
vn -0.74526363 0.44786792 -0.49395997
vn -0.76227053 0.38690676 -0.51888996
vn -0.76468405 0.42632603 -0.48322295
vn -0.68012610 0.32257699 -0.65831039
vn -0.72962754 0.36443445 -0.57864599
vn -0.74478927 0.37202805 -0.55397118
vn -0.75043342 0.31852537 -0.57912975
vn -0.76691941 0.32673782 -0.55233777
vn -0.78911455 0.36169244 -0.49646431
vn -0.79017749 0.34888956 -0.50388055
vn -0.79123128 0.35902566 -0.49502893
vn -0.58404313 0.38380465 -0.71525353
vn -0.58499057 0.39641518 -0.70755992
vn -0.59092477 0.37749957 -0.71295301
vn -0.62259164 0.42962828 -0.65406360
vn -0.63380527 0.38017554 -0.67361520
vn -0.68438730 0.46156210 -0.56442400
vn -0.71476737 0.45531388 -0.53084544
vn -0.71528761 0.45710316 -0.52860225
vn -0.54685490 0.44025078 -0.71212988
vn -0.55840245 0.46993824 -0.68362618
vn -0.55915695 0.42598262 -0.71125404
vn -0.62259164 0.42962828 -0.65406360
vn -0.64846010 0.55839764 -0.51738919
vn -0.66324077 0.55367624 -0.50354176
vn -0.68438730 0.46156210 -0.56442400
vn -0.69448860 0.53295685 -0.48336589
vn -0.71615819 0.50750604 -0.47911905
vn -0.71626016 0.49597347 -0.49089887
vn -0.52108156 0.46933972 -0.71287743
vn -0.52471014 0.46544830 -0.71276725
vn -0.52906173 0.49359209 -0.69026121
vn -0.55840245 0.46993824 -0.68362618
vn -0.62957022 0.59370619 -0.50115297
vn -0.63079625 0.59332076 -0.50006656
vn -0.64017782 0.58350025 -0.49969972
vn -0.64831961 0.56718787 -0.50791693
vn -0.64846010 0.55839764 -0.51738919
vn -0.68068251 0.18644384 -0.70845608
vn -0.68376474 0.16124354 -0.71166445
vn -0.70692467 0.16176333 -0.68854204
vn -0.74091007 0.18595546 -0.64534706
vn -0.67063147 0.21433473 -0.71015073
vn -0.67377213 0.19230821 -0.71347646
vn -0.68068251 0.18644384 -0.70845608
vn -0.74091007 0.18595546 -0.64534706
vn -0.79305795 0.20854357 -0.57233615
vn -0.79354849 0.20886018 -0.57154022
vn -0.66603299 0.21975452 -0.71281695
vn -0.66881665 0.23742137 -0.70449655
vn -0.67063147 0.21433473 -0.71015073
vn -0.70361775 0.26530309 -0.65919370
vn -0.79354849 0.20886018 -0.57154022
vn -0.81892096 0.22036157 -0.52991436
vn -0.82787135 0.22889174 -0.51209139
vn -0.82806682 0.24919811 -0.50220081
vn -0.83152273 0.24288050 -0.49957884
vn -0.70361775 0.26530309 -0.65919370
vn -0.71485350 0.28986009 -0.63636907
vn -0.75043342 0.31852537 -0.57912975
vn -0.76691941 0.32673782 -0.55233777
vn -0.80935024 0.31684988 -0.49452841
vn -0.82806682 0.24919811 -0.50220081
vn -0.83333310 0.28701945 -0.47241484
vn -0.63079625 0.59332076 -0.50006656
vn -0.63656466 0.59874648 -0.48609473
vn -0.64017782 0.58350025 -0.49969972
vn -0.64831961 0.56718787 -0.50791693
vn -0.64846010 0.55839764 -0.51738919
vn -0.66324077 0.55367624 -0.50354176
vn -0.69448860 0.53295685 -0.48336589
vn -0.71615819 0.50750604 -0.47911905
vn -0.72367634 0.50706194 -0.46816744
vn -0.72449992 0.52443979 -0.44728376
vn -0.72592686 0.50966781 -0.46181047
vn -0.00000000 0.00000000 1.00000000
vn -0.72449992 0.52443979 -0.44728376
vn -0.72592686 0.50966781 -0.46181047
vn -0.73473832 0.51033881 -0.44689361
vn -0.79305795 0.20854357 -0.57233615
vn -0.79354849 0.20886018 -0.57154022
vn -0.81892096 0.22036157 -0.52991436
vn -0.84184482 0.21564773 -0.49476595
vn -0.84476864 0.19967288 -0.49648433
vn 0.00000000 0.00000000 1.00000000
vn -0.87593679 0.17187293 -0.45077093
vn -0.88025914 0.19003056 -0.43477837
vn 0.00000000 0.00000000 1.00000000
vn -0.87720343 0.20686234 -0.43326910
vn -0.88025914 0.19003056 -0.43477837
vn 0.00000000 0.00000000 1.00000000
vn -0.87695196 0.20708803 -0.43367016
vn -0.87720343 0.20686234 -0.43326910
vn -0.87871194 0.21179222 -0.42779596
vn -0.88759353 0.21559612 -0.40705778
vn -0.84086048 0.22198311 -0.49363665
vn -0.84204617 0.21585508 -0.49433272
vn -0.87695196 0.20708803 -0.43367016
vn -0.87871194 0.21179222 -0.42779596
vn -0.81892096 0.22036157 -0.52991436
vn -0.82787135 0.22889174 -0.51209139
vn -0.83816892 0.22622865 -0.49627962
vn -0.84086048 0.22198311 -0.49363665
vn -0.84184482 0.21564773 -0.49476595
vn -0.84204617 0.21585508 -0.49433272
vn -0.74478927 0.37202805 -0.55397118
vn -0.76227053 0.38690676 -0.51888996
vn -0.76801443 0.38668653 -0.51051677
vn -0.78865218 0.36309733 -0.49617342
vn -0.78911455 0.36169244 -0.49646431
vn -0.76227053 0.38690676 -0.51888996
vn -0.76468405 0.42632603 -0.48322295
vn -0.76801443 0.38668653 -0.51051677
vn -0.77020914 0.42590230 -0.47474742
vn -0.74523903 0.44792682 -0.49394367
vn -0.74526363 0.44786792 -0.49395997
vn -0.76468405 0.42632603 -0.48322295
vn -0.77020914 0.42590230 -0.47474742
vn -0.77479767 0.43016647 -0.46329837
vn -0.77622278 0.43847010 -0.45301454
vn -0.71476737 0.45531388 -0.53084544
vn -0.71528761 0.45710316 -0.52860225
vn -0.72710901 0.46722955 -0.50300003
vn -0.74523903 0.44792682 -0.49394367
vn -0.74526363 0.44786792 -0.49395997
vn -0.76691941 0.32673782 -0.55233777
vn -0.79017749 0.34888956 -0.50388055
vn -0.79098376 0.34888617 -0.50261629
vn -0.80551334 0.33000482 -0.49218399
vn -0.80935024 0.31684988 -0.49452841
vn -0.79017749 0.34888956 -0.50388055
vn -0.79098376 0.34888617 -0.50261629
vn -0.79123128 0.35902566 -0.49502893
vn -0.79202896 0.35901657 -0.49375826
vn -0.78865218 0.36309733 -0.49617342
vn -0.78911455 0.36169244 -0.49646431
vn -0.79123128 0.35902566 -0.49502893
vn -0.79202896 0.35901657 -0.49375826
vn -0.79445482 0.36144666 -0.48805516
vn -0.68438730 0.46156210 -0.56442400
vn -0.71528761 0.45710316 -0.52860225
vn -0.71626016 0.49597347 -0.49089887
vn -0.72385187 0.49560721 -0.48001246
vn -0.72710901 0.46722955 -0.50300003
vn -0.72728671 0.49144332 -0.47910073
vn -0.71615819 0.50750604 -0.47911905
vn -0.71626016 0.49597347 -0.49089887
vn -0.72367634 0.50706194 -0.46816744
vn -0.72385187 0.49560721 -0.48001246
vn -0.82806682 0.24919811 -0.50220081
vn -0.83152273 0.24288050 -0.49957884
vn -0.83333310 0.28701945 -0.47241484
vn -0.84268632 0.24995483 -0.47686722
vn -0.84784813 0.25737492 -0.46358569
vn -0.85175173 0.27964470 -0.44307769
vn -0.85183194 0.27934585 -0.44311200
vn -0.82787135 0.22889174 -0.51209139
vn -0.83152273 0.24288050 -0.49957884
vn -0.83816892 0.22622865 -0.49627962
vn -0.84268632 0.24995483 -0.47686722
vn -0.80551334 0.33000482 -0.49218399
vn -0.80935024 0.31684988 -0.49452841
vn -0.83333310 0.28701945 -0.47241484
vn -0.85175173 0.27964470 -0.44307769
vn -0.85295758 0.31378471 -0.41713610
vn -0.85349596 0.28157850 -0.43847256
vn -0.85739051 0.29843872 -0.41930401
vn -0.72367634 0.50706194 -0.46816744
vn -0.72385187 0.49560721 -0.48001246
vn -0.72592686 0.50966781 -0.46181047
vn -0.72728671 0.49144332 -0.47910073
vn -0.73473832 0.51033881 -0.44689361
vn -0.74256543 0.50966887 -0.43455060
vn -0.00000000 0.00000000 1.00000000
vn -0.73473832 0.51033881 -0.44689361
vn -0.74256543 0.50966887 -0.43455060
vn -0.75783764 0.51876963 -0.39567687
vn 0.00000000 0.00000000 1.00000000
vn -0.88759353 0.21559612 -0.40705778
vn -0.89102000 0.23899504 -0.38595949
vn -0.83816892 0.22622865 -0.49627962
vn -0.84086048 0.22198311 -0.49363665
vn -0.84268632 0.24995483 -0.47686722
vn -0.84784813 0.25737492 -0.46358569
vn -0.86376902 0.25960472 -0.43186627
vn -0.87871194 0.21179222 -0.42779596
vn -0.87935808 0.26060818 -0.39851316
vn -0.88759353 0.21559612 -0.40705778
vn -0.89102000 0.23899504 -0.38595949
vn -0.76801443 0.38668653 -0.51051677
vn -0.77020914 0.42590230 -0.47474742
vn -0.77479767 0.43016647 -0.46329837
vn -0.78865218 0.36309733 -0.49617342
vn -0.79269545 0.43468397 -0.42741522
vn -0.79445482 0.36144666 -0.48805516
vn -0.80201090 0.43533448 -0.40897726
vn -0.83479602 0.38280705 -0.39569480
vn -0.83489625 0.38895496 -0.38943843
vn -0.00000000 0.00000000 1.00000000
vn -0.77479767 0.43016647 -0.46329837
vn -0.77622278 0.43847010 -0.45301454
vn -0.78655199 0.44605652 -0.42704748
vn -0.79269545 0.43468397 -0.42741522
vn -0.72710901 0.46722955 -0.50300003
vn -0.72728671 0.49144332 -0.47910073
vn -0.74256543 0.50966887 -0.43455060
vn -0.74523903 0.44792682 -0.49394367
vn -0.75783764 0.51876963 -0.39567687
vn -0.77622278 0.43847010 -0.45301454
vn -0.78493450 0.48275155 -0.38836681
vn -0.78655199 0.44605652 -0.42704748
vn -0.79098376 0.34888617 -0.50261629
vn -0.79202896 0.35901657 -0.49375826
vn -0.79445482 0.36144666 -0.48805516
vn -0.80551334 0.33000482 -0.49218399
vn -0.83479602 0.38280705 -0.39569480
vn -0.84189105 0.38538172 -0.37775704
vn -0.85295758 0.31378471 -0.41713610
vn -0.85405705 0.31458613 -0.41427302
vn -0.85636779 0.36350737 -0.36673778
vn 0.00000000 0.00000000 1.00000000
vn -0.84784813 0.25737492 -0.46358569
vn -0.85183194 0.27934585 -0.44311200
vn -0.86376902 0.25960472 -0.43186627
vn 0.00000000 0.00000000 1.00000000
vn -0.85175173 0.27964470 -0.44307769
vn -0.85183194 0.27934585 -0.44311200
vn -0.85349596 0.28157850 -0.43847256
vn 0.00000000 0.00000000 1.00000000
vn -0.85295758 0.31378471 -0.41713610
vn -0.85405705 0.31458613 -0.41427302
vn -0.85739051 0.29843872 -0.41930401
vn 0.00000000 0.00000000 1.00000000
vn -0.85349596 0.28157850 -0.43847256
vn -0.85739051 0.29843872 -0.41930401
vn -0.00000000 0.00000000 1.00000000
vn -0.75783764 0.51876963 -0.39567687
vn -0.78493450 0.48275155 -0.38836681
vn 0.00000000 0.00000000 1.00000000
vn -0.87935808 0.26060818 -0.39851316
vn -0.89102000 0.23899504 -0.38595949
vn 0.00000000 0.00000000 1.00000000
vn -0.86376902 0.25960472 -0.43186627
vn -0.87935808 0.26060818 -0.39851316
vn -0.00000000 0.00000000 1.00000000
vn -0.83479602 0.38280705 -0.39569480
vn -0.83489625 0.38895496 -0.38943843
vn -0.84189105 0.38538172 -0.37775704
vn -0.00000000 0.00000000 1.00000000
vn -0.80201090 0.43533448 -0.40897726
vn -0.83489625 0.38895496 -0.38943843
vn -0.00000000 0.00000000 1.00000000
vn -0.79269545 0.43468397 -0.42741522
vn -0.80201090 0.43533448 -0.40897726
vn -0.00000000 0.00000000 1.00000000
vn -0.78493450 0.48275155 -0.38836681
vn -0.78655199 0.44605652 -0.42704748
vn 0.00000000 0.00000000 1.00000000
vn -0.85405705 0.31458613 -0.41427302
vn -0.85636779 0.36350737 -0.36673778
vn 0.00000000 0.00000000 1.00000000
vn -0.84189105 0.38538172 -0.37775704
vn -0.85636779 0.36350737 -0.36673778
f 1//1 4//4 13//13
f 1//1 13//13 30//30
f 1//1 30//30 80//80
f 1//1 80//80 194//194
f 1//1 194//194 372//372
f 1//1 372//372 612//612
f 1//1 612//612 397//397
f 1//1 397//397 210//210
f 1//1 210//210 98//98
f 1//1 98//98 37//37
f 1//1 37//37 16//16
f 1//1 16//16 7//7
f 3//3 9//9 24//24
f 3//3 24//24 57//57
f 3//3 57//57 145//145
f 3//3 145//145 313//313
f 3//3 313//313 547//547
f 3//3 547//547 778//778
f 3//3 778//778 551//551
f 3//3 551//551 319//319
f 3//3 319//319 316//316
f 3//3 316//316 152//152
f 3//3 152//152 60//60
f 3//3 60//60 26//26
f 3//3 26//26 12//12
f 2//2 11//11 6//6
f 5//5 10//10 25//25
f 5//5 25//25 77//77
f 5//5 77//77 169//169
f 5//5 169//169 182//182
f 5//5 182//182 362//362
f 5//5 362//362 589//589
f 5//5 589//589 586//586
f 5//5 586//586 608//608
f 5//5 608//608 816//816
f 5//5 816//816 968//968
f 5//5 968//968 959//959
f 5//5 959//959 1085//1085
f 5//5 1085//1085 1183//1183
f 5//5 1183//1183 1245//1245
f 5//5 1245//1245 1264//1264
f 5//5 1264//1264 1208//1208
f 5//5 1208//1208 1261//1261
f 5//5 1261//1261 1258//1258
f 5//5 1258//1258 1254//1254
f 5//5 1254//1254 1270//1270
f 5//5 1270//1270 1267//1267
f 5//5 1267//1267 1238//1238
f 5//5 1238//1238 1242//1242
f 5//5 1242//1242 1234//1234
f 5//5 1234//1234 1230//1230
f 5//5 1230//1230 1251//1251
f 5//5 1251//1251 1248//1248
f 5//5 1248//1248 1187//1187
f 5//5 1187//1187 1100//1100
f 5//5 1100//1100 1097//1097
f 5//5 1097//1097 1094//1094
f 5//5 1094//1094 986//986
f 5//5 986//986 971//971
f 5//5 971//971 820//820
f 5//5 820//820 618//618
f 5//5 618//618 615//615
f 5//5 615//615 375//375
f 5//5 375//375 198//198
f 5//5 198//198 89//89
f 5//5 89//89 33//33
f 5//5 33//33 14//14
f 8//8 19//19 23//23
f 15//15 36//36 88//88
f 15//15 88//88 32//32
f 20//20 38//38 45//45
f 17//17 43//43 49//49
f 18//18 50//50 21//21
f 22//22 51//51 56//56
f 27//27 63//63 65//65
f 28//28 66//66 69//69
f 29//29 71//71 78//78
f 31//31 85//85 83//83
f 35//35 91//91 97//97
f 34//34 96//96 87//87
f 41//41 99//99 103//103
f 40//40 102//102 110//110
f 39//39 107//107 47//47
f 46//46 106//106 119//119
f 44//44 116//116 124//124
f 42//42 121//121 48//48
f 55//55 128//128 132//132
f 54//54 131//131 59//59
f 52//52 122//122 139//139
f 53//53 141//141 126//126
f 58//58 130//130 146//146
f 61//61 153//153 155//155
f 62//62 160//160 64//64
f 67//67 161//161 163//163
f 68//68 164//164 70//70
f 74//74 170//170 79//79
f 72//72 167//167 172//172
f 73//73 174//174 176//176
f 75//75 179//179 183//183
f 76//76 185//185 171//171
f 82//82 84//84 191//191
f 81//81 190//190 197//197
f 86//86 93//93 193//193
f 90//90 201//201 95//95
f 94//94 199//199 208//208
f 92//92 206//206 192//192
f 101//101 211//211 216//216
f 100//100 214//214 105//105
f 104//104 213//213 111//111
f 115//115 215//215 221//221
f 114//114 220//220 227//227
f 113//113 226//226 235//235
f 112//112 233//233 241//241
f 109//109 236//236 245//245
f 108//108 244//244 120//120
f 118//118 242//242 249//249
f 117//117 248//248 125//125
f 123//123 247//247 140//140
f 129//129 255//255 133//133
f 127//127 142//142 253//253
f 135//135 256//256 264//264
f 138//138 265//265 273//273
f 137//137 271//271 278//278
f 136//136 276//276 284//284
f 134//134 282//282 151//151
f 143//143 250//250 288//288
f 144//144 289//289 254//254
f 150//150 281//281 300//300
f 149//149 298//298 305//305
f 148//148 303//303 309//309
f 147//147 307//307 315//315
f 154//154 317//317 156//156
f 157//157 318//318 321//321
f 158//158 322//322 324//324
f 159//159 328//328 330//330
f 162//162 334//334 165//165
f 166//166 335//335 337//337
f 168//168 339//339 173//173
f 175//175 340//340 177//177
f 178//178 341//341 343//343
f 180//180 346//346 348//348
f 181//181 349//349 184//184
f 186//186 350//350 352//352
f 187//187 355//355 363//363
f 188//188 204//204 370//370
f 189//189 371//371 196//196
f 195//195 369//369 374//374
f 200//200 377//377 209//209
f 207//207 376//376 382//382
f 205//205 380//380 391//391
f 202//202 389//389 395//395
f 203//203 396//396 368//368
f 212//212 398//398 217//217
f 218//218 401//401 222//222
f 219//219 399//399 402//402
f 224//224 403//403 408//408
f 223//223 407//407 229//229
f 231//231 409//409 414//414
f 230//230 413//413 421//421
f 228//228 420//420 430//430
f 225//225 428//428 234//234
f 232//232 427//427 240//240
f 239//239 425//425 435//435
f 238//238 431//431 440//440
f 237//237 438//438 246//246
f 243//243 436//436 251//251
f 252//252 437//437 290//290
f 262//262 445//445 455//455
f 261//261 454//454 460//460
f 260//260 459//459 468//468
f 258//258 466//466 471//471
f 257//257 469//469 268//268
f 259//259 291//291 472//472
f 263//263 473//473 446//446
f 269//269 464//464 479//479
f 267//267 478//478 484//484
f 266//266 483//483 274//274
f 270//270 470//470 465//465
f 275//275 485//485 492//492
f 272//272 490//490 279//279
f 280//280 491//491 498//498
f 277//277 496//496 285//285
f 287//287 497//497 502//502
f 286//286 501//501 512//512
f 283//283 509//509 301//301
f 292//292 439//439 514//514
f 295//295 515//515 519//519
f 294//294 518//518 527//527
f 293//293 526//526 477//477
f 302//302 510//510 532//532
f 299//299 530//530 539//539
f 297//297 538//538 312//312
f 296//296 311//311 304//304
f 310//310 536//536 544//544
f 308//308 543//543 550//550
f 306//306 548//548 314//314
f 320//320 553//553 556//556
f 323//323 560//560 325//325
f 326//326 561//561 563//563
f 327//327 564//564 329//329
f 331//331 566//566 568//568
f 332//332 570//570 572//572
f 333//333 575//575 577//577
f 336//336 579//579 338//338
f 342//342 581//581 344//344
f 345//345 582//582 347//347
f 351//351 583//583 353//353
f 360//360 587//587 591//591
f 356//356 590//590 364//364
f 354//354 584//584 592//592
f 357//357 595//595 597//597
f 358//358 598//598 601//601
f 359//359 604//604 609//609
f 361//361 611//611 588//588
f 365//365 394//394 405//405
f 366//366 406//406 613//613
f 367//367 614//614 373//373
f 378//378 617//617 385//385
f 384//384 616//616 620//620
f 383//383 619//619 625//625
f 381//381 623//623 633//633
f 379//379 631//631 390//390
f 387//387 418//418 410//410
f 388//388 411//411 392//392
f 386//386 630//630 417//417
f 393//393 412//412 404//404
f 400//400 613//613 406//406
f 416//416 629//629 639//639
f 415//415 635//635 423//423
f 422//422 634//634 644//644
f 419//419 641//641 429//429
f 426//426 640//640 649//649
f 424//424 648//648 434//434
f 433//433 647//647 653//653
f 432//432 652//652 444//444
f 443//443 651//651 659//659
f 442//442 657//657 665//665
f 441//441 664//664 517//517
f 450//450 672//672 675//675
f 451//451 676//676 680//680
f 452//452 681//681 684//684
f 453//453 685//685 694//694
f 449//449 691//691 462//462
f 448//448 461//461 456//456
f 447//447 474//474 669//669
f 458//458 698//698 481//481
f 457//457 480//480 467//467
f 463//463 692//692 700//700
f 476//476 524//524 705//705
f 475//475 704//704 670//670
f 482//482 699//699 487//487
f 489//489 709//709 717//717
f 486//486 715//715 494//494
f 488//488 701//701 708//708
f 493//493 722//722 499//499
f 495//495 716//716 724//724
f 500//500 723//723 504//504
f 506//506 729//729 736//736
f 505//505 733//733 742//742
f 503//503 739//739 513//513
f 507//507 725//725 745//745
f 508//508 747//747 730//730
f 511//511 737//737 533//533
f 516//516 663//663 520//520
f 521//521 666//666 751//751
f 523//523 753//753 758//758
f 522//522 757//757 528//528
f 529//529 759//759 677//677
f 525//525 673//673 706//706
f 535//535 738//738 767//767
f 534//534 765//765 776//776
f 531//531 775//775 540//540
f 537//537 773//773 545//545
f 542//542 555//555 781//781
f 541//541 780//780 549//549
f 546//546 774//774 557//557
f 552//552 779//779 554//554
f 558//558 777//777 766//766
f 559//559 768//768 562//562
f 565//565 769//769 567//567
f 569//569 770//770 571//571
f 573//573 772//772 783//783
f 574//574 784//784 576//576
f 578//578 785//785 787//787
f 580//580 790//790 793//793
f 585//585 796//796 593//593
f 594//594 797//797 596//596
f 599//599 798//798 800//800
f 600//600 801//801 602//602
f 603//603 803//803 805//805
f 605//605 808//808 810//810
f 607//607 813//813 818//818
f 606//606 817//817 610//610
f 621//621 823//823 627//627
f 622//622 828//828 632//632
f 626//626 821//821 834//834
f 624//624 832//832 830//830
f 628//628 826//826 638//638
f 637//637 824//824 842//842
f 636//636 839//839 646//646
f 645//645 838//838 847//847
f 643//643 844//844 655//655
f 642//642 654//654 650//650
f 656//656 845//845 660//660
f 658//658 850//850 668//668
f 661//661 846//846 854//854
f 662//662 855//855 851//851
f 667//667 849//849 752//752
f 671//671 707//707 674//674
f 678//678 760//760 860//860
f 679//679 861//861 682//682
f 683//683 862//862 686//686
f 689//689 867//867 873//873
f 688//688 871//871 880//880
f 687//687 878//878 696//696
f 690//690 863//863 868//868
f 697//697 879//879 884//884
f 695//695 883//883 893//893
f 693//693 888//888 702//702
f 703//703 889//889 711//711
f 712//712 894//894 902//902
f 710//710 899//899 720//720
f 713//713 890//890 904//904
f 714//714 905//905 896//896
f 721//721 900//900 910//910
f 719//719 909//909 918//918
f 718//718 913//913 726//726
f 727//727 914//914 746//746
f 731//731 748//748 919//919
f 732//732 921//921 795//795
f 728//728 794//794 735//735
f 734//734 792//792 744//744
f 743//743 791//791 789//789
f 741//741 788//788 786//786
f 740//740 782//782 771//771
f 750//750 915//915 928//928
f 749//749 927//927 920//920
f 754//754 853//853 932//932
f 755//755 933//933 937//937
f 756//756 938//938 761//761
f 762//762 944//944 866//866
f 763//763 939//939 949//949
f 764//764 950//950 945//945
f 799//799 923//923 802//802
f 804//804 924//924 806//806
f 807//807 925//925 953//953
f 809//809 956//956 811//811
f 812//812 958//958 961//961
f 815//815 965//965 970//970
f 814//814 969//969 819//819
f 822//822 972//972 836//836
f 829//829 831//831 979//979
f 827//827 974//974 984//984
f 825//825 983//983 843//843
f 835//835 987//987 994//994
f 833//833 993//993 980//980
f 837//837 973//973 989//989
f 841//841 982//982 859//859
f 840//840 858//858 848//848
f 852//852 856//856 931//931
f 857//857 981//981 1049//1049
f 857//857 1049//1049 936//936
f 865//865 943//943 1000//1000
f 864//864 999//999 869//869
f 870//870 1001//1001 875//875
f 874//874 1005//1005 886//886
f 872//872 885//885 881//881
f 876//876 1002//1002 1013//1013
f 877//877 1014//1014 1008//1008
f 882//882 1023//1023 892//892
f 887//887 1006//1006 1025//1025
f 891//891 1021//1021 906//906
f 895//895 1031//1031 903//903
f 897//897 907//907 1022//1022
f 898//898 1024//1024 1032//1032
f 901//901 1029//1029 911//911
f 908//908 1040//1040 917//917
f 912//912 1030//1030 1042//1042
f 916//916 1039//1039 929//929
f 922//922 930//930 1041//1041
f 926//926 1043//1043 954//954
f 935//935 1048//1048 1054//1054
f 934//934 1053//1053 942//942
f 941//941 1052//1052 1060//1060
f 940//940 1058//1058 951//951
f 946//946 952//952 1059//1059
f 947//947 1061//1061 1067//1067
f 948//948 1068//1068 1003//1003
f 955//955 1044//1044 1074//1074
f 957//957 1075//1075 960//960
f 962//962 1076//1076 1045//1045
f 963//963 1046//1046 1077//1077
f 964//964 1079//1079 1034//1034
f 966//966 1036//1036 1080//1080
f 967//967 1083//1083 1086//1086
f 978//978 992//992 1093//1093
f 977//977 1089//1089 1056//1056
f 976//976 1055//1055 1051//1051
f 975//975 1050//1050 985//985
f 988//988 1095//1095 995//995
f 998//998 1096//1096 1099//1099
f 997//997 1098//1098 1102//1102
f 996//996 1101//1101 1107//1107
f 991//991 1106//1106 1114//1114
f 990//990 1113//1113 1092//1092
f 1004//1004 1069//1069 1016//1016
f 1009//1009 1015//1015 1115//1115
f 1011//1011 1116//1116 1120//1120
f 1012//1012 1121//1121 1126//1126
f 1010//1010 1125//1125 1134//1134
f 1007//1007 1130//1130 1027//1027
f 1017//1017 1070//1070 1135//1135
f 1019//1019 1136//1136 1140//1140
f 1020//1020 1142//1142 1146//1146
f 1018//1018 1145//1145 1119//1119
f 1028//1028 1131//1131 1150//1150
f 1026//1026 1149//1149 1035//1035
f 1038//1038 1151//1151 1156//1156
f 1037//1037 1155//1155 1081//1081
f 1033//1033 1078//1078 1047//1047
f 1057//1057 1090//1090 1062//1062
f 1065//1065 1159//1159 1072//1072
f 1063//1063 1091//1091 1109//1109
f 1064//1064 1110//1110 1166//1166
f 1066//1066 1167//1167 1160//1160
f 1071//1071 1171//1171 1139//1139
f 1073//1073 1161//1161 1172//1172
f 1082//1082 1157//1157 1177//1177
f 1084//1084 1179//1179 1087//1087
f 1088//1088 1181//1181 1184//1184
f 1104//1104 1188//1188 1197//1197
f 1103//1103 1195//1195 1108//1108
f 1105//1105 1191//1191 1112//1112
f 1111//1111 1190//1190 1168//1168
f 1118//1118 1144//1144 1202//1202
f 1117//1117 1199//1199 1122//1122
f 1123//1123 1200//1200 1127//1127
f 1128//1128 1201//1201 1209//1209
f 1129//1129 1210//1210 1218//1218
f 1124//1124 1216//1216 1133//1133
f 1132//1132 1213//1213 1153//1153
f 1138//1138 1170//1170 1224//1224
f 1137//1137 1221//1221 1141//1141
f 1143//1143 1222//1222 1147//1147
f 1148//1148 1223//1223 1204//1204
f 1152//1152 1178//1178 1158//1158
f 1154//1154 1214//1214 1180//1180
f 1162//1162 1169//1169 1192//1192
f 1163//1163 1193//1193 1231//1231
f 1165//1165 1232//1232 1236//1236
f 1164//1164 1235//1235 1173//1173
f 1174//1174 1239//1239 1227//1227
f 1175//1175 1237//1237 1243//1243
f 1176//1176 1244//1244 1241//1241
f 1182//1182 1215//1215 1185//1185
f 1186//1186 1217//1217 1246//1246
f 1189//1189 1250//1250 1198//1198
f 1196//1196 1249//1249 1253//1253
f 1194//1194 1252//1252 1233//1233
f 1206//1206 1225//1225 1255//1255
f 1207//1207 1256//1256 1260//1260
f 1205//1205 1259//1259 1263//1263
f 1203//1203 1262//1262 1212//1212
f 1211//1211 1266//1266 1220//1220
f 1219//1219 1265//1265 1247//1247
f 1228//1228 1240//1240 1268//1268
f 1229//1229 1269//1269 1272//1272
f 1226//1226 1271//1271 1257//1257

