# https://github.com/mikedh/trimesh
v 1.31175280 0.00001161 1.03911209
v 1.31175280 0.00001161 1.03911209
v 1.31175280 0.00001161 1.03911209
v 1.31175280 0.00001161 1.03911209
v 1.31175280 0.00001161 1.03911209
v 1.31175280 0.00001161 1.03911209
v 1.31175280 0.02243217 1.03903496
v 1.31175280 0.02243217 1.03903496
v 1.31175280 0.02243217 1.03903496
v 1.31175280 0.02243217 1.03903496
v 1.31175280 0.02243217 1.03903496
v 1.26728392 0.28920317 1.03972936
v 1.26728392 0.28920317 1.03972936
v 1.26728392 0.28920317 1.03972936
v 1.26728392 0.28920317 1.03972936
v 1.26728392 0.28920317 1.03972936
v 1.22281516 0.43051171 1.03918922
v 1.22281516 0.43051171 1.03918922
v 1.22281516 0.43051171 1.03918922
v 1.22281516 0.43051171 1.03918922
v 1.22281516 0.43051171 1.03918922
v 1.22281516 0.43051171 1.03918922
v 1.22281516 0.43051171 1.03918922
v 1.22281516 0.42258865 1.03911209
v 1.22281516 0.42258865 1.03911209
v 1.22281516 0.42258865 1.03911209
v 1.22281516 0.42258865 1.03911209
v 1.22281516 0.42258865 1.03911209
v 1.29009056 0.00001161 1.03301620
v 1.29009056 0.00001161 1.03301620
v 1.29009056 0.00001161 1.03301620
v 1.32781553 0.00001161 1.03085560
v 1.32781553 0.00001161 1.03085560
v 1.32781553 0.00001161 1.03085560
v 1.32781553 0.00001161 1.03085560
v 1.34412360 0.02243217 1.02229059
v 1.34412360 0.02243217 1.02229059
v 1.34412360 0.02243217 1.02229059
v 1.34412360 0.02243217 1.02229059
v 1.34412360 0.02243217 1.02229059
v 1.34412360 0.02243217 1.02229059
v 1.31175280 0.06689401 1.03826326
v 1.31175280 0.06689401 1.03826326
v 1.31175280 0.06689401 1.03826326
v 1.31175280 0.06689401 1.03826326
v 1.31175280 0.06689401 1.03826326
v 1.31175280 0.06689401 1.03826326
v 1.26728392 0.33366501 1.03834045
v 1.26728392 0.33366501 1.03834045
v 1.26728392 0.33366501 1.03834045
v 1.26728392 0.33366501 1.03834045
v 1.26728392 0.33366501 1.03834045
v 1.26728392 0.33366501 1.03834045
v 1.26728392 0.33366501 1.03834045
v 1.26728392 0.33366501 1.03834045
v 1.26728392 0.37812683 1.03355634
v 1.26728392 0.37812683 1.03355634
v 1.26728392 0.37812683 1.03355634
v 1.26728392 0.37812683 1.03355634
v 1.26728392 0.37812683 1.03355634
v 1.26777446 0.43051171 1.02452826
v 1.26777446 0.43051171 1.02452826
v 1.26777446 0.43051171 1.02452826
v 1.26777446 0.43051171 1.02452826
v 1.26777446 0.43051171 1.02452826
v 1.26777446 0.43051171 1.02452826
v 1.18590760 0.43051171 1.02306217
v 1.18590760 0.43051171 1.02306217
v 1.18590760 0.43051171 1.02306217
v 1.18590760 0.43051171 1.02306217
v 1.18590760 0.43051171 1.02306217
v 1.26887798 0.00001161 1.02699757
v 1.26887798 0.00001161 1.02699757
v 1.26887798 0.00001161 1.02699757
v 1.26887798 0.00001161 1.02699757
v 1.34404182 0.00001161 1.02229059
v 1.34404182 0.00001161 1.02229059
v 1.34404182 0.00001161 1.02229059
v 1.34404182 0.00001161 1.02229059
v 1.34318352 0.06689401 1.02136463
v 1.34318352 0.06689401 1.02136463
v 1.34318352 0.06689401 1.02136463
v 1.34318352 0.06689401 1.02136463
v 1.34318352 0.06689401 1.02136463
v 1.34318352 0.06689401 1.02136463
v 1.34318352 0.06689401 1.02136463
v 1.35528159 0.02243217 0.98803028
v 1.35528159 0.02243217 0.98803028
v 1.35528159 0.02243217 0.98803028
v 1.35528159 0.02243217 0.98803028
v 1.35528159 0.02243217 0.98803028
v 1.35528159 0.02243217 0.98803028
v 1.35528159 0.02243217 0.98803028
v 1.31175280 0.11135584 1.03679717
v 1.31175280 0.11135584 1.03679717
v 1.31175280 0.11135584 1.03679717
v 1.31175280 0.11135584 1.03679717
v 1.31175280 0.15585981 1.03502244
v 1.31175280 0.15585981 1.03502244
v 1.31175280 0.15585981 1.03502244
v 1.31175280 0.15585981 1.03502244
v 1.31175280 0.15585981 1.03502244
v 1.31175280 0.15585981 1.03502244
v 1.31175280 0.20032164 1.03193593
v 1.31175280 0.20032164 1.03193593
v 1.31175280 0.20032164 1.03193593
v 1.31175280 0.20032164 1.03193593
v 1.31175280 0.20032164 1.03193593
v 1.30574465 0.28920317 1.02545422
v 1.30574465 0.28920317 1.02545422
v 1.30574465 0.28920317 1.02545422
v 1.30574465 0.28920317 1.02545422
v 1.30574465 0.28920317 1.02545422
v 1.30574465 0.28920317 1.02545422
v 1.30026782 0.33366501 1.02221346
v 1.30026782 0.33366501 1.02221346
v 1.30026782 0.33366501 1.02221346
v 1.30026782 0.33366501 1.02221346
v 1.30026782 0.33366501 1.02221346
v 1.29454565 0.37812683 1.01673484
v 1.29454565 0.37812683 1.01673484
v 1.29454565 0.37812683 1.01673484
v 1.29454565 0.37812683 1.01673484
v 1.29098976 0.40568897 1.01241377
v 1.29098976 0.40568897 1.01241377
v 1.29098976 0.40568897 1.01241377
v 1.29098976 0.40568897 1.01241377
v 1.29098976 0.40568897 1.01241377
v 1.29098976 0.40568897 1.01241377
v 1.29098976 0.40568897 1.01241377
v 1.28624868 0.43051171 0.98803028
v 1.28624868 0.43051171 0.98803028
v 1.28624868 0.43051171 0.98803028
v 1.28624868 0.43051171 0.98803028
v 1.28624868 0.43051171 0.98803028
v 1.18071675 0.43051171 1.01619470
v 1.18071675 0.43051171 1.01619470
v 1.18071675 0.43051171 1.01619470
v 1.24664354 0.00001161 1.00492892
v 1.24664354 0.00001161 1.00492892
v 1.24664354 0.00001161 1.00492892
v 1.24664354 0.00001161 1.00492892
v 1.24664354 0.00001161 1.00492892
v 1.24664354 0.00001161 1.00492892
v 1.35515904 0.00001161 0.98803028
v 1.35515904 0.00001161 0.98803028
v 1.35515904 0.00001161 0.98803028
v 1.34134424 0.11135584 1.01974416
v 1.34134424 0.11135584 1.01974416
v 1.34134424 0.11135584 1.01974416
v 1.34134424 0.11135584 1.01974416
v 1.35331976 0.06689401 0.98803028
v 1.35331976 0.06689401 0.98803028
v 1.35331976 0.06689401 0.98803028
v 1.35331976 0.06689401 0.98803028
v 1.35331976 0.06689401 0.98803028
v 1.35331976 0.06689401 0.98803028
v 1.35331976 0.06689401 0.98803028
v 1.35331976 0.06689401 0.98803028
v 1.35331976 0.06689401 0.98803028
v 1.35331976 0.06689401 0.98803028
v 1.35127616 0.00001161 0.96557593
v 1.35127616 0.00001161 0.96557593
v 1.35127616 0.00001161 0.96557593
v 1.35127616 0.00001161 0.96557593
v 1.34755683 0.02243217 0.94350734
v 1.34755683 0.02243217 0.94350734
v 1.34755683 0.02243217 0.94350734
v 1.34755683 0.02243217 0.94350734
v 1.34755683 0.02243217 0.94350734
v 1.34755683 0.02243217 0.94350734
v 1.34755683 0.02243217 0.94350734
v 1.34755683 0.02243217 0.94350734
v 1.33950496 0.15585981 1.01781514
v 1.33950496 0.15585981 1.01781514
v 1.33950496 0.15585981 1.01781514
v 1.33950496 0.15585981 1.01781514
v 1.33950496 0.15585981 1.01781514
v 1.33713436 0.20032164 1.01480582
v 1.33713436 0.20032164 1.01480582
v 1.33713436 0.20032164 1.01480582
v 1.33713436 0.20032164 1.01480582
v 1.33713436 0.20032164 1.01480582
v 1.33713436 0.20032164 1.01480582
v 1.33517253 0.22796807 1.01202795
v 1.33517253 0.22796807 1.01202795
v 1.33517253 0.22796807 1.01202795
v 1.33517253 0.22796807 1.01202795
v 1.33517253 0.22796807 1.01202795
v 1.33517253 0.22796807 1.01202795
v 1.33517253 0.22796807 1.01202795
v 1.33517253 0.22796807 1.01202795
v 1.33517253 0.22796807 1.01202795
v 1.33517253 0.22796807 1.01202795
v 1.33517253 0.22796807 1.01202795
v 1.31232512 0.33366501 0.98803028
v 1.31232512 0.33366501 0.98803028
v 1.31232512 0.33366501 0.98803028
v 1.31232512 0.33366501 0.98803028
v 1.31232512 0.33366501 0.98803028
v 1.31232512 0.33366501 0.98803028
v 1.30063558 0.37812683 0.98803028
v 1.30063558 0.37812683 0.98803028
v 1.30063558 0.37812683 0.98803028
v 1.30063558 0.37812683 0.98803028
v 1.29213417 0.40981907 0.98803028
v 1.29213417 0.40981907 0.98803028
v 1.29213417 0.40981907 0.98803028
v 1.29213417 0.40981907 0.98803028
v 1.29156196 0.40762755 0.96094617
v 1.29156196 0.40762755 0.96094617
v 1.29156196 0.40762755 0.96094617
v 1.29156196 0.40762755 0.96094617
v 1.29156196 0.40762755 0.96094617
v 1.29156196 0.40762755 0.96094617
v 1.29156196 0.40762755 0.96094617
v 1.29156196 0.40762755 0.96094617
v 1.29156196 0.40762755 0.96094617
v 1.29156196 0.40762755 0.96094617
v 1.29156196 0.40762755 0.96094617
v 1.29156196 0.40762755 0.96094617
v 1.29156196 0.40762755 0.96094617
v 1.29156196 0.40762755 0.96094617
v 1.29156196 0.40762755 0.96094617
v 1.28616691 0.43051171 0.98625550
v 1.28616691 0.43051171 0.98625550
v 1.28616691 0.43051171 0.98625550
v 1.16567588 0.43051171 0.98695001
v 1.16567588 0.43051171 0.98695001
v 1.16567588 0.43051171 0.98695001
v 0.93777293 0.43051171 0.25143403
v 0.93777293 0.43051171 0.25143403
v 0.93777293 0.43051171 0.25143403
v 0.93777293 0.43051171 0.25143403
v 1.03010309 0.00001161 0.25143403
v 1.03010309 0.00001161 0.25143403
v 1.03010309 0.00001161 0.25143403
v 1.34032238 0.15585981 0.95022053
v 1.34032238 0.15585981 0.95022053
v 1.34032238 0.15585981 0.95022053
v 1.34032238 0.15585981 0.95022053
v 1.33807456 0.20032164 0.95569909
v 1.33807456 0.20032164 0.95569909
v 1.33807456 0.20032164 0.95569909
v 1.33807456 0.20032164 0.95569909
v 1.33807456 0.20032164 0.95569909
v 1.33807456 0.20032164 0.95569909
v 1.33807456 0.20032164 0.95569909
v 1.33807456 0.20032164 0.95569909
v 1.33807456 0.20032164 0.95569909
v 1.34579933 0.15585981 0.98803028
v 1.34579933 0.15585981 0.98803028
v 1.34579933 0.15585981 0.98803028
v 1.34579933 0.15585981 0.98803028
v 1.34579933 0.15585981 0.98803028
v 1.34579933 0.15585981 0.98803028
v 1.34539056 0.06689401 0.94350734
v 1.34539056 0.06689401 0.94350734
v 1.34539056 0.06689401 0.94350734
v 1.34539056 0.06689401 0.94350734
v 1.34539056 0.06689401 0.94350734
v 1.34743428 0.00001161 0.94350734
v 1.34743428 0.00001161 0.94350734
v 1.34743428 0.00001161 0.94350734
v 1.28980446 0.04801354 0.69782095
v 1.28980446 0.04801354 0.69782095
v 1.28980446 0.04801354 0.69782095
v 1.28980446 0.04801354 0.69782095
v 1.28980446 0.04801354 0.69782095
v 1.26532209 0.00001161 0.58786392
v 1.26532209 0.00001161 0.58786392
v 1.26532209 0.00001161 0.58786392
v 1.26532209 0.00001161 0.58786392
v 1.26532209 0.00001161 0.58786392
v 1.26532209 0.02243217 0.58786392
v 1.26532209 0.02243217 0.58786392
v 1.26532209 0.02243217 0.58786392
v 1.26532209 0.02243217 0.58786392
v 1.26532209 0.02243217 0.58786392
v 1.26532209 0.02243217 0.58786392
v 1.26532209 0.02243217 0.58786392
v 1.34122157 0.20032164 0.98803028
v 1.34122157 0.20032164 0.98803028
v 1.34122157 0.20032164 0.98803028
v 1.34122157 0.20032164 0.98803028
v 1.33623517 0.23298319 0.98803028
v 1.33623517 0.23298319 0.98803028
v 1.33623517 0.23298319 0.98803028
v 1.33623517 0.23298319 0.98803028
v 1.33124876 0.25523517 0.98803028
v 1.33124876 0.25523517 0.98803028
v 1.33124876 0.25523517 0.98803028
v 1.33124876 0.25523517 0.98803028
v 1.32336044 0.28920317 0.98803028
v 1.32336044 0.28920317 0.98803028
v 1.32336044 0.28920317 0.98803028
v 1.32336044 0.28920317 0.98803028
v 1.33582652 0.23100242 0.96117762
v 1.33582652 0.23100242 0.96117762
v 1.33582652 0.23100242 0.96117762
v 1.33582652 0.23100242 0.96117762
v 1.33582652 0.23100242 0.96117762
v 1.33582652 0.23100242 0.96117762
v 1.33582652 0.23100242 0.96117762
v 1.33582652 0.23100242 0.96117762
v 1.33582652 0.23100242 0.96117762
v 1.33582652 0.23100242 0.96117762
v 1.33582652 0.23100242 0.96117762
v 1.33582652 0.23100242 0.96117762
v 1.33582652 0.23100242 0.96117762
v 1.33582652 0.23100242 0.96117762
v 1.27762461 0.43051171 0.94481915
v 1.27762461 0.43051171 0.94481915
v 1.27762461 0.43051171 0.94481915
v 1.24382329 0.30644003 0.65993398
v 1.24382329 0.30644003 0.65993398
v 1.24382329 0.30644003 0.65993398
v 1.24382329 0.30644003 0.65993398
v 1.24382329 0.30644003 0.65993398
v 1.22988594 0.33366501 0.63230970
v 1.22988594 0.33366501 0.63230970
v 1.22988594 0.33366501 0.63230970
v 1.22988594 0.33366501 0.63230970
v 1.22988594 0.33366501 0.63230970
v 1.22988594 0.33366501 0.63230970
v 1.22988594 0.33366501 0.63230970
v 1.22874153 0.37812683 0.67675549
v 1.22874153 0.37812683 0.67675549
v 1.22874153 0.37812683 0.67675549
v 1.21762431 0.37812683 0.63230970
v 1.21762431 0.37812683 0.63230970
v 1.21762431 0.37812683 0.63230970
v 1.21762431 0.37812683 0.63230970
v 1.21762431 0.37812683 0.63230970
v 1.21762431 0.37812683 0.63230970
v 1.21762431 0.37812683 0.63230970
v 1.21762431 0.37812683 0.63230970
v 1.20544446 0.42136648 0.63439310
v 1.20544446 0.42136648 0.63439310
v 1.20544446 0.42136648 0.63439310
v 1.20544446 0.42136648 0.63439310
v 1.20544446 0.42136648 0.63439310
v 1.20544446 0.42136648 0.63439310
v 1.20544446 0.42136648 0.63439310
v 1.21570337 0.42258865 0.67675549
v 1.21570337 0.42258865 0.67675549
v 1.21570337 0.42258865 0.67675549
v 1.20409572 0.43051171 0.64010315
v 1.20409572 0.43051171 0.64010315
v 1.20409572 0.43051171 0.64010315
v 1.20409572 0.43051171 0.64010315
v 1.20409572 0.43051171 0.64010315
v 1.21304667 0.43051171 0.67675549
v 1.21304667 0.43051171 0.67675549
v 1.21304667 0.43051171 0.67675549
v 1.07224214 0.43051171 0.25143403
v 1.07224214 0.43051171 0.25143403
v 1.07224214 0.43051171 0.25143403
v 1.07224214 0.43051171 0.25143403
v 1.15480387 0.00001161 0.25143403
v 1.15480387 0.00001161 0.25143403
v 1.15480387 0.00001161 0.25143403
v 1.27333295 0.06689401 0.63230970
v 1.27333295 0.06689401 0.63230970
v 1.27333295 0.06689401 0.63230970
v 1.27333295 0.06689401 0.63230970
v 1.27333295 0.06689401 0.63230970
v 1.26286972 0.06689401 0.58786392
v 1.26286972 0.06689401 0.58786392
v 1.26286972 0.06689401 0.58786392
v 1.26286972 0.06689401 0.58786392
v 1.26286972 0.06689401 0.58786392
v 1.26286972 0.06689401 0.58786392
v 1.26286972 0.06689401 0.58786392
v 1.26286972 0.06689401 0.58786392
v 1.27594888 0.15585981 0.67675549
v 1.27594888 0.15585981 0.67675549
v 1.27594888 0.15585981 0.67675549
v 1.26536298 0.15585981 0.63230970
v 1.26536298 0.15585981 0.63230970
v 1.26536298 0.15585981 0.63230970
v 1.26536298 0.15585981 0.63230970
v 1.26536298 0.15585981 0.63230970
v 1.26536298 0.15585981 0.63230970
v 1.26062179 0.20032164 0.63230970
v 1.26062179 0.20032164 0.63230970
v 1.26062179 0.20032164 0.63230970
v 1.26062179 0.20032164 0.63230970
v 1.26062179 0.20032164 0.63230970
v 1.26062179 0.20032164 0.63230970
v 1.25424576 0.00001161 0.54341814
v 1.25424576 0.00001161 0.54341814
v 1.25424576 0.00001161 0.54341814
v 1.25428665 0.02243217 0.54341814
v 1.25428665 0.02243217 0.54341814
v 1.25428665 0.02243217 0.54341814
v 1.25428665 0.02243217 0.54341814
v 1.25428665 0.02243217 0.54341814
v 1.25428665 0.02243217 0.54341814
v 1.25428665 0.02243217 0.54341814
v 1.24611223 0.05804379 0.51780008
v 1.24611223 0.05804379 0.51780008
v 1.24611223 0.05804379 0.51780008
v 1.24611223 0.05804379 0.51780008
v 1.24611223 0.05804379 0.51780008
v 1.24611223 0.05804379 0.51780008
v 1.24611223 0.05804379 0.51780008
v 1.24611223 0.05804379 0.51780008
v 1.24611223 0.05804379 0.51780008
v 1.25073075 0.07047625 0.53925134
v 1.25073075 0.07047625 0.53925134
v 1.25073075 0.07047625 0.53925134
v 1.25073075 0.07047625 0.53925134
v 1.24365985 0.21245910 0.57104243
v 1.24365985 0.21245910 0.57104243
v 1.24365985 0.21245910 0.57104243
v 1.24365985 0.21245910 0.57104243
v 1.24365985 0.21245910 0.57104243
v 1.24365985 0.21245910 0.57104243
v 1.24365985 0.21245910 0.57104243
v 1.24365985 0.21245910 0.57104243
v 1.24365985 0.21245910 0.57104243
v 1.24746096 0.23226674 0.60075011
v 1.24746096 0.23226674 0.60075011
v 1.24746096 0.23226674 0.60075011
v 1.24746096 0.23226674 0.60075011
v 1.24746096 0.23226674 0.60075011
v 1.24746096 0.23226674 0.60075011
v 1.25150728 0.24617423 0.63092077
v 1.25150728 0.24617423 0.63092077
v 1.25150728 0.24617423 0.63092077
v 1.25150728 0.24617423 0.63092077
v 1.24746096 0.27681285 0.64473291
v 1.24746096 0.27681285 0.64473291
v 1.24746096 0.27681285 0.64473291
v 1.24746096 0.27681285 0.64473291
v 1.24746096 0.27681285 0.64473291
v 1.24059451 0.29063606 0.63092077
v 1.24059451 0.29063606 0.63092077
v 1.24059451 0.29063606 0.63092077
v 1.24059451 0.29063606 0.63092077
v 1.24059451 0.29063606 0.63092077
v 1.22988594 0.28920317 0.58786392
v 1.22988594 0.28920317 0.58786392
v 1.22988594 0.28920317 0.58786392
v 1.22988594 0.28920317 0.58786392
v 1.22988594 0.28920317 0.58786392
v 1.22988594 0.28920317 0.58786392
v 1.22988594 0.28920317 0.58786392
v 1.21831918 0.33366501 0.58786392
v 1.21831918 0.33366501 0.58786392
v 1.21831918 0.33366501 0.58786392
v 1.21831918 0.33366501 0.58786392
v 1.21831918 0.33366501 0.58786392
v 1.21831918 0.33366501 0.58786392
v 1.21831918 0.33366501 0.58786392
v 1.20254254 0.36270213 0.55838772
v 1.20254254 0.36270213 0.55838772
v 1.20254254 0.36270213 0.55838772
v 1.20254254 0.36270213 0.55838772
v 1.20254254 0.36270213 0.55838772
v 1.20254254 0.36270213 0.55838772
v 1.20626187 0.37778965 0.58871271
v 1.20626187 0.37778965 0.58871271
v 1.20626187 0.37778965 0.58871271
v 1.20626187 0.37778965 0.58871271
v 1.20221555 0.40573111 0.60406811
v 1.20221555 0.40573111 0.60406811
v 1.20221555 0.40573111 0.60406811
v 1.20221555 0.40573111 0.60406811
v 1.20221555 0.40573111 0.60406811
v 1.20221555 0.40573111 0.60406811
v 1.20221555 0.40573111 0.60406811
v 1.19841444 0.43051171 0.61818890
v 1.19841444 0.43051171 0.61818890
v 1.19841444 0.43051171 0.61818890
v 1.19841444 0.43051171 0.61818890
v 1.20037627 0.43051171 0.62567370
v 1.20037627 0.43051171 0.62567370
v 1.20037627 0.43051171 0.62567370
v 1.08483076 0.43051171 0.27728358
v 1.08483076 0.43051171 0.27728358
v 1.08483076 0.43051171 0.27728358
v 1.08483076 0.43051171 0.27728358
v 1.08781445 0.42258865 0.27658913
v 1.08781445 0.42258865 0.27658913
v 1.08781445 0.42258865 0.27658913
v 1.08781445 0.42258865 0.27658913
v 1.08781445 0.42258865 0.27658913
v 1.08781445 0.42258865 0.27658913
v 1.07551205 0.42258865 0.25143403
v 1.07551205 0.42258865 0.25143403
v 1.07551205 0.42258865 0.25143403
v 1.07551205 0.42258865 0.25143403
v 1.15631616 0.00001161 0.25398040
v 1.15631616 0.00001161 0.25398040
v 1.15631616 0.00001161 0.25398040
v 1.15480387 0.00877756 0.25143403
v 1.15480387 0.00877756 0.25143403
v 1.15480387 0.00877756 0.25143403
v 1.15480387 0.00877756 0.25143403
v 1.24496782 0.08771311 0.52158107
v 1.24496782 0.08771311 0.52158107
v 1.24496782 0.08771311 0.52158107
v 1.24496782 0.08771311 0.52158107
v 1.24496782 0.08771311 0.52158107
v 1.24496782 0.08771311 0.52158107
v 1.24496782 0.08771311 0.52158107
v 1.24496782 0.08771311 0.52158107
v 1.24570346 0.18283191 0.56301749
v 1.24570346 0.18283191 0.56301749
v 1.24570346 0.18283191 0.56301749
v 1.24570346 0.18283191 0.56301749
v 1.24570346 0.18283191 0.56301749
v 1.24570346 0.18283191 0.56301749
v 1.24570346 0.18283191 0.56301749
v 1.24570346 0.18283191 0.56301749
v 1.24954545 0.19872017 0.58670648
v 1.24954545 0.19872017 0.58670648
v 1.24954545 0.19872017 0.58670648
v 1.25044465 0.00001161 0.52945167
v 1.25044465 0.00001161 0.52945167
v 1.25044465 0.00001161 0.52945167
v 1.24672532 0.00001161 0.51579384
v 1.24672532 0.00001161 0.51579384
v 1.24672532 0.00001161 0.51579384
v 1.24672532 0.00001161 0.51579384
v 1.24672532 0.02243217 0.51579384
v 1.24672532 0.02243217 0.51579384
v 1.24672532 0.02243217 0.51579384
v 1.24672532 0.02243217 0.51579384
v 1.24672532 0.02243217 0.51579384
v 1.21484506 0.02243217 0.41000362
v 1.21484506 0.02243217 0.41000362
v 1.21484506 0.02243217 0.41000362
v 1.21484506 0.02243217 0.41000362
v 1.21484506 0.02243217 0.41000362
v 1.21484506 0.02243217 0.41000362
v 1.21484506 0.02243217 0.41000362
v 1.21484506 0.02243217 0.41000362
v 1.22633004 0.06689401 0.45444940
v 1.22633004 0.06689401 0.45444940
v 1.22633004 0.06689401 0.45444940
v 1.22633004 0.06689401 0.45444940
v 1.22633004 0.06689401 0.45444940
v 1.24026752 0.07047625 0.50136440
v 1.24026752 0.07047625 0.50136440
v 1.24026752 0.07047625 0.50136440
v 1.24026752 0.07047625 0.50136440
v 1.23642552 0.11135584 0.49889519
v 1.23642552 0.11135584 0.49889519
v 1.23642552 0.11135584 0.49889519
v 1.23642552 0.11135584 0.49889519
v 1.23642552 0.11135584 0.49889519
v 1.23642552 0.11135584 0.49889519
v 1.23912299 0.19872017 0.54627317
v 1.23912299 0.19872017 0.54627317
v 1.23912299 0.19872017 0.54627317
v 1.23912299 0.19872017 0.54627317
v 1.22592139 0.20032164 0.49889519
v 1.22592139 0.20032164 0.49889519
v 1.22592139 0.20032164 0.49889519
v 1.22592139 0.20032164 0.49889519
v 1.22592139 0.20032164 0.49889519
v 1.22592139 0.20032164 0.49889519
v 1.21676600 0.24474135 0.49889519
v 1.21676600 0.24474135 0.49889519
v 1.21676600 0.24474135 0.49889519
v 1.21676600 0.24474135 0.49889519
v 1.21676600 0.24474135 0.49889519
v 1.21676600 0.24474135 0.49889519
v 1.21676600 0.24474135 0.49889519
v 1.22923195 0.24474135 0.54341814
v 1.22923195 0.24474135 0.54341814
v 1.22923195 0.24474135 0.54341814
v 1.22923195 0.24474135 0.54341814
v 1.22923195 0.24474135 0.54341814
v 1.22923195 0.24474135 0.54341814
v 1.22923195 0.24474135 0.54341814
v 1.24382329 0.26193607 0.61510240
v 1.24382329 0.26193607 0.61510240
v 1.24382329 0.26193607 0.61510240
v 1.24382329 0.26193607 0.61510240
v 1.24382329 0.26193607 0.61510240
v 1.24382329 0.26193607 0.61510240
v 1.24043095 0.24617423 0.58670648
v 1.24043095 0.24617423 0.58670648
v 1.24043095 0.24617423 0.58670648
v 1.24043095 0.24617423 0.58670648
v 1.21799219 0.28920317 0.54341814
v 1.21799219 0.28920317 0.54341814
v 1.21799219 0.28920317 0.54341814
v 1.21799219 0.28920317 0.54341814
v 1.21799219 0.28920317 0.54341814
v 1.21799219 0.28920317 0.54341814
v 1.20642543 0.33345428 0.54349530
v 1.20642543 0.33345428 0.54349530
v 1.20642543 0.33345428 0.54349530
v 1.20642543 0.33345428 0.54349530
v 1.19853711 0.34812036 0.52875721
v 1.19853711 0.34812036 0.52875721
v 1.19853711 0.34812036 0.52875721
v 1.19853711 0.34812036 0.52875721
v 1.19853711 0.34812036 0.52875721
v 1.19853711 0.34812036 0.52875721
v 1.19853711 0.34812036 0.52875721
v 1.19412291 0.37778965 0.54349530
v 1.19412291 0.37778965 0.54349530
v 1.19412291 0.37778965 0.54349530
v 1.19412291 0.37778965 0.54349530
v 1.19412291 0.37778965 0.54349530
v 1.19825089 0.39237145 0.57443759
v 1.19825089 0.39237145 0.57443759
v 1.19825089 0.39237145 0.57443759
v 1.19825089 0.39237145 0.57443759
v 1.19825089 0.39237145 0.57443759
v 1.19825089 0.39237145 0.57443759
v 1.19612551 0.43051171 0.60970100
v 1.19612551 0.43051171 0.60970100
v 1.19612551 0.43051171 0.60970100
v 1.19612551 0.43051171 0.60970100
v 1.19612551 0.43051171 0.60970100
v 1.19326448 0.42136648 0.58871271
v 1.19326448 0.42136648 0.58871271
v 1.19326448 0.42136648 0.58871271
v 1.19326448 0.42136648 0.58871271
v 1.10285544 0.43051171 0.31956881
v 1.10285544 0.43051171 0.31956881
v 1.10285544 0.43051171 0.31956881
v 1.10526693 0.42461160 0.31933732
v 1.10526693 0.42461160 0.31933732
v 1.10526693 0.42461160 0.31933732
v 1.10526693 0.42461160 0.31933732
v 1.10526693 0.42461160 0.31933732
v 1.10526693 0.42461160 0.31933732
v 1.10526693 0.42461160 0.31933732
v 1.10992634 0.39464727 0.30336462
v 1.10992634 0.39464727 0.30336462
v 1.10992634 0.39464727 0.30336462
v 1.10992634 0.39464727 0.30336462
v 1.10992634 0.39464727 0.30336462
v 1.10992634 0.39464727 0.30336462
v 1.10338676 0.37913826 0.27712923
v 1.10338676 0.37913826 0.27712923
v 1.10338676 0.37913826 0.27712923
v 1.10338676 0.37913826 0.27712923
v 1.10338676 0.37913826 0.27712923
v 1.10338676 0.37913826 0.27712923
v 1.09026682 0.37867469 0.25143403
v 1.09026682 0.37867469 0.25143403
v 1.09026682 0.37867469 0.25143403
v 1.09026682 0.37867469 0.25143403
v 1.15631616 0.00662820 0.25398040
v 1.15631616 0.00662820 0.25398040
v 1.15631616 0.00662820 0.25398040
v 1.15631616 0.00662820 0.25398040
v 1.15631616 0.00662820 0.25398040
v 1.15835977 0.00001161 0.25891885
v 1.15835977 0.00001161 0.25891885
v 1.15835977 0.00001161 0.25891885
v 1.15398645 0.03360031 0.25143403
v 1.15398645 0.03360031 0.25143403
v 1.15398645 0.03360031 0.25143403
v 1.15586662 0.03629753 0.25490636
v 1.15586662 0.03629753 0.25490636
v 1.15586662 0.03629753 0.25490636
v 1.15586662 0.03629753 0.25490636
v 1.15586662 0.03629753 0.25490636
v 1.15586662 0.03629753 0.25490636
v 1.15586662 0.03629753 0.25490636
v 1.23205221 0.15585981 0.49889519
v 1.23205221 0.15585981 0.49889519
v 1.23205221 0.15585981 0.49889519
v 1.23205221 0.15585981 0.49889519
v 1.23205221 0.15585981 0.49889519
v 1.23205221 0.15585981 0.49889519
v 1.23205221 0.15585981 0.49889519
v 1.23205221 0.15585981 0.49889519
v 1.24157536 0.15585981 0.53531604
v 1.24157536 0.15585981 0.53531604
v 1.24157536 0.15585981 0.53531604
v 1.21496761 0.00001161 0.41000362
v 1.21496761 0.00001161 0.41000362
v 1.21496761 0.00001161 0.41000362
v 1.21496761 0.00001161 0.41000362
v 1.20961344 0.00001161 0.39325929
v 1.20961344 0.00001161 0.39325929
v 1.20961344 0.00001161 0.39325929
v 1.20961344 0.00001161 0.39325929
v 1.20434093 0.02243217 0.37720942
v 1.20434093 0.02243217 0.37720942
v 1.20434093 0.02243217 0.37720942
v 1.20434093 0.02243217 0.37720942
v 1.20434093 0.02243217 0.37720942
v 1.20434093 0.02243217 0.37720942
v 1.20434093 0.02243217 0.37720942
v 1.20319641 0.06689401 0.38037311
v 1.20319641 0.06689401 0.38037311
v 1.20319641 0.06689401 0.38037311
v 1.20319641 0.06689401 0.38037311
v 1.20319641 0.06689401 0.38037311
v 1.21267879 0.06689401 0.41000362
v 1.21267879 0.06689401 0.41000362
v 1.21267879 0.06689401 0.41000362
v 1.21267879 0.06689401 0.41000362
v 1.21267879 0.06689401 0.41000362
v 1.22314215 0.11135584 0.45444940
v 1.22314215 0.11135584 0.45444940
v 1.22314215 0.11135584 0.45444940
v 1.22314215 0.11135584 0.45444940
v 1.22314215 0.11135584 0.45444940
v 1.22314215 0.11135584 0.45444940
v 1.22314215 0.11135584 0.45444940
v 1.21893227 0.15585981 0.45444940
v 1.21893227 0.15585981 0.45444940
v 1.21893227 0.15585981 0.45444940
v 1.21893227 0.15585981 0.45444940
v 1.21893227 0.15585981 0.45444940
v 1.21893227 0.15585981 0.45444940
v 1.21893227 0.15585981 0.45444940
v 1.21284223 0.20032164 0.45444940
v 1.21284223 0.20032164 0.45444940
v 1.21284223 0.20032164 0.45444940
v 1.21284223 0.20032164 0.45444940
v 1.21284223 0.20032164 0.45444940
v 1.20127547 0.22510228 0.43022029
v 1.20127547 0.22510228 0.43022029
v 1.20127547 0.22510228 0.43022029
v 1.20127547 0.22510228 0.43022029
v 1.20127547 0.22510228 0.43022029
v 1.20127547 0.22510228 0.43022029
v 1.20127547 0.22510228 0.43022029
v 1.20127547 0.22510228 0.43022029
v 1.20127547 0.22510228 0.43022029
v 1.20127547 0.22510228 0.43022029
v 1.20127547 0.22510228 0.43022029
v 1.20127547 0.22510228 0.43022029
v 1.20597577 0.28810742 0.49943534
v 1.20597577 0.28810742 0.49943534
v 1.20597577 0.28810742 0.49943534
v 1.20597577 0.28810742 0.49943534
v 1.20597577 0.28810742 0.49943534
v 1.20597577 0.28810742 0.49943534
v 1.20491314 0.24183342 0.45606982
v 1.20491314 0.24183342 0.45606982
v 1.20491314 0.24183342 0.45606982
v 1.20205212 0.27259845 0.47204252
v 1.20205212 0.27259845 0.47204252
v 1.20205212 0.27259845 0.47204252
v 1.20205212 0.27259845 0.47204252
v 1.20205212 0.27259845 0.47204252
v 1.20205212 0.27259845 0.47204252
v 1.20205212 0.27259845 0.47204252
v 1.20205212 0.27259845 0.47204252
v 1.20246077 0.31849319 0.51463640
v 1.20246077 0.31849319 0.51463640
v 1.20246077 0.31849319 0.51463640
v 1.20246077 0.31849319 0.51463640
v 1.20246077 0.31849319 0.51463640
v 1.20246077 0.31849319 0.51463640
v 1.19416380 0.33345428 0.49943534
v 1.19416380 0.33345428 0.49943534
v 1.19416380 0.33345428 0.49943534
v 1.19416380 0.33345428 0.49943534
v 1.19416380 0.33345428 0.49943534
v 1.18145251 0.37812683 0.49889519
v 1.18145251 0.37812683 0.49889519
v 1.18145251 0.37812683 0.49889519
v 1.18145251 0.37812683 0.49889519
v 1.18145251 0.37812683 0.49889519
v 1.18145251 0.37812683 0.49889519
v 1.18145251 0.37812683 0.49889519
v 1.18145251 0.37812683 0.49889519
v 1.18034899 0.42258865 0.54341814
v 1.18034899 0.42258865 0.54341814
v 1.18034899 0.42258865 0.54341814
v 1.18034899 0.42258865 0.54341814
v 1.18034899 0.42258865 0.54341814
v 1.18034899 0.42258865 0.54341814
v 1.18034899 0.42258865 0.54341814
v 1.16256964 0.43051171 0.49133323
v 1.16256964 0.43051171 0.49133323
v 1.16256964 0.43051171 0.49133323
v 1.16256964 0.43051171 0.49133323
v 1.10702443 0.43051171 0.32959998
v 1.10702443 0.43051171 0.32959998
v 1.10702443 0.43051171 0.32959998
v 1.11205173 0.43051171 0.34248616
v 1.11205173 0.43051171 0.34248616
v 1.11205173 0.43051171 0.34248616
v 1.11205173 0.43051171 0.34248616
v 1.11205173 0.43051171 0.34248616
v 1.11564839 0.41112551 0.33307230
v 1.11564839 0.41112551 0.33307230
v 1.11564839 0.41112551 0.33307230
v 1.11564839 0.41112551 0.33307230
v 1.11564839 0.41112551 0.33307230
v 1.11564839 0.41112551 0.33307230
v 1.12096179 0.37913826 0.31933732
v 1.12096179 0.37913826 0.31933732
v 1.12096179 0.37913826 0.31933732
v 1.12096179 0.37913826 0.31933732
v 1.12096179 0.37913826 0.31933732
v 1.11454487 0.36502010 0.29233034
v 1.11454487 0.36502010 0.29233034
v 1.11454487 0.36502010 0.29233034
v 1.11454487 0.36502010 0.29233034
v 1.11454487 0.36502010 0.29233034
v 1.11454487 0.36502010 0.29233034
v 1.10796440 0.34217808 0.26269981
v 1.10796440 0.34217808 0.26269981
v 1.10796440 0.34217808 0.26269981
v 1.10796440 0.34217808 0.26269981
v 1.10796440 0.34217808 0.26269981
v 1.10796440 0.34217808 0.26269981
v 1.10796440 0.34217808 0.26269981
v 1.10334587 0.33695224 0.25143403
v 1.10334587 0.33695224 0.25143403
v 1.10334587 0.33695224 0.25143403
v 1.16391838 0.02184217 0.27249947
v 1.16391838 0.02184217 0.27249947
v 1.16391838 0.02184217 0.27249947
v 1.16391838 0.02184217 0.27249947
v 1.16391838 0.02184217 0.27249947
v 1.16391838 0.02184217 0.27249947
v 1.16391838 0.00001161 0.27242234
v 1.16391838 0.00001161 0.27242234
v 1.16391838 0.00001161 0.27242234
v 1.15165675 0.06689401 0.25143403
v 1.15165675 0.06689401 0.25143403
v 1.15165675 0.06689401 0.25143403
v 1.15165675 0.06689401 0.25143403
v 1.15484476 0.06689401 0.25722122
v 1.15484476 0.06689401 0.25722122
v 1.15484476 0.06689401 0.25722122
v 1.15484476 0.06689401 0.25722122
v 1.15484476 0.06689401 0.25722122
v 1.16457224 0.06689401 0.27944411
v 1.16457224 0.06689401 0.27944411
v 1.16457224 0.06689401 0.27944411
v 1.16457224 0.06689401 0.27944411
v 1.16457224 0.06689401 0.27944411
v 1.16457224 0.06689401 0.27944411
v 1.16457224 0.06689401 0.27944411
v 1.20442259 0.00001161 0.37705511
v 1.20442259 0.00001161 0.37705511
v 1.20442259 0.00001161 0.37705511
v 1.20045805 0.00001161 0.36602083
v 1.20045805 0.00001161 0.36602083
v 1.20045805 0.00001161 0.36602083
v 1.20045805 0.00001161 0.36602083
v 1.19632995 0.02243217 0.35498653
v 1.19632995 0.02243217 0.35498653
v 1.19632995 0.02243217 0.35498653
v 1.19632995 0.02243217 0.35498653
v 1.19632995 0.02243217 0.35498653
v 1.19632995 0.02243217 0.35498653
v 1.19522643 0.06689401 0.35815023
v 1.19522643 0.06689401 0.35815023
v 1.19522643 0.06689401 0.35815023
v 1.19522643 0.06689401 0.35815023
v 1.19522643 0.06689401 0.35815023
v 1.19522643 0.06689401 0.35815023
v 1.19522643 0.06689401 0.35815023
v 1.20176601 0.10225276 0.38446273
v 1.20176601 0.10225276 0.38446273
v 1.20176601 0.10225276 0.38446273
v 1.20176601 0.10225276 0.38446273
v 1.20176601 0.10225276 0.38446273
v 1.20176601 0.10225276 0.38446273
v 1.20045805 0.13192208 0.38824372
v 1.20045805 0.13192208 0.38824372
v 1.20045805 0.13192208 0.38824372
v 1.20045805 0.13192208 0.38824372
v 1.20045805 0.13192208 0.38824372
v 1.20045805 0.13192208 0.38824372
v 1.20045805 0.13192208 0.38824372
v 1.20622098 0.15585981 0.41447908
v 1.20622098 0.15585981 0.41447908
v 1.20622098 0.15585981 0.41447908
v 1.20622098 0.15585981 0.41447908
v 1.20335996 0.20032164 0.42373861
v 1.20335996 0.20032164 0.42373861
v 1.20335996 0.20032164 0.42373861
v 1.20335996 0.20032164 0.42373861
v 1.20335996 0.20032164 0.42373861
v 1.20335996 0.20032164 0.42373861
v 1.19604385 0.20032164 0.40151572
v 1.19604385 0.20032164 0.40151572
v 1.19604385 0.20032164 0.40151572
v 1.19604385 0.20032164 0.40151572
v 1.18382311 0.20032164 0.36555785
v 1.18382311 0.20032164 0.36555785
v 1.18382311 0.20032164 0.36555785
v 1.18382311 0.20032164 0.36555785
v 1.18382311 0.20032164 0.36555785
v 1.18382311 0.20032164 0.36555785
v 1.18382311 0.20032164 0.36555785
v 1.18382311 0.20032164 0.36555785
v 1.17454517 0.24474135 0.36555785
v 1.17454517 0.24474135 0.36555785
v 1.17454517 0.24474135 0.36555785
v 1.17454517 0.24474135 0.36555785
v 1.17454517 0.24474135 0.36555785
v 1.17454517 0.24474135 0.36555785
v 1.17454517 0.24474135 0.36555785
v 1.17454517 0.24474135 0.36555785
v 1.17454517 0.24474135 0.36555785
v 1.19142532 0.24183342 0.41324446
v 1.19142532 0.24183342 0.41324446
v 1.19142532 0.24183342 0.41324446
v 1.17838705 0.28920317 0.41000362
v 1.17838705 0.28920317 0.41000362
v 1.17838705 0.28920317 0.41000362
v 1.17838705 0.28920317 0.41000362
v 1.17838705 0.28920317 0.41000362
v 1.17838705 0.28920317 0.41000362
v 1.17838705 0.28920317 0.41000362
v 1.19747436 0.25472945 0.44233484
v 1.19747436 0.25472945 0.44233484
v 1.19747436 0.25472945 0.44233484
v 1.19747436 0.25472945 0.44233484
v 1.19747436 0.25472945 0.44233484
v 1.19821000 0.30222565 0.48492873
v 1.19821000 0.30222565 0.48492873
v 1.19821000 0.30222565 0.48492873
v 1.19821000 0.30222565 0.48492873
v 1.19821000 0.30222565 0.48492873
v 1.19314194 0.28810742 0.45606982
v 1.19314194 0.28810742 0.45606982
v 1.19314194 0.28810742 0.45606982
v 1.18092120 0.33366501 0.45444940
v 1.18092120 0.33366501 0.45444940
v 1.18092120 0.33366501 0.45444940
v 1.18092120 0.33366501 0.45444940
v 1.18092120 0.33366501 0.45444940
v 1.18092120 0.33366501 0.45444940
v 1.18092120 0.33366501 0.45444940
v 1.18092120 0.33366501 0.45444940
v 1.18092120 0.33366501 0.45444940
v 1.18092120 0.33366501 0.45444940
v 1.16616631 0.38170907 0.45089993
v 1.16616631 0.38170907 0.45089993
v 1.16616631 0.38170907 0.45089993
v 1.16616631 0.38170907 0.45089993
v 1.16616631 0.38170907 0.45089993
v 1.16019905 0.41251627 0.46340030
v 1.16019905 0.41251627 0.46340030
v 1.16019905 0.41251627 0.46340030
v 1.16019905 0.41251627 0.46340030
v 1.16019905 0.41251627 0.46340030
v 1.16575766 0.42545444 0.49627166
v 1.16575766 0.42545444 0.49627166
v 1.16575766 0.42545444 0.49627166
v 1.16575766 0.42545444 0.49627166
v 1.16575766 0.42545444 0.49627166
v 1.15717447 0.43051171 0.47327714
v 1.15717447 0.43051171 0.47327714
v 1.15717447 0.43051171 0.47327714
v 1.15717447 0.43051171 0.47327714
v 1.15717447 0.43051171 0.47327714
v 1.15717447 0.43051171 0.47327714
v 1.11769199 0.43051171 0.35776439
v 1.11769199 0.43051171 0.35776439
v 1.11769199 0.43051171 0.35776439
v 1.11769199 0.43051171 0.35776439
v 1.12198353 0.42461160 0.36355160
v 1.12198353 0.42461160 0.36355160
v 1.12198353 0.42461160 0.36355160
v 1.12198353 0.42461160 0.36355160
v 1.12198353 0.42461160 0.36355160
v 1.13849592 0.37812683 0.36555785
v 1.13849592 0.37812683 0.36555785
v 1.13849592 0.37812683 0.36555785
v 1.13849592 0.37812683 0.36555785
v 1.13849592 0.37812683 0.36555785
v 1.13849592 0.37812683 0.36555785
v 1.13849592 0.37812683 0.36555785
v 1.13849592 0.37812683 0.36555785
v 1.13849592 0.37812683 0.36555785
v 1.13489914 0.33366501 0.32103491
v 1.13489914 0.33366501 0.32103491
v 1.13489914 0.33366501 0.32103491
v 1.13489914 0.33366501 0.32103491
v 1.13489914 0.33366501 0.32103491
v 1.13489914 0.33366501 0.32103491
v 1.13489914 0.33366501 0.32103491
v 1.13489914 0.33366501 0.32103491
v 1.13489914 0.33366501 0.32103491
v 1.11773288 0.32987204 0.27712923
v 1.11773288 0.32987204 0.27712923
v 1.11773288 0.32987204 0.27712923
v 1.11773288 0.32987204 0.27712923
v 1.11773288 0.32987204 0.27712923
v 1.11201084 0.31250876 0.25382608
v 1.11201084 0.31250876 0.25382608
v 1.11201084 0.31250876 0.25382608
v 1.11201084 0.31250876 0.25382608
v 1.11201084 0.31250876 0.25382608
v 1.11201084 0.31250876 0.25382608
v 1.11000800 0.31482667 0.25143403
v 1.11000800 0.31482667 0.25143403
v 1.11000800 0.31482667 0.25143403
v 1.11000800 0.31482667 0.25143403
v 1.18365955 0.02243217 0.32103491
v 1.18365955 0.02243217 0.32103491
v 1.18365955 0.02243217 0.32103491
v 1.18365955 0.02243217 0.32103491
v 1.18365955 0.02243217 0.32103491
v 1.18365955 0.02243217 0.32103491
v 1.18374133 0.00001161 0.32103491
v 1.18374133 0.00001161 0.32103491
v 1.18374133 0.00001161 0.32103491
v 1.18374133 0.00001161 0.32103491
v 1.14769208 0.11135584 0.25143403
v 1.14769208 0.11135584 0.25143403
v 1.14769208 0.11135584 0.25143403
v 1.14769208 0.11135584 0.25143403
v 1.15304637 0.11135584 0.26131091
v 1.15304637 0.11135584 0.26131091
v 1.15304637 0.11135584 0.26131091
v 1.15304637 0.11135584 0.26131091
v 1.15304637 0.11135584 0.26131091
v 1.15304637 0.11135584 0.26131091
v 1.16273308 0.11135584 0.28353378
v 1.16273308 0.11135584 0.28353378
v 1.16273308 0.11135584 0.28353378
v 1.16273308 0.11135584 0.28353378
v 1.16273308 0.11135584 0.28353378
v 1.18145251 0.06689401 0.32103491
v 1.18145251 0.06689401 0.32103491
v 1.18145251 0.06689401 0.32103491
v 1.18145251 0.06689401 0.32103491
v 1.18145251 0.06689401 0.32103491
v 1.18145251 0.06689401 0.32103491
v 1.19637084 0.00001161 0.35483222
v 1.19637084 0.00001161 0.35483222
v 1.19637084 0.00001161 0.35483222
v 1.17777407 0.11135584 0.32103491
v 1.17777407 0.11135584 0.32103491
v 1.17777407 0.11135584 0.32103491
v 1.17777407 0.11135584 0.32103491
v 1.17777407 0.11135584 0.32103491
v 1.17777407 0.11135584 0.32103491
v 1.19477677 0.11481165 0.36802706
v 1.19477677 0.11481165 0.36802706
v 1.19477677 0.11481165 0.36802706
v 1.19477677 0.11481165 0.36802706
v 1.19477677 0.11481165 0.36802706
v 1.19477677 0.11481165 0.36802706
v 1.19910932 0.15585981 0.39225617
v 1.19910932 0.15585981 0.39225617
v 1.19910932 0.15585981 0.39225617
v 1.19910932 0.15585981 0.39225617
v 1.19910932 0.15585981 0.39225617
v 1.19910932 0.15585981 0.39225617
v 1.18983126 0.15585981 0.36555785
v 1.18983126 0.15585981 0.36555785
v 1.18983126 0.15585981 0.36555785
v 1.18983126 0.15585981 0.36555785
v 1.18983126 0.15585981 0.36555785
v 1.17352331 0.15585981 0.32103491
v 1.17352331 0.15585981 0.32103491
v 1.17352331 0.15585981 0.32103491
v 1.17352331 0.15585981 0.32103491
v 1.17352331 0.15585981 0.32103491
v 1.17352331 0.15585981 0.32103491
v 1.17352331 0.15585981 0.32103491
v 1.16543067 0.20369317 0.31702243
v 1.16543067 0.20369317 0.31702243
v 1.16543067 0.20369317 0.31702243
v 1.16543067 0.20369317 0.31702243
v 1.15582573 0.22076145 0.29958363
v 1.15582573 0.22076145 0.29958363
v 1.15582573 0.22076145 0.29958363
v 1.15582573 0.22076145 0.29958363
v 1.15582573 0.22076145 0.29958363
v 1.15582573 0.22076145 0.29958363
v 1.15582573 0.22076145 0.29958363
v 1.15582573 0.22076145 0.29958363
v 1.15582573 0.22076145 0.29958363
v 1.16138422 0.24474135 0.32959998
v 1.16138422 0.24474135 0.32959998
v 1.16138422 0.24474135 0.32959998
v 1.16138422 0.24474135 0.32959998
v 1.16138422 0.24474135 0.32959998
v 1.15770578 0.27306205 0.33909100
v 1.15770578 0.27306205 0.33909100
v 1.15770578 0.27306205 0.33909100
v 1.15770578 0.27306205 0.33909100
v 1.15770578 0.27306205 0.33909100
v 1.16310096 0.28840244 0.36478622
v 1.16310096 0.28840244 0.36478622
v 1.16310096 0.28840244 0.36478622
v 1.16310096 0.28840244 0.36478622
v 1.15921807 0.32279187 0.37913850
v 1.15921807 0.32279187 0.37913850
v 1.15921807 0.32279187 0.37913850
v 1.15921807 0.32279187 0.37913850
v 1.15921807 0.32279187 0.37913850
v 1.15921807 0.32279187 0.37913850
v 1.15921807 0.32279187 0.37913850
v 1.16518545 0.33602506 0.40722577
v 1.16518545 0.33602506 0.40722577
v 1.16518545 0.33602506 0.40722577
v 1.16518545 0.33602506 0.40722577
v 1.16518545 0.33602506 0.40722577
v 1.16023993 0.36923447 0.42011195
v 1.16023993 0.36923447 0.42011195
v 1.16023993 0.36923447 0.42011195
v 1.16023993 0.36923447 0.42011195
v 1.16023993 0.36923447 0.42011195
v 1.16023993 0.36923447 0.42011195
v 1.15566218 0.39890379 0.43369262
v 1.15566218 0.39890379 0.43369262
v 1.15566218 0.39890379 0.43369262
v 1.15566218 0.39890379 0.43369262
v 1.15566218 0.39890379 0.43369262
v 1.15566218 0.39890379 0.43369262
v 1.15566218 0.39890379 0.43369262
v 1.15566218 0.39890379 0.43369262
v 1.15190196 0.42545444 0.45089993
v 1.15190196 0.42545444 0.45089993
v 1.15190196 0.42545444 0.45089993
v 1.15190196 0.42545444 0.45089993
v 1.15288293 0.43051171 0.45961932
v 1.15288293 0.43051171 0.45961932
v 1.15288293 0.43051171 0.45961932
v 1.15288293 0.43051171 0.45961932
v 1.12071645 0.43051171 0.36632946
v 1.12071645 0.43051171 0.36632946
v 1.12071645 0.43051171 0.36632946
v 1.13927245 0.42258865 0.41000362
v 1.13927245 0.42258865 0.41000362
v 1.13927245 0.42258865 0.41000362
v 1.13927245 0.42258865 0.41000362
v 1.13927245 0.42258865 0.41000362
v 1.13927245 0.42258865 0.41000362
v 1.13927245 0.42258865 0.41000362
v 1.13927245 0.42258865 0.41000362
v 1.15051234 0.33602506 0.36478622
v 1.15051234 0.33602506 0.36478622
v 1.15051234 0.33602506 0.36478622
v 1.15051234 0.33602506 0.36478622
v 1.15051234 0.33602506 0.36478622
v 1.15194285 0.38170907 0.40722577
v 1.15194285 0.38170907 0.40722577
v 1.15194285 0.38170907 0.40722577
v 1.15194285 0.38170907 0.40722577
v 1.15517175 0.35246119 0.39048143
v 1.15517175 0.35246119 0.39048143
v 1.15517175 0.35246119 0.39048143
v 1.15517175 0.35246119 0.39048143
v 1.15517175 0.35246119 0.39048143
v 1.15517175 0.35246119 0.39048143
v 1.14761031 0.28840244 0.32296397
v 1.14761031 0.28840244 0.32296397
v 1.14761031 0.28840244 0.32296397
v 1.14761031 0.28840244 0.32296397
v 1.14761031 0.28840244 0.32296397
v 1.15288293 0.24474135 0.30737707
v 1.15288293 0.24474135 0.30737707
v 1.15288293 0.24474135 0.30737707
v 1.15288293 0.24474135 0.30737707
v 1.15288293 0.24474135 0.30737707
v 1.12835956 0.28920317 0.27658913
v 1.12835956 0.28920317 0.27658913
v 1.12835956 0.28920317 0.27658913
v 1.12835956 0.28920317 0.27658913
v 1.12835956 0.28920317 0.27658913
v 1.12835956 0.28920317 0.27658913
v 1.15386379 0.30273136 0.34950799
v 1.15386379 0.30273136 0.34950799
v 1.15386379 0.30273136 0.34950799
v 1.15386379 0.30273136 0.34950799
v 1.15386379 0.30273136 0.34950799
v 1.15386379 0.30273136 0.34950799
v 1.13976288 0.24474135 0.27658913
v 1.13976288 0.24474135 0.27658913
v 1.13976288 0.24474135 0.27658913
v 1.13976288 0.24474135 0.27658913
v 1.13976288 0.24474135 0.27658913
v 1.13976288 0.24474135 0.27658913
v 1.13976288 0.24474135 0.27658913
v 1.11331868 0.30247849 0.25143403
v 1.11331868 0.30247849 0.25143403
v 1.11331868 0.30247849 0.25143403
v 1.11331868 0.30247849 0.25143403
v 1.19003570 0.00001161 0.33785640
v 1.19003570 0.00001161 0.33785640
v 1.19003570 0.00001161 0.33785640
v 1.14307368 0.15585981 0.25143403
v 1.14307368 0.15585981 0.25143403
v 1.14307368 0.15585981 0.25143403
v 1.14307368 0.15585981 0.25143403
v 1.15088022 0.15585981 0.26624930
v 1.15088022 0.15585981 0.26624930
v 1.15088022 0.15585981 0.26624930
v 1.15088022 0.15585981 0.26624930
v 1.15088022 0.15585981 0.26624930
v 1.15088022 0.15585981 0.26624930
v 1.16056693 0.15585981 0.28847219
v 1.16056693 0.15585981 0.28847219
v 1.16056693 0.15585981 0.28847219
v 1.16056693 0.15585981 0.28847219
v 1.16056693 0.15585981 0.28847219
v 1.15827799 0.19113427 0.29379643
v 1.15827799 0.19113427 0.29379643
v 1.15827799 0.19113427 0.29379643
v 1.15827799 0.19113427 0.29379643
v 1.15827799 0.19113427 0.29379643
v 1.15827799 0.19113427 0.29379643
v 1.14924526 0.20369317 0.27797806
v 1.14924526 0.20369317 0.27797806
v 1.14924526 0.20369317 0.27797806
v 1.14924526 0.20369317 0.27797806
v 1.14924526 0.20369317 0.27797806
v 1.14924526 0.20369317 0.27797806
v 1.13608444 0.43051171 0.41008080
v 1.13608444 0.43051171 0.41008080
v 1.13608444 0.43051171 0.41008080
v 1.12717438 0.24474135 0.25143403
v 1.12717438 0.24474135 0.25143403
v 1.12717438 0.24474135 0.25143403
v 1.12717438 0.24474135 0.25143403
v 1.11650670 0.28920317 0.25143403
v 1.11650670 0.28920317 0.25143403
v 1.11650670 0.28920317 0.25143403
v 1.13567579 0.20268172 0.25143403
v 1.13567579 0.20268172 0.25143403
v 1.13567579 0.20268172 0.25143403
v 1.13567579 0.20268172 0.25143403
vn -0.00000000 -1.00000000 0.00000000
vn 0.03622845 0.00343780 0.99933762
vn 0.45715578 0.00305954 0.88938137
vn -0.03699030 -0.00782091 0.99928502
vn -0.04620157 -0.00972381 0.99888481
vn -0.27044570 -0.05691933 0.96105115
vn 0.03622845 0.00343780 0.99933762
vn 0.11887083 0.01723083 0.99276020
vn 0.45715578 0.00305954 0.88938137
vn 0.45938684 0.01541434 0.88810254
vn 0.45943539 0.00512501 0.88819640
vn 0.03622845 0.00343780 0.99933762
vn 0.08674852 0.03110525 0.99574452
vn 0.11887083 0.01723083 0.99276020
vn 0.18575297 0.03067957 0.98211741
vn -0.03699030 -0.00782091 0.99928502
vn -0.00000000 1.00000000 -0.00000000
vn 0.08674852 0.03110525 0.99574452
vn 0.24433392 0.10374030 0.96412597
vn 0.30608748 0.15890156 0.93864836
vn -0.03699030 -0.00782091 0.99928502
vn -0.04620157 -0.00972381 0.99888481
vn -0.40038598 -0.00891991 0.91630317
vn -0.04620157 -0.00972381 0.99888481
vn -0.27044570 -0.05691933 0.96105115
vn -0.27250804 -0.05723898 0.96044941
vn -0.40038598 -0.00891991 0.91630317
vn -0.41053611 -0.07081231 0.90909060
vn -0.00000000 -1.00000000 0.00000000
vn -0.27044570 -0.05691933 0.96105115
vn -0.27250804 -0.05723898 0.96044941
vn -0.00000000 -1.00000000 0.00000000
vn 0.45715578 0.00305954 0.88938137
vn 0.45943539 0.00512501 0.88819640
vn 0.46680622 -0.00170265 0.88435799
vn 0.45938684 0.01541434 0.88810254
vn 0.45943539 0.00512501 0.88819640
vn 0.46680622 -0.00170265 0.88435799
vn 0.47335329 0.02834388 0.88041654
vn 0.95050802 0.02654414 0.30956406
vn 0.95083734 -0.00346812 0.30967132
vn 0.11887083 0.01723083 0.99276020
vn 0.18575297 0.03067957 0.98211741
vn 0.19558948 0.03231981 0.98015314
vn 0.45938684 0.01541434 0.88810254
vn 0.47334396 0.02903050 0.88039919
vn 0.47335329 0.02834388 0.88041654
vn 0.08674852 0.03110525 0.99574452
vn 0.18575297 0.03067957 0.98211741
vn 0.19558948 0.03231981 0.98015314
vn 0.22773181 0.03879930 0.97295058
vn 0.24433392 0.10374030 0.96412597
vn 0.33147308 0.06533738 0.94119957
vn 0.41223951 0.09395246 0.90621825
vn 0.41550300 0.09731070 0.90437154
vn 0.24433392 0.10374030 0.96412597
vn 0.30608748 0.15890156 0.93864836
vn 0.41550300 0.09731070 0.90437154
vn 0.46496348 0.12119741 0.87699495
vn 0.48943206 0.14365238 0.86012804
vn 0.00000000 1.00000000 0.00000000
vn 0.30608748 0.15890156 0.93864836
vn 0.48943206 0.14365238 0.86012804
vn 0.57098742 0.17238899 0.80265522
vn 0.61210928 0.19895636 0.76533561
vn 0.76032027 0.52326087 0.38485211
vn 0.00000000 1.00000000 0.00000000
vn -0.40038598 -0.00891991 0.91630317
vn -0.41053611 -0.07081231 0.90909060
vn -0.69864145 -0.12821475 0.70388998
vn -0.79026652 -0.13665303 0.59733139
vn -0.00000000 -1.00000000 0.00000000
vn -0.27250804 -0.05723898 0.96044941
vn -0.41053611 -0.07081231 0.90909060
vn -0.69864145 -0.12821475 0.70388998
vn -0.00000000 -1.00000000 0.00000000
vn 0.46680622 -0.00170265 0.88435799
vn 0.95083734 -0.00346812 0.30967132
vn 0.95116294 -0.00519890 0.30864548
vn 0.47334396 0.02903050 0.88039919
vn 0.47335329 0.02834388 0.88041654
vn 0.47988205 0.03495848 0.87663625
vn 0.51942365 0.05257234 0.85289813
vn 0.95050802 0.02654414 0.30956406
vn 0.95554335 0.05011840 0.29055988
vn 0.95589433 0.04217774 0.29066660
vn 0.95050802 0.02654414 0.30956406
vn 0.95083734 -0.00346812 0.30967132
vn 0.95116294 -0.00519890 0.30864548
vn 0.95589433 0.04217774 0.29066660
vn 0.98435047 0.04343333 -0.17078551
vn 0.98526883 -0.00481575 -0.17094484
vn 0.98536161 -0.00538583 -0.17039218
vn 0.19558948 0.03231981 0.98015314
vn 0.22773181 0.03879930 0.97295058
vn 0.47334396 0.02903050 0.88039919
vn 0.47988205 0.03495848 0.87663625
vn 0.22773181 0.03879930 0.97295058
vn 0.33147308 0.06533738 0.94119957
vn 0.47988205 0.03495848 0.87663625
vn 0.51942365 0.05257234 0.85289813
vn 0.52604604 0.05889629 0.84841428
vn 0.52605782 0.05851631 0.84843327
vn 0.33147308 0.06533738 0.94119957
vn 0.41223951 0.09395246 0.90621825
vn 0.52604604 0.05889629 0.84841428
vn 0.55673660 0.09779085 0.82491291
vn 0.55736397 0.08561295 0.82584249
vn 0.41223951 0.09395246 0.90621825
vn 0.41550300 0.09731070 0.90437154
vn 0.46496348 0.12119741 0.87699495
vn 0.55673660 0.09779085 0.82491291
vn 0.61072616 0.12195188 0.78239459
vn 0.62725470 0.13319591 0.76733982
vn 0.46496348 0.12119741 0.87699495
vn 0.48943206 0.14365238 0.86012804
vn 0.57098742 0.17238899 0.80265522
vn 0.62725470 0.13319591 0.76733982
vn 0.72532072 0.17537542 0.66569761
vn 0.57098742 0.17238899 0.80265522
vn 0.61210928 0.19895636 0.76533561
vn 0.72532072 0.17537542 0.66569761
vn 0.78395161 0.19361583 0.58985828
vn 0.61210928 0.19895636 0.76533561
vn 0.76032027 0.52326087 0.38485211
vn 0.78395161 0.19361583 0.58985828
vn 0.95785143 0.27243577 0.09110099
vn 0.96149711 0.23874005 0.13611207
vn 0.96203235 0.25806421 0.08886295
vn 0.96278289 0.25312714 0.09474051
vn 0.00000000 1.00000000 0.00000000
vn 0.76032027 0.52326087 0.38485211
vn 0.95785143 0.27243577 0.09110099
vn 0.96032777 0.27534080 -0.04424939
vn 0.96098538 0.27332715 -0.04241898
vn 0.00000000 1.00000000 0.00000000
vn -0.79026652 -0.13665303 0.59733139
vn -0.87967681 -0.14655333 0.45242771
vn 0.00000000 -1.00000000 0.00000000
vn -0.69864145 -0.12821475 0.70388998
vn -0.79026652 -0.13665303 0.59733139
vn -0.87967681 -0.14655333 0.45242771
vn -0.94130988 -0.20188448 0.27051500
vn -0.94210459 -0.16499808 0.29191536
vn 0.00000000 -1.00000000 0.00000000
vn 0.95116294 -0.00519890 0.30864548
vn 0.98536161 -0.00538583 -0.17039218
vn 0.51942365 0.05257234 0.85289813
vn 0.52605782 0.05851631 0.84843327
vn 0.95554335 0.05011840 0.29055988
vn 0.95617208 0.05200689 0.28814969
vn 0.95554335 0.05011840 0.29055988
vn 0.95589433 0.04217774 0.29066660
vn 0.95617208 0.05200689 0.28814969
vn 0.96712111 0.06814797 0.24501553
vn 0.98023908 0.08286135 0.17962554
vn 0.98215243 0.06914969 -0.17491407
vn 0.98268093 0.07078224 -0.17125439
vn 0.98337839 0.04791220 -0.17513240
vn 0.98435047 0.04343333 -0.17078551
vn 0.98908364 0.08360900 -0.12133873
vn 0.00000000 -1.00000000 0.00000000
vn 0.98516836 -0.00538477 -0.17150600
vn 0.98526883 -0.00481575 -0.17094484
vn 0.98536161 -0.00538583 -0.17039218
vn 0.97346006 0.04742896 -0.22388838
vn 0.97366569 0.03588366 -0.22513883
vn 0.97429316 0.00000000 -0.22528392
vn 0.97435298 -0.00532565 -0.22496201
vn 0.98337839 0.04791220 -0.17513240
vn 0.98435047 0.04343333 -0.17078551
vn 0.98516836 -0.00538477 -0.17150600
vn 0.98526883 -0.00481575 -0.17094484
vn 0.52604604 0.05889629 0.84841428
vn 0.52605782 0.05851631 0.84843327
vn 0.55736397 0.08561295 0.82584249
vn 0.95617208 0.05200689 0.28814969
vn 0.96712111 0.06814797 0.24501553
vn 0.55673660 0.09779085 0.82491291
vn 0.55736397 0.08561295 0.82584249
vn 0.61072616 0.12195188 0.78239459
vn 0.96712111 0.06814797 0.24501553
vn 0.98023908 0.08286135 0.17962554
vn 0.98106857 0.08700250 0.17301743
vn 0.61072616 0.12195188 0.78239459
vn 0.62725470 0.13319591 0.76733982
vn 0.72532072 0.17537542 0.66569761
vn 0.78395161 0.19361583 0.58985828
vn 0.96149711 0.23874005 0.13611207
vn 0.96157664 0.23866101 0.13568820
vn 0.96945754 0.22513507 0.09729481
vn 0.97196611 0.21780612 0.08855719
vn 0.98106857 0.08700250 0.17301743
vn 0.98575424 0.15049412 0.07510063
vn 0.98609042 0.10152711 0.13159764
vn 0.96149711 0.23874005 0.13611207
vn 0.96157664 0.23866101 0.13568820
vn 0.96278289 0.25312714 0.09474051
vn 0.96606450 0.25398992 -0.04699475
vn 0.96693375 0.24222161 -0.07979859
vn 0.96807886 0.24027484 -0.07135356
vn 0.96203235 0.25806421 0.08886295
vn 0.96278289 0.25312714 0.09474051
vn 0.96502795 0.25886777 -0.04133441
vn 0.96606450 0.25398992 -0.04699475
vn 0.95785143 0.27243577 0.09110099
vn 0.96098538 0.27332715 -0.04241898
vn 0.96203235 0.25806421 0.08886295
vn 0.96502795 0.25886777 -0.04133441
vn 0.89173095 0.41354658 -0.18383457
vn 0.89407272 0.39273720 -0.21538679
vn 0.90602519 0.36077876 -0.22126240
vn 0.93025093 0.28311637 -0.23340595
vn 0.93037808 0.28264994 -0.23346444
vn 0.93270984 0.27402403 -0.23444228
vn 0.93615896 0.26224964 -0.23416132
vn 0.93737180 0.25803469 -0.23399188
vn 0.94100928 0.24629713 -0.23203290
vn 0.94425105 0.23634125 -0.22920028
vn 0.96032777 0.27534080 -0.04424939
vn 0.96098538 0.27332715 -0.04241898
vn 0.96502795 0.25886777 -0.04133441
vn 0.96606450 0.25398992 -0.04699475
vn 0.96693375 0.24222161 -0.07979859
vn 0.00000000 1.00000000 0.00000000
vn 0.89173095 0.41354658 -0.18383457
vn 0.96032777 0.27534080 -0.04424939
vn 0.00000000 1.00000000 -0.00000000
vn -0.87967681 -0.14655333 0.45242771
vn -0.94210459 -0.16499808 0.29191536
vn 0.00000000 1.00000000 -0.00000000
vn 0.00000000 0.00000000 -1.00000000
vn -0.94130988 -0.20188448 0.27051500
vn -0.94210459 -0.16499808 0.29191536
vn 0.00000000 -1.00000000 0.00000000
vn 0.00000000 0.00000000 -1.00000000
vn -0.94130988 -0.20188448 0.27051500
vn 0.97104690 0.07695867 -0.22615323
vn 0.97167259 0.07233132 -0.22499013
vn 0.98215243 0.06914969 -0.17491407
vn 0.98268093 0.07078224 -0.17125439
vn 0.96636317 0.11213606 -0.23144703
vn 0.96730945 0.10314914 -0.23167366
vn 0.96848830 0.09392347 -0.23067031
vn 0.96934274 0.08707011 -0.22976823
vn 0.97004806 0.08280314 -0.22836464
vn 0.97104690 0.07695867 -0.22615323
vn 0.98268093 0.07078224 -0.17125439
vn 0.98908364 0.08360900 -0.12133873
vn 0.98967816 0.09211857 -0.10977842
vn 0.98023908 0.08286135 0.17962554
vn 0.98106857 0.08700250 0.17301743
vn 0.98609042 0.10152711 0.13159764
vn 0.98908364 0.08360900 -0.12133873
vn 0.98967816 0.09211857 -0.10977842
vn 0.99134589 0.10206821 -0.08255543
vn 0.97167259 0.07233132 -0.22499013
vn 0.97203183 0.06705307 -0.22507332
vn 0.97346006 0.04742896 -0.22388838
vn 0.98215243 0.06914969 -0.17491407
vn 0.98337839 0.04791220 -0.17513240
vn -0.00000000 -1.00000000 0.00000000
vn 0.97435298 -0.00532565 -0.22496201
vn 0.98516836 -0.00538477 -0.17150600
vn 0.97197566 0.05361109 -0.22888681
vn 0.97197004 0.05400900 -0.22881710
vn 0.97203183 0.06705307 -0.22507332
vn 0.97346006 0.04742896 -0.22388838
vn 0.97366569 0.03588366 -0.22513883
vn -0.00000000 -1.00000000 0.00000000
vn 0.97032110 -0.00176959 -0.24181365
vn 0.97053175 0.00000000 -0.24097328
vn 0.97429316 0.00000000 -0.22528392
vn 0.97435298 -0.00532565 -0.22496201
vn 0.96934828 0.04936930 -0.24067944
vn 0.96956115 0.05247208 -0.23916074
vn 0.96973956 0.05348775 -0.23821050
vn 0.97053175 0.00000000 -0.24097328
vn 0.97197566 0.05361109 -0.22888681
vn 0.97366569 0.03588366 -0.22513883
vn 0.97429316 0.00000000 -0.22528392
vn 0.98575424 0.15049412 0.07510063
vn 0.98609042 0.10152711 0.13159764
vn 0.98820742 0.15086865 -0.02616746
vn 0.99134589 0.10206821 -0.08255543
vn 0.97196611 0.21780612 0.08855719
vn 0.97533202 0.21856038 -0.03096474
vn 0.98575424 0.15049412 0.07510063
vn 0.98820742 0.15086865 -0.02616746
vn 0.96945754 0.22513507 0.09729481
vn 0.97196611 0.21780612 0.08855719
vn 0.97337347 0.22604446 -0.03805252
vn 0.97533202 0.21856038 -0.03096474
vn 0.96157664 0.23866101 0.13568820
vn 0.96807886 0.24027484 -0.07135356
vn 0.96945754 0.22513507 0.09729481
vn 0.97337347 0.22604446 -0.03805252
vn 0.94425105 0.23634125 -0.22920028
vn 0.94466848 0.23395742 -0.22992473
vn 0.94564401 0.22898660 -0.23091675
vn 0.94623609 0.22624468 -0.23119387
vn 0.95765404 0.16747956 -0.23419934
vn 0.95918438 0.15857163 -0.23413747
vn 0.96636317 0.11213606 -0.23144703
vn 0.96693375 0.24222161 -0.07979859
vn 0.96807886 0.24027484 -0.07135356
vn 0.97337347 0.22604446 -0.03805252
vn 0.97533202 0.21856038 -0.03096474
vn 0.98820742 0.15086865 -0.02616746
vn 0.98967816 0.09211857 -0.10977842
vn 0.99134589 0.10206821 -0.08255543
vn 0.00000000 1.00000000 0.00000000
vn 0.89173095 0.41354658 -0.18383457
vn 0.89407272 0.39273720 -0.21538679
vn 0.94100928 0.24629713 -0.23203290
vn 0.94106491 0.24183451 -0.23645908
vn 0.94344937 0.23553627 -0.23329369
vn 0.94425105 0.23634125 -0.22920028
vn 0.94466848 0.23395742 -0.22992473
vn 0.93503647 0.25786329 -0.24333788
vn 0.93715365 0.25844716 -0.23441012
vn 0.93737180 0.25803469 -0.23399188
vn 0.93847900 0.24414550 -0.24423378
vn 0.93975500 0.24167985 -0.24176724
vn 0.94100928 0.24629713 -0.23203290
vn 0.94106491 0.24183451 -0.23645908
vn 0.93615896 0.26224964 -0.23416132
vn 0.93715365 0.25844716 -0.23441012
vn 0.93737180 0.25803469 -0.23399188
vn 0.93123691 0.27389491 -0.24037345
vn 0.93138213 0.26942210 -0.24482456
vn 0.93270984 0.27402403 -0.23444228
vn 0.93314569 0.26286815 -0.24523350
vn 0.93430265 0.25922223 -0.24470878
vn 0.93503647 0.25786329 -0.24333788
vn 0.93615896 0.26224964 -0.23416132
vn 0.93715365 0.25844716 -0.23441012
vn 0.92784928 0.28617037 -0.23916988
vn 0.92796076 0.28236484 -0.24322607
vn 0.92810540 0.28132940 -0.24387319
vn 0.93028727 0.28295944 -0.23345138
vn 0.93037808 0.28264994 -0.23346444
vn 0.93123691 0.27389491 -0.24037345
vn 0.93270984 0.27402403 -0.23444228
vn 0.93025093 0.28311637 -0.23340595
vn 0.93028727 0.28295944 -0.23345138
vn 0.93037808 0.28264994 -0.23346444
vn 0.00000000 1.00000000 0.00000000
vn 0.90602519 0.36077876 -0.22126240
vn 0.92784928 0.28617037 -0.23916988
vn 0.93025093 0.28311637 -0.23340595
vn 0.93028727 0.28295944 -0.23345138
vn 0.00000000 1.00000000 0.00000000
vn 0.89407272 0.39273720 -0.21538679
vn 0.90602519 0.36077876 -0.22126240
vn 0.00000000 1.00000000 -0.00000000
vn 0.00000000 0.00000000 -1.00000000
vn 0.84127228 0.35271823 -0.40969598
vn 0.84229854 0.34762311 -0.41193609
vn -0.00000000 -1.00000000 0.00000000
vn 0.00000000 0.00000000 -1.00000000
vn 0.85979814 0.00000000 -0.51063408
vn 0.97004806 0.08280314 -0.22836464
vn 0.97104690 0.07695867 -0.22615323
vn 0.97167259 0.07233132 -0.22499013
vn 0.97197004 0.05400900 -0.22881710
vn 0.97203183 0.06705307 -0.22507332
vn 0.96825417 0.08947084 -0.23340703
vn 0.96834089 0.08206995 -0.23575503
vn 0.96900226 0.08814381 -0.23079272
vn 0.96934274 0.08707011 -0.22976823
vn 0.96973956 0.05348775 -0.23821050
vn 0.97004806 0.08280314 -0.22836464
vn 0.97197566 0.05361109 -0.22888681
vn 0.97197004 0.05400900 -0.22881710
vn 0.96848830 0.09392347 -0.23067031
vn 0.96900226 0.08814381 -0.23079272
vn 0.96934274 0.08707011 -0.22976823
vn 0.96671964 0.10308625 -0.23415030
vn 0.96677433 0.09577246 -0.23701272
vn 0.96730945 0.10314914 -0.23167366
vn 0.96825417 0.08947084 -0.23340703
vn 0.96848830 0.09392347 -0.23067031
vn 0.96900226 0.08814381 -0.23079272
vn 0.95918438 0.15857163 -0.23413747
vn 0.96104348 0.13996550 -0.23833817
vn 0.96345542 0.12232963 -0.23830466
vn 0.96636317 0.11213606 -0.23144703
vn 0.96671964 0.10308625 -0.23415030
vn 0.96730945 0.10314914 -0.23167366
vn 0.00000000 -1.00000000 0.00000000
vn 0.96490124 -0.00175971 -0.26260714
vn 0.97032110 -0.00176959 -0.24181365
vn 0.96404279 0.03146304 -0.26387797
vn 0.96452030 0.00000000 -0.26400868
vn 0.96486162 -0.00166188 -0.26275328
vn 0.96490124 -0.00175971 -0.26260714
vn 0.96934828 0.04936930 -0.24067944
vn 0.97032110 -0.00176959 -0.24181365
vn 0.97053175 0.00000000 -0.24097328
vn 0.95502080 0.06712314 -0.28884211
vn 0.95534784 0.04513386 -0.29201618
vn 0.95578513 0.07261565 -0.28495921
vn 0.95607517 0.07305383 -0.28387215
vn 0.95695613 0.03272152 -0.28838214
vn 0.96404279 0.03146304 -0.26387797
vn 0.96631692 0.06887332 -0.24796788
vn 0.96934828 0.04936930 -0.24067944
vn 0.96956115 0.05247208 -0.23916074
vn 0.96631692 0.06887332 -0.24796788
vn 0.96834089 0.08206995 -0.23575503
vn 0.96956115 0.05247208 -0.23916074
vn 0.96973956 0.05348775 -0.23821050
vn 0.94432798 0.19579666 -0.26440185
vn 0.94441213 0.19465378 -0.26494460
vn 0.94503115 0.20304556 -0.25629791
vn 0.95305530 0.15463034 -0.26033643
vn 0.95765404 0.16747956 -0.23419934
vn 0.95898153 0.13383314 -0.24988619
vn 0.95918438 0.15857163 -0.23413747
vn 0.96050864 0.13252401 -0.24466413
vn 0.96104348 0.13996550 -0.23833817
vn 0.94201513 0.22264009 -0.25107547
vn 0.94216483 0.23235435 -0.24153031
vn 0.94503115 0.20304556 -0.25629791
vn 0.94558232 0.22815726 -0.23198782
vn 0.94623609 0.22624468 -0.23119387
vn 0.95765404 0.16747956 -0.23419934
vn 0.94558232 0.22815726 -0.23198782
vn 0.94558411 0.22905753 -0.23109164
vn 0.94564401 0.22898660 -0.23091675
vn 0.94623609 0.22624468 -0.23119387
vn 0.94344937 0.23553627 -0.23329369
vn 0.94345013 0.23501168 -0.23381909
vn 0.94466848 0.23395742 -0.22992473
vn 0.94558411 0.22905753 -0.23109164
vn 0.94564401 0.22898660 -0.23091675
vn 0.93975500 0.24167985 -0.24176724
vn 0.94039832 0.23908975 -0.24184104
vn 0.94106491 0.24183451 -0.23645908
vn 0.94344937 0.23553627 -0.23329369
vn 0.94345013 0.23501168 -0.23381909
vn 0.93687819 0.24372905 -0.25070980
vn 0.93843312 0.23723209 -0.25112590
vn 0.93847900 0.24414550 -0.24423378
vn 0.93866712 0.23678027 -0.25067737
vn 0.93975500 0.24167985 -0.24176724
vn 0.94038846 0.23702003 -0.24390789
vn 0.94039832 0.23908975 -0.24184104
vn 0.93430265 0.25922223 -0.24470878
vn 0.93437246 0.25304165 -0.25083466
vn 0.93497181 0.24982740 -0.25182134
vn 0.93503647 0.25786329 -0.24333788
vn 0.93613508 0.24513509 -0.25211089
vn 0.93687819 0.24372905 -0.25070980
vn 0.93847900 0.24414550 -0.24423378
vn 0.92932663 0.27043801 -0.25142655
vn 0.92937528 0.26561068 -0.25634461
vn 0.93078482 0.26871602 -0.24785341
vn 0.93314569 0.26286815 -0.24523350
vn 0.93430265 0.25922223 -0.24470878
vn 0.93437246 0.25304165 -0.25083466
vn 0.93076163 0.27017218 -0.24635295
vn 0.93078482 0.26871602 -0.24785341
vn 0.93138213 0.26942210 -0.24482456
vn 0.93314569 0.26286815 -0.24523350
vn 0.92555403 0.28430083 -0.25004557
vn 0.92558937 0.28296330 -0.25142808
vn 0.92568527 0.28423863 -0.24963008
vn 0.92810540 0.28132940 -0.24387319
vn 0.93076163 0.27017218 -0.24635295
vn 0.93123691 0.27389491 -0.24037345
vn 0.93138213 0.26942210 -0.24482456
vn 0.00000000 1.00000000 0.00000000
vn 0.92568527 0.28423863 -0.24963008
vn 0.92796076 0.28236484 -0.24322607
vn 0.92810540 0.28132940 -0.24387319
vn 0.00000000 1.00000000 0.00000000
vn 0.92784928 0.28617037 -0.23916988
vn 0.92796076 0.28236484 -0.24322607
vn 0.00000000 1.00000000 -0.00000000
vn 0.84127228 0.35271823 -0.40969598
vn 0.85664217 0.36445211 -0.36515592
vn 0.85922321 0.35579076 -0.36762537
vn 0.84127228 0.35271823 -0.40969598
vn 0.84229854 0.34762311 -0.41193609
vn 0.85645246 0.30173989 -0.41885824
vn 0.85922321 0.35579076 -0.36762537
vn 0.86582575 0.30537905 -0.39634507
vn 0.86765851 0.33212391 -0.36994921
vn 0.00000000 0.00000000 -1.00000000
vn 0.84229854 0.34762311 -0.41193609
vn 0.85130926 0.28603374 -0.43983775
vn 0.85645246 0.30173989 -0.41885824
vn -0.00000000 -1.00000000 0.00000000
vn 0.85979814 0.00000000 -0.51063408
vn 0.92400977 0.00000000 -0.38236887
vn 0.00000000 0.00000000 -1.00000000
vn 0.85979814 0.00000000 -0.51063408
vn 0.86952191 0.02863353 -0.49306365
vn 0.86984336 0.02855014 -0.49250118
vn 0.95607517 0.07305383 -0.28387215
vn 0.96011646 0.09434863 -0.26320090
vn 0.96275339 0.09866495 -0.25173625
vn 0.96631692 0.06887332 -0.24796788
vn 0.96663014 0.09599103 -0.23751189
vn 0.96677433 0.09577246 -0.23701272
vn 0.96825417 0.08947084 -0.23340703
vn 0.96834089 0.08206995 -0.23575503
vn 0.95816388 0.12600742 -0.25699048
vn 0.95898153 0.13383314 -0.24988619
vn 0.96050864 0.13252401 -0.24466413
vn 0.96149025 0.11104747 -0.25140597
vn 0.96345542 0.12232963 -0.23830466
vn 0.96663014 0.09599103 -0.23751189
vn 0.96671964 0.10308625 -0.23415030
vn 0.96677433 0.09577246 -0.23701272
vn 0.96050864 0.13252401 -0.24466413
vn 0.96104348 0.13996550 -0.23833817
vn 0.96345542 0.12232963 -0.23830466
vn 0.00000000 -1.00000000 0.00000000
vn 0.96486162 -0.00166188 -0.26275328
vn 0.96490124 -0.00175971 -0.26260714
vn -0.00000000 -1.00000000 0.00000000
vn 0.95777482 0.00000000 -0.28751937
vn 0.96452030 0.00000000 -0.26400868
vn 0.96486162 -0.00166188 -0.26275328
vn 0.95695613 0.03272152 -0.28838214
vn 0.95745574 0.00523330 -0.28853270
vn 0.95777482 0.00000000 -0.28751937
vn 0.96404279 0.03146304 -0.26387797
vn 0.96452030 0.00000000 -0.26400868
vn 0.95132435 0.04617069 -0.30471338
vn 0.95139461 0.04635388 -0.30446610
vn 0.95232507 0.00559259 -0.30503391
vn 0.95247763 0.00520609 -0.30456405
vn 0.95489111 0.04652424 -0.29328904
vn 0.95534784 0.04513386 -0.29201618
vn 0.95695613 0.03272152 -0.28838214
vn 0.95745574 0.00523330 -0.28853270
vn 0.95368879 0.06837909 -0.29291976
vn 0.95489111 0.04652424 -0.29328904
vn 0.95490484 0.06846628 -0.28891021
vn 0.95502080 0.06712314 -0.28884211
vn 0.95534784 0.04513386 -0.29201618
vn 0.95490484 0.06846628 -0.28891021
vn 0.95502080 0.06712314 -0.28884211
vn 0.95559905 0.07255965 -0.28559685
vn 0.95578513 0.07261565 -0.28495921
vn 0.95421338 0.09026430 -0.28518272
vn 0.95485531 0.09383163 -0.28186338
vn 0.95559905 0.07255965 -0.28559685
vn 0.95578513 0.07261565 -0.28495921
vn 0.95607517 0.07305383 -0.28387215
vn 0.96011646 0.09434863 -0.26320090
vn 0.95305530 0.15463034 -0.26033643
vn 0.95603856 0.13182757 -0.26193848
vn 0.95816388 0.12600742 -0.25699048
vn 0.95898153 0.13383314 -0.24988619
vn 0.94346972 0.19445954 -0.26842199
vn 0.94441213 0.19465378 -0.26494460
vn 0.94548006 0.16928170 -0.27822862
vn 0.95104065 0.13113841 -0.27986495
vn 0.95305530 0.15463034 -0.26033643
vn 0.95603856 0.13182757 -0.26193848
vn 0.93401108 0.22915085 -0.27406787
vn 0.93430814 0.23580176 -0.26733095
vn 0.93574413 0.23609264 -0.26199846
vn 0.93624618 0.21985621 -0.27405535
vn 0.94346972 0.19445954 -0.26842199
vn 0.94432798 0.19579666 -0.26440185
vn 0.94441213 0.19465378 -0.26494460
vn 0.93574413 0.23609264 -0.26199846
vn 0.93575350 0.23655469 -0.26154784
vn 0.93843312 0.23723209 -0.25112590
vn 0.93866712 0.23678027 -0.25067737
vn 0.94201513 0.22264009 -0.25107547
vn 0.94432798 0.19579666 -0.26440185
vn 0.94503115 0.20304556 -0.25629791
vn 0.94038846 0.23702003 -0.24390789
vn 0.94039832 0.23908975 -0.24184104
vn 0.94216483 0.23235435 -0.24153031
vn 0.94345013 0.23501168 -0.23381909
vn 0.94558232 0.22815726 -0.23198782
vn 0.94558411 0.22905753 -0.23109164
vn 0.93866712 0.23678027 -0.25067737
vn 0.94038846 0.23702003 -0.24390789
vn 0.94201513 0.22264009 -0.25107547
vn 0.94216483 0.23235435 -0.24153031
vn 0.93516662 0.23897376 -0.26144777
vn 0.93528318 0.24491826 -0.25546119
vn 0.93575350 0.23655469 -0.26154784
vn 0.93613508 0.24513509 -0.25211089
vn 0.93687819 0.24372905 -0.25070980
vn 0.93843312 0.23723209 -0.25112590
vn 0.93495359 0.24576451 -0.25585463
vn 0.93497181 0.24982740 -0.25182134
vn 0.93528318 0.24491826 -0.25546119
vn 0.93613508 0.24513509 -0.25211089
vn 0.92731016 0.26061173 -0.26865850
vn 0.92732421 0.26782559 -0.26141778
vn 0.92937528 0.26561068 -0.25634461
vn 0.93194186 0.24903847 -0.26356065
vn 0.93437246 0.25304165 -0.25083466
vn 0.93495359 0.24576451 -0.25585463
vn 0.93497181 0.24982740 -0.25182134
vn 0.92307067 0.28335970 -0.26009195
vn 0.92388300 0.28361494 -0.25691005
vn 0.92732421 0.26782559 -0.26141778
vn 0.92932663 0.27043801 -0.25142655
vn 0.92937528 0.26561068 -0.25634461
vn 0.92384521 0.28478865 -0.25574489
vn 0.92388300 0.28361494 -0.25691005
vn 0.92558937 0.28296330 -0.25142808
vn 0.92932663 0.27043801 -0.25142655
vn 0.93076163 0.27017218 -0.24635295
vn 0.93078482 0.26871602 -0.24785341
vn 0.00000000 1.00000000 0.00000000
vn 0.90348360 0.34368062 -0.25612694
vn 0.92061812 0.29611191 -0.25451917
vn 0.92555403 0.28430083 -0.25004557
vn 0.92568527 0.28423863 -0.24963008
vn 0.92061812 0.29611191 -0.25451917
vn 0.92384521 0.28478865 -0.25574489
vn 0.92555403 0.28430083 -0.25004557
vn 0.92558937 0.28296330 -0.25142808
vn 0.00000000 1.00000000 -0.00000000
vn 0.85664217 0.36445211 -0.36515592
vn 0.85959009 0.36534674 -0.35724870
vn 0.85664217 0.36445211 -0.36515592
vn 0.85922321 0.35579076 -0.36762537
vn 0.85959009 0.36534674 -0.35724870
vn 0.86765851 0.33212391 -0.36994921
vn 0.87802194 0.33427771 -0.34254326
vn 0.88006830 0.32259122 -0.34844610
vn 0.88014472 0.32931611 -0.34190083
vn 0.86582575 0.30537905 -0.39634507
vn 0.86765851 0.33212391 -0.36994921
vn 0.87929183 0.28044574 -0.38496241
vn 0.88006830 0.32259122 -0.34844610
vn 0.89475068 0.27152379 -0.35453638
vn 0.89572687 0.29254747 -0.33479747
vn 0.85130926 0.28603374 -0.43983775
vn 0.85352229 0.27780929 -0.44081935
vn 0.85645246 0.30173989 -0.41885824
vn 0.86582575 0.30537905 -0.39634507
vn 0.87803811 0.26447165 -0.39887822
vn 0.87929183 0.28044574 -0.38496241
vn 0.00000000 0.00000000 -1.00000000
vn 0.84313711 0.26430449 -0.46825523
vn 0.85130926 0.28603374 -0.43983775
vn 0.85352229 0.27780929 -0.44081935
vn 0.85979814 0.00000000 -0.51063408
vn 0.86984336 0.02855014 -0.49250118
vn 0.91698638 0.02631667 -0.39804952
vn 0.92400977 0.00000000 -0.38236887
vn 0.92467725 0.00141501 -0.38074923
vn 0.00000000 -1.00000000 0.00000000
vn 0.92400977 0.00000000 -0.38236887
vn 0.92469458 0.00138449 -0.38070726
vn 0.00000000 0.00000000 -1.00000000
vn 0.85752270 0.06000465 -0.51093469
vn 0.86952191 0.02863353 -0.49306365
vn 0.85752270 0.06000465 -0.51093469
vn 0.86952191 0.02863353 -0.49306365
vn 0.86984336 0.02855014 -0.49250118
vn 0.87400485 0.06561677 -0.48146647
vn 0.91438626 0.06082063 -0.40024820
vn 0.91698638 0.02631667 -0.39804952
vn 0.92206209 0.04585899 -0.38431557
vn 0.95091652 0.13024934 -0.28070069
vn 0.95104065 0.13113841 -0.27986495
vn 0.95485531 0.09383163 -0.28186338
vn 0.95603856 0.13182757 -0.26193848
vn 0.95816388 0.12600742 -0.25699048
vn 0.96011646 0.09434863 -0.26320090
vn 0.96149025 0.11104747 -0.25140597
vn 0.96275339 0.09866495 -0.25173625
vn 0.96149025 0.11104747 -0.25140597
vn 0.96275339 0.09866495 -0.25173625
vn 0.96663014 0.09599103 -0.23751189
vn 0.00000000 -1.00000000 0.00000000
vn 0.95247763 0.00520609 -0.30456405
vn 0.95745574 0.00523330 -0.28853270
vn 0.95777482 0.00000000 -0.28751937
vn -0.00000000 -1.00000000 0.00000000
vn 0.95231530 0.00556815 -0.30506485
vn 0.95232507 0.00559259 -0.30503391
vn 0.95247763 0.00520609 -0.30456405
vn 0.93968385 0.04742566 -0.33874043
vn 0.94020136 0.04819539 -0.33719225
vn 0.94072366 0.00631126 -0.33911526
vn 0.94108359 0.00575479 -0.33812507
vn 0.95132435 0.04617069 -0.30471338
vn 0.95231530 0.00556815 -0.30506485
vn 0.95232507 0.00559259 -0.30503391
vn 0.93850816 0.07689584 -0.33658500
vn 0.94020136 0.04819539 -0.33719225
vn 0.94983657 0.07358155 -0.30396750
vn 0.95132435 0.04617069 -0.30471338
vn 0.95139461 0.04635388 -0.30446610
vn 0.94983657 0.07358155 -0.30396750
vn 0.95076038 0.07648646 -0.30034066
vn 0.95139461 0.04635388 -0.30446610
vn 0.95368879 0.06837909 -0.29291976
vn 0.95489111 0.04652424 -0.29328904
vn 0.95034022 0.08021569 -0.30069738
vn 0.95041278 0.08990478 -0.29771241
vn 0.95076038 0.07648646 -0.30034066
vn 0.95368879 0.06837909 -0.29291976
vn 0.95421338 0.09026430 -0.28518272
vn 0.95490484 0.06846628 -0.28891021
vn 0.95559905 0.07255965 -0.28559685
vn 0.94567730 0.12348436 -0.30074250
vn 0.94741234 0.12976937 -0.29252310
vn 0.94798211 0.10218837 -0.30147547
vn 0.95041278 0.08990478 -0.29771241
vn 0.95091652 0.13024934 -0.28070069
vn 0.95421338 0.09026430 -0.28518272
vn 0.95485531 0.09383163 -0.28186338
vn 0.94385101 0.15562011 -0.29142350
vn 0.94548006 0.16928170 -0.27822862
vn 0.94741234 0.12976937 -0.29252310
vn 0.95091652 0.13024934 -0.28070069
vn 0.95104065 0.13113841 -0.27986495
vn 0.92259183 0.22577137 -0.31281242
vn 0.92309681 0.23315407 -0.30582914
vn 0.92604978 0.19342393 -0.32406633
vn 0.92606638 0.23841714 -0.29250357
vn 0.92910602 0.23571970 -0.28495303
vn 0.93083838 0.23280581 -0.28167599
vn 0.93297732 0.17032591 -0.31708421
vn 0.93624618 0.21985621 -0.27405535
vn 0.93767207 0.15961815 -0.30869585
vn 0.94346972 0.19445954 -0.26842199
vn 0.94385101 0.15562011 -0.29142350
vn 0.94548006 0.16928170 -0.27822862
vn 0.93352137 0.23777114 -0.26833326
vn 0.93357863 0.24078340 -0.26543229
vn 0.93430814 0.23580176 -0.26733095
vn 0.93516662 0.23897376 -0.26144777
vn 0.93574413 0.23609264 -0.26199846
vn 0.93575350 0.23655469 -0.26154784
vn 0.93083838 0.23280581 -0.28167599
vn 0.93401108 0.22915085 -0.27406787
vn 0.93624618 0.21985621 -0.27405535
vn 0.92804766 0.23877972 -0.28585274
vn 0.92802964 0.23828046 -0.28632745
vn 0.92910602 0.23571970 -0.28495303
vn 0.92966259 0.24155082 -0.27817381
vn 0.93083838 0.23280581 -0.28167599
vn 0.93352137 0.23777114 -0.26833326
vn 0.93401108 0.22915085 -0.27406787
vn 0.93430814 0.23580176 -0.26733095
vn 0.93188822 0.24500438 -0.26750177
vn 0.93194186 0.24903847 -0.26356065
vn 0.93357863 0.24078340 -0.26543229
vn 0.93495359 0.24576451 -0.25585463
vn 0.93516662 0.23897376 -0.26144777
vn 0.93528318 0.24491826 -0.25546119
vn 0.92654464 0.26035920 -0.27152922
vn 0.92731016 0.26061173 -0.26865850
vn 0.92986542 0.24709612 -0.27256889
vn 0.93188822 0.24500438 -0.26750177
vn 0.93194186 0.24903847 -0.26356065
vn 0.91845981 0.28965175 -0.26932033
vn 0.91850377 0.28789320 -0.27105044
vn 0.91908104 0.28999645 -0.26681848
vn 0.92307067 0.28335970 -0.26009195
vn 0.92463979 0.26366464 -0.27481308
vn 0.92654464 0.26035920 -0.27152922
vn 0.92731016 0.26061173 -0.26865850
vn 0.92732421 0.26782559 -0.26141778
vn 0.90348360 0.34368062 -0.25612694
vn 0.91104316 0.31783863 -0.26263846
vn 0.91908104 0.28999645 -0.26681848
vn 0.92061812 0.29611191 -0.25451917
vn 0.92307067 0.28335970 -0.26009195
vn 0.92384521 0.28478865 -0.25574489
vn 0.92388300 0.28361494 -0.25691005
vn 0.00000000 1.00000000 0.00000000
vn 0.90348360 0.34368062 -0.25612694
vn 0.91104316 0.31783863 -0.26263846
vn 0.91137831 0.30859540 -0.27232049
vn 0.00000000 1.00000000 -0.00000000
vn 0.85959009 0.36534674 -0.35724870
vn 0.87802194 0.33427771 -0.34254326
vn 0.00000000 1.00000000 -0.00000000
vn 0.87802194 0.33427771 -0.34254326
vn 0.88014472 0.32931611 -0.34190083
vn 0.88746109 0.32415311 -0.32762414
vn 0.88753589 0.32381745 -0.32775342
vn 0.88006830 0.32259122 -0.34844610
vn 0.88014472 0.32931611 -0.34190083
vn 0.88753589 0.32381745 -0.32775342
vn 0.89572687 0.29254747 -0.33479747
vn 0.89629752 0.29213883 -0.33362504
vn 0.89667720 0.30465741 -0.32117576
vn 0.89475068 0.27152379 -0.35453638
vn 0.89572687 0.29254747 -0.33479747
vn 0.89629752 0.29213883 -0.33362504
vn 0.89893802 0.26242565 -0.35077516
vn 0.90362044 0.26437465 -0.33701061
vn 0.87803811 0.26447165 -0.39887822
vn 0.87929183 0.28044574 -0.38496241
vn 0.88722399 0.24856100 -0.38865282
vn 0.89475068 0.27152379 -0.35453638
vn 0.89641023 0.24192320 -0.37137832
vn 0.89893802 0.26242565 -0.35077516
vn 0.84313711 0.26430449 -0.46825523
vn 0.84734761 0.25514099 -0.46573071
vn 0.84855355 0.25447527 -0.46389570
vn 0.85352229 0.27780929 -0.44081935
vn 0.87803811 0.26447165 -0.39887822
vn 0.88649946 0.23934926 -0.39601849
vn 0.88722399 0.24856100 -0.38865282
vn 0.00000000 0.00000000 -1.00000000
vn 0.84313711 0.26430449 -0.46825523
vn 0.84734761 0.25514099 -0.46573071
vn 0.91698638 0.02631667 -0.39804952
vn 0.92206209 0.04585899 -0.38431557
vn 0.92470279 0.00137002 -0.38068736
vn 0.92519509 0.04466339 -0.37685439
vn 0.92597278 0.00133404 -0.37758791
vn 0.92628944 0.00337858 -0.37679764
vn -0.00000000 -1.00000000 0.00000000
vn 0.92471707 0.00134486 -0.38065277
vn 0.92597278 0.00133404 -0.37758791
vn 0.00000000 0.00000000 -1.00000000
vn 0.85752270 0.06000465 -0.51093469
vn 0.87323312 0.07786622 -0.48104134
vn 0.87400485 0.06561677 -0.48146647
vn 0.87323312 0.07786622 -0.48104134
vn 0.87400485 0.06561677 -0.48146647
vn 0.87637340 0.07914672 -0.47508470
vn 0.91358841 0.07373627 -0.39989896
vn 0.91438626 0.06082063 -0.40024820
vn 0.91358841 0.07373627 -0.39989896
vn 0.91415363 0.07446576 -0.39846955
vn 0.91438626 0.06082063 -0.40024820
vn 0.92206209 0.04585899 -0.38431557
vn 0.92413701 0.07272689 -0.37507544
vn 0.92519509 0.04466339 -0.37685439
vn 0.92561215 0.04594646 -0.37567415
vn 0.00000000 -1.00000000 0.00000000
vn 0.94108359 0.00575479 -0.33812507
vn 0.95231530 0.00556815 -0.30506485
vn 0.00000000 -1.00000000 0.00000000
vn 0.93928247 0.00407462 -0.34312072
vn 0.94072366 0.00631126 -0.33911526
vn 0.94108359 0.00575479 -0.33812507
vn 0.93587408 0.04645585 -0.34925859
vn 0.93644299 0.04797027 -0.34752466
vn 0.93687814 0.00411653 -0.34963181
vn 0.93928247 0.00407462 -0.34312072
vn 0.93968385 0.04742566 -0.33874043
vn 0.94072366 0.00631126 -0.33911526
vn 0.93471484 0.07733135 -0.34688332
vn 0.93545475 0.07975218 -0.34433124
vn 0.93644299 0.04797027 -0.34752466
vn 0.93762026 0.07860328 -0.33865879
vn 0.93850816 0.07689584 -0.33658500
vn 0.93968385 0.04742566 -0.33874043
vn 0.94020136 0.04819539 -0.33719225
vn 0.93762026 0.07860328 -0.33865879
vn 0.93850676 0.08404944 -0.33487424
vn 0.93850816 0.07689584 -0.33658500
vn 0.94983657 0.07358155 -0.30396750
vn 0.95034022 0.08021569 -0.30069738
vn 0.95076038 0.07648646 -0.30034066
vn 0.93554964 0.09220647 -0.34094696
vn 0.93850676 0.08404944 -0.33487424
vn 0.93910242 0.10761546 -0.32635189
vn 0.94723716 0.10418140 -0.30313032
vn 0.94798211 0.10218837 -0.30147547
vn 0.95034022 0.08021569 -0.30069738
vn 0.95041278 0.08990478 -0.29771241
vn 0.94509301 0.12380115 -0.30244416
vn 0.94567730 0.12348436 -0.30074250
vn 0.94723716 0.10418140 -0.30313032
vn 0.94798211 0.10218837 -0.30147547
vn 0.93767207 0.15961815 -0.30869585
vn 0.94185050 0.12951185 -0.31007145
vn 0.94385101 0.15562011 -0.29142350
vn 0.94509301 0.12380115 -0.30244416
vn 0.94567730 0.12348436 -0.30074250
vn 0.94741234 0.12976937 -0.29252310
vn 0.93297732 0.17032591 -0.31708421
vn 0.93767207 0.15961815 -0.30869585
vn 0.93863418 0.13115095 -0.31900676
vn 0.94185050 0.12951185 -0.31007145
vn 0.92332519 0.19285485 -0.33208071
vn 0.92468360 0.17473982 -0.33826948
vn 0.92604978 0.19342393 -0.32406633
vn 0.93027559 0.12856541 -0.34359607
vn 0.93152410 0.12587729 -0.34120047
vn 0.93297732 0.17032591 -0.31708421
vn 0.93698588 0.12661534 -0.32561637
vn 0.93863418 0.13115095 -0.31900676
vn 0.91373086 0.23075820 -0.33443471
vn 0.91405828 0.23373009 -0.33146297
vn 0.91855421 0.20791261 -0.33620010
vn 0.91932785 0.23539668 -0.31531685
vn 0.91947406 0.23535640 -0.31492035
vn 0.92127762 0.23223437 -0.31195310
vn 0.92259183 0.22577137 -0.31281242
vn 0.92332519 0.19285485 -0.33208071
vn 0.92604978 0.19342393 -0.32406633
vn 0.92127762 0.23223437 -0.31195310
vn 0.92259183 0.22577137 -0.31281242
vn 0.92309681 0.23315407 -0.30582914
vn 0.91947406 0.23535640 -0.31492035
vn 0.91999300 0.24106071 -0.30903498
vn 0.92127762 0.23223437 -0.31195310
vn 0.92309681 0.23315407 -0.30582914
vn 0.92386943 0.24294434 -0.29570816
vn 0.92606638 0.23841714 -0.29250357
vn 0.92610552 0.23900740 -0.29189730
vn 0.92606638 0.23841714 -0.29250357
vn 0.92610552 0.23900740 -0.29189730
vn 0.92764823 0.23862190 -0.28727749
vn 0.92802964 0.23828046 -0.28632745
vn 0.92910602 0.23571970 -0.28495303
vn 0.92966259 0.24155082 -0.27817381
vn 0.92986542 0.24709612 -0.27256889
vn 0.93188822 0.24500438 -0.26750177
vn 0.93352137 0.23777114 -0.26833326
vn 0.93357863 0.24078340 -0.26543229
vn 0.92764823 0.23862190 -0.28727749
vn 0.92804766 0.23877972 -0.28585274
vn 0.92802964 0.23828046 -0.28632745
vn 0.92189680 0.25160804 -0.29461787
vn 0.92231211 0.26228526 -0.28380770
vn 0.92386943 0.24294434 -0.29570816
vn 0.92463979 0.26366464 -0.27481308
vn 0.92610552 0.23900740 -0.29189730
vn 0.92654464 0.26035920 -0.27152922
vn 0.92764823 0.23862190 -0.28727749
vn 0.92804766 0.23877972 -0.28585274
vn 0.92966259 0.24155082 -0.27817381
vn 0.92986542 0.24709612 -0.27256889
vn 0.91800539 0.28830358 -0.27229974
vn 0.91802071 0.27319827 -0.28740335
vn 0.91850377 0.28789320 -0.27105044
vn 0.92231211 0.26228526 -0.28380770
vn 0.92463979 0.26366464 -0.27481308
vn 0.91005047 0.30625692 -0.27931136
vn 0.91257101 0.30368116 -0.27384650
vn 0.91800539 0.28830358 -0.27229974
vn 0.91845981 0.28965175 -0.26932033
vn 0.91850377 0.28789320 -0.27105044
vn 0.91104316 0.31783863 -0.26263846
vn 0.91137831 0.30859540 -0.27232049
vn 0.91257101 0.30368116 -0.27384650
vn 0.91845981 0.28965175 -0.26932033
vn 0.91908104 0.28999645 -0.26681848
vn 0.00000000 1.00000000 0.00000000
vn 0.90547488 0.31490559 -0.28451662
vn 0.90638803 0.31255523 -0.28420059
vn 0.91005047 0.30625692 -0.27931136
vn 0.91137831 0.30859540 -0.27232049
vn 0.91257101 0.30368116 -0.27384650
vn 0.00000000 1.00000000 -0.00000000
vn 0.88348644 0.34946340 -0.31197281
vn 0.88743938 0.33586431 -0.31566836
vn 0.88746109 0.32415311 -0.32762414
vn 0.88743938 0.33586431 -0.31566836
vn 0.88746109 0.32415311 -0.32762414
vn 0.88753589 0.32381745 -0.32775342
vn 0.89667720 0.30465741 -0.32117576
vn 0.89687355 0.30475483 -0.32053445
vn 0.89629752 0.29213883 -0.33362504
vn 0.89667720 0.30465741 -0.32117576
vn 0.89687355 0.30475483 -0.32053445
vn 0.89819378 0.30284254 -0.31864453
vn 0.90265655 0.29174068 -0.31638351
vn 0.90362044 0.26437465 -0.33701061
vn 0.90378220 0.26412395 -0.33677332
vn 0.90500778 0.26440898 -0.33323987
vn 0.90593271 0.28122974 -0.31653715
vn 0.89641023 0.24192320 -0.37137832
vn 0.89708657 0.23933912 -0.37141952
vn 0.89764760 0.23846368 -0.37062631
vn 0.89893802 0.26242565 -0.35077516
vn 0.90166412 0.23782319 -0.36116748
vn 0.90362044 0.26437465 -0.33701061
vn 0.90378220 0.26412395 -0.33677332
vn 0.90784876 0.24030866 -0.34360207
vn 0.90852106 0.24633313 -0.33750476
vn 0.88649946 0.23934926 -0.39601849
vn 0.88722399 0.24856100 -0.38865282
vn 0.88766980 0.23718766 -0.39469525
vn 0.89641023 0.24192320 -0.37137832
vn 0.89708657 0.23933912 -0.37141952
vn 0.84353665 0.22616138 -0.48713134
vn 0.84855355 0.25447527 -0.46389570
vn 0.87813395 0.21627041 -0.42674100
vn 0.88618014 0.22728261 -0.40376649
vn 0.88649946 0.23934926 -0.39601849
vn 0.88766980 0.23718766 -0.39469525
vn 0.00000000 0.00000000 -1.00000000
vn 0.84353665 0.22616138 -0.48713134
vn 0.84734761 0.25514099 -0.46573071
vn 0.84855355 0.25447527 -0.46389570
vn 0.92519509 0.04466339 -0.37685439
vn 0.92561215 0.04594646 -0.37567415
vn 0.92628944 0.00337858 -0.37679764
vn 0.93587408 0.04645585 -0.34925859
vn 0.93657404 0.00341609 -0.35045312
vn 0.93687765 0.00411767 -0.34963311
vn -0.00000000 -1.00000000 0.00000000
vn 0.92597278 0.00133404 -0.37758791
vn 0.92628944 0.00337858 -0.37679764
vn 0.93657404 0.00341609 -0.35045312
vn 0.00000000 0.00000000 -1.00000000
vn 0.87323312 0.07786622 -0.48104134
vn 0.87549531 0.09085466 -0.47460868
vn 0.87637340 0.07914672 -0.47508470
vn 0.87549531 0.09085466 -0.47460868
vn 0.87637340 0.07914672 -0.47508470
vn 0.88074798 0.09436652 -0.46408830
vn 0.91309303 0.08860824 -0.39800716
vn 0.91358841 0.07373627 -0.39989896
vn 0.91415363 0.07446576 -0.39846955
vn 0.91309299 0.08860828 -0.39800723
vn 0.91415363 0.07446576 -0.39846955
vn 0.92413701 0.07272689 -0.37507544
vn 0.92467877 0.08616104 -0.37087119
vn 0.92540611 0.07656121 -0.37116292
vn 0.92413701 0.07272689 -0.37507544
vn 0.92540611 0.07656121 -0.37116292
vn 0.92561215 0.04594646 -0.37567415
vn 0.93471484 0.07733135 -0.34688332
vn 0.93587408 0.04645585 -0.34925859
vn 0.93644299 0.04797027 -0.34752466
vn -0.00000000 -1.00000000 0.00000000
vn 0.93687879 0.00411504 -0.34963010
vn 0.93928247 0.00407462 -0.34312072
vn 0.92467877 0.08616104 -0.37087119
vn 0.92540611 0.07656121 -0.37116292
vn 0.92551362 0.08839977 -0.36825265
vn 0.93446967 0.08925520 -0.34467368
vn 0.93471484 0.07733135 -0.34688332
vn 0.93545475 0.07975218 -0.34433124
vn 0.93446967 0.08925520 -0.34467368
vn 0.93500650 0.09204905 -0.34247601
vn 0.93545475 0.07975218 -0.34433124
vn 0.93554964 0.09220647 -0.34094696
vn 0.93762026 0.07860328 -0.33865879
vn 0.93850676 0.08404944 -0.33487424
vn 0.93698588 0.12661534 -0.32561637
vn 0.93863418 0.13115095 -0.31900676
vn 0.93910242 0.10761546 -0.32635189
vn 0.94185050 0.12951185 -0.31007145
vn 0.94509301 0.12380115 -0.30244416
vn 0.94723716 0.10418140 -0.30313032
vn 0.93152410 0.12587729 -0.34120047
vn 0.93500650 0.09204905 -0.34247601
vn 0.93554964 0.09220647 -0.34094696
vn 0.93698588 0.12661534 -0.32561637
vn 0.93910242 0.10761546 -0.32635189
vn 0.92295234 0.11531917 -0.36723354
vn 0.92551362 0.08839977 -0.36825265
vn 0.92655643 0.12705954 -0.35404668
vn 0.93027559 0.12856541 -0.34359607
vn 0.93152410 0.12587729 -0.34120047
vn 0.93446967 0.08925520 -0.34467368
vn 0.93500650 0.09204905 -0.34247601
vn 0.92015932 0.14704548 -0.36288353
vn 0.92468360 0.17473982 -0.33826948
vn 0.92655643 0.12705954 -0.35404668
vn 0.93027559 0.12856541 -0.34359607
vn 0.88692104 0.19064766 -0.42074283
vn 0.89385001 0.22924974 -0.38532676
vn 0.89618809 0.23274094 -0.37772816
vn 0.90547723 0.15232194 -0.39611743
vn 0.91007910 0.22483193 -0.34814742
vn 0.91855421 0.20791261 -0.33620010
vn 0.92015932 0.14704548 -0.36288353
vn 0.92332519 0.19285485 -0.33208071
vn 0.92468360 0.17473982 -0.33826948
vn 0.90813046 0.23368983 -0.34740197
vn 0.90852904 0.23400674 -0.34614423
vn 0.91007910 0.22483193 -0.34814742
vn 0.91373086 0.23075820 -0.33443471
vn 0.91855421 0.20791261 -0.33620010
vn 0.90852904 0.23400674 -0.34614423
vn 0.90885189 0.23797029 -0.34257610
vn 0.91355227 0.23488106 -0.33204387
vn 0.91373086 0.23075820 -0.33443471
vn 0.91405828 0.23373009 -0.33146297
vn 0.91355227 0.23488106 -0.33204387
vn 0.91387559 0.23988499 -0.32754634
vn 0.91405828 0.23373009 -0.33146297
vn 0.91932785 0.23539668 -0.31531685
vn 0.91239156 0.24299654 -0.32938476
vn 0.91266822 0.24851637 -0.32446314
vn 0.91387559 0.23988499 -0.32754634
vn 0.91888046 0.24388328 -0.31012845
vn 0.91932785 0.23539668 -0.31531685
vn 0.91947406 0.23535640 -0.31492035
vn 0.91999300 0.24106071 -0.30903498
vn 0.91888046 0.24388328 -0.31012845
vn 0.91933270 0.25363528 -0.30082641
vn 0.91999300 0.24106071 -0.30903498
vn 0.92189680 0.25160804 -0.29461787
vn 0.92386943 0.24294434 -0.29570816
vn 0.90745368 0.27968094 -0.31353851
vn 0.90750515 0.28236472 -0.31097359
vn 0.91802071 0.27319827 -0.28740335
vn 0.91933270 0.25363528 -0.30082641
vn 0.92189680 0.25160804 -0.29461787
vn 0.92231211 0.26228526 -0.28380770
vn 0.89814354 0.32155966 -0.29989592
vn 0.89819378 0.30284254 -0.31864453
vn 0.90265655 0.29174068 -0.31638351
vn 0.90638803 0.31255523 -0.28420059
vn 0.90750515 0.28236472 -0.31097359
vn 0.91005047 0.30625692 -0.27931136
vn 0.91800539 0.28830358 -0.27229974
vn 0.91802071 0.27319827 -0.28740335
vn 0.89052845 0.34283673 -0.29903523
vn 0.89814354 0.32155966 -0.29989592
vn 0.90547488 0.31490559 -0.28451662
vn 0.90638803 0.31255523 -0.28420059
vn -0.00000000 1.00000000 0.00000000
vn 0.88403539 0.35863032 -0.29977612
vn 0.89052845 0.34283673 -0.29903523
vn 0.90547488 0.31490559 -0.28451662
vn 0.00000000 1.00000000 -0.00000000
vn 0.88111731 0.35755087 -0.30949906
vn 0.88348644 0.34946340 -0.31197281
vn 0.88111731 0.35755087 -0.30949906
vn 0.88348644 0.34946340 -0.31197281
vn 0.88403539 0.35863032 -0.29977612
vn 0.88743938 0.33586431 -0.31566836
vn 0.89052845 0.34283673 -0.29903523
vn 0.89687355 0.30475483 -0.32053445
vn 0.89814354 0.32155966 -0.29989592
vn 0.89819378 0.30284254 -0.31864453
vn 0.90378220 0.26412395 -0.33677332
vn 0.90500778 0.26440898 -0.33323987
vn 0.90852106 0.24633313 -0.33750476
vn 0.91239156 0.24299654 -0.32938476
vn 0.91266822 0.24851637 -0.32446314
vn 0.90265655 0.29174068 -0.31638351
vn 0.90593271 0.28122974 -0.31653715
vn 0.90745368 0.27968094 -0.31353851
vn 0.90750515 0.28236472 -0.31097359
vn 0.90500778 0.26440898 -0.33323987
vn 0.90593271 0.28122974 -0.31653715
vn 0.90745368 0.27968094 -0.31353851
vn 0.91266822 0.24851637 -0.32446314
vn 0.91888046 0.24388328 -0.31012845
vn 0.91933270 0.25363528 -0.30082641
vn 0.90166412 0.23782319 -0.36116748
vn 0.90784876 0.24030866 -0.34360207
vn 0.90813046 0.23368983 -0.34740197
vn 0.90852904 0.23400674 -0.34614423
vn 0.90885189 0.23797029 -0.34257610
vn 0.89618809 0.23274094 -0.37772816
vn 0.89764760 0.23846368 -0.37062631
vn 0.90166412 0.23782319 -0.36116748
vn 0.90813046 0.23368983 -0.34740197
vn 0.91007910 0.22483193 -0.34814742
vn 0.88618014 0.22728261 -0.40376649
vn 0.88766980 0.23718766 -0.39469525
vn 0.89385001 0.22924974 -0.38532676
vn 0.89618809 0.23274094 -0.37772816
vn 0.89708657 0.23933912 -0.37141952
vn 0.89764760 0.23846368 -0.37062631
vn 0.90784876 0.24030866 -0.34360207
vn 0.90852106 0.24633313 -0.33750476
vn 0.90885189 0.23797029 -0.34257610
vn 0.91239156 0.24299654 -0.32938476
vn 0.91355227 0.23488106 -0.33204387
vn 0.91387559 0.23988499 -0.32754634
vn 0.87437126 0.20978707 -0.43756632
vn 0.87446462 0.20999903 -0.43727799
vn 0.87813395 0.21627041 -0.42674100
vn 0.87832139 0.18802495 -0.43954311
vn 0.88618014 0.22728261 -0.40376649
vn 0.88692104 0.19064766 -0.42074283
vn 0.89385001 0.22924974 -0.38532676
vn 0.00000000 0.00000000 -1.00000000
vn 0.84353665 0.22616138 -0.48713134
vn 0.87446462 0.20999903 -0.43727799
vn 0.87813395 0.21627041 -0.42674100
vn -0.00000000 -1.00000000 0.00000000
vn 0.93657404 0.00341609 -0.35045312
vn 0.93687810 0.00411663 -0.34963192
vn 0.00000000 0.00000000 -1.00000000
vn 0.87549531 0.09085466 -0.47460868
vn 0.87617745 0.13843657 -0.46167997
vn 0.88074798 0.09436652 -0.46408830
vn 0.87617745 0.13843657 -0.46167997
vn 0.87923358 0.14158547 -0.45486467
vn 0.88074798 0.09436652 -0.46408830
vn 0.90221101 0.13155205 -0.41074245
vn 0.91019109 0.11894504 -0.39674206
vn 0.91309310 0.08860813 -0.39800701
vn 0.91019109 0.11894504 -0.39674206
vn 0.91309307 0.08860818 -0.39800708
vn 0.92295234 0.11531917 -0.36723354
vn 0.92467877 0.08616104 -0.37087119
vn 0.92551362 0.08839977 -0.36825265
vn 0.90221101 0.13155205 -0.41074245
vn 0.90547723 0.15232194 -0.39611743
vn 0.91019109 0.11894504 -0.39674206
vn 0.92015932 0.14704548 -0.36288353
vn 0.92295234 0.11531917 -0.36723354
vn 0.92655643 0.12705954 -0.35404668
vn 0.87366364 0.17659150 -0.45335117
vn 0.87832139 0.18802495 -0.43954311
vn 0.87923358 0.14158547 -0.45486467
vn 0.88692104 0.19064766 -0.42074283
vn 0.90221101 0.13155205 -0.41074245
vn 0.90547723 0.15232194 -0.39611743
vn 0.00000000 1.00000000 -0.00000000
vn 0.88111731 0.35755087 -0.30949906
vn 0.88403539 0.35863032 -0.29977612
vn 0.00000000 0.00000000 -1.00000000
vn 0.87366364 0.17659150 -0.45335117
vn 0.87437126 0.20978707 -0.43756632
vn 0.87832139 0.18802495 -0.43954311
vn 0.00000000 0.00000000 -1.00000000
vn 0.87437126 0.20978707 -0.43756632
vn 0.87446462 0.20999903 -0.43727799
vn 0.00000000 0.00000000 -1.00000000
vn 0.87366364 0.17659150 -0.45335117
vn 0.87617745 0.13843657 -0.46167997
vn 0.87923358 0.14158547 -0.45486467
f 2//2 7//7 12//12
f 4//4 16//16 21//21
f 5//5 22//22 24//24
f 6//6 25//25 30//30
f 1//1 29//29 72//72
f 1//1 72//72 139//139
f 1//1 139//139 235//235
f 1//1 235//235 360//360
f 1//1 360//360 495//495
f 1//1 495//495 658//658
f 1//1 658//658 826//826
f 1//1 826//826 1011//1011
f 1//1 1011//1011 1189//1189
f 1//1 1189//1189 1036//1036
f 1//1 1036//1036 848//848
f 1//1 848//848 845//845
f 1//1 845//845 686//686
f 1//1 686//686 682//682
f 1//1 682//682 524//524
f 1//1 524//524 521//521
f 1//1 521//521 391//391
f 1//1 391//391 270//270
f 1//1 270//270 262//262
f 1//1 262//262 162//162
f 1//1 162//162 145//145
f 1//1 145//145 76//76
f 1//1 76//76 32//32
f 3//3 33//33 9//9
f 11//11 34//34 37//37
f 10//10 36//36 45//45
f 8//8 42//42 14//14
f 15//15 43//43 49//49
f 13//13 48//48 18//18
f 19//19 52//52 56//56
f 20//20 57//57 62//62
f 17//17 61//61 131//131
f 17//17 131//131 225//225
f 17//17 225//225 312//312
f 17//17 312//312 353//353
f 17//17 353//353 348//348
f 17//17 348//348 478//478
f 17//17 478//478 474//474
f 17//17 474//474 618//618
f 17//17 618//618 781//781
f 17//17 781//781 957//957
f 17//17 957//957 1126//1126
f 17//17 1126//1126 1219//1219
f 17//17 1219//1219 1130//1130
f 17//17 1130//1130 963//963
f 17//17 963//963 788//788
f 17//17 788//788 785//785
f 17//17 785//785 627//627
f 17//17 627//627 481//481
f 17//17 481//481 356//356
f 17//17 356//356 231//231
f 17//17 231//231 228//228
f 17//17 228//228 136//136
f 17//17 136//136 67//67
f 23//23 68//68 27//27
f 26//26 73//73 31//31
f 28//28 69//69 74//74
f 35//35 77//77 38//38
f 39//39 81//81 47//47
f 41//41 78//78 88//88
f 40//40 87//87 84//84
f 44//44 94//94 50//50
f 46//46 80//80 96//96
f 51//51 95//95 98//98
f 53//53 99//99 104//104
f 54//54 105//105 109//109
f 55//55 110//110 58//58
f 59//59 111//111 115//115
f 60//60 116//116 63//63
f 64//64 117//117 120//120
f 65//65 121//121 124//124
f 66//66 125//125 132//132
f 71//71 137//137 141//141
f 70//70 140//140 75//75
f 79//79 146//146 89//89
f 83//83 148//148 101//101
f 82//82 100//100 97//97
f 86//86 90//90 153//153
f 85//85 152//152 150//150
f 93//93 147//147 165//165
f 92//92 164//164 173//173
f 91//91 171//171 160//160
f 103//103 149//149 175//175
f 102//102 174//174 106//106
f 108//108 176//176 180//180
f 107//107 179//179 112//112
f 113//113 181//181 185//185
f 114//114 186//186 118//118
f 119//119 187//187 122//122
f 123//123 188//188 126//126
f 128//128 189//189 196//196
f 130//130 198//198 203//203
f 129//129 202//202 208//208
f 127//127 206//206 133//133
f 135//135 207//207 221//221
f 134//134 220//220 227//227
f 138//138 229//229 142//142
f 144//144 230//230 234//234
f 143//143 233//233 237//237
f 151//151 154//154 177//177
f 158//158 241//241 248//248
f 161//161 249//249 254//254
f 156//156 251//251 183//183
f 155//155 182//182 178//178
f 159//159 170//170 261//261
f 157//157 260//260 240//240
f 163//163 264//264 172//172
f 166//166 268//268 259//259
f 169//169 263//263 274//274
f 168//168 273//273 281//281
f 167//167 280//280 269//269
f 184//184 252//252 193//193
f 195//195 253//253 283//283
f 194//194 282//282 288//288
f 192//192 286//286 291//291
f 191//191 290//290 296//296
f 190//190 294//294 197//197
f 201//201 295//295 306//306
f 200//200 305//305 224//224
f 199//199 223//223 205//205
f 204//204 222//222 209//209
f 210//210 313//313 226//226
f 219//219 298//298 318//318
f 218//218 315//315 325//325
f 217//217 322//322 329//329
f 216//216 327//327 336//336
f 215//215 332//332 344//344
f 214//214 342//342 347//347
f 213//213 345//345 351//351
f 212//212 349//349 355//355
f 211//211 354//354 314//314
f 232//232 357//357 491//491
f 232//232 491//491 649//649
f 232//232 649//649 817//817
f 232//232 817//817 1001//1001
f 232//232 1001//1001 1185//1185
f 232//232 1185//1185 1226//1226
f 232//232 1226//1226 1222//1222
f 232//232 1222//1222 1229//1229
f 232//232 1229//1229 1192//1192
f 232//232 1192//1192 1015//1015
f 232//232 1015//1015 829//829
f 232//232 829//829 661//661
f 232//232 661//661 498//498
f 232//232 498//498 361//361
f 232//232 361//361 236//236
f 239//239 257//257 365//365
f 238//238 364//364 247//247
f 250//250 310//310 255//255
f 246//246 363//363 373//373
f 245//245 371//371 378//378
f 244//244 376//376 383//383
f 243//243 381//381 390//390
f 242//242 388//388 304//304
f 256//256 311//311 285//285
f 258//258 267//267 367//367
f 265//265 279//279 374//374
f 266//266 375//375 366//366
f 271//271 393//393 399//399
f 272//272 400//400 278//278
f 275//275 398//398 408//408
f 276//276 409//409 412//412
f 277//277 413//413 372//372
f 284//284 309//309 289//289
f 287//287 308//308 293//293
f 292//292 307//307 297//297
f 303//303 385//385 420//420
f 302//302 418//418 428//428
f 301//301 427//427 432//432
f 300//300 431//431 437//437
f 299//299 435//435 319//319
f 317//317 433//433 441//441
f 316//316 440//440 326//326
f 321//321 337//337 328//328
f 324//324 438//438 447//447
f 323//323 445//445 456//456
f 320//320 453//453 335//335
f 334//334 450//450 461//461
f 333//333 460//460 466//466
f 331//331 465//465 473//473
f 330//330 472//472 343//343
f 341//341 352//352 346//346
f 340//340 470//470 477//477
f 339//339 476//476 480//480
f 338//338 479//479 350//350
f 358//358 482//482 485//485
f 359//359 486//486 492//492
f 362//362 499//499 653//653
f 362//362 653//653 496//496
f 369//369 411//411 509//509
f 368//368 508//508 382//382
f 370//370 384//384 377//377
f 380//380 507//507 517//517
f 379//379 516//516 389//389
f 387//387 514//514 520//520
f 386//386 519//519 422//422
f 392//392 523//523 397//397
f 396//396 522//522 527//527
f 395//395 526//526 532//532
f 394//394 531//531 406//406
f 407//407 505//505 410//410
f 405//405 528//528 539//539
f 402//402 538//538 545//545
f 401//401 544//544 547//547
f 403//403 549//549 553//553
f 404//404 554//554 502//502
f 421//421 518//518 512//512
f 419//419 511//511 559//559
f 417//417 556//556 564//564
f 415//415 561//561 572//572
f 414//414 571//571 578//578
f 416//416 579//579 425//425
f 426//426 584//584 429//429
f 423//423 577//577 588//588
f 424//424 589//589 582//582
f 430//430 585//585 436//436
f 434//434 583//583 442//442
f 439//439 581//581 449//449
f 446//446 586//586 576//576
f 444//444 575//575 595//595
f 443//443 594//594 455//455
f 448//448 580//580 587//587
f 454//454 593//593 599//599
f 452//452 597//597 606//606
f 451//451 604//604 462//462
f 457//457 610//610 615//615
f 459//459 617//617 464//464
f 458//458 602//602 611//611
f 463//463 616//616 471//471
f 469//469 622//622 475//475
f 468//468 614//614 626//626
f 467//467 625//625 621//621
f 483//483 628//628 630//630
f 484//484 631//631 488//488
f 490//490 633//633 638//638
f 489//489 637//637 646//646
f 487//487 645//645 494//494
f 493//493 643//643 651//651
f 497//497 656//656 659//659
f 500//500 663//663 665//665
f 501//501 666//666 654//654
f 503//503 555//555 676//676
f 504//504 678//678 680//680
f 506//506 681//681 515//515
f 513//513 679//679 677//677
f 510//510 675//675 558//558
f 525//525 685//685 530//530
f 529//529 684//684 540//540
f 536//536 683//683 689//689
f 535//535 688//688 696//696
f 533//533 694//694 700//700
f 534//534 701//701 704//704
f 537//537 706//706 542//542
f 541//541 705//705 710//710
f 543//543 712//712 546//546
f 548//548 713//713 552//552
f 550//550 711//711 719//719
f 551//551 720//720 673//673
f 557//557 674//674 565//565
f 563//563 672//672 725//725
f 562//562 722//722 737//737
f 560//560 735//735 570//570
f 568//568 742//742 573//573
f 569//569 733//733 746//746
f 566//566 745//745 753//753
f 567//567 754//754 740//740
f 574//574 743//743 592//592
f 590//590 741//741 759//759
f 591//591 760//760 598//598
f 596//596 758//758 605//605
f 603//603 756//756 765//765
f 600//600 762//762 772//772
f 601//601 773//773 609//609
f 607//607 769//769 778//778
f 608//608 780//780 613//613
f 612//612 779//779 624//624
f 620//620 623//623 777//777
f 619//619 774//774 782//782
f 629//629 786//786 632//632
f 634//634 787//787 789//789
f 636//636 790//790 794//794
f 635//635 793//793 640//640
f 642//642 796//796 800//800
f 641//641 799//799 807//807
f 639//639 805//805 648//648
f 647//647 804//804 814//814
f 644//644 813//813 652//652
f 650//650 810//810 818//818
f 655//655 669//669 820//820
f 657//657 822//822 660//660
f 660//660 822//822 827//827
f 662//662 830//830 664//664
f 668//668 837//837 840//840
f 670//670 841//841 821//821
f 667//667 832//832 834//834
f 671//671 718//718 724//724
f 687//687 847//847 695//695
f 693//693 846//846 851//851
f 692//692 850//850 857//857
f 690//690 856//856 863//863
f 691//691 864//864 698//698
f 699//699 868//868 702//702
f 697//697 862//862 867//867
f 703//703 870//870 709//709
f 707//707 869//869 876//876
f 708//708 877//877 717//717
f 716//716 875//875 881//881
f 714//714 879//879 886//886
f 715//715 887//887 723//723
f 721//721 884//884 736//736
f 734//734 882//882 889//889
f 732//732 888//888 897//897
f 728//728 894//894 908//908
f 726//726 906//906 910//910
f 727//727 911//911 915//915
f 729//729 917//917 919//919
f 730//730 923//923 749//749
f 731//731 751//751 744//744
f 738//738 752//752 927//927
f 739//739 928//928 757//757
f 748//748 922//922 931//931
f 747//747 930//930 939//939
f 750//750 940//940 924//924
f 755//755 926//926 764//764
f 763//763 925//925 941//941
f 761//761 937//937 771//771
f 770//770 935//935 946//946
f 767//767 944//944 951//951
f 766//766 950//950 955//955
f 768//768 956//956 776//776
f 775//775 952//952 783//783
f 784//784 953//953 961//961
f 791//791 966//966 968//968
f 792//792 969//969 795//795
f 798//798 970//970 973//973
f 797//797 972//972 801//801
f 802//802 984//984 809//809
f 803//803 977//977 986//986
f 806//806 991//991 816//816
f 808//808 981//981 993//993
f 812//812 996//996 1004//1004
f 811//811 1003//1003 819//819
f 815//815 990//990 999//999
f 823//823 843//843 1005//1005
f 825//825 1007//1007 1013//1013
f 824//824 1012//1012 828//828
f 831//831 1016//1016 833//833
f 835//835 1018//1018 1020//1020
f 836//836 1023//1023 838//838
f 842//842 1027//1027 1030//1030
f 844//844 1032//1032 1006//1006
f 839//839 1024//1024 1026//1026
f 849//849 1038//1038 855//855
f 854//854 1037//1037 1191//1191
f 854//854 1191//1191 1010//1010
f 852//852 1008//1008 1034//1034
f 853//853 1035//1035 860//860
f 858//858 1033//1033 1043//1043
f 859//859 1044//1044 1047//1047
f 861//861 1049//1049 865//865
f 866//866 1050//1050 872//872
f 874//874 1056//1056 880//880
f 871//871 1048//1048 1059//1059
f 873//873 1061//1061 1053//1053
f 878//878 1055//1055 885//885
f 883//883 1054//1054 891//891
f 890//890 1052//1052 899//899
f 896//896 1057//1057 1066//1066
f 895//895 1065//1065 1072//1072
f 893//893 1070//1070 1081//1081
f 892//892 1080//1080 907//907
f 898//898 1051//1051 1060//1060
f 902//902 1078//1078 1086//1086
f 900//900 1085//1085 1090//1090
f 901//901 1091//1091 1094//1094
f 903//903 1095//1095 1100//1100
f 904//904 1101//1101 912//912
f 905//905 914//914 909//909
f 913//913 1102//1102 1105//1105
f 916//916 1107//1107 934//934
f 918//918 936//936 920//920
f 921//921 938//938 929//929
f 932//932 1106//1106 1112//1112
f 933//933 1113//1113 945//945
f 943//943 1110//1110 1121//1121
f 942//942 1120//1120 949//949
f 947//947 1119//1119 960//960
f 948//948 962//962 954//954
f 959//959 1117//1117 1125//1125
f 958//958 1124//1124 1129//1129
f 964//964 1132//1132 1134//1134
f 965//965 1136//1136 967//967
f 971//971 1138//1138 974//974
f 978//978 1141//1141 987//987
f 975//975 1140//1140 1115//1115
f 976//976 1116//1116 1146//1146
f 980//980 1147//1147 1151//1151
f 979//979 1150//1150 1142//1142
f 985//985 1156//1156 1163//1163
f 983//983 1162//1162 1171//1171
f 982//982 1170//1170 994//994
f 989//989 1143//1143 1173//1173
f 988//988 1172//1172 1157//1157
f 992//992 1167//1167 1000//1000
f 998//998 1166//1166 1182//1182
f 997//997 1180//1180 1188//1188
f 995//995 1186//1186 1002//1002
f 1009//1009 1190//1190 1014//1014
f 1017//1017 1193//1193 1019//1019
f 1021//1021 1195//1195 1198//1198
f 1022//1022 1201//1201 1203//1203
f 1022//1022 1203//1203 1025//1025
f 1028//1028 1205//1205 1039//1039
f 1029//1029 1040//1040 1031//1031
f 1041//1041 1206//1206 1063//1063
f 1042//1042 1067//1067 1045//1045
f 1046//1046 1068//1068 1058//1058
f 1062//1062 1204//1204 1211//1211
f 1064//1064 1212//1212 1071//1071
f 1069//1069 1210//1210 1079//1079
f 1077//1077 1165//1165 1084//1084
f 1076//1076 1208//1208 1218//1218
f 1073//1073 1216//1216 1183//1183
f 1074//1074 1184//1184 1168//1168
f 1075//1075 1169//1169 1161//1161
f 1082//1082 1164//1164 1158//1158
f 1083//1083 1159//1159 1087//1087
f 1089//1089 1176//1176 1092//1092
f 1088//1088 1160//1160 1174//1174
f 1093//1093 1177//1177 1098//1098
f 1099//1099 1154//1154 1103//1103
f 1096//1096 1175//1175 1144//1144
f 1097//1097 1145//1145 1153//1153
f 1104//1104 1155//1155 1111//1111
f 1108//1108 1152//1152 1148//1148
f 1109//1109 1149//1149 1118//1118
f 1114//1114 1139//1139 1123//1123
f 1122//1122 1137//1137 1128//1128
f 1127//1127 1135//1135 1221//1221
f 1131//1131 1220//1220 1133//1133
f 1178//1178 1224//1224 1227//1227
f 1179//1179 1228//1228 1187//1187
f 1181//1181 1214//1214 1225//1225
f 1194//1194 1231//1231 1196//1196
f 1197//1197 1232//1232 1215//1215
f 1199//1199 1217//1217 1207//1207
f 1200//1200 1209//1209 1202//1202
f 1213//1213 1230//1230 1223//1223

