# https://github.com/mikedh/trimesh
v -1.31181669 0.00001268 1.03900158
v -1.31181669 0.00001268 1.03900158
v -1.31181669 0.00001268 1.03900158
v -1.31181669 0.00001268 1.03900158
v -1.31181669 0.00001268 1.03900158
v -1.31181669 0.00001268 1.03900158
v -1.31181669 0.00001268 1.03900158
v -1.26892436 0.00001268 1.02695662
v -1.26892436 0.00001268 1.02695662
v -1.26892436 0.00001268 1.02695662
v -1.26892436 0.00001268 1.02695662
v -1.26892436 0.00001268 1.02695662
v -1.22288346 0.42259255 1.03923178
v -1.22288346 0.42259255 1.03923178
v -1.22288346 0.42259255 1.03923178
v -1.22288346 0.42259255 1.03923178
v -1.22288346 0.44147858 1.03938520
v -1.22288346 0.44147858 1.03938520
v -1.22288346 0.44147858 1.03938520
v -1.22288346 0.44147858 1.03938520
v -1.22288346 0.44147858 1.03938520
v -1.22288346 0.44147858 1.03938520
v -1.22288346 0.44147858 1.03938520
v -1.26732957 0.28922361 1.03969210
v -1.26732957 0.28922361 1.03969210
v -1.26732957 0.28922361 1.03969210
v -1.26732957 0.28922361 1.03969210
v -1.26732957 0.28922361 1.03969210
v -1.31181669 0.02244253 1.03892487
v -1.31181669 0.02244253 1.03892487
v -1.31181669 0.02244253 1.03892487
v -1.31181669 0.02244253 1.03892487
v -1.34411895 0.02244253 1.02227670
v -1.34411895 0.02244253 1.02227670
v -1.34411895 0.02244253 1.02227670
v -1.34411895 0.02244253 1.02227670
v -1.34411895 0.02244253 1.02227670
v -1.34411895 0.02244253 1.02227670
v -1.34411895 0.02244253 1.02227670
v -1.34399641 0.00001268 1.02227670
v -1.34399641 0.00001268 1.02227670
v -1.34399641 0.00001268 1.02227670
v -1.18305767 0.44147858 1.02365762
v -1.18305767 0.44147858 1.02365762
v -1.18305767 0.44147858 1.02365762
v -1.18305767 0.44147858 1.02365762
v -1.20329773 0.44147858 1.03324759
v -1.20329773 0.44147858 1.03324759
v -1.20329773 0.44147858 1.03324759
v -1.20329773 0.44147858 1.03324759
v -1.24672174 0.00001268 1.00493804
v -1.24672174 0.00001268 1.00493804
v -1.24672174 0.00001268 1.00493804
v -1.24672174 0.00001268 1.00493804
v -1.24672174 0.00001268 1.00493804
v -1.24672174 0.00001268 1.00493804
v -1.26732957 0.33365113 1.03846455
v -1.26732957 0.33365113 1.03846455
v -1.26732957 0.33365113 1.03846455
v -1.26732957 0.33365113 1.03846455
v -1.26732957 0.33365113 1.03846455
v -1.26732957 0.33365113 1.03846455
v -1.26732957 0.33365113 1.03846455
v -1.26732957 0.33365113 1.03846455
v -1.24933851 0.44147858 1.03125292
v -1.24933851 0.44147858 1.03125292
v -1.24933851 0.44147858 1.03125292
v -1.26732957 0.37812182 1.03355449
v -1.26732957 0.37812182 1.03355449
v -1.26732957 0.37812182 1.03355449
v -1.26732957 0.37812182 1.03355449
v -1.26732957 0.37812182 1.03355449
v -1.26732957 0.37812182 1.03355449
v -1.31181669 0.06691325 1.03823441
v -1.31181669 0.06691325 1.03823441
v -1.31181669 0.06691325 1.03823441
v -1.31181669 0.06691325 1.03823441
v -1.31181669 0.06691325 1.03823441
v -1.31181669 0.06691325 1.03823441
v -1.34321928 0.06691325 1.02143276
v -1.34321928 0.06691325 1.02143276
v -1.34321928 0.06691325 1.02143276
v -1.34321928 0.06691325 1.02143276
v -1.34321928 0.06691325 1.02143276
v -1.34321928 0.06691325 1.02143276
v -1.34321928 0.06691325 1.02143276
v -1.35528159 0.02244253 0.98798293
v -1.35528159 0.02244253 0.98798293
v -1.35528159 0.02244253 0.98798293
v -1.35528159 0.02244253 0.98798293
v -1.35528159 0.02244253 0.98798293
v -1.35528159 0.02244253 0.98798293
v -1.35528159 0.02244253 0.98798293
v -1.34955716 0.00001268 1.00524488
v -1.34955716 0.00001268 1.00524488
v -1.34955716 0.00001268 1.00524488
v -1.34955716 0.00001268 1.00524488
v -1.16285861 0.44147858 0.99220252
v -1.16285861 0.44147858 0.99220252
v -1.16285861 0.44147858 0.99220252
v -1.16052794 0.44147858 0.98491412
v -1.16052794 0.44147858 0.98491412
v -1.16052794 0.44147858 0.98491412
v -1.03385413 0.00001268 0.25607592
v -1.03385413 0.00001268 0.25607592
v -1.03385413 0.00001268 0.25607592
v -0.93756080 0.44147858 0.25607592
v -0.93756080 0.44147858 0.25607592
v -0.93756080 0.44147858 0.25607592
v -0.93756080 0.44147858 0.25607592
v -1.31181669 0.15585469 1.03501219
v -1.31181669 0.15585469 1.03501219
v -1.31181669 0.15585469 1.03501219
v -1.31181669 0.15585469 1.03501219
v -1.31181669 0.15585469 1.03501219
v -1.31181669 0.15585469 1.03501219
v -1.31181669 0.11138396 1.03677672
v -1.31181669 0.11138396 1.03677672
v -1.31181669 0.11138396 1.03677672
v -1.31181669 0.11138396 1.03677672
v -1.30576515 0.28922361 1.02542222
v -1.30576515 0.28922361 1.02542222
v -1.30576515 0.28922361 1.02542222
v -1.30576515 0.28922361 1.02542222
v -1.30576515 0.28922361 1.02542222
v -1.30576515 0.28922361 1.02542222
v -1.31181669 0.20032541 1.03186667
v -1.31181669 0.20032541 1.03186667
v -1.31181669 0.20032541 1.03186667
v -1.31181669 0.20032541 1.03186667
v -1.31181669 0.20032541 1.03186667
v -1.26516247 0.44147858 1.02434808
v -1.26516247 0.44147858 1.02434808
v -1.26516247 0.44147858 1.02434808
v -1.26516247 0.44147858 1.02434808
v -1.26516247 0.44147858 1.02434808
v -1.26516247 0.44147858 1.02434808
v -1.30032694 0.33365113 1.02219999
v -1.30032694 0.33365113 1.02219999
v -1.30032694 0.33365113 1.02219999
v -1.30032694 0.33365113 1.02219999
v -1.30032694 0.33365113 1.02219999
v -1.34137940 0.11138396 1.01974493
v -1.34137940 0.11138396 1.01974493
v -1.34137940 0.11138396 1.01974493
v -1.34137940 0.11138396 1.01974493
v -1.35331905 0.06691325 0.98798293
v -1.35331905 0.06691325 0.98798293
v -1.35331905 0.06691325 0.98798293
v -1.35331905 0.06691325 0.98798293
v -1.35331905 0.06691325 0.98798293
v -1.35331905 0.06691325 0.98798293
v -1.35331905 0.06691325 0.98798293
v -1.35331905 0.06691325 0.98798293
v -1.35331905 0.06691325 0.98798293
v -1.35331905 0.06691325 0.98798293
v -1.35511804 0.00001268 0.98798293
v -1.35511804 0.00001268 0.98798293
v -1.35511804 0.00001268 0.98798293
v -1.34759462 0.02244253 0.94356218
v -1.34759462 0.02244253 0.94356218
v -1.34759462 0.02244253 0.94356218
v -1.34759462 0.02244253 0.94356218
v -1.34759462 0.02244253 0.94356218
v -1.34759462 0.02244253 0.94356218
v -1.34759462 0.02244253 0.94356218
v -1.34759462 0.02244253 0.94356218
v -1.34747183 0.00001268 0.94356218
v -1.34747183 0.00001268 0.94356218
v -1.34747183 0.00001268 0.94356218
v -1.34747183 0.00001268 0.94356218
v -1.15713418 0.00001268 0.25607592
v -1.15713418 0.00001268 0.25607592
v -1.15713418 0.00001268 0.25607592
v -1.07098126 0.44147858 0.25607592
v -1.07098126 0.44147858 0.25607592
v -1.07098126 0.44147858 0.25607592
v -1.07098126 0.44147858 0.25607592
v -1.33953941 0.15585469 1.01782694
v -1.33953941 0.15585469 1.01782694
v -1.33953941 0.15585469 1.01782694
v -1.33953941 0.15585469 1.01782694
v -1.33953941 0.15585469 1.01782694
v -1.33520520 0.22798455 1.01199624
v -1.33520520 0.22798455 1.01199624
v -1.33520520 0.22798455 1.01199624
v -1.33520520 0.22798455 1.01199624
v -1.33520520 0.22798455 1.01199624
v -1.33520520 0.22798455 1.01199624
v -1.33520520 0.22798455 1.01199624
v -1.33520520 0.22798455 1.01199624
v -1.33520520 0.22798455 1.01199624
v -1.33520520 0.22798455 1.01199624
v -1.33520520 0.22798455 1.01199624
v -1.33716798 0.20032541 1.01483488
v -1.33716798 0.20032541 1.01483488
v -1.33716798 0.20032541 1.01483488
v -1.33716798 0.20032541 1.01483488
v -1.33716798 0.20032541 1.01483488
v -1.33716798 0.20032541 1.01483488
v -1.29100430 0.40569454 1.01245654
v -1.29100430 0.40569454 1.01245654
v -1.29100430 0.40569454 1.01245654
v -1.29100430 0.40569454 1.01245654
v -1.29100430 0.40569454 1.01245654
v -1.29100430 0.40569454 1.01245654
v -1.29100430 0.40569454 1.01245654
v -1.29100430 0.40569454 1.01245654
v -1.29456162 0.37812182 1.01675287
v -1.29456162 0.37812182 1.01675287
v -1.29456162 0.37812182 1.01675287
v -1.29456162 0.37812182 1.01675287
v -1.28258121 0.44147858 0.98798293
v -1.28258121 0.44147858 0.98798293
v -1.28258121 0.44147858 0.98798293
v -1.28258121 0.44147858 0.98798293
v -1.28258121 0.44147858 0.98798293
v -1.34583640 0.15585469 0.98798293
v -1.34583640 0.15585469 0.98798293
v -1.34583640 0.15585469 0.98798293
v -1.34583640 0.15585469 0.98798293
v -1.34583640 0.15585469 0.98798293
v -1.34583640 0.15585469 0.98798293
v -1.33806741 0.20032541 0.95553046
v -1.33806741 0.20032541 0.95553046
v -1.33806741 0.20032541 0.95553046
v -1.33806741 0.20032541 0.95553046
v -1.33806741 0.20032541 0.95553046
v -1.33806741 0.20032541 0.95553046
v -1.33806741 0.20032541 0.95553046
v -1.34031630 0.15585469 0.95008337
v -1.34031630 0.15585469 0.95008337
v -1.34031630 0.15585469 0.95008337
v -1.34031630 0.15585469 0.95008337
v -1.34542727 0.06691325 0.94356218
v -1.34542727 0.06691325 0.94356218
v -1.34542727 0.06691325 0.94356218
v -1.34542727 0.06691325 0.94356218
v -1.34542727 0.06691325 0.94356218
v -1.27563000 0.00001268 0.63230990
v -1.27563000 0.00001268 0.63230990
v -1.27563000 0.00001268 0.63230990
v -1.28981853 0.04785437 0.69782862
v -1.28981853 0.04785437 0.69782862
v -1.28981853 0.04785437 0.69782862
v -1.28981853 0.04785437 0.69782862
v -1.26536691 0.02244253 0.58788913
v -1.26536691 0.02244253 0.58788913
v -1.26536691 0.02244253 0.58788913
v -1.26536691 0.02244253 0.58788913
v -1.26536691 0.02244253 0.58788913
v -1.26536691 0.00001268 0.58788913
v -1.26536691 0.00001268 0.58788913
v -1.26536691 0.00001268 0.58788913
v -1.26536691 0.00001268 0.58788913
v -1.15713418 0.00697070 0.25607592
v -1.15713418 0.00697070 0.25607592
v -1.15713418 0.00697070 0.25607592
v -1.15713418 0.00697070 0.25607592
v -1.15778828 0.00001268 0.25761032
v -1.15778828 0.00001268 0.25761032
v -1.15778828 0.00001268 0.25761032
v -1.15778828 0.00001268 0.25761032
v -1.07789147 0.42259255 0.25607592
v -1.07789147 0.42259255 0.25607592
v -1.07789147 0.42259255 0.25607592
v -1.08799100 0.42259255 0.27656013
v -1.08799100 0.42259255 0.27656013
v -1.08799100 0.42259255 0.27656013
v -1.08799100 0.42259255 0.27656013
v -1.08799100 0.42259255 0.27656013
v -1.08799100 0.42259255 0.27656013
v -1.08799100 0.42259255 0.27656013
v -1.08799100 0.42259255 0.27656013
v -1.08799100 0.42259255 0.27656013
v -1.08799100 0.42259255 0.27656013
v -1.07192171 0.44147858 0.25799394
v -1.07192171 0.44147858 0.25799394
v -1.07192171 0.44147858 0.25799394
v -1.31238914 0.33365113 0.98798293
v -1.31238914 0.33365113 0.98798293
v -1.31238914 0.33365113 0.98798293
v -1.31238914 0.33365113 0.98798293
v -1.31238914 0.33365113 0.98798293
v -1.31238914 0.33365113 0.98798293
v -1.32338822 0.28922361 0.98798293
v -1.32338822 0.28922361 0.98798293
v -1.32338822 0.28922361 0.98798293
v -1.32338822 0.28922361 0.98798293
v -1.33127987 0.25512508 0.98798293
v -1.33127987 0.25512508 0.98798293
v -1.33127987 0.25512508 0.98798293
v -1.33127987 0.25512508 0.98798293
v -1.33626831 0.23291132 0.98798293
v -1.33626831 0.23291132 0.98798293
v -1.33626831 0.23291132 0.98798293
v -1.33626831 0.23291132 0.98798293
v -1.34121585 0.20032541 0.98798293
v -1.34121585 0.20032541 0.98798293
v -1.34121585 0.20032541 0.98798293
v -1.34121585 0.20032541 0.98798293
v -1.28581142 0.43201396 0.98798293
v -1.28581142 0.43201396 0.98798293
v -1.28581142 0.43201396 0.98798293
v -1.28581142 0.43201396 0.98798293
v -1.29219007 0.40975696 0.98798293
v -1.29219007 0.40975696 0.98798293
v -1.29219007 0.40975696 0.98798293
v -1.29219007 0.40975696 0.98798293
v -1.30065405 0.37812182 0.98798293
v -1.30065405 0.37812182 0.98798293
v -1.30065405 0.37812182 0.98798293
v -1.30065405 0.37812182 0.98798293
v -1.29157674 0.40759614 0.96097758
v -1.29157674 0.40759614 0.96097758
v -1.29157674 0.40759614 0.96097758
v -1.29157674 0.40759614 0.96097758
v -1.29157674 0.40759614 0.96097758
v -1.29157674 0.40759614 0.96097758
v -1.29157674 0.40759614 0.96097758
v -1.29157674 0.40759614 0.96097758
v -1.29157674 0.40759614 0.96097758
v -1.29157674 0.40759614 0.96097758
v -1.29157674 0.40759614 0.96097758
v -1.29157674 0.40759614 0.96097758
v -1.29157674 0.40759614 0.96097758
v -1.29157674 0.40759614 0.96097758
v -1.27383089 0.44147858 0.94440609
v -1.27383089 0.44147858 0.94440609
v -1.27383089 0.44147858 0.94440609
v -1.33585942 0.23092332 0.96120772
v -1.33585942 0.23092332 0.96120772
v -1.33585942 0.23092332 0.96120772
v -1.33585942 0.23092332 0.96120772
v -1.33585942 0.23092332 0.96120772
v -1.33585942 0.23092332 0.96120772
v -1.33585942 0.23092332 0.96120772
v -1.33585942 0.23092332 0.96120772
v -1.33585942 0.23092332 0.96120772
v -1.33585942 0.23092332 0.96120772
v -1.33585942 0.23092332 0.96120772
v -1.33585942 0.23092332 0.96120772
v -1.33585942 0.23092332 0.96120772
v -1.27595723 0.15585469 0.67673066
v -1.27595723 0.15585469 0.67673066
v -1.27595723 0.15585469 0.67673066
v -1.27595723 0.15585469 0.67673066
v -1.26303625 0.06691325 0.58788913
v -1.26303625 0.06691325 0.58788913
v -1.26303625 0.06691325 0.58788913
v -1.26303625 0.06691325 0.58788913
v -1.26303625 0.06691325 0.58788913
v -1.26303625 0.06691325 0.58788913
v -1.26303625 0.06691325 0.58788913
v -1.26303625 0.06691325 0.58788913
v -1.26303625 0.06691325 0.58788913
v -1.26303625 0.06691325 0.58788913
v -1.26303625 0.06691325 0.58788913
v -1.26303625 0.06691325 0.58788913
v -1.24594474 0.18372993 0.56257159
v -1.24594474 0.18372993 0.56257159
v -1.24594474 0.18372993 0.56257159
v -1.24594474 0.18372993 0.56257159
v -1.24594474 0.18372993 0.56257159
v -1.24594474 0.18372993 0.56257159
v -1.24594474 0.18372993 0.56257159
v -1.24594474 0.18372993 0.56257159
v -1.24594474 0.18372993 0.56257159
v -1.24594474 0.18372993 0.56257159
v -1.24594474 0.18372993 0.56257159
v -1.24594474 0.18372993 0.56257159
v -1.25428617 0.02244253 0.54339164
v -1.25428617 0.02244253 0.54339164
v -1.25428617 0.02244253 0.54339164
v -1.25428617 0.02244253 0.54339164
v -1.25428617 0.02244253 0.54339164
v -1.25428617 0.02244253 0.54339164
v -1.25428617 0.00001268 0.54339164
v -1.25428617 0.00001268 0.54339164
v -1.25428617 0.00001268 0.54339164
v -1.15639818 0.03406800 0.25607592
v -1.15639818 0.03406800 0.25607592
v -1.15639818 0.03406800 0.25607592
v -1.15639818 0.03406800 0.25607592
v -1.16392159 0.02105956 0.27249396
v -1.16392159 0.02105956 0.27249396
v -1.16392159 0.02105956 0.27249396
v -1.16392159 0.02105956 0.27249396
v -1.16392159 0.02105956 0.27249396
v -1.16392159 0.02105956 0.27249396
v -1.16392159 0.02105956 0.27249396
v -1.16392159 0.00001268 0.27241726
v -1.16392159 0.00001268 0.27241726
v -1.16392159 0.00001268 0.27241726
v -1.08304346 0.40789860 0.25607592
v -1.08304346 0.40789860 0.25607592
v -1.08304346 0.40789860 0.25607592
v -1.08304346 0.40789860 0.25607592
v -1.07339370 0.44147858 0.26129287
v -1.07339370 0.44147858 0.26129287
v -1.07339370 0.44147858 0.26129287
v -1.10344708 0.37924549 0.27709717
v -1.10344708 0.37924549 0.27709717
v -1.10344708 0.37924549 0.27709717
v -1.10344708 0.37924549 0.27709717
v -1.10344708 0.37924549 0.27709717
v -1.10344708 0.37924549 0.27709717
v -1.10344708 0.37924549 0.27709717
v -1.11003006 0.39484701 0.30325860
v -1.11003006 0.39484701 0.30325860
v -1.11003006 0.39484701 0.30325860
v -1.11003006 0.39484701 0.30325860
v -1.11003006 0.39484701 0.30325860
v -1.11003006 0.39484701 0.30325860
v -1.11003006 0.39484701 0.30325860
v -1.10532784 0.42462376 0.31929307
v -1.10532784 0.42462376 0.31929307
v -1.10532784 0.42462376 0.31929307
v -1.10532784 0.42462376 0.31929307
v -1.10532784 0.42462376 0.31929307
v -1.10532784 0.42462376 0.31929307
v -1.10532784 0.42462376 0.31929307
v -1.09109855 0.44147858 0.30233797
v -1.09109855 0.44147858 0.30233797
v -1.09109855 0.44147858 0.30233797
v -1.09109855 0.44147858 0.30233797
v -1.08083546 0.44147858 0.27824795
v -1.08083546 0.44147858 0.27824795
v -1.08083546 0.44147858 0.27824795
v -1.20497406 0.44147858 0.65663008
v -1.20497406 0.44147858 0.65663008
v -1.20497406 0.44147858 0.65663008
v -1.20497406 0.44147858 0.65663008
v -1.20497406 0.44147858 0.65663008
v -1.21576869 0.42259255 0.67673066
v -1.21576869 0.42259255 0.67673066
v -1.21576869 0.42259255 0.67673066
v -1.20550561 0.42142570 0.63438134
v -1.20550561 0.42142570 0.63438134
v -1.20550561 0.42142570 0.63438134
v -1.20550561 0.42142570 0.63438134
v -1.20550561 0.42142570 0.63438134
v -1.20550561 0.42142570 0.63438134
v -1.20550561 0.42142570 0.63438134
v -1.20550561 0.42142570 0.63438134
v -1.21769059 0.37812182 0.63230990
v -1.21769059 0.37812182 0.63230990
v -1.21769059 0.37812182 0.63230990
v -1.21769059 0.37812182 0.63230990
v -1.21769059 0.37812182 0.63230990
v -1.21769059 0.37812182 0.63230990
v -1.22991633 0.33365113 0.63230990
v -1.22991633 0.33365113 0.63230990
v -1.22991633 0.33365113 0.63230990
v -1.22991633 0.33365113 0.63230990
v -1.22991633 0.33365113 0.63230990
v -1.24067008 0.29052013 0.63077550
v -1.24067008 0.29052013 0.63077550
v -1.24067008 0.29052013 0.63077550
v -1.24067008 0.29052013 0.63077550
v -1.24394119 0.26221275 0.61497123
v -1.24394119 0.26221275 0.61497123
v -1.24394119 0.26221275 0.61497123
v -1.24394119 0.26221275 0.61497123
v -1.24394119 0.26221275 0.61497123
v -1.24394119 0.26221275 0.61497123
v -1.24753940 0.23256560 0.60062461
v -1.24753940 0.23256560 0.60062461
v -1.24753940 0.23256560 0.60062461
v -1.24753940 0.23256560 0.60062461
v -1.24753940 0.23256560 0.60062461
v -1.24369586 0.21337706 0.57101077
v -1.24369586 0.21337706 0.57101077
v -1.24369586 0.21337706 0.57101077
v -1.24369586 0.21337706 0.57101077
v -1.24369586 0.21337706 0.57101077
v -1.24369586 0.21337706 0.57101077
v -1.24369586 0.21337706 0.57101077
v -1.24369586 0.21337706 0.57101077
v -1.24970651 0.19924496 0.58658489
v -1.24970651 0.19924496 0.58658489
v -1.24970651 0.19924496 0.58658489
v -1.25469494 0.15585469 0.58788913
v -1.25469494 0.15585469 0.58788913
v -1.25469494 0.15585469 0.58788913
v -1.24721229 0.15585469 0.55727792
v -1.24721229 0.15585469 0.55727792
v -1.24721229 0.15585469 0.55727792
v -1.24721229 0.15585469 0.55727792
v -1.25076962 0.06881481 0.53986253
v -1.25076962 0.06881481 0.53986253
v -1.25076962 0.06881481 0.53986253
v -1.25076962 0.06881481 0.53986253
v -1.25076962 0.06881481 0.53986253
v -1.24614918 0.05528776 0.51784394
v -1.24614918 0.05528776 0.51784394
v -1.24614918 0.05528776 0.51784394
v -1.24614918 0.05528776 0.51784394
v -1.24614918 0.05528776 0.51784394
v -1.24614918 0.05528776 0.51784394
v -1.24614918 0.05528776 0.51784394
v -1.24614918 0.05528776 0.51784394
v -1.23903453 0.19924496 0.54600011
v -1.23903453 0.19924496 0.54600011
v -1.23903453 0.19924496 0.54600011
v -1.22590923 0.20032541 0.49889415
v -1.22590923 0.20032541 0.49889415
v -1.22590923 0.20032541 0.49889415
v -1.22590923 0.20032541 0.49889415
v -1.22590923 0.20032541 0.49889415
v -1.22590923 0.20032541 0.49889415
v -1.22590923 0.20032541 0.49889415
v -1.23200166 0.15585469 0.49889415
v -1.23200166 0.15585469 0.49889415
v -1.23200166 0.15585469 0.49889415
v -1.23200166 0.15585469 0.49889415
v -1.23200166 0.15585469 0.49889415
v -1.24144697 0.15585469 0.53502918
v -1.24144697 0.15585469 0.53502918
v -1.24144697 0.15585469 0.53502918
v -1.24144697 0.15585469 0.53502918
v -1.24144697 0.15585469 0.53502918
v -1.24676251 0.02244253 0.51577250
v -1.24676251 0.02244253 0.51577250
v -1.24676251 0.02244253 0.51577250
v -1.24676251 0.02244253 0.51577250
v -1.24676251 0.02244253 0.51577250
v -1.24680340 0.00001268 0.51561906
v -1.24680340 0.00001268 0.51561906
v -1.24680340 0.00001268 0.51561906
v -1.24680340 0.00001268 0.51561906
v -1.15627551 0.03635853 0.25607592
v -1.15627551 0.03635853 0.25607592
v -1.15627551 0.03635853 0.25607592
v -1.15627551 0.03635853 0.25607592
v -1.16461670 0.06691325 0.27932204
v -1.16461670 0.06691325 0.27932204
v -1.16461670 0.06691325 0.27932204
v -1.16461670 0.06691325 0.27932204
v -1.16461670 0.06691325 0.27932204
v -1.16461670 0.06691325 0.27932204
v -1.16461670 0.06691325 0.27932204
v -1.17365324 0.00001268 0.29620041
v -1.17365324 0.00001268 0.29620041
v -1.17365324 0.00001268 0.29620041
v -1.17365324 0.00001268 0.29620041
v -1.18375278 0.02244253 0.32105763
v -1.18375278 0.02244253 0.32105763
v -1.18375278 0.02244253 0.32105763
v -1.18375278 0.02244253 0.32105763
v -1.18375278 0.02244253 0.32105763
v -1.18375278 0.02244253 0.32105763
v -1.18375278 0.02244253 0.32105763
v -1.09265232 0.37877008 0.25607592
v -1.09265232 0.37877008 0.25607592
v -1.09265232 0.37877008 0.25607592
v -1.10222030 0.34964159 0.25607592
v -1.10222030 0.34964159 0.25607592
v -1.10222030 0.34964159 0.25607592
v -1.10222030 0.34964159 0.25607592
v -1.10802650 0.34242427 0.26267385
v -1.10802650 0.34242427 0.26267385
v -1.10802650 0.34242427 0.26267385
v -1.10802650 0.34242427 0.26267385
v -1.10802650 0.34242427 0.26267385
v -1.11460972 0.36519983 0.29228771
v -1.11460972 0.36519983 0.29228771
v -1.11460972 0.36519983 0.29228771
v -1.11460972 0.36519983 0.29228771
v -1.11460972 0.36519983 0.29228771
v -1.11460972 0.36519983 0.29228771
v -1.12098837 0.37924549 0.31929307
v -1.12098837 0.37924549 0.31929307
v -1.12098837 0.37924549 0.31929307
v -1.12098837 0.37924549 0.31929307
v -1.12098837 0.37924549 0.31929307
v -1.13848877 0.37812182 0.36555512
v -1.13848877 0.37812182 0.36555512
v -1.13848877 0.37812182 0.36555512
v -1.13848877 0.37812182 0.36555512
v -1.13848877 0.37812182 0.36555512
v -1.13848877 0.37812182 0.36555512
v -1.13848877 0.37812182 0.36555512
v -1.13848877 0.37812182 0.36555512
v -1.11567283 0.41113997 0.33294919
v -1.11567283 0.41113997 0.33294919
v -1.11567283 0.41113997 0.33294919
v -1.11567283 0.41113997 0.33294919
v -1.11567283 0.41113997 0.33294919
v -1.11567283 0.41113997 0.33294919
v -1.11019361 0.44078711 0.34744926
v -1.11019361 0.44078711 0.34744926
v -1.11019361 0.44078711 0.34744926
v -1.11019361 0.44078711 0.34744926
v -1.11019361 0.44078711 0.34744926
v -1.11019361 0.44078711 0.34744926
v -1.10962117 0.44147858 0.34675874
v -1.10962117 0.44147858 0.34675874
v -1.10962117 0.44147858 0.34675874
v -1.10962117 0.44147858 0.34675874
v -1.09849942 0.44147858 0.31998354
v -1.09849942 0.44147858 0.31998354
v -1.09849942 0.44147858 0.31998354
v -1.20252073 0.44147858 0.64696339
v -1.20252073 0.44147858 0.64696339
v -1.20252073 0.44147858 0.64696339
v -1.19974029 0.44147858 0.63614589
v -1.19974029 0.44147858 0.63614589
v -1.19974029 0.44147858 0.63614589
v -1.19974029 0.44147858 0.63614589
v -1.19769585 0.43542811 0.62095536
v -1.19769585 0.43542811 0.62095536
v -1.19769585 0.43542811 0.62095536
v -1.19769585 0.43542811 0.62095536
v -1.19769585 0.43542811 0.62095536
v -1.19769585 0.43542811 0.62095536
v -1.20227540 0.40578097 0.60407700
v -1.20227540 0.40578097 0.60407700
v -1.20227540 0.40578097 0.60407700
v -1.20227540 0.40578097 0.60407700
v -1.20227540 0.40578097 0.60407700
v -1.20227540 0.40578097 0.60407700
v -1.20636439 0.37777609 0.58865633
v -1.20636439 0.37777609 0.58865633
v -1.20636439 0.37777609 0.58865633
v -1.20636439 0.37777609 0.58865633
v -1.20636439 0.37777609 0.58865633
v -1.21842659 0.33365113 0.58788913
v -1.21842659 0.33365113 0.58788913
v -1.21842659 0.33365113 0.58788913
v -1.21842659 0.33365113 0.58788913
v -1.21842659 0.33365113 0.58788913
v -1.21842659 0.33365113 0.58788913
v -1.21842659 0.33365113 0.58788913
v -1.21842659 0.33365113 0.58788913
v -1.23003900 0.28922361 0.58788913
v -1.23003900 0.28922361 0.58788913
v -1.23003900 0.28922361 0.58788913
v -1.23003900 0.28922361 0.58788913
v -1.23003900 0.28922361 0.58788913
v -1.23003900 0.28922361 0.58788913
v -1.24054742 0.24630873 0.58658489
v -1.24054742 0.24630873 0.58658489
v -1.24054742 0.24630873 0.58658489
v -1.24054742 0.24630873 0.58658489
v -1.24054742 0.24630873 0.58658489
v -1.22930300 0.24475290 0.54339164
v -1.22930300 0.24475290 0.54339164
v -1.22930300 0.24475290 0.54339164
v -1.22930300 0.24475290 0.54339164
v -1.22930300 0.24475290 0.54339164
v -1.22930300 0.24475290 0.54339164
v -1.21687269 0.24475290 0.49889415
v -1.21687269 0.24475290 0.49889415
v -1.21687269 0.24475290 0.49889415
v -1.21687269 0.24475290 0.49889415
v -1.21687269 0.24475290 0.49889415
v -1.21687269 0.24475290 0.49889415
v -1.21687269 0.24475290 0.49889415
v -1.24357319 0.11138396 0.52735719
v -1.23617232 0.11138396 0.49889415
v -1.23617232 0.11138396 0.49889415
v -1.23617232 0.11138396 0.49889415
v -1.23617232 0.11138396 0.49889415
v -1.23617232 0.11138396 0.49889415
v -1.23617232 0.11138396 0.49889415
v -1.22321057 0.11138396 0.45447337
v -1.22321057 0.11138396 0.45447337
v -1.22321057 0.11138396 0.45447337
v -1.22321057 0.11138396 0.45447337
v -1.22321057 0.11138396 0.45447337
v -1.22321057 0.11138396 0.45447337
v -1.22321057 0.11138396 0.45447337
v -1.22631812 0.06691325 0.45447337
v -1.22631812 0.06691325 0.45447337
v -1.22631812 0.06691325 0.45447337
v -1.22631812 0.06691325 0.45447337
v -1.21486914 0.02244253 0.40997589
v -1.21486914 0.02244253 0.40997589
v -1.21486914 0.02244253 0.40997589
v -1.21486914 0.02244253 0.40997589
v -1.21486914 0.02244253 0.40997589
v -1.21486914 0.02244253 0.40997589
v -1.20133495 0.22517541 0.43015319
v -1.20133495 0.22517541 0.43015319
v -1.20133495 0.22517541 0.43015319
v -1.20133495 0.22517541 0.43015319
v -1.20133495 0.22517541 0.43015319
v -1.20133495 0.22517541 0.43015319
v -1.20133495 0.22517541 0.43015319
v -1.20133495 0.22517541 0.43015319
v -1.20133495 0.22517541 0.43015319
v -1.20133495 0.22517541 0.43015319
v -1.20133495 0.22517541 0.43015319
v -1.20133495 0.22517541 0.43015319
v -1.21302927 0.20032541 0.45447337
v -1.21302927 0.20032541 0.45447337
v -1.21302927 0.20032541 0.45447337
v -1.21302927 0.20032541 0.45447337
v -1.21912169 0.15585469 0.45447337
v -1.21912169 0.15585469 0.45447337
v -1.21912169 0.15585469 0.45447337
v -1.21912169 0.15585469 0.45447337
v -1.21912169 0.15585469 0.45447337
v -1.21912169 0.15585469 0.45447337
v -1.21912169 0.15585469 0.45447337
v -1.21499193 0.00001268 0.40997589
v -1.21499193 0.00001268 0.40997589
v -1.21499193 0.00001268 0.40997589
v -1.21499193 0.00001268 0.40997589
v -1.21499193 0.00001268 0.40997589
v -1.15496707 0.06691325 0.25707328
v -1.15496707 0.06691325 0.25707328
v -1.15496707 0.06691325 0.25707328
v -1.15496707 0.06691325 0.25707328
v -1.15496707 0.06691325 0.25707328
v -1.15496707 0.06691325 0.25707328
v -1.15496707 0.06691325 0.25707328
v -1.15541673 0.05118210 0.25607592
v -1.15541673 0.05118210 0.25607592
v -1.15541673 0.05118210 0.25607592
v -1.18154478 0.06691325 0.32105763
v -1.18154478 0.06691325 0.32105763
v -1.18154478 0.06691325 0.32105763
v -1.18154478 0.06691325 0.32105763
v -1.18154478 0.06691325 0.32105763
v -1.18154478 0.06691325 0.32105763
v -1.16281760 0.11138396 0.28338817
v -1.16281760 0.11138396 0.28338817
v -1.16281760 0.11138396 0.28338817
v -1.16281760 0.11138396 0.28338817
v -1.16281760 0.11138396 0.28338817
v -1.16281760 0.11138396 0.28338817
v -1.18379366 0.00001268 0.32105763
v -1.18379366 0.00001268 0.32105763
v -1.18379366 0.00001268 0.32105763
v -1.19017231 0.00001268 0.33801271
v -1.19017231 0.00001268 0.33801271
v -1.19017231 0.00001268 0.33801271
v -1.19017231 0.00001268 0.33801271
v -1.19638741 0.02244253 0.35496777
v -1.19638741 0.02244253 0.35496777
v -1.19638741 0.02244253 0.35496777
v -1.19638741 0.02244253 0.35496777
v -1.19638741 0.02244253 0.35496777
v -1.19638741 0.02244253 0.35496777
v -1.11268795 0.31450582 0.25607592
v -1.11268795 0.31450582 0.25607592
v -1.11268795 0.31450582 0.25607592
v -1.11268795 0.31450582 0.25607592
v -1.11779904 0.33002087 0.27709717
v -1.11779904 0.33002087 0.27709717
v -1.11779904 0.33002087 0.27709717
v -1.11779904 0.33002087 0.27709717
v -1.11779904 0.33002087 0.27709717
v -1.11779904 0.33002087 0.27709717
v -1.13489056 0.33365113 0.32105763
v -1.13489056 0.33365113 0.32105763
v -1.13489056 0.33365113 0.32105763
v -1.13489056 0.33365113 0.32105763
v -1.13489056 0.33365113 0.32105763
v -1.13489056 0.33365113 0.32105763
v -1.13489056 0.33365113 0.32105763
v -1.13489056 0.33365113 0.32105763
v -1.15051007 0.33602807 0.36486463
v -1.15051007 0.33602807 0.36486463
v -1.15051007 0.33602807 0.36486463
v -1.15051007 0.33602807 0.36486463
v -1.15051007 0.33602807 0.36486463
v -1.15051007 0.33602807 0.36486463
v -1.15521228 0.35245070 0.39048906
v -1.15521228 0.35245070 0.39048906
v -1.15521228 0.35245070 0.39048906
v -1.15521228 0.35245070 0.39048906
v -1.15521228 0.35245070 0.39048906
v -1.15521228 0.35245070 0.39048906
v -1.15198207 0.38170889 0.40721397
v -1.15198207 0.38170889 0.40721397
v -1.15198207 0.38170889 0.40721397
v -1.15198207 0.38170889 0.40721397
v -1.15570307 0.39890942 0.43375902
v -1.15570307 0.39890942 0.43375902
v -1.15570307 0.39890942 0.43375902
v -1.15570307 0.39890942 0.43375902
v -1.15570307 0.39890942 0.43375902
v -1.15570307 0.39890942 0.43375902
v -1.15570307 0.39890942 0.43375902
v -1.15570307 0.39890942 0.43375902
v -1.15570307 0.39890942 0.43375902
v -1.13934743 0.42259255 0.40997589
v -1.13934743 0.42259255 0.40997589
v -1.13934743 0.42259255 0.40997589
v -1.13934743 0.42259255 0.40997589
v -1.13934743 0.42259255 0.40997589
v -1.13934743 0.42259255 0.40997589
v -1.13934743 0.42259255 0.40997589
v -1.13934743 0.42259255 0.40997589
v -1.13934743 0.42259255 0.40997589
v -1.12201059 0.42462376 0.36356041
v -1.12201059 0.42462376 0.36356041
v -1.12201059 0.42462376 0.36356041
v -1.11047995 0.44147858 0.34898362
v -1.11047995 0.44147858 0.34898362
v -1.11047995 0.44147858 0.34898362
v -1.11047995 0.44147858 0.34898362
v -1.15570307 0.44147858 0.48040466
v -1.15570307 0.44147858 0.48040466
v -1.15570307 0.44147858 0.48040466
v -1.15570307 0.44147858 0.48040466
v -1.15570307 0.44147858 0.48040466
v -1.15570307 0.44147858 0.48040466
v -1.15570307 0.44147858 0.48040466
v -1.18027723 0.42259255 0.54339164
v -1.18027723 0.42259255 0.54339164
v -1.18027723 0.42259255 0.54339164
v -1.18027723 0.42259255 0.54339164
v -1.18027723 0.42259255 0.54339164
v -1.18027723 0.42259255 0.54339164
v -1.18027723 0.42259255 0.54339164
v -1.19327986 0.42142570 0.58865633
v -1.19327986 0.42142570 0.58865633
v -1.19327986 0.42142570 0.58865633
v -1.19327986 0.42142570 0.58865633
v -1.19826829 0.39234036 0.57438644
v -1.19826829 0.39234036 0.57438644
v -1.19826829 0.39234036 0.57438644
v -1.19826829 0.39234036 0.57438644
v -1.19826829 0.39234036 0.57438644
v -1.19826829 0.39234036 0.57438644
v -1.20260251 0.36269322 0.55842872
v -1.20260251 0.36269322 0.55842872
v -1.20260251 0.36269322 0.55842872
v -1.20260251 0.36269322 0.55842872
v -1.20260251 0.36269322 0.55842872
v -1.19855452 0.34808576 0.52873815
v -1.19855452 0.34808576 0.52873815
v -1.19855452 0.34808576 0.52873815
v -1.19855452 0.34808576 0.52873815
v -1.19855452 0.34808576 0.52873815
v -1.19855452 0.34808576 0.52873815
v -1.19855452 0.34808576 0.52873815
v -1.20648694 0.33343506 0.54346836
v -1.20648694 0.33343506 0.54346836
v -1.20648694 0.33343506 0.54346836
v -1.20648694 0.33343506 0.54346836
v -1.21805859 0.28922361 0.54339164
v -1.21805859 0.28922361 0.54339164
v -1.21805859 0.28922361 0.54339164
v -1.21805859 0.28922361 0.54339164
v -1.21805859 0.28922361 0.54339164
v -1.21805859 0.28922361 0.54339164
v -1.21805859 0.28922361 0.54339164
v -1.20607805 0.28827283 0.49935447
v -1.20607805 0.28827283 0.49935447
v -1.20607805 0.28827283 0.49935447
v -1.20607805 0.28827283 0.49935447
v -1.20607805 0.28827283 0.49935447
v -1.20607805 0.28827283 0.49935447
v -1.20215273 0.27284423 0.47188877
v -1.20215273 0.27284423 0.47188877
v -1.20215273 0.27284423 0.47188877
v -1.20215273 0.27284423 0.47188877
v -1.20215273 0.27284423 0.47188877
v -1.20215273 0.27284423 0.47188877
v -1.20215273 0.27284423 0.47188877
v -1.20215273 0.27284423 0.47188877
v -1.20501494 0.24190055 0.45600777
v -1.20501494 0.24190055 0.45600777
v -1.20501494 0.24190055 0.45600777
v -1.21270204 0.06691325 0.40997589
v -1.21270204 0.06691325 0.40997589
v -1.21270204 0.06691325 0.40997589
v -1.21270204 0.06691325 0.40997589
v -1.21270204 0.06691325 0.40997589
v -1.21270204 0.06691325 0.40997589
v -1.20051718 0.13225797 0.38811074
v -1.20051718 0.13225797 0.38811074
v -1.20051718 0.13225797 0.38811074
v -1.20051718 0.13225797 0.38811074
v -1.20051718 0.13225797 0.38811074
v -1.20051718 0.13225797 0.38811074
v -1.20051718 0.13225797 0.38811074
v -1.20182574 0.10261083 0.38442819
v -1.20182574 0.10261083 0.38442819
v -1.20182574 0.10261083 0.38442819
v -1.20182574 0.10261083 0.38442819
v -1.20182574 0.10261083 0.38442819
v -1.20182574 0.10261083 0.38442819
v -1.20440161 0.02244253 0.37713982
v -1.20440161 0.02244253 0.37713982
v -1.20440161 0.02244253 0.37713982
v -1.20440161 0.02244253 0.37713982
v -1.20440161 0.02244253 0.37713982
v -1.20440161 0.02244253 0.37713982
v -1.20440161 0.02244253 0.37713982
v -1.20440161 0.02244253 0.37713982
v -1.20440161 0.02244253 0.37713982
v -1.17835546 0.28922361 0.40997589
v -1.17835546 0.28922361 0.40997589
v -1.17835546 0.28922361 0.40997589
v -1.17835546 0.28922361 0.40997589
v -1.17835546 0.28922361 0.40997589
v -1.17835546 0.28922361 0.40997589
v -1.17835546 0.28922361 0.40997589
v -1.19152164 0.24190055 0.41319812
v -1.19152164 0.24190055 0.41319812
v -1.19152164 0.24190055 0.41319812
v -1.17451191 0.24475290 0.36555512
v -1.17451191 0.24475290 0.36555512
v -1.17451191 0.24475290 0.36555512
v -1.17451191 0.24475290 0.36555512
v -1.17451191 0.24475290 0.36555512
v -1.17451191 0.24475290 0.36555512
v -1.17451191 0.24475290 0.36555512
v -1.17451191 0.24475290 0.36555512
v -1.17451191 0.24475290 0.36555512
v -1.18391633 0.20032541 0.36555512
v -1.18391633 0.20032541 0.36555512
v -1.18391633 0.20032541 0.36555512
v -1.18391633 0.20032541 0.36555512
v -1.18391633 0.20032541 0.36555512
v -1.18391633 0.20032541 0.36555512
v -1.18391633 0.20032541 0.36555512
v -1.18391633 0.20032541 0.36555512
v -1.19614208 0.20032541 0.40138327
v -1.19614208 0.20032541 0.40138327
v -1.19614208 0.20032541 0.40138327
v -1.19614208 0.20032541 0.40138327
v -1.20346129 0.20032541 0.42363201
v -1.20346129 0.20032541 0.42363201
v -1.20346129 0.20032541 0.42363201
v -1.20346129 0.20032541 0.42363201
v -1.20346129 0.20032541 0.42363201
v -1.20346129 0.20032541 0.42363201
v -1.19753242 0.25482255 0.44219820
v -1.19753242 0.25482255 0.44219820
v -1.19753242 0.25482255 0.44219820
v -1.19753242 0.25482255 0.44219820
v -1.19753242 0.25482255 0.44219820
v -1.20632339 0.15585469 0.41434892
v -1.20632339 0.15585469 0.41434892
v -1.20632339 0.15585469 0.41434892
v -1.20632339 0.15585469 0.41434892
v -1.20979905 0.00001268 0.39371128
v -1.20979905 0.00001268 0.39371128
v -1.20979905 0.00001268 0.39371128
v -1.15312696 0.11138396 0.26113945
v -1.15312696 0.11138396 0.26113945
v -1.15312696 0.11138396 0.26113945
v -1.15312696 0.11138396 0.26113945
v -1.15312696 0.11138396 0.26113945
v -1.15312696 0.11138396 0.26113945
v -1.15312696 0.11138396 0.26113945
v -1.15034652 0.11138396 0.25607592
v -1.15034652 0.11138396 0.25607592
v -1.15034652 0.11138396 0.25607592
v -1.15034652 0.11138396 0.25607592
v -1.15423095 0.06877159 0.25607592
v -1.15423095 0.06877159 0.25607592
v -1.15423095 0.06877159 0.25607592
v -1.17790568 0.11138396 0.32105763
v -1.17790568 0.11138396 0.32105763
v -1.17790568 0.11138396 0.32105763
v -1.17790568 0.11138396 0.32105763
v -1.17790568 0.11138396 0.32105763
v -1.17790568 0.11138396 0.32105763
v -1.19528341 0.06691325 0.35811330
v -1.19528341 0.06691325 0.35811330
v -1.19528341 0.06691325 0.35811330
v -1.19528341 0.06691325 0.35811330
v -1.19528341 0.06691325 0.35811330
v -1.19528341 0.06691325 0.35811330
v -1.19528341 0.06691325 0.35811330
v -1.16065049 0.15585469 0.28845169
v -1.16065049 0.15585469 0.28845169
v -1.16065049 0.15585469 0.28845169
v -1.16065049 0.15585469 0.28845169
v -1.16065049 0.15585469 0.28845169
v -1.16065049 0.15585469 0.28845169
v -1.19642830 0.00001268 0.35481434
v -1.19642830 0.00001268 0.35481434
v -1.19642830 0.00001268 0.35481434
v -1.19642830 0.00001268 0.35481434
v -1.11379182 0.31035694 0.25607592
v -1.11379182 0.31035694 0.25607592
v -1.11379182 0.31035694 0.25607592
v -1.11379182 0.31035694 0.25607592
v -1.11379182 0.31035694 0.25607592
v -1.12834835 0.28922361 0.27656013
v -1.12834835 0.28922361 0.27656013
v -1.12834835 0.28922361 0.27656013
v -1.12834835 0.28922361 0.27656013
v -1.12834835 0.28922361 0.27656013
v -1.12834835 0.28922361 0.27656013
v -1.15279996 0.24475290 0.30763166
v -1.15279996 0.24475290 0.30763166
v -1.15279996 0.24475290 0.30763166
v -1.15279996 0.24475290 0.30763166
v -1.15279996 0.24475290 0.30763166
v -1.14756608 0.28827283 0.32305235
v -1.14756608 0.28827283 0.32305235
v -1.14756608 0.28827283 0.32305235
v -1.14756608 0.28827283 0.32305235
v -1.14756608 0.28827283 0.32305235
v -1.15386295 0.30249137 0.34967412
v -1.15386295 0.30249137 0.34967412
v -1.15386295 0.30249137 0.34967412
v -1.15386295 0.30249137 0.34967412
v -1.15386295 0.30249137 0.34967412
v -1.15386295 0.30249137 0.34967412
v -1.15921938 0.32280356 0.37928796
v -1.15921938 0.32280356 0.37928796
v -1.15921938 0.32280356 0.37928796
v -1.15921938 0.32280356 0.37928796
v -1.15921938 0.32280356 0.37928796
v -1.15921938 0.32280356 0.37928796
v -1.15921938 0.32280356 0.37928796
v -1.16518927 0.33602807 0.40721397
v -1.16518927 0.33602807 0.40721397
v -1.16518927 0.33602807 0.40721397
v -1.16518927 0.33602807 0.40721397
v -1.16518927 0.33602807 0.40721397
v -1.16028249 0.36926231 0.42017963
v -1.16028249 0.36926231 0.42017963
v -1.16028249 0.36926231 0.42017963
v -1.16028249 0.36926231 0.42017963
v -1.16028249 0.36926231 0.42017963
v -1.16028249 0.36926231 0.42017963
v -1.16621149 0.38170889 0.45094427
v -1.16621149 0.38170889 0.45094427
v -1.16621149 0.38170889 0.45094427
v -1.16621149 0.38170889 0.45094427
v -1.16621149 0.38170889 0.45094427
v -1.16020083 0.41256613 0.46337288
v -1.16020083 0.41256613 0.46337288
v -1.16020083 0.41256613 0.46337288
v -1.16020083 0.41256613 0.46337288
v -1.16020083 0.41256613 0.46337288
v -1.15508962 0.44147858 0.47840996
v -1.15508962 0.44147858 0.47840996
v -1.15508962 0.44147858 0.47840996
v -1.15508962 0.44147858 0.47840996
v -1.15508962 0.44147858 0.47840996
v -1.15198207 0.42548811 0.45094427
v -1.15198207 0.42548811 0.45094427
v -1.15198207 0.42548811 0.45094427
v -1.12491369 0.44147858 0.38995200
v -1.12491369 0.44147858 0.38995200
v -1.12491369 0.44147858 0.38995200
v -1.16572070 0.42548811 0.49628567
v -1.16572070 0.42548811 0.49628567
v -1.16572070 0.42548811 0.49628567
v -1.16572070 0.42548811 0.49628567
v -1.18142211 0.37812182 0.49889415
v -1.18142211 0.37812182 0.49889415
v -1.18142211 0.37812182 0.49889415
v -1.18142211 0.37812182 0.49889415
v -1.18142211 0.37812182 0.49889415
v -1.18142211 0.37812182 0.49889415
v -1.18142211 0.37812182 0.49889415
v -1.18142211 0.37812182 0.49889415
v -1.19405675 0.37777609 0.54346836
v -1.19405675 0.37777609 0.54346836
v -1.19405675 0.37777609 0.54346836
v -1.19405675 0.37777609 0.54346836
v -1.19405675 0.37777609 0.54346836
v -1.19426119 0.33343506 0.49935447
v -1.19426119 0.33343506 0.49935447
v -1.19426119 0.33343506 0.49935447
v -1.19426119 0.33343506 0.49935447
v -1.19426119 0.33343506 0.49935447
v -1.20252073 0.31848180 0.51454499
v -1.20252073 0.31848180 0.51454499
v -1.20252073 0.31848180 0.51454499
v -1.20252073 0.31848180 0.51454499
v -1.20252073 0.31848180 0.51454499
v -1.20252073 0.31848180 0.51454499
v -1.19835007 0.30249137 0.48485442
v -1.19835007 0.30249137 0.48485442
v -1.19835007 0.30249137 0.48485442
v -1.19835007 0.30249137 0.48485442
v -1.19835007 0.30249137 0.48485442
v -1.18097234 0.33365113 0.45447337
v -1.18097234 0.33365113 0.45447337
v -1.18097234 0.33365113 0.45447337
v -1.18097234 0.33365113 0.45447337
v -1.18097234 0.33365113 0.45447337
v -1.18097234 0.33365113 0.45447337
v -1.18097234 0.33365113 0.45447337
v -1.18097234 0.33365113 0.45447337
v -1.18097234 0.33365113 0.45447337
v -1.18097234 0.33365113 0.45447337
v -1.19323897 0.28827283 0.45600777
v -1.19323897 0.28827283 0.45600777
v -1.19323897 0.28827283 0.45600777
v -1.20325673 0.06691325 0.38036205
v -1.20325673 0.06691325 0.38036205
v -1.20325673 0.06691325 0.38036205
v -1.20325673 0.06691325 0.38036205
v -1.19920874 0.15585469 0.39210017
v -1.19920874 0.15585469 0.39210017
v -1.19920874 0.15585469 0.39210017
v -1.19920874 0.15585469 0.39210017
v -1.19920874 0.15585469 0.39210017
v -1.19920874 0.15585469 0.39210017
v -1.19000876 0.15585469 0.36555512
v -1.19000876 0.15585469 0.36555512
v -1.19000876 0.15585469 0.36555512
v -1.19000876 0.15585469 0.36555512
v -1.19000876 0.15585469 0.36555512
v -1.19483364 0.11501423 0.36801015
v -1.19483364 0.11501423 0.36801015
v -1.19483364 0.11501423 0.36801015
v -1.19483364 0.11501423 0.36801015
v -1.19483364 0.11501423 0.36801015
v -1.19483364 0.11501423 0.36801015
v -1.20444250 0.00001268 0.37706308
v -1.20444250 0.00001268 0.37706308
v -1.20444250 0.00001268 0.37706308
v -1.16310394 0.28827283 0.36486463
v -1.16310394 0.28827283 0.36486463
v -1.16310394 0.28827283 0.36486463
v -1.16310394 0.28827283 0.36486463
v -1.15770662 0.27284423 0.33924024
v -1.15770662 0.27284423 0.33924024
v -1.15770662 0.27284423 0.33924024
v -1.15770662 0.27284423 0.33924024
v -1.15770662 0.27284423 0.33924024
v -1.16138649 0.24475290 0.32988039
v -1.16138649 0.24475290 0.32988039
v -1.16138649 0.24475290 0.32988039
v -1.16138649 0.24475290 0.32988039
v -1.16138649 0.24475290 0.32988039
v -1.15578473 0.22037829 0.29980621
v -1.15578473 0.22037829 0.29980621
v -1.15578473 0.22037829 0.29980621
v -1.15578473 0.22037829 0.29980621
v -1.15578473 0.22037829 0.29980621
v -1.15578473 0.22037829 0.29980621
v -1.15578473 0.22037829 0.29980621
v -1.15578473 0.22037829 0.29980621
v -1.15578473 0.22037829 0.29980621
v -1.16551626 0.20343706 0.31722161
v -1.16551626 0.20343706 0.31722161
v -1.16551626 0.20343706 0.31722161
v -1.16551626 0.20343706 0.31722161
v -1.17365324 0.15585469 0.32105763
v -1.17365324 0.15585469 0.32105763
v -1.17365324 0.15585469 0.32105763
v -1.17365324 0.15585469 0.32105763
v -1.17365324 0.15585469 0.32105763
v -1.17365324 0.15585469 0.32105763
v -1.17365324 0.15585469 0.32105763
v -1.15091896 0.15585469 0.26620296
v -1.15091896 0.15585469 0.26620296
v -1.15091896 0.15585469 0.26620296
v -1.15091896 0.15585469 0.26620296
v -1.15091896 0.15585469 0.26620296
v -1.15091896 0.15585469 0.26620296
v -1.14556253 0.15585469 0.25607592
v -1.14556253 0.15585469 0.25607592
v -1.14556253 0.15585469 0.25607592
v -1.14556253 0.15585469 0.25607592
v -1.14956975 0.11924954 0.25607592
v -1.14956975 0.11924954 0.25607592
v -1.14956975 0.11924954 0.25607592
v -1.15836072 0.19073114 0.29374537
v -1.15836072 0.19073114 0.29374537
v -1.15836072 0.19073114 0.29374537
v -1.15836072 0.19073114 0.29374537
v -1.15836072 0.19073114 0.29374537
v -1.15836072 0.19073114 0.29374537
v -1.12188792 0.27699310 0.25607592
v -1.12188792 0.27699310 0.25607592
v -1.12188792 0.27699310 0.25607592
v -1.13971543 0.24475290 0.27656013
v -1.13971543 0.24475290 0.27656013
v -1.13971543 0.24475290 0.27656013
v -1.13971543 0.24475290 0.27656013
v -1.13971543 0.24475290 0.27656013
v -1.13971543 0.24475290 0.27656013
v -1.13971543 0.24475290 0.27656013
v -1.14920163 0.20343706 0.27794106
v -1.14920163 0.20343706 0.27794106
v -1.14920163 0.20343706 0.27794106
v -1.14920163 0.20343706 0.27794106
v -1.14920163 0.20343706 0.27794106
v -1.14920163 0.20343706 0.27794106
v -1.14920163 0.20343706 0.27794106
v -1.14372253 0.16830128 0.25607592
v -1.14372253 0.16830128 0.25607592
v -1.14372253 0.16830128 0.25607592
v -1.14372253 0.16830128 0.25607592
v -1.12949324 0.24475290 0.25607592
v -1.12949324 0.24475290 0.25607592
v -1.12949324 0.24475290 0.25607592
v -1.13341856 0.22642872 0.25607592
v -1.13341856 0.22642872 0.25607592
v -1.13341856 0.22642872 0.25607592
v -1.13341856 0.22642872 0.25607592
v -1.13807988 0.20291844 0.25607592
v -1.13807988 0.20291844 0.25607592
v -1.13807988 0.20291844 0.25607592
vn 0.00000000 -1.00000000 0.00000000
vn 0.03186880 -0.00728846 0.99946549
vn 0.03598758 -0.00811806 0.99931926
vn 0.26991603 -0.05732824 0.96117574
vn -0.03772844 0.00341759 0.99928218
vn -0.45812006 0.00304003 0.88888512
vn -0.46116533 -0.00251961 0.88731065
vn 0.00000000 -1.00000000 0.00000000
vn 0.26991603 -0.05732824 0.96117574
vn 0.34849565 -0.06513059 0.93504480
vn 0.42693164 -0.07630627 0.90105867
vn 0.69813360 -0.13052884 0.70396854
vn 0.03598758 -0.00811806 0.99931926
vn 0.26991603 -0.05732824 0.96117574
vn 0.29902356 -0.00775164 0.95421424
vn 0.34849565 -0.06513059 0.93504480
vn 0.00000000 1.00000000 -0.00000000
vn 0.03186880 -0.00728846 0.99946549
vn 0.03598758 -0.00811806 0.99931926
vn 0.29902356 -0.00775164 0.95421424
vn -0.08737748 0.02751439 0.99579523
vn -0.27571323 0.10549036 0.95543393
vn -0.29180053 0.11734471 0.94925374
vn 0.03186880 -0.00728846 0.99946549
vn -0.03772844 0.00341759 0.99928218
vn -0.08737748 0.02751439 0.99579523
vn -0.10967484 0.01543066 0.99384774
vn -0.16833936 0.02722587 0.98535304
vn -0.03772844 0.00341759 0.99928218
vn -0.10967484 0.01543066 0.99384774
vn -0.45807856 0.01379974 0.88880459
vn -0.45812006 0.00304003 0.88888512
vn -0.45807856 0.01379974 0.88880459
vn -0.45812006 0.00304003 0.88888512
vn -0.46116533 -0.00251961 0.88731065
vn -0.47159692 0.02626791 0.88142291
vn -0.95060341 -0.00519369 0.31036459
vn -0.95059442 0.02510316 0.30941894
vn -0.95088454 -0.00447917 0.30951337
vn 0.00000000 -1.00000000 0.00000000
vn -0.46116533 -0.00251961 0.88731065
vn -0.95060341 -0.00519369 0.31036459
vn 0.00000000 1.00000000 0.00000000
vn 0.42693164 -0.07630627 0.90105867
vn 0.69813360 -0.13052884 0.70396854
vn 0.83282593 -0.14277976 0.53480362
vn 0.00000000 1.00000000 0.00000000
vn 0.29902356 -0.00775164 0.95421424
vn 0.34849565 -0.06513059 0.93504480
vn 0.42693164 -0.07630627 0.90105867
vn 0.00000000 -1.00000000 0.00000000
vn 0.69813360 -0.13052884 0.70396854
vn 0.83282593 -0.14277976 0.53480362
vn 0.93867782 -0.16965678 0.30016749
vn 0.94139680 -0.20533915 0.26759652
vn 0.94218848 -0.17088342 0.28823555
vn -0.08737748 0.02751439 0.99579523
vn -0.16833936 0.02722587 0.98535304
vn -0.19762463 0.03211496 0.97975157
vn -0.22968718 0.03858740 0.97249926
vn -0.27571323 0.10549036 0.95543393
vn -0.33821379 0.06639809 0.93872399
vn -0.41550784 0.09387110 0.90473281
vn -0.42099713 0.09954466 0.90158321
vn 0.00000000 1.00000000 0.00000000
vn -0.29180053 0.11734471 0.94925374
vn -0.39569211 0.14530456 0.90681549
vn -0.27571323 0.10549036 0.95543393
vn -0.29180053 0.11734471 0.94925374
vn -0.39569211 0.14530456 0.90681549
vn -0.42099713 0.09954466 0.90158321
vn -0.46429389 0.12047194 0.87744954
vn -0.48761295 0.14185777 0.86145806
vn -0.10967484 0.01543066 0.99384774
vn -0.16833936 0.02722587 0.98535304
vn -0.19762463 0.03211496 0.97975157
vn -0.45807856 0.01379974 0.88880459
vn -0.47156280 0.02888979 0.88135913
vn -0.47159692 0.02626791 0.88142291
vn -0.47156280 0.02888979 0.88135913
vn -0.47159692 0.02626791 0.88142291
vn -0.47812691 0.03482194 0.87760019
vn -0.52099094 0.05388599 0.85185958
vn -0.95059442 0.02510316 0.30941894
vn -0.95609211 0.05051264 0.28868037
vn -0.95646101 0.04220970 0.28879176
vn -0.95059442 0.02510316 0.30941894
vn -0.95088454 -0.00447917 0.30951337
vn -0.95180640 -0.00694043 0.30662096
vn -0.95646101 0.04220970 0.28879176
vn -0.98442481 0.04344377 -0.17035387
vn -0.98534077 -0.00539396 -0.17051238
vn -0.98548124 -0.00718598 -0.16963221
vn -0.00000000 -1.00000000 0.00000000
vn -0.95060341 -0.00519369 0.31036459
vn -0.95088454 -0.00447917 0.30951337
vn -0.95180640 -0.00694043 0.30662096
vn 0.00000000 1.00000000 0.00000000
vn 0.83282593 -0.14277976 0.53480362
vn 0.93867782 -0.16965678 0.30016749
vn -0.00000000 1.00000000 -0.00000000
vn 0.93867782 -0.16965678 0.30016749
vn 0.94218848 -0.17088342 0.28823555
vn 0.00000000 -1.00000000 0.00000000
vn 0.00000000 0.00000000 -1.00000000
vn 0.94139680 -0.20533915 0.26759652
vn -0.00000000 1.00000000 -0.00000000
vn 0.00000000 0.00000000 -1.00000000
vn 0.94139680 -0.20533915 0.26759652
vn 0.94218848 -0.17088342 0.28823555
vn -0.22968718 0.03858740 0.97249926
vn -0.33821379 0.06639809 0.93872399
vn -0.47812691 0.03482194 0.87760019
vn -0.52099094 0.05388599 0.85185958
vn -0.52592715 0.06000997 0.84840994
vn -0.52597877 0.05835745 0.84849322
vn -0.19762463 0.03211496 0.97975157
vn -0.22968718 0.03858740 0.97249926
vn -0.47156280 0.02888979 0.88135913
vn -0.47812691 0.03482194 0.87760019
vn -0.41550784 0.09387110 0.90473281
vn -0.42099713 0.09954466 0.90158321
vn -0.46429389 0.12047194 0.87744954
vn -0.55499855 0.09766618 0.82609801
vn -0.61296850 0.12358835 0.78038166
vn -0.62584653 0.13235486 0.76863406
vn -0.33821379 0.06639809 0.93872399
vn -0.41550784 0.09387110 0.90473281
vn -0.52592715 0.06000997 0.84840994
vn -0.55499855 0.09766618 0.82609801
vn -0.55563333 0.08527431 0.82704286
vn 0.00000000 1.00000000 0.00000000
vn -0.39569211 0.14530456 0.90681549
vn -0.48761295 0.14185777 0.86145806
vn -0.57806251 0.17262869 0.79752308
vn -0.62282712 0.19828052 0.75681650
vn -0.80415697 0.45272744 0.38518753
vn -0.46429389 0.12047194 0.87744954
vn -0.48761295 0.14185777 0.86145806
vn -0.57806251 0.17262869 0.79752308
vn -0.62584653 0.13235486 0.76863406
vn -0.72630510 0.17556268 0.66457403
vn -0.52099094 0.05388599 0.85185958
vn -0.52597877 0.05835745 0.84849322
vn -0.95609211 0.05051264 0.28868037
vn -0.95656690 0.05194984 0.28684660
vn -0.95609211 0.05051264 0.28868037
vn -0.95646101 0.04220970 0.28879176
vn -0.95656690 0.05194984 0.28684660
vn -0.96738796 0.06800332 0.24400016
vn -0.98022875 0.08246669 0.17986339
vn -0.98221977 0.06923723 -0.17450081
vn -0.98268308 0.07067463 -0.17128650
vn -0.98345097 0.04792989 -0.17471954
vn -0.98442481 0.04344377 -0.17035387
vn -0.98894551 0.08320004 -0.12273768
vn -0.00000000 -1.00000000 0.00000000
vn -0.95180640 -0.00694043 0.30662096
vn -0.98548124 -0.00718598 -0.16963221
vn -0.97344148 0.04744207 -0.22396638
vn -0.97363507 0.03698055 -0.22509374
vn -0.97430150 0.00000000 -0.22524782
vn -0.97433033 -0.00226409 -0.22511170
vn -0.97436747 -0.00533389 -0.22489907
vn -0.98345097 0.04792989 -0.17471954
vn -0.98442481 0.04344377 -0.17035387
vn -0.98534077 -0.00539396 -0.17051238
vn 0.00000000 -1.00000000 0.00000000
vn -0.97436747 -0.00533389 -0.22489907
vn -0.98534077 -0.00539396 -0.17051238
vn -0.98548124 -0.00718598 -0.16963221
vn 0.00000000 -1.00000000 0.00000000
vn 0.00000000 0.00000000 -1.00000000
vn -0.91990298 0.00000000 -0.39214603
vn -0.00000000 1.00000000 -0.00000000
vn 0.00000000 0.00000000 -1.00000000
vn -0.85219460 0.31180928 -0.42016585
vn -0.85235158 0.31438132 -0.41792483
vn -0.52592715 0.06000997 0.84840994
vn -0.52597877 0.05835745 0.84849322
vn -0.55563333 0.08527431 0.82704286
vn -0.95656690 0.05194984 0.28684660
vn -0.96738796 0.06800332 0.24400016
vn -0.61296850 0.12358835 0.78038166
vn -0.62584653 0.13235486 0.76863406
vn -0.72630510 0.17556268 0.66457403
vn -0.78278691 0.19316637 0.59155000
vn -0.96134087 0.23875405 0.13718687
vn -0.96194439 0.23815212 0.13396473
vn -0.96982813 0.22445389 0.09515172
vn -0.97193173 0.21826183 0.08780942
vn -0.98119100 0.08729839 0.17217205
vn -0.98593196 0.14969482 0.07436145
vn -0.98635475 0.10248322 0.12884678
vn -0.55499855 0.09766618 0.82609801
vn -0.55563333 0.08527431 0.82704286
vn -0.61296850 0.12358835 0.78038166
vn -0.96738796 0.06800332 0.24400016
vn -0.98022875 0.08246669 0.17986339
vn -0.98119100 0.08729839 0.17217205
vn -0.62282712 0.19828052 0.75681650
vn -0.78278691 0.19316637 0.59155000
vn -0.80415697 0.45272744 0.38518753
vn -0.93639683 0.31958618 0.14500227
vn -0.95723165 0.27433375 0.09191610
vn -0.96134087 0.23875405 0.13718687
vn -0.96215853 0.25742546 0.08934818
vn -0.96267745 0.25403466 0.09337297
vn -0.57806251 0.17262869 0.79752308
vn -0.62282712 0.19828052 0.75681650
vn -0.72630510 0.17556268 0.66457403
vn -0.78278691 0.19316637 0.59155000
vn 0.00000000 1.00000000 0.00000000
vn -0.80415697 0.45272744 0.38518753
vn -0.90483696 0.38504243 -0.18169315
vn -0.93639683 0.31958618 0.14500227
vn -0.94258867 0.32169942 -0.08964423
vn -0.98022875 0.08246669 0.17986339
vn -0.98119100 0.08729839 0.17217205
vn -0.98635475 0.10248322 0.12884678
vn -0.98894551 0.08320004 -0.12273768
vn -0.98957083 0.09197813 -0.11085846
vn -0.99140808 0.10300827 -0.08061827
vn -0.96633887 0.11264876 -0.23129948
vn -0.96817458 0.09622968 -0.23103642
vn -0.96908529 0.08905199 -0.23009440
vn -0.97108270 0.07679640 -0.22605466
vn -0.98268308 0.07067463 -0.17128650
vn -0.98894551 0.08320004 -0.12273768
vn -0.98957083 0.09197813 -0.11085846
vn -0.97108270 0.07679640 -0.22605466
vn -0.97165097 0.07233845 -0.22508120
vn -0.98221977 0.06923723 -0.17450081
vn -0.98268308 0.07067463 -0.17128650
vn -0.97165097 0.07233845 -0.22508120
vn -0.97200993 0.06706490 -0.22516436
vn -0.97344148 0.04744207 -0.22396638
vn -0.98221977 0.06923723 -0.17450081
vn -0.98345097 0.04792989 -0.17471954
vn -0.00000000 -1.00000000 0.00000000
vn -0.97433033 -0.00226409 -0.22511170
vn -0.97436747 -0.00533389 -0.22489907
vn -0.97200993 0.06706490 -0.22516436
vn -0.97231924 0.05095817 -0.22803193
vn -0.97344148 0.04744207 -0.22396638
vn -0.97363507 0.03698055 -0.22509374
vn -0.96911355 0.05079016 -0.24132816
vn -0.97036596 0.00000000 -0.24164003
vn -0.97231924 0.05095817 -0.22803193
vn -0.97363507 0.03698055 -0.22509374
vn -0.97430150 0.00000000 -0.22524782
vn 0.00000000 -1.00000000 0.00000000
vn -0.97036596 0.00000000 -0.24164003
vn -0.97430150 0.00000000 -0.22524782
vn -0.97433033 -0.00226409 -0.22511170
vn 0.00000000 0.00000000 -1.00000000
vn -0.91613576 0.02488344 -0.40009509
vn -0.91990298 0.00000000 -0.39214603
vn -0.92346930 0.00220530 -0.38366599
vn 0.00000000 -1.00000000 0.00000000
vn -0.91990298 0.00000000 -0.39214603
vn -0.92346930 0.00220530 -0.38366599
vn -0.92387682 0.00139454 -0.38268743
vn 0.00000000 0.00000000 -1.00000000
vn -0.85219460 0.31180928 -0.42016585
vn -0.85560061 0.29999044 -0.42184515
vn -0.85219460 0.31180928 -0.42016585
vn -0.85235158 0.31438132 -0.41792483
vn -0.85466531 0.35230121 -0.38135426
vn -0.85515263 0.35754350 -0.37533534
vn -0.85560061 0.29999044 -0.42184515
vn -0.85567157 0.29987768 -0.42178140
vn -0.85896183 0.35814743 -0.36594398
vn -0.85930539 0.35765163 -0.36562215
vn -0.86532405 0.30360419 -0.39879668
vn -0.86742552 0.33505933 -0.36784264
vn -0.00000000 1.00000000 -0.00000000
vn -0.85235158 0.31438132 -0.41792483
vn -0.85466531 0.35230121 -0.38135426
vn -0.96134087 0.23875405 0.13718687
vn -0.96194439 0.23815212 0.13396473
vn -0.96267745 0.25403466 0.09337297
vn -0.96585673 0.25487362 -0.04647804
vn -0.96676490 0.24221100 -0.08185025
vn -0.96824682 0.23971244 -0.07096508
vn -0.96194439 0.23815212 0.13396473
vn -0.96824682 0.23971244 -0.07096508
vn -0.96982813 0.22445389 0.09515172
vn -0.97357607 0.22532130 -0.03714762
vn -0.96982813 0.22445389 0.09515172
vn -0.97193173 0.21826183 0.08780942
vn -0.97357607 0.22532130 -0.03714762
vn -0.97522699 0.21900183 -0.03115317
vn -0.97193173 0.21826183 0.08780942
vn -0.97522699 0.21900183 -0.03115317
vn -0.98593196 0.14969482 0.07436145
vn -0.98832896 0.15005875 -0.02623440
vn -0.98593196 0.14969482 0.07436145
vn -0.98635475 0.10248322 0.12884678
vn -0.98832896 0.15005875 -0.02623440
vn -0.99140808 0.10300827 -0.08061827
vn -0.93639683 0.31958618 0.14500227
vn -0.94258867 0.32169942 -0.08964423
vn -0.95723165 0.27433375 0.09191610
vn -0.96037708 0.27523520 -0.04383439
vn -0.95723165 0.27433375 0.09191610
vn -0.96037708 0.27523520 -0.04383439
vn -0.96215853 0.25742546 0.08934818
vn -0.96514599 0.25822476 -0.04258162
vn -0.96215853 0.25742546 0.08934818
vn -0.96267745 0.25403466 0.09337297
vn -0.96514599 0.25822476 -0.04258162
vn -0.96585673 0.25487362 -0.04647804
vn -0.90436672 0.36782636 -0.21638993
vn -0.90483696 0.38504243 -0.18169315
vn -0.93018928 0.28355450 -0.23311962
vn -0.93056086 0.28219138 -0.23329063
vn -0.93285364 0.27369478 -0.23425466
vn -0.93748707 0.25773106 -0.23386468
vn -0.94199231 0.24309749 -0.23141758
vn -0.94258867 0.32169942 -0.08964423
vn -0.94390242 0.23729189 -0.22965363
vn -0.94421812 0.23636762 -0.22930873
vn -0.96037708 0.27523520 -0.04383439
vn -0.96514599 0.25822476 -0.04258162
vn -0.96585673 0.25487362 -0.04647804
vn -0.96676490 0.24221100 -0.08185025
vn 0.00000000 1.00000000 0.00000000
vn -0.90436672 0.36782636 -0.21638993
vn -0.90483696 0.38504243 -0.18169315
vn -0.94421812 0.23636762 -0.22930873
vn -0.94628167 0.22650967 -0.23074742
vn -0.95750046 0.16896848 -0.23375739
vn -0.96051772 0.15102088 -0.23366300
vn -0.96442501 0.12592229 -0.23243921
vn -0.96633887 0.11264876 -0.23129948
vn -0.96676490 0.24221100 -0.08185025
vn -0.96824682 0.23971244 -0.07096508
vn -0.97357607 0.22532130 -0.03714762
vn -0.97522699 0.21900183 -0.03115317
vn -0.98832896 0.15005875 -0.02623440
vn -0.98957083 0.09197813 -0.11085846
vn -0.99140808 0.10300827 -0.08061827
vn -0.96817458 0.09622968 -0.23103642
vn -0.96827726 0.09347482 -0.23173609
vn -0.96851516 0.09083154 -0.23179303
vn -0.96908529 0.08905199 -0.23009440
vn -0.96595579 0.08814500 -0.24322803
vn -0.96670773 0.08948391 -0.23972649
vn -0.96732865 0.06740993 -0.24439966
vn -0.96785264 0.09076940 -0.23456807
vn -0.96851516 0.09083154 -0.23179303
vn -0.96886049 0.05166867 -0.24215637
vn -0.96908529 0.08905199 -0.23009440
vn -0.96911355 0.05079016 -0.24132816
vn -0.97108270 0.07679640 -0.22605466
vn -0.97165097 0.07233845 -0.22508120
vn -0.97200993 0.06706490 -0.22516436
vn -0.97231924 0.05095817 -0.22803193
vn -0.95404281 0.14453071 -0.26251324
vn -0.95423472 0.14658441 -0.26067049
vn -0.95495085 0.13082697 -0.26637039
vn -0.95990086 0.14167315 -0.24190714
vn -0.96326919 0.09335505 -0.25178821
vn -0.96398664 0.09127281 -0.24979797
vn -0.96442501 0.12592229 -0.23243921
vn -0.96633887 0.11264876 -0.23129948
vn -0.96670773 0.08948391 -0.23972649
vn -0.96785264 0.09076940 -0.23456807
vn -0.96817458 0.09622968 -0.23103642
vn -0.96827726 0.09347482 -0.23173609
vn -0.96426535 0.03457202 -0.26267301
vn -0.96483602 0.00355689 -0.26282846
vn -0.96556744 0.00000000 -0.26015289
vn -0.96886049 0.05166867 -0.24215637
vn -0.96911355 0.05079016 -0.24132816
vn -0.97036596 0.00000000 -0.24164003
vn -0.00000000 -1.00000000 0.00000000
vn -0.96556744 0.00000000 -0.26015289
vn -0.97036596 0.00000000 -0.24164003
vn 0.00000000 0.00000000 -1.00000000
vn -0.91613576 0.02488344 -0.40009509
vn -0.91782111 0.04915267 -0.39393961
vn -0.92089508 0.04372042 -0.38735098
vn -0.91613576 0.02488344 -0.40009509
vn -0.92089508 0.04372042 -0.38735098
vn -0.92346930 0.00220530 -0.38366599
vn -0.92387682 0.00139454 -0.38268743
vn -0.92453088 0.04238350 -0.37874304
vn -0.92551633 0.00138003 -0.37870519
vn -0.92576192 0.00217446 -0.37810070
vn -0.00000000 -1.00000000 0.00000000
vn -0.92387682 0.00139454 -0.38268743
vn -0.92551633 0.00138003 -0.37870519
vn 0.00000000 0.00000000 -1.00000000
vn -0.85118356 0.28078691 -0.44344701
vn -0.85560061 0.29999044 -0.42184515
vn -0.85567157 0.29987768 -0.42178140
vn -0.00000000 1.00000000 -0.00000000
vn -0.85466531 0.35230121 -0.38135426
vn -0.85515263 0.35754350 -0.37533534
vn -0.85118356 0.28078691 -0.44344701
vn -0.85147880 0.27968934 -0.44357380
vn -0.85154484 0.27962527 -0.44348743
vn -0.85567157 0.29987768 -0.42178140
vn -0.86532405 0.30360419 -0.39879668
vn -0.87751973 0.26554834 -0.39930341
vn -0.87858311 0.27912281 -0.38753344
vn -0.86532405 0.30360419 -0.39879668
vn -0.86742552 0.33505933 -0.36784264
vn -0.87858311 0.27912281 -0.38753344
vn -0.88019706 0.32516315 -0.34571963
vn -0.89680965 0.26861731 -0.35153547
vn -0.89699325 0.29280997 -0.33115771
vn -0.89777355 0.28875135 -0.33260382
vn -0.85930539 0.35765163 -0.36562215
vn -0.85930807 0.36289770 -0.36040935
vn -0.86042539 0.36322705 -0.35739929
vn -0.86285264 0.35938819 -0.35542291
vn -0.86742552 0.33505933 -0.36784264
vn -0.88019706 0.32516315 -0.34571963
vn -0.88024327 0.32962930 -0.34134485
vn -0.00000000 1.00000000 -0.00000000
vn -0.85896183 0.35814743 -0.36594398
vn -0.85930539 0.35765163 -0.36562215
vn -0.85930807 0.36289770 -0.36040935
vn -0.00000000 1.00000000 -0.00000000
vn -0.85515263 0.35754350 -0.37533534
vn -0.85896183 0.35814743 -0.36594398
vn 0.00000000 1.00000000 0.00000000
vn -0.90436672 0.36782636 -0.21638993
vn -0.92874497 0.28613745 -0.23570776
vn -0.93018928 0.28355450 -0.23311962
vn -0.93019662 0.28343419 -0.23323661
vn -0.93018928 0.28355450 -0.23311962
vn -0.93019662 0.28343419 -0.23323661
vn -0.93056086 0.28219138 -0.23329063
vn -0.92732682 0.28767681 -0.23938884
vn -0.92748177 0.28261144 -0.24476182
vn -0.92758089 0.28766438 -0.23841748
vn -0.92874497 0.28613745 -0.23570776
vn -0.93019662 0.28343419 -0.23323661
vn -0.93056086 0.28219138 -0.23329063
vn -0.93130468 0.27355744 -0.24049515
vn -0.93285364 0.27369478 -0.23425466
vn -0.93130468 0.27355744 -0.24049515
vn -0.93141273 0.27024301 -0.24380123
vn -0.93285364 0.27369478 -0.23425466
vn -0.93425282 0.25964176 -0.24445415
vn -0.93556757 0.25720335 -0.24199122
vn -0.93748707 0.25773106 -0.23386468
vn -0.93556757 0.25720335 -0.24199122
vn -0.93748707 0.25773106 -0.23386468
vn -0.93855454 0.24531837 -0.24276382
vn -0.93982027 0.24287244 -0.24031403
vn -0.94199231 0.24309749 -0.23141758
vn -0.93982027 0.24287244 -0.24031403
vn -0.93984429 0.24277645 -0.24031708
vn -0.94199231 0.24309749 -0.23141758
vn -0.94390242 0.23729189 -0.22965363
vn -0.93983420 0.23759440 -0.24548031
vn -0.93984429 0.24277645 -0.24031708
vn -0.94210803 0.23165335 -0.24242357
vn -0.94390242 0.23729189 -0.22965363
vn -0.94421812 0.23636762 -0.22930873
vn -0.94628167 0.22650967 -0.23074742
vn -0.94193757 0.22059966 -0.25315885
vn -0.94210803 0.23165335 -0.24242357
vn -0.94404312 0.20708372 -0.25670786
vn -0.94628167 0.22650967 -0.23074742
vn -0.95750046 0.16896848 -0.23375739
vn -0.94350998 0.20080026 -0.26356815
vn -0.94404312 0.20708372 -0.25670786
vn -0.94418885 0.19204781 -0.26762859
vn -0.95334784 0.14959011 -0.26220355
vn -0.95423472 0.14658441 -0.26067049
vn -0.95750046 0.16896848 -0.23375739
vn -0.95990086 0.14167315 -0.24190714
vn -0.96051772 0.15102088 -0.23366300
vn -0.95990086 0.14167315 -0.24190714
vn -0.96051772 0.15102088 -0.23366300
vn -0.96442501 0.12592229 -0.23243921
vn -0.96785264 0.09076940 -0.23456807
vn -0.96827726 0.09347482 -0.23173609
vn -0.96851516 0.09083154 -0.23179303
vn -0.96398664 0.09127281 -0.24979797
vn -0.96415158 0.08939436 -0.24984071
vn -0.96595579 0.08814500 -0.24322803
vn -0.96670773 0.08948391 -0.23972649
vn -0.96328491 0.08533012 -0.25456032
vn -0.96394952 0.08932805 -0.25064281
vn -0.96415158 0.08939436 -0.24984071
vn -0.96595579 0.08814500 -0.24322803
vn -0.96732865 0.06740993 -0.24439966
vn -0.95565695 0.06677990 -0.28681044
vn -0.95571712 0.04495831 -0.29083250
vn -0.95681826 0.03605810 -0.28844174
vn -0.95719872 0.07588854 -0.27930547
vn -0.96328491 0.08533012 -0.25456032
vn -0.96426535 0.03457202 -0.26267301
vn -0.96732865 0.06740993 -0.24439966
vn -0.96886049 0.05166867 -0.24215637
vn -0.95334784 0.14959011 -0.26220355
vn -0.95404281 0.14453071 -0.26251324
vn -0.95423472 0.14658441 -0.26067049
vn -0.94406624 0.19202288 -0.26807862
vn -0.94418885 0.19204781 -0.26762859
vn -0.94534322 0.17661324 -0.27410574
vn -0.95223337 0.13045468 -0.27610357
vn -0.95334784 0.14959011 -0.26220355
vn -0.95404281 0.14453071 -0.26251324
vn -0.95495085 0.13082697 -0.26637039
vn -0.95223337 0.13045468 -0.27610357
vn -0.95495085 0.13082697 -0.26637039
vn -0.95656838 0.08971110 -0.27736052
vn -0.96326919 0.09335505 -0.25178821
vn -0.96353609 0.09036456 -0.25185798
vn -0.96326919 0.09335505 -0.25178821
vn -0.96353609 0.09036456 -0.25185798
vn -0.96394950 0.08932829 -0.25064282
vn -0.96398664 0.09127281 -0.24979797
vn -0.96415158 0.08939436 -0.24984071
vn -0.95681826 0.03605810 -0.28844174
vn -0.95742773 0.00524116 -0.28862548
vn -0.95752349 0.00371803 -0.28833131
vn -0.96426535 0.03457202 -0.26267301
vn -0.96483602 0.00355689 -0.26282846
vn 0.00000000 -1.00000000 0.00000000
vn -0.95752349 0.00371803 -0.28833131
vn -0.96483602 0.00355689 -0.26282846
vn -0.96556744 0.00000000 -0.26015289
vn 0.00000000 0.00000000 -1.00000000
vn -0.90622837 0.05250113 -0.41951612
vn -0.91617667 0.05220393 -0.39736012
vn -0.91782111 0.04915267 -0.39393961
vn -0.91495973 0.07329947 -0.39683231
vn -0.91617667 0.05220393 -0.39736012
vn -0.91782111 0.04915267 -0.39393961
vn -0.92089508 0.04372042 -0.38735098
vn -0.92429240 0.07167129 -0.37489569
vn -0.92453088 0.04238350 -0.37874304
vn -0.92569624 0.04596131 -0.37546509
vn 0.00000000 -1.00000000 0.00000000
vn -0.92551633 0.00138003 -0.37870519
vn -0.92576192 0.00217446 -0.37810070
vn -0.92591651 0.00168791 -0.37772447
vn -0.92453088 0.04238350 -0.37874304
vn -0.92569624 0.04596131 -0.37546509
vn -0.92576192 0.00217446 -0.37810070
vn -0.92591651 0.00168791 -0.37772447
vn -0.93595531 0.00170621 -0.35211469
vn -0.93605647 0.04647570 -0.34876682
vn -0.93706050 0.00427045 -0.34914091
vn 0.00000000 0.00000000 -1.00000000
vn -0.85118356 0.28078691 -0.44344701
vn -0.85147880 0.27968934 -0.44357380
vn 0.00000000 0.00000000 -1.00000000
vn -0.84642445 0.25216673 -0.46901768
vn -0.85147880 0.27968934 -0.44357380
vn -0.85154484 0.27962527 -0.44348743
vn -0.84642445 0.25216673 -0.46901768
vn -0.85154484 0.27962527 -0.44348743
vn -0.87751973 0.26554834 -0.39930341
vn -0.88706383 0.24114285 -0.39365962
vn -0.88761269 0.24805140 -0.38809047
vn -0.87751973 0.26554834 -0.39930341
vn -0.87858311 0.27912281 -0.38753344
vn -0.88761269 0.24805140 -0.38809047
vn -0.89680965 0.26861731 -0.35153547
vn -0.89775669 0.24069209 -0.36891766
vn -0.90027035 0.26101804 -0.34840046
vn -0.89680965 0.26861731 -0.35153547
vn -0.89777355 0.28875135 -0.33260382
vn -0.90027035 0.26101804 -0.34840046
vn -0.90424280 0.26268351 -0.33666353
vn -0.90429607 0.26375884 -0.33567826
vn -0.89699325 0.29280997 -0.33115771
vn -0.89728940 0.30317899 -0.32086483
vn -0.89777355 0.28875135 -0.33260382
vn -0.89888671 0.30085716 -0.31857126
vn -0.90135365 0.29472971 -0.31732634
vn -0.90429607 0.26375884 -0.33567826
vn -0.90451126 0.26381012 -0.33505760
vn -0.90550654 0.28148202 -0.31753076
vn -0.88019706 0.32516315 -0.34571963
vn -0.88024327 0.32962930 -0.34134485
vn -0.88801233 0.32379581 -0.32648183
vn -0.89561567 0.30789375 -0.32105141
vn -0.89699325 0.29280997 -0.33115771
vn -0.89728940 0.30317899 -0.32086483
vn -0.86235495 0.38150631 -0.33286165
vn -0.86285264 0.35938819 -0.35542291
vn -0.88024327 0.32962930 -0.34134485
vn -0.88760308 0.33467620 -0.31646899
vn -0.88796560 0.33312323 -0.31708992
vn -0.88801233 0.32379581 -0.32648183
vn -0.00000000 1.00000000 -0.00000000
vn -0.86042539 0.36322705 -0.35739929
vn -0.86235495 0.38150631 -0.33286165
vn -0.86285264 0.35938819 -0.35542291
vn -0.00000000 1.00000000 -0.00000000
vn -0.85930807 0.36289770 -0.36040935
vn -0.86042539 0.36322705 -0.35739929
vn 0.00000000 1.00000000 0.00000000
vn -0.92758089 0.28766438 -0.23841748
vn -0.92874497 0.28613745 -0.23570776
vn 0.00000000 1.00000000 0.00000000
vn -0.90597328 0.33702864 -0.25617204
vn -0.92732682 0.28767681 -0.23938884
vn -0.92758089 0.28766438 -0.23841748
vn -0.90597328 0.33702864 -0.25617204
vn -0.91023513 0.32388620 -0.25801112
vn -0.91857092 0.30106030 -0.25610578
vn -0.92518780 0.28535386 -0.25020134
vn -0.92732682 0.28767681 -0.23938884
vn -0.92748177 0.28261144 -0.24476182
vn -0.92518780 0.28535386 -0.25020134
vn -0.92525771 0.28275756 -0.25287613
vn -0.92748177 0.28261144 -0.24476182
vn -0.92933485 0.27274341 -0.24889309
vn -0.93130468 0.27355744 -0.24049515
vn -0.93141273 0.27024301 -0.24380123
vn -0.92933485 0.27274341 -0.24889309
vn -0.92936420 0.27087180 -0.25081996
vn -0.93141273 0.27024301 -0.24380123
vn -0.93393048 0.25957621 -0.24575200
vn -0.93425282 0.25964176 -0.24445415
vn -0.93393048 0.25957621 -0.24575200
vn -0.93399575 0.25330870 -0.25196557
vn -0.93421876 0.25212026 -0.25233051
vn -0.93425282 0.25964176 -0.24445415
vn -0.93556757 0.25720335 -0.24199122
vn -0.93589522 0.24539435 -0.25274840
vn -0.93625406 0.24471707 -0.25207515
vn -0.93855454 0.24531837 -0.24276382
vn -0.93625406 0.24471707 -0.25207515
vn -0.93801742 0.23736439 -0.25254992
vn -0.93855454 0.24531837 -0.24276382
vn -0.93982027 0.24287244 -0.24031403
vn -0.93983420 0.23759440 -0.24548031
vn -0.93984429 0.24277645 -0.24031708
vn -0.93801502 0.23717702 -0.25273482
vn -0.93801742 0.23736439 -0.25254992
vn -0.93983420 0.23759440 -0.24548031
vn -0.94193757 0.22059966 -0.25315885
vn -0.94210803 0.23165335 -0.24242357
vn -0.93616156 0.23497070 -0.26151538
vn -0.93619696 0.23671733 -0.25980794
vn -0.93801502 0.23717702 -0.25273482
vn -0.94193757 0.22059966 -0.25315885
vn -0.94350998 0.20080026 -0.26356815
vn -0.94404312 0.20708372 -0.25670786
vn -0.93473078 0.22684369 -0.27353302
vn -0.93509290 0.23474787 -0.26550839
vn -0.93616156 0.23497070 -0.26151538
vn -0.93715398 0.21662708 -0.27352352
vn -0.94350998 0.20080026 -0.26356815
vn -0.94406624 0.19202288 -0.26807862
vn -0.94418885 0.19204781 -0.26762859
vn -0.96394953 0.08932817 -0.25064274
vn -0.95624930 0.08792272 -0.27902844
vn -0.95656838 0.08971110 -0.27736052
vn -0.95719872 0.07588854 -0.27930547
vn -0.96328491 0.08533012 -0.25456032
vn -0.96353609 0.09036456 -0.25185798
vn -0.96394945 0.08932816 -0.25064304
vn -0.95059750 0.07923885 -0.30014262
vn -0.95068043 0.08741069 -0.29760057
vn -0.95103988 0.07522199 -0.29977457
vn -0.95410595 0.06667152 -0.29195332
vn -0.95565695 0.06677990 -0.28681044
vn -0.95624930 0.08792272 -0.27902844
vn -0.95719872 0.07588854 -0.27930547
vn -0.95410595 0.06667152 -0.29195332
vn -0.95519710 0.04654778 -0.29228721
vn -0.95565695 0.06677990 -0.28681044
vn -0.95571712 0.04495831 -0.29083250
vn -0.95173531 0.04637908 -0.30339559
vn -0.95274760 0.00521554 -0.30371829
vn -0.95519710 0.04654778 -0.29228721
vn -0.95571712 0.04495831 -0.29083250
vn -0.95681826 0.03605810 -0.28844174
vn -0.95742773 0.00524116 -0.28862548
vn -0.92264084 0.22081802 -0.31618551
vn -0.92372001 0.23647683 -0.30136366
vn -0.92499251 0.23874316 -0.29561894
vn -0.92526641 0.19586062 -0.32483947
vn -0.92822584 0.23591809 -0.28764466
vn -0.93128523 0.23079523 -0.28185347
vn -0.93207127 0.17345057 -0.31805353
vn -0.93715398 0.21662708 -0.27352352
vn -0.93750286 0.16115323 -0.30841210
vn -0.94317561 0.15749004 -0.29260325
vn -0.94406624 0.19202288 -0.26807862
vn -0.94534322 0.17661324 -0.27410574
vn -0.94317561 0.15749004 -0.29260325
vn -0.94534322 0.17661324 -0.27410574
vn -0.94702213 0.12974074 -0.29379656
vn -0.95223337 0.13045468 -0.27610357
vn -0.94538201 0.12379008 -0.30154414
vn -0.94702213 0.12974074 -0.29379656
vn -0.94765010 0.10292524 -0.30226758
vn -0.95068043 0.08741069 -0.29760057
vn -0.95223337 0.13045468 -0.27610357
vn -0.95624930 0.08792272 -0.27902844
vn -0.95656838 0.08971110 -0.27736052
vn -0.00000000 -1.00000000 0.00000000
vn -0.95261475 0.00452700 -0.30414577
vn -0.95274760 0.00521554 -0.30371829
vn -0.95742773 0.00524116 -0.28862548
vn -0.95752349 0.00371803 -0.28833131
vn -0.85136647 0.05739387 -0.52142217
vn -0.86672705 0.07900863 -0.49248538
vn -0.87373412 0.08002170 -0.47977622
vn -0.90622837 0.05250113 -0.41951612
vn -0.91427917 0.07424259 -0.39822310
vn -0.91495973 0.07329947 -0.39683231
vn -0.91617667 0.05220393 -0.39736012
vn 0.00000000 0.00000000 -1.00000000
vn -0.85136647 0.05739387 -0.52142217
vn -0.90622837 0.05250113 -0.41951612
vn -0.92429240 0.07167129 -0.37489569
vn -0.92563723 0.07574622 -0.37075360
vn -0.92569624 0.04596131 -0.37546509
vn -0.93488293 0.07650281 -0.34661395
vn -0.93605647 0.04647570 -0.34876682
vn -0.93655850 0.04781117 -0.34723518
vn -0.91310687 0.08978094 -0.39771250
vn -0.91427917 0.07424259 -0.39822310
vn -0.91495973 0.07329947 -0.39683231
vn -0.92429240 0.07167129 -0.37489569
vn -0.92476483 0.08723967 -0.37040417
vn -0.92563723 0.07574622 -0.37075360
vn -0.00000000 -1.00000000 0.00000000
vn -0.92591651 0.00168791 -0.37772447
vn -0.93595531 0.00170621 -0.35211469
vn -0.00000000 -1.00000000 0.00000000
vn -0.93595531 0.00170621 -0.35211469
vn -0.93706050 0.00427045 -0.34914091
vn -0.93713710 0.00409536 -0.34893737
vn -0.93605647 0.04647570 -0.34876682
vn -0.93655850 0.04781117 -0.34723518
vn -0.93706050 0.00427045 -0.34914091
vn -0.93713710 0.00409536 -0.34893737
vn -0.93939617 0.04733800 -0.33954962
vn -0.94044281 0.00403976 -0.33992794
vn 0.00000000 0.00000000 -1.00000000
vn -0.84642445 0.25216673 -0.46901768
vn -0.88706383 0.24114285 -0.39365962
vn -0.88947247 0.23665937 -0.39093615
vn -0.88706383 0.24114285 -0.39365962
vn -0.88761269 0.24805140 -0.38809047
vn -0.88947247 0.23665937 -0.39093615
vn -0.89029321 0.23534291 -0.38986115
vn -0.89775669 0.24069209 -0.36891766
vn -0.89865231 0.23722952 -0.36897993
vn -0.89775669 0.24069209 -0.36891766
vn -0.89865231 0.23722952 -0.36897993
vn -0.89894804 0.23676382 -0.36855844
vn -0.90027035 0.26101804 -0.34840046
vn -0.90239575 0.23622452 -0.36038853
vn -0.90424280 0.26268351 -0.33666353
vn -0.90868660 0.23876992 -0.34245816
vn -0.90925129 0.24373938 -0.33742142
vn -0.90424280 0.26268351 -0.33666353
vn -0.90429607 0.26375884 -0.33567826
vn -0.90451126 0.26381012 -0.33505760
vn -0.90925129 0.24373938 -0.33742142
vn -0.91264502 0.24083796 -0.33026677
vn -0.91292694 0.24633160 -0.32539998
vn -0.90451126 0.26381012 -0.33505760
vn -0.90550654 0.28148202 -0.31753076
vn -0.90775091 0.27920048 -0.31310602
vn -0.91292694 0.24633160 -0.32539998
vn -0.91916944 0.24172112 -0.31096373
vn -0.91970645 0.25293335 -0.30027449
vn -0.90135365 0.29472971 -0.31732634
vn -0.90550654 0.28148202 -0.31753076
vn -0.90775091 0.27920048 -0.31310602
vn -0.90780233 0.28229214 -0.31017106
vn -0.89884633 0.31968144 -0.29979836
vn -0.89888671 0.30085716 -0.31857126
vn -0.90135365 0.29472971 -0.31732634
vn -0.90748232 0.31020871 -0.28327795
vn -0.90780233 0.28229214 -0.31017106
vn -0.90978884 0.30659077 -0.27979701
vn -0.91004998 0.30616763 -0.27941084
vn -0.91788109 0.28853817 -0.27247024
vn -0.91789155 0.27348584 -0.28754235
vn -0.88442476 0.35604225 -0.30170642
vn -0.88499629 0.34578086 -0.31179669
vn -0.88760308 0.33467620 -0.31646899
vn -0.88796560 0.33312323 -0.31708992
vn -0.89151195 0.34030708 -0.29899422
vn -0.89561567 0.30789375 -0.32105141
vn -0.89728940 0.30317899 -0.32086483
vn -0.89884633 0.31968144 -0.29979836
vn -0.89888671 0.30085716 -0.31857126
vn -0.88796560 0.33312323 -0.31708992
vn -0.88801233 0.32379581 -0.32648183
vn -0.89561567 0.30789375 -0.32105141
vn -0.00000000 1.00000000 -0.00000000
vn -0.86235495 0.38150631 -0.33286165
vn -0.88499629 0.34578086 -0.31179669
vn -0.88760308 0.33467620 -0.31646899
vn 0.00000000 1.00000000 0.00000000
vn -0.90597328 0.33702864 -0.25617204
vn -0.90978884 0.30659077 -0.27979701
vn -0.91004998 0.30616763 -0.27941084
vn -0.91023513 0.32388620 -0.25801112
vn -0.91331306 0.31084787 -0.26312138
vn -0.91360691 0.30230278 -0.27191072
vn -0.91023513 0.32388620 -0.25801112
vn -0.91331306 0.31084787 -0.26312138
vn -0.91857092 0.30106030 -0.25610578
vn -0.91923357 0.29005469 -0.26622906
vn -0.92323496 0.28485743 -0.25786325
vn -0.92322286 0.28341504 -0.25949076
vn -0.92327715 0.28343210 -0.25927892
vn -0.91857092 0.30106030 -0.25610578
vn -0.92323496 0.28485743 -0.25786325
vn -0.92518780 0.28535386 -0.25020134
vn -0.92525771 0.28275756 -0.25287613
vn -0.92323496 0.28485743 -0.25786325
vn -0.92327715 0.28343210 -0.25927892
vn -0.92525771 0.28275756 -0.25287613
vn -0.92769164 0.27281106 -0.25487710
vn -0.92933485 0.27274341 -0.24889309
vn -0.92936420 0.27087180 -0.25081996
vn -0.92769164 0.27281106 -0.25487710
vn -0.92773462 0.26894135 -0.25880305
vn -0.92936420 0.27087180 -0.25081996
vn -0.93393048 0.25957621 -0.24575200
vn -0.93399575 0.25330870 -0.25196557
vn -0.92698639 0.26358601 -0.26686823
vn -0.92697950 0.26974904 -0.26066159
vn -0.92773462 0.26894135 -0.25880305
vn -0.93243390 0.25000436 -0.26089238
vn -0.93399575 0.25330870 -0.25196557
vn -0.93420787 0.24806710 -0.25635593
vn -0.93421876 0.25212026 -0.25233051
vn -0.93420787 0.24806710 -0.25635593
vn -0.93421876 0.25212026 -0.25233051
vn -0.93531021 0.24524523 -0.25504820
vn -0.93589522 0.24539435 -0.25274840
vn -0.93523359 0.24068567 -0.25963153
vn -0.93531021 0.24524523 -0.25504820
vn -0.93589522 0.24539435 -0.25274840
vn -0.93619696 0.23671733 -0.25980794
vn -0.93625406 0.24471707 -0.25207515
vn -0.93801502 0.23717702 -0.25273482
vn -0.93801742 0.23736439 -0.25254992
vn -0.93447011 0.23632188 -0.26630357
vn -0.93456466 0.24145580 -0.26131971
vn -0.93509290 0.23474787 -0.26550839
vn -0.93523359 0.24068567 -0.25963153
vn -0.93616156 0.23497070 -0.26151538
vn -0.93619696 0.23671733 -0.25980794
vn -0.92721972 0.23829264 -0.28892940
vn -0.92731833 0.24098914 -0.28636506
vn -0.92819790 0.24248089 -0.28222627
vn -0.92822584 0.23591809 -0.28764466
vn -0.93128523 0.23079523 -0.28185347
vn -0.93447011 0.23632188 -0.26630357
vn -0.93473078 0.22684369 -0.27353302
vn -0.93509290 0.23474787 -0.26550839
vn -0.93128523 0.23079523 -0.28185347
vn -0.93473078 0.22684369 -0.27353302
vn -0.93715398 0.21662708 -0.27352352
vn -0.95019948 0.07261082 -0.30306536
vn -0.95103988 0.07522199 -0.29977457
vn -0.95168400 0.04649443 -0.30353885
vn -0.95173531 0.04637908 -0.30339559
vn -0.95410595 0.06667152 -0.29195332
vn -0.95519710 0.04654778 -0.29228721
vn -0.93549046 0.08997778 -0.34170396
vn -0.93796507 0.08320942 -0.33659728
vn -0.93942324 0.10713686 -0.32558511
vn -0.94734573 0.10374759 -0.30293978
vn -0.94765010 0.10292524 -0.30226758
vn -0.95059750 0.07923885 -0.30014262
vn -0.95068043 0.08741069 -0.29760057
vn -0.93723122 0.07866171 -0.33972043
vn -0.93796507 0.08320942 -0.33659728
vn -0.93865645 0.07594367 -0.33638760
vn -0.95019948 0.07261082 -0.30306536
vn -0.95059750 0.07923885 -0.30014262
vn -0.95103988 0.07522199 -0.29977457
vn -0.93939617 0.04733800 -0.33954962
vn -0.94026162 0.04862218 -0.33696285
vn -0.94044281 0.00403976 -0.33992794
vn -0.94082079 0.00287456 -0.33889228
vn -0.95168400 0.04649443 -0.30353885
vn -0.95173531 0.04637908 -0.30339559
vn -0.95193585 0.00278326 -0.30628484
vn -0.95261475 0.00452700 -0.30414577
vn -0.95274760 0.00521554 -0.30371829
vn -0.91924412 0.23560328 -0.31540662
vn -0.91969275 0.24039211 -0.31044624
vn -0.91987344 0.23452055 -0.31437712
vn -0.92372001 0.23647683 -0.30136366
vn -0.92381617 0.24238485 -0.29633305
vn -0.92499251 0.23874316 -0.29561894
vn -0.92508881 0.24014890 -0.29417546
vn -0.91987344 0.23452055 -0.31437712
vn -0.92264084 0.22081802 -0.31618551
vn -0.92372001 0.23647683 -0.30136366
vn -0.91299651 0.23152227 -0.33590893
vn -0.91328240 0.23411207 -0.33332687
vn -0.91839825 0.20584149 -0.33789633
vn -0.91863449 0.23577325 -0.31705150
vn -0.91924412 0.23560328 -0.31540662
vn -0.91987344 0.23452055 -0.31437712
vn -0.92182622 0.19513240 -0.33490262
vn -0.92264084 0.22081802 -0.31618551
vn -0.92526641 0.19586062 -0.32483947
vn -0.92182622 0.19513240 -0.33490262
vn -0.92295821 0.18095431 -0.33971116
vn -0.92526641 0.19586062 -0.32483947
vn -0.92928278 0.13107521 -0.34533000
vn -0.93094001 0.12753752 -0.34217667
vn -0.93207127 0.17345057 -0.31805353
vn -0.93704369 0.12837371 -0.32476040
vn -0.93819476 0.13152567 -0.32014307
vn -0.93207127 0.17345057 -0.31805353
vn -0.93750286 0.16115323 -0.30841210
vn -0.93819476 0.13152567 -0.32014307
vn -0.94190328 0.12963479 -0.30985971
vn -0.93750286 0.16115323 -0.30841210
vn -0.94190328 0.12963479 -0.30985971
vn -0.94317561 0.15749004 -0.29260325
vn -0.94514421 0.12391915 -0.30223578
vn -0.94538201 0.12379008 -0.30154414
vn -0.94702213 0.12974074 -0.29379656
vn -0.92499251 0.23874316 -0.29561894
vn -0.92508881 0.24014890 -0.29417546
vn -0.92513175 0.24013825 -0.29404909
vn -0.92721972 0.23829264 -0.28892940
vn -0.92822584 0.23591809 -0.28764466
vn -0.94514421 0.12391915 -0.30223578
vn -0.94538201 0.12379008 -0.30154414
vn -0.94734573 0.10374759 -0.30293978
vn -0.94765010 0.10292524 -0.30226758
vn -0.00000000 -1.00000000 0.00000000
vn -0.95193585 0.00278326 -0.30628484
vn -0.95261475 0.00452700 -0.30414577
vn -0.87327935 0.08624099 -0.47952650
vn -0.87373412 0.08002170 -0.47977622
vn -0.87857936 0.09617939 -0.46781174
vn -0.87982612 0.09667052 -0.46536095
vn -0.91241210 0.09074231 -0.39908645
vn -0.91310687 0.08978094 -0.39771250
vn -0.91427917 0.07424259 -0.39822310
vn 0.00000000 0.00000000 -1.00000000
vn -0.86672705 0.07900863 -0.49248538
vn -0.87327935 0.08624099 -0.47952650
vn -0.87373412 0.08002170 -0.47977622
vn 0.00000000 0.00000000 -1.00000000
vn -0.85136647 0.05739387 -0.52142217
vn -0.86672705 0.07900863 -0.49248538
vn -0.92476483 0.08723967 -0.37040417
vn -0.92522297 0.08847279 -0.36896479
vn -0.92563723 0.07574622 -0.37075360
vn -0.93473701 0.08938256 -0.34391492
vn -0.93488293 0.07650281 -0.34661395
vn -0.93577983 0.07943019 -0.34352140
vn -0.93488293 0.07650281 -0.34661395
vn -0.93577983 0.07943019 -0.34352140
vn -0.93655850 0.04781117 -0.34723518
vn -0.93723122 0.07866171 -0.33972043
vn -0.93865645 0.07594367 -0.33638760
vn -0.93939617 0.04733800 -0.33954962
vn -0.94026162 0.04862218 -0.33696285
vn -0.90956017 0.12010164 -0.39783903
vn -0.91241210 0.09074231 -0.39908645
vn -0.91310687 0.08978094 -0.39771250
vn -0.92255029 0.11641007 -0.36789897
vn -0.92476483 0.08723967 -0.37040417
vn -0.92522297 0.08847279 -0.36896479
vn 0.00000000 -1.00000000 0.00000000
vn -0.93713710 0.00409536 -0.34893737
vn -0.94044281 0.00403976 -0.33992794
vn -0.94082079 0.00287456 -0.33889228
vn 0.00000000 0.00000000 -1.00000000
vn -0.87793663 0.21304082 -0.42876670
vn -0.88908477 0.22725743 -0.39734409
vn -0.88947247 0.23665937 -0.39093615
vn -0.89029321 0.23534291 -0.38986115
vn -0.88908477 0.22725743 -0.39734409
vn -0.89029321 0.23534291 -0.38986115
vn -0.89640952 0.22912970 -0.37940683
vn -0.89741024 0.23064140 -0.37611090
vn -0.89865231 0.23722952 -0.36897993
vn -0.89894804 0.23676382 -0.36855844
vn -0.89741024 0.23064140 -0.37611090
vn -0.89894804 0.23676382 -0.36855844
vn -0.90239575 0.23622452 -0.36038853
vn -0.90721811 0.23316798 -0.35012568
vn -0.90922750 0.22399490 -0.35090117
vn -0.90239575 0.23622452 -0.36038853
vn -0.90721811 0.23316798 -0.35012568
vn -0.90856539 0.23426264 -0.34587561
vn -0.90868660 0.23876992 -0.34245816
vn -0.90889326 0.23828450 -0.34224778
vn -0.90868660 0.23876992 -0.34245816
vn -0.90889326 0.23828450 -0.34224778
vn -0.90925129 0.24373938 -0.33742142
vn -0.91247375 0.23593558 -0.33425449
vn -0.91264502 0.24083796 -0.33026677
vn -0.91277563 0.24056609 -0.33010392
vn -0.91264502 0.24083796 -0.33026677
vn -0.91277563 0.24056609 -0.33010392
vn -0.91292694 0.24633160 -0.32539998
vn -0.91863449 0.23577325 -0.31705150
vn -0.91916944 0.24172112 -0.31096373
vn -0.91924412 0.23560328 -0.31540662
vn -0.91969275 0.24039211 -0.31044624
vn -0.91916944 0.24172112 -0.31096373
vn -0.91969275 0.24039211 -0.31044624
vn -0.91970645 0.25293335 -0.30027449
vn -0.92179934 0.25126761 -0.29521273
vn -0.92381617 0.24238485 -0.29633305
vn -0.90775091 0.27920048 -0.31310602
vn -0.90780233 0.28229214 -0.31017106
vn -0.91789155 0.27348584 -0.28754235
vn -0.91970645 0.25293335 -0.30027449
vn -0.92179934 0.25126761 -0.29521273
vn -0.92224504 0.26241750 -0.28390340
vn -0.91788109 0.28853817 -0.27247024
vn -0.91789155 0.27348584 -0.28754235
vn -0.91887796 0.28772199 -0.26996175
vn -0.92224504 0.26241750 -0.28390340
vn -0.92489457 0.26398454 -0.27364611
vn -0.91004998 0.30616763 -0.27941084
vn -0.91360691 0.30230278 -0.27191072
vn -0.91788109 0.28853817 -0.27247024
vn -0.91882335 0.28982737 -0.26788757
vn -0.91887796 0.28772199 -0.26996175
vn 0.00000000 1.00000000 0.00000000
vn -0.88442476 0.35604225 -0.30170642
vn -0.89151195 0.34030708 -0.29899422
vn -0.90748232 0.31020871 -0.28327795
vn -0.90978884 0.30659077 -0.27979701
vn -0.89151195 0.34030708 -0.29899422
vn -0.89884633 0.31968144 -0.29979836
vn -0.90748232 0.31020871 -0.28327795
vn -0.00000000 1.00000000 -0.00000000
vn -0.88442476 0.35604225 -0.30170642
vn -0.88499629 0.34578086 -0.31179669
vn -0.91331306 0.31084787 -0.26312138
vn -0.91360691 0.30230278 -0.27191072
vn -0.91882335 0.28982737 -0.26788757
vn -0.91923357 0.29005469 -0.26622906
vn -0.91882335 0.28982737 -0.26788757
vn -0.91887796 0.28772199 -0.26996175
vn -0.91923357 0.29005469 -0.26622906
vn -0.92322286 0.28341504 -0.25949076
vn -0.92489457 0.26398454 -0.27364611
vn -0.92542060 0.26307563 -0.27274151
vn -0.92698639 0.26358601 -0.26686823
vn -0.92697950 0.26974904 -0.26066159
vn -0.92322286 0.28341504 -0.25949076
vn -0.92327715 0.28343210 -0.25927892
vn -0.92697950 0.26974904 -0.26066159
vn -0.92769164 0.27281106 -0.25487710
vn -0.92773462 0.26894135 -0.25880305
vn -0.92542060 0.26307563 -0.27274151
vn -0.92698639 0.26358601 -0.26686823
vn -0.92849683 0.25095034 -0.27371072
vn -0.93240531 0.24688965 -0.26394289
vn -0.93243390 0.25000436 -0.26089238
vn -0.93240531 0.24688965 -0.26394289
vn -0.93243390 0.25000436 -0.26089238
vn -0.93420787 0.24806710 -0.25635593
vn -0.93456466 0.24145580 -0.26131971
vn -0.93523359 0.24068567 -0.25963153
vn -0.93531021 0.24524523 -0.25504820
vn -0.92819790 0.24248089 -0.28222627
vn -0.92849683 0.25095034 -0.27371072
vn -0.93240531 0.24688965 -0.26394289
vn -0.93447011 0.23632188 -0.26630357
vn -0.93456466 0.24145580 -0.26131971
vn -0.92179934 0.25126761 -0.29521273
vn -0.92224504 0.26241750 -0.28390340
vn -0.92381617 0.24238485 -0.29633305
vn -0.92489457 0.26398454 -0.27364611
vn -0.92508881 0.24014890 -0.29417546
vn -0.92513175 0.24013825 -0.29404909
vn -0.92542060 0.26307563 -0.27274151
vn -0.92731833 0.24098914 -0.28636506
vn -0.92819790 0.24248089 -0.28222627
vn -0.92849683 0.25095034 -0.27371072
vn -0.92513175 0.24013825 -0.29404909
vn -0.92721972 0.23829264 -0.28892940
vn -0.92731833 0.24098914 -0.28636506
vn -0.93865645 0.07594367 -0.33638760
vn -0.94026162 0.04862218 -0.33696285
vn -0.95019948 0.07261082 -0.30306536
vn -0.95168400 0.04649443 -0.30353885
vn -0.93704369 0.12837371 -0.32476040
vn -0.93819476 0.13152567 -0.32014307
vn -0.93942324 0.10713686 -0.32558511
vn -0.94190328 0.12963479 -0.30985971
vn -0.94514421 0.12391915 -0.30223578
vn -0.94734573 0.10374759 -0.30293978
vn -0.93094001 0.12753752 -0.34217667
vn -0.93481413 0.08978387 -0.34360064
vn -0.93549046 0.08997778 -0.34170396
vn -0.93704369 0.12837371 -0.32476040
vn -0.93942324 0.10713686 -0.32558511
vn -0.93473701 0.08938256 -0.34391492
vn -0.93481413 0.08978387 -0.34360064
vn -0.93549046 0.08997778 -0.34170396
vn -0.93577983 0.07943019 -0.34352140
vn -0.93723122 0.07866171 -0.33972043
vn -0.93796507 0.08320942 -0.33659728
vn 0.00000000 -1.00000000 0.00000000
vn -0.94082079 0.00287456 -0.33889228
vn -0.95193585 0.00278326 -0.30628484
vn -0.91247375 0.23593558 -0.33425449
vn -0.91277563 0.24056609 -0.33010392
vn -0.91328240 0.23411207 -0.33332687
vn -0.91863449 0.23577325 -0.31705150
vn -0.90856539 0.23426264 -0.34587561
vn -0.90889326 0.23828450 -0.34224778
vn -0.91247375 0.23593558 -0.33425449
vn -0.91299651 0.23152227 -0.33590893
vn -0.91328240 0.23411207 -0.33332687
vn -0.90721811 0.23316798 -0.35012568
vn -0.90856539 0.23426264 -0.34587561
vn -0.90922750 0.22399490 -0.35090117
vn -0.91299651 0.23152227 -0.33590893
vn -0.91839825 0.20584149 -0.33789633
vn -0.88953942 0.19035871 -0.41531094
vn -0.89640952 0.22912970 -0.37940683
vn -0.89741024 0.23064140 -0.37611090
vn -0.90435025 0.15950507 -0.39586457
vn -0.90922750 0.22399490 -0.35090117
vn -0.91839825 0.20584149 -0.33789633
vn -0.91877020 0.15413372 -0.36346130
vn -0.92182622 0.19513240 -0.33490262
vn -0.92295821 0.18095431 -0.33971116
vn -0.91877020 0.15413372 -0.36346130
vn -0.92295821 0.18095431 -0.33971116
vn -0.92662085 0.13001762 -0.35280194
vn -0.92928278 0.13107521 -0.34533000
vn -0.92255029 0.11641007 -0.36789897
vn -0.92522297 0.08847279 -0.36896479
vn -0.92662085 0.13001762 -0.35280194
vn -0.92928278 0.13107521 -0.34533000
vn -0.93094001 0.12753752 -0.34217667
vn -0.93473701 0.08938256 -0.34391492
vn -0.93481413 0.08978387 -0.34360064
vn -0.87651393 0.12957611 -0.46360906
vn -0.87982612 0.09667052 -0.46536095
vn -0.88124080 0.14294774 -0.45053368
vn -0.90043404 0.13454459 -0.41366206
vn -0.90956017 0.12010164 -0.39783903
vn -0.91241210 0.09074231 -0.39908645
vn 0.00000000 0.00000000 -1.00000000
vn -0.87651393 0.12957611 -0.46360906
vn -0.87857936 0.09617939 -0.46781174
vn -0.87982612 0.09667052 -0.46536095
vn 0.00000000 0.00000000 -1.00000000
vn -0.87327935 0.08624099 -0.47952650
vn -0.87857936 0.09617939 -0.46781174
vn -0.90043404 0.13454459 -0.41366206
vn -0.90435025 0.15950507 -0.39586457
vn -0.90956017 0.12010164 -0.39783903
vn -0.91877020 0.15413372 -0.36346130
vn -0.92255029 0.11641007 -0.36789897
vn -0.92662085 0.13001762 -0.35280194
vn 0.00000000 0.00000000 -1.00000000
vn -0.87548500 0.20652289 -0.43689164
vn -0.87793663 0.21304082 -0.42876670
vn -0.87548500 0.20652289 -0.43689164
vn -0.87793663 0.21304082 -0.42876670
vn -0.87877759 0.18824777 -0.43853474
vn -0.87934000 0.18726430 -0.43782786
vn -0.88908477 0.22725743 -0.39734409
vn -0.88953942 0.19035871 -0.41531094
vn -0.89640952 0.22912970 -0.37940683
vn -0.87610055 0.17370218 -0.44975036
vn -0.87934000 0.18726430 -0.43782786
vn -0.88070884 0.14355697 -0.45137936
vn -0.88124080 0.14294774 -0.45053368
vn -0.88953942 0.19035871 -0.41531094
vn -0.90043404 0.13454459 -0.41366206
vn -0.90435025 0.15950507 -0.39586457
vn 0.00000000 0.00000000 -1.00000000
vn -0.87651393 0.12957611 -0.46360906
vn -0.88070884 0.14355697 -0.45137936
vn -0.88124080 0.14294774 -0.45053368
vn 0.00000000 0.00000000 -1.00000000
vn -0.87548500 0.20652289 -0.43689164
vn -0.87877759 0.18824777 -0.43853474
vn 0.00000000 0.00000000 -1.00000000
vn -0.87610055 0.17370218 -0.44975036
vn -0.87877759 0.18824777 -0.43853474
vn -0.87934000 0.18726430 -0.43782786
vn 0.00000000 0.00000000 -1.00000000
vn -0.87610055 0.17370218 -0.44975036
vn -0.88070884 0.14355697 -0.45137936
f 4//4 9//9 14//14
f 3//3 13//13 19//19
f 2//2 18//18 24//24
f 5//5 25//25 29//29
f 6//6 32//32 34//34
f 7//7 35//35 41//41
f 1//1 40//40 94//94
f 1//1 94//94 157//157
f 1//1 157//157 168//168
f 1//1 168//168 240//240
f 1//1 240//240 252//252
f 1//1 252//252 378//378
f 1//1 378//378 528//528
f 1//1 528//528 707//707
f 1//1 707//707 944//944
f 1//1 944//944 1117//1117
f 1//1 1117//1117 980//980
f 1//1 980//980 737//737
f 1//1 737//737 734//734
f 1//1 734//734 543//543
f 1//1 543//543 392//392
f 1//1 392//392 260//260
f 1//1 260//260 172//172
f 1//1 172//172 104//104
f 1//1 104//104 51//51
f 1//1 51//51 8//8
f 11//11 44//44 50//50
f 10//10 49//49 16//16
f 12//12 52//52 45//45
f 15//15 48//48 20//20
f 21//21 57//57 26//26
f 17//17 47//47 43//43
f 17//17 43//43 98//98
f 17//17 98//98 101//101
f 17//17 101//101 107//107
f 17//17 107//107 175//175
f 17//17 175//175 277//277
f 17//17 277//277 399//399
f 17//17 399//399 427//427
f 17//17 427//427 423//423
f 17//17 423//423 601//601
f 17//17 601//601 597//597
f 17//17 597//597 802//802
f 17//17 802//802 1047//1047
f 17//17 1047//1047 1039//1039
f 17//17 1039//1039 806//806
f 17//17 806//806 607//607
f 17//17 607//607 604//604
f 17//17 604//604 430//430
f 17//17 430//430 328//328
f 17//17 328//328 213//213
f 17//17 213//213 132//132
f 17//17 132//132 65//65
f 23//23 66//66 69//69
f 22//22 68//68 61//61
f 28//28 58//58 75//75
f 27//27 74//74 30//30
f 31//31 77//77 33//33
f 36//36 79//79 81//81
f 38//38 84//84 87//87
f 39//39 88//88 96//96
f 37//37 95//95 42//42
f 46//46 53//53 99//99
f 54//54 102//102 100//100
f 55//55 106//106 109//109
f 56//56 110//110 103//103
f 60//60 111//111 118//118
f 59//59 117//117 76//76
f 64//64 71//71 122//122
f 63//63 121//121 128//128
f 62//62 127//127 112//112
f 67//67 133//133 70//70
f 73//73 134//134 139//139
f 72//72 138//138 123//123
f 78//78 119//119 80//80
f 82//82 120//120 113//113
f 83//83 114//114 143//143
f 85//85 145//145 147//147
f 86//86 148//148 90//90
f 89//89 158//158 97//97
f 91//91 155//155 166//166
f 92//92 167//167 170//170
f 93//93 171//171 159//159
f 105//105 173//173 256//256
f 105//105 256//256 381//381
f 105//105 381//381 532//532
f 105//105 532//532 719//719
f 105//105 719//719 958//958
f 105//105 958//958 954//954
f 105//105 954//954 1164//1164
f 105//105 1164//1164 1160//1160
f 105//105 1160//1160 1190//1190
f 105//105 1190//1190 1201//1201
f 105//105 1201//1201 1197//1197
f 105//105 1197//1197 1194//1194
f 105//105 1194//1194 1173//1173
f 105//105 1173//1173 984//984
f 105//105 984//984 747//747
f 105//105 747//747 557//557
f 105//105 557//557 554//554
f 105//105 554//554 395//395
f 105//105 395//395 264//264
f 105//105 264//264 176//176
f 105//105 176//176 108//108
f 115//115 129//129 179//179
f 116//116 180//180 144//144
f 126//126 141//141 185//185
f 125//125 184//184 197//197
f 124//124 195//195 130//130
f 131//131 196//196 181//181
f 136//136 201//201 210//210
f 135//135 209//209 140//140
f 137//137 214//214 203//203
f 142//142 211//211 186//186
f 146//146 182//182 149//149
f 150//150 183//183 198//198
f 151//151 199//199 218//218
f 156//156 221//221 229//229
f 153//153 228//228 234//234
f 152//152 233//233 238//238
f 154//154 239//239 165//165
f 164//164 242//242 169//169
f 160//160 237//237 245//245
f 161//161 246//246 250//250
f 162//162 251//251 254//254
f 163//163 255//255 241//241
f 174//174 261//261 258//258
f 177//177 265//265 267//267
f 178//178 268//268 278//278
f 187//187 212//212 202//202
f 188//188 206//206 280//280
f 189//189 281//281 286//286
f 190//190 288//288 290//290
f 191//191 291//291 294//294
f 193//193 296//296 298//298
f 194//194 299//299 220//220
f 192//192 219//219 200//200
f 204//204 216//216 302//302
f 205//205 304//304 306//306
f 207//207 308//308 310//310
f 208//208 311//311 282//282
f 217//217 321//321 303//303
f 215//215 330//330 315//315
f 223//223 301//301 343//343
f 222//222 342//342 230//230
f 226//226 347//347 354//354
f 227//227 356//356 231//231
f 224//224 336//336 367//367
f 225//225 370//370 344//344
f 232//232 357//357 235//235
f 236//236 358//358 243//243
f 244//244 359//359 249//249
f 247//247 355//355 376//376
f 248//248 377//377 380//380
f 248//248 380//380 253//253
f 259//259 262//262 387//387
f 257//257 385//385 382//382
f 263//263 393//393 388//388
f 266//266 397//397 271//271
f 269//269 400//400 279//279
f 272//272 398//398 405//405
f 275//275 406//406 409//409
f 276//276 410//410 420//420
f 274//274 416//416 425//425
f 273//273 424//424 429//429
f 270//270 428//428 401//401
f 283//283 313//313 326//326
f 284//284 327//327 337//337
f 285//285 338//338 287//287
f 289//289 339//339 292//292
f 293//293 340//340 295//295
f 297//297 341//341 300//300
f 305//305 324//324 307//307
f 309//309 325//325 312//312
f 314//314 329//329 431//431
f 316//316 433//433 435//435
f 317//317 437//437 443//443
f 318//318 445//445 448//448
f 319//319 451//451 453//453
f 320//320 456//456 459//459
f 322//322 460//460 464//464
f 323//323 465//465 331//331
f 332//332 466//466 470//470
f 333//333 471//471 477//477
f 334//334 479//479 481//481
f 335//335 482//482 366//366
f 345//345 371//371 484//484
f 346//346 485//485 352//352
f 351//351 483//483 369//369
f 349//349 368//368 489//489
f 348//348 488//488 493//493
f 350//350 494//494 501//501
f 353//353 502//502 375//375
f 361//361 476//476 505//505
f 360//360 504//504 511//511
f 362//362 512//512 514//514
f 364//364 516//516 518//518
f 365//365 521//521 486//486
f 363//363 480//480 478//478
f 372//372 500//500 526//526
f 373//373 527//527 530//530
f 374//374 531//531 379//379
f 384//384 386//386 539//539
f 383//383 538//538 535//535
f 390//390 394//394 544//544
f 391//391 545//545 549//549
f 389//389 547//547 541//541
f 396//396 555//555 402//402
f 403//403 556//556 559//559
f 404//404 560//560 562//562
f 407//407 563//563 566//566
f 408//408 567//567 411//411
f 413//413 569//569 572//572
f 415//415 573//573 579//579
f 414//414 577//577 589//589
f 412//412 585//585 421//421
f 422//422 586//586 593//593
f 419//419 592//592 600//600
f 418//418 598//598 603//603
f 417//417 602//602 426//426
f 432//432 606//606 441//441
f 434//434 442//442 436//436
f 440//440 605//605 610//610
f 438//438 609//609 615//615
f 439//439 616//616 619//619
f 444//444 621//621 446//446
f 447//447 622//622 625//625
f 449//449 627//627 631//631
f 450//450 632//632 452//452
f 454//454 635//635 638//638
f 455//455 639//639 457//457
f 458//458 641//641 462//462
f 461//461 640//640 644//644
f 463//463 646//646 468//468
f 467//467 645//645 650//650
f 469//469 652//652 473//473
f 472//472 651//651 657//657
f 474//474 659//659 507//507
f 475//475 510//510 503//503
f 487//487 522//522 492//492
f 491//491 520//520 660//660
f 491//491 660//660 666//666
f 490//490 664//664 499//499
f 498//498 663//663 673//673
f 495//495 671//671 676//676
f 496//496 677//677 681//681
f 497//497 682//682 523//523
f 506//506 658//658 694//694
f 508//508 695//695 697//697
f 509//509 699//699 704//704
f 509//509 704//704 513//513
f 515//515 706//706 662//662
f 517//517 665//665 519//519
f 520//520 666//666 660//660
f 524//524 683//683 710//710
f 525//525 711//711 529//529
f 533//533 715//715 721//721
f 534//534 537//537 718//718
f 542//542 548//548 724//724
f 540//540 722//722 731//731
f 536//536 730//730 717//717
f 546//546 735//735 550//550
f 551//551 736//736 738//738
f 553//553 739//739 743//743
f 552//552 741//741 726//726
f 558//558 748//748 561//561
f 565//565 752//752 568//568
f 564//564 749//749 751//751
f 571//571 760//760 574//574
f 570//570 755//755 757//757
f 575//575 762//762 765//765
f 576//576 766//766 582//582
f 583//583 767//767 771//771
f 584//584 772//772 778//778
f 581//581 777//777 783//783
f 580//580 782//782 798//798
f 578//578 796//796 590//590
f 588//588 795//795 801//801
f 587//587 800//800 596//596
f 595//595 799//799 793//793
f 594//594 792//792 805//805
f 591//591 803//803 599//599
f 608//608 807//807 611//611
f 612//612 810//810 813//813
f 613//613 815//815 820//820
f 614//614 822//822 617//617
f 618//618 823//823 826//826
f 620//620 828//828 623//623
f 624//624 829//829 832//832
f 626//626 833//833 628//628
f 629//629 834//834 839//839
f 630//630 841//841 843//843
f 633//633 845//845 848//848
f 634//634 850//850 636//636
f 637//637 852//852 643//643
f 642//642 851//851 649//649
f 648//648 849//849 858//858
f 647//647 857//857 655//655
f 654//654 855//855 866//866
f 653//653 865//865 868//868
f 656//656 869//869 691//691
f 661//661 705//705 672//672
f 670//670 874//874 674//674
f 668//668 703//703 882//882
f 667//667 881//881 887//887
f 669//669 888//888 871//871
f 675//675 875//875 680//680
f 678//678 873//873 894//894
f 679//679 897//897 709//709
f 685//685 901//901 907//907
f 684//684 906//906 915//915
f 687//687 916//916 919//919
f 690//690 922//922 925//925
f 692//692 926//926 929//929
f 693//693 931//931 696//696
f 689//689 867//867 863//863
f 688//688 862//862 939//939
f 686//686 935//935 903//903
f 698//698 934//934 701//701
f 700//700 933//933 941//941
f 702//702 943//943 880//880
f 708//708 896//896 946//946
f 714//714 948//948 957//957
f 713//713 955//955 960//960
f 712//712 959//959 720//720
f 716//716 729//729 953//953
f 723//723 963//963 733//733
f 727//727 742//742 969//969
f 725//725 967//967 965//965
f 732//732 961//961 978//978
f 728//728 976//976 952//952
f 740//740 981//981 744//744
f 746//746 982//982 891//891
f 745//745 889//889 972//972
f 750//750 987//987 753//753
f 754//754 988//988 990//990
f 756//756 993//993 758//758
f 759//759 994//994 996//996
f 761//761 997//997 1000//1000
f 763//763 1003//1003 1005//1005
f 764//764 1007//1007 768//768
f 769//769 1009//1009 1011//1011
f 770//770 1013//1013 774//774
f 776//776 1020//1020 1026//1026
f 773//773 1023//1023 779//779
f 775//775 1015//1015 1018//1018
f 780//780 1024//1024 785//785
f 789//789 1025//1025 1030//1030
f 788//788 1029//1029 1036//1036
f 787//787 1034//1034 809//809
f 786//786 808//808 1043//1043
f 784//784 1042//1042 1046//1046
f 781//781 1045//1045 797//797
f 794//794 1044//1044 1041//1041
f 790//790 1040//1040 1048//1048
f 791//791 1049//1049 804//804
f 812//812 1035//1035 1051//1051
f 811//811 1050//1050 814//814
f 816//816 1053//1053 1056//1056
f 818//818 1057//1057 1062//1062
f 819//819 1063//1063 825//825
f 817//817 824//824 821//821
f 827//827 1065//1065 830//830
f 831//831 1066//1066 837//837
f 838//838 1071//1071 1073//1073
f 840//840 1074//1074 842//842
f 836//836 1064//1064 1061//1061
f 835//835 1060//1060 1068//1068
f 844//844 1077//1077 847//847
f 846//846 1076//1076 856//856
f 854//854 1075//1075 1082//1082
f 853//853 1081//1081 864//864
f 861//861 1078//1078 1091//1091
f 860//860 1090//1090 1095//1095
f 859//859 1094//1094 938//938
f 870//870 886//886 1098//1098
f 872//872 1099//1099 893//893
f 879//879 942//942 1105//1105
f 878//878 1102//1102 1110//1110
f 876//876 1108//1108 1113//1113
f 877//877 1116//1116 884//884
f 883//883 1115//1115 970//970
f 885//885 971//971 1096//1096
f 890//890 1097//1097 973//973
f 892//892 983//983 1118//1118
f 895//895 1119//1119 945//945
f 904//904 936//936 1087//1087
f 902//902 1085//1085 1022//1022
f 899//899 1019//1019 1017//1017
f 898//898 1016//1016 912//912
f 900//900 913//913 905//905
f 911//911 1014//1014 1123//1123
f 909//909 1122//1122 1128//1128
f 908//908 1127//1127 1132//1132
f 910//910 1133//1133 1139//1139
f 914//914 1141//1141 917//917
f 918//918 1142//1142 1144//1144
f 920//920 1146//1146 1150//1150
f 921//921 1151//1151 1106//1106
f 923//923 1109//1109 1100//1100
f 924//924 1101//1101 927//927
f 928//928 1103//1103 930//930
f 932//932 1104//1104 940//940
f 937//937 1093//1093 1088//1088
f 950//950 1155//1155 1163//1163
f 949//949 1162//1162 1166//1166
f 947//947 1165//1165 956//956
f 951//951 975//975 1159//1159
f 962//962 1148//1148 979//979
f 966//966 968//968 1114//1114
f 964//964 1111//1111 1152//1152
f 977//977 1147//1147 1171//1171
f 974//974 1169//1169 1158//1158
f 985//985 1175//1175 1177//1177
f 986//986 1180//1180 989//989
f 991//991 1182//1182 1135//1135
f 992//992 1136//1136 995//995
f 999//999 1138//1138 1131//1131
f 998//998 1129//1129 1001//1001
f 1002//1002 1130//1130 1124//1124
f 1004//1004 1125//1125 1006//1006
f 1008//1008 1126//1126 1120//1120
f 1010//1010 1121//1121 1012//1012
f 1021//1021 1083//1083 1027//1027
f 1028//1028 1084//1084 1032//1032
f 1033//1033 1086//1086 1058//1058
f 1031//1031 1055//1055 1038//1038
f 1037//1037 1054//1054 1052//1052
f 1059//1059 1089//1089 1067//1067
f 1069//1069 1092//1092 1079//1079
f 1070//1070 1080//1080 1072//1072
f 1107//1107 1153//1153 1112//1112
f 1140//1140 1170//1170 1143//1143
f 1134//1134 1181//1181 1187//1187
f 1137//1137 1189//1189 1168//1168
f 1145//1145 1172//1172 1149//1149
f 1156//1156 1186//1186 1193//1193
f 1154//1154 1191//1191 1161//1161
f 1157//1157 1167//1167 1188//1188
f 1174//1174 1195//1195 1176//1176
f 1178//1178 1196//1196 1199//1199
f 1179//1179 1200//1200 1184//1184
f 1183//1183 1198//1198 1202//1202
f 1185//1185 1203//1203 1192//1192

