# https://github.com/mikedh/trimesh
v -1.28258860 0.44147858 0.98801622
v -1.28258860 0.44147858 0.98801622
v -1.28258860 0.44147858 0.98801622
v -1.28258860 0.44147858 0.98801622
v -1.28258860 0.44147858 0.98801622
v -1.28258860 0.44147858 0.98801622
v -1.28258860 0.44147858 0.98801622
v -1.28258860 0.44147858 0.98801622
v -1.28258860 0.44147858 0.98801622
v -1.28258860 0.44147858 0.98801622
v -1.27370811 0.46711811 0.98801622
v -1.27370811 0.46711811 0.98801622
v -1.27370811 0.46711811 0.98801622
v -1.27370811 0.46711811 0.98801622
v -1.24586642 0.53558451 0.96382555
v -1.24586642 0.53558451 0.96382555
v -1.24586642 0.53558451 0.96382555
v -1.24586642 0.53558451 0.96382555
v -1.24586642 0.53558451 0.96382555
v -1.24586642 0.53558451 0.96382555
v -1.24586642 0.53558451 0.96382555
v -1.24586642 0.53558451 0.96382555
v -1.24586642 0.53558451 0.96382555
v -1.24586642 0.53558451 0.96382555
v -1.24586642 0.53558451 0.96382555
v -1.24586642 0.53558451 0.96382555
v -1.24586642 0.53558451 0.96382555
v -1.24586642 0.53558451 0.96382555
v -1.24586642 0.53558451 0.96382555
v -1.24586642 0.53558451 0.96382555
v -1.28018844 0.44147858 0.97603607
v -1.28018844 0.44147858 0.97603607
v -1.28018844 0.44147858 0.97603607
v -1.26512766 0.44147858 1.02434057
v -1.26512766 0.44147858 1.02434057
v -1.26512766 0.44147858 1.02434057
v -1.26512766 0.44147858 1.02434057
v -1.25888717 0.46711811 1.02380306
v -1.25888717 0.46711811 1.02380306
v -1.25888717 0.46711811 1.02380306
v -1.25888717 0.46711811 1.02380306
v -1.25888717 0.46711811 1.02380306
v -1.25888717 0.46711811 1.02380306
v -1.25888717 0.46711811 1.02380306
v -1.25006664 0.51157176 1.01604664
v -1.25006664 0.51157176 1.01604664
v -1.25006664 0.51157176 1.01604664
v -1.25006664 0.51157176 1.01604664
v -1.24532640 0.53438216 1.01059419
v -1.24532640 0.53438216 1.01059419
v -1.24532640 0.53438216 1.01059419
v -1.24532640 0.53438216 1.01059419
v -1.24532640 0.53438216 1.01059419
v -1.24532640 0.53438216 1.01059419
v -1.24532640 0.53438216 1.01059419
v -1.24532640 0.53438216 1.01059419
v -1.24532640 0.53438216 1.01059419
v -1.25600696 0.51157176 0.98801622
v -1.25600696 0.51157176 0.98801622
v -1.25600696 0.51157176 0.98801622
v -1.25600696 0.51157176 0.98801622
v -1.16618156 0.51383513 0.63160720
v -1.16618156 0.51383513 0.63160720
v -1.16618156 0.51383513 0.63160720
v -1.16090119 0.49961844 0.58783364
v -1.16090119 0.49961844 0.58783364
v -1.16090119 0.49961844 0.58783364
v -1.16090119 0.49961844 0.58783364
v -1.16090119 0.49961844 0.58783364
v -1.16090119 0.49961844 0.58783364
v -1.18970299 0.46407673 0.63437185
v -1.18970299 0.46407673 0.63437185
v -1.18970299 0.46407673 0.63437185
v -1.18970299 0.46407673 0.63437185
v -1.20164382 0.44724303 0.65049896
v -1.20164382 0.44724303 0.65049896
v -1.20164382 0.44724303 0.65049896
v -1.20164382 0.44724303 0.65049896
v -1.20164382 0.44724303 0.65049896
v -1.20164382 0.44724303 0.65049896
v -1.20164382 0.44724303 0.65049896
v -1.20164382 0.44724303 0.65049896
v -1.20164382 0.44724303 0.65049896
v -1.26488757 0.46711811 0.94355148
v -1.26488757 0.46711811 0.94355148
v -1.26488757 0.46711811 0.94355148
v -1.27382803 0.44147858 0.94447303
v -1.27382803 0.44147858 0.94447303
v -1.27382803 0.44147858 0.94447303
v -1.27382803 0.44147858 0.94447303
v -1.27382803 0.44147858 0.94447303
v -1.27382803 0.44147858 0.94447303
v -1.24586642 0.53558451 0.98801622
v -1.24586642 0.53558451 0.98801622
v -1.24586642 0.53558451 0.98801622
v -1.24586642 0.53558451 0.98801622
v -1.23578584 0.55779368 0.98801622
v -1.23578584 0.55779368 0.98801622
v -1.23578584 0.55779368 0.98801622
v -1.23578584 0.55779368 0.98801622
v -1.21634459 0.60051441 0.98801622
v -1.21634459 0.60051441 0.98801622
v -1.21634459 0.60051441 0.98801622
v -1.21634459 0.60051441 0.98801622
v -1.21634459 0.60051441 0.98801622
v -1.20344388 0.62806368 0.98801622
v -1.20344388 0.62806368 0.98801622
v -1.20344388 0.62806368 0.98801622
v -1.20344388 0.62806368 0.98801622
v -1.20344388 0.62806368 0.98801622
v -1.20344388 0.62806368 0.98801622
v -1.20248377 0.62622476 0.96190566
v -1.20248377 0.62622476 0.96190566
v -1.20248377 0.62622476 0.96190566
v -1.20248377 0.62622476 0.96190566
v -1.20248377 0.62622476 0.96190566
v -1.20248377 0.62622476 0.96190566
v -1.20248377 0.62622476 0.96190566
v -1.20248377 0.62622476 0.96190566
v -1.20248377 0.62622476 0.96190566
v -1.20248377 0.62622476 0.96190566
v -1.20248377 0.62622476 0.96190566
v -1.13491964 0.55606079 0.58783364
v -1.13491964 0.55606079 0.58783364
v -1.13491964 0.55606079 0.58783364
v -1.13491964 0.55606079 0.58783364
v -1.13491964 0.55606079 0.58783364
v -1.13491964 0.55606079 0.58783364
v -1.13491964 0.55606079 0.58783364
v -1.13491964 0.55606079 0.58783364
v -1.24928665 0.44147858 1.03125221
v -1.24928665 0.44147858 1.03125221
v -1.24928665 0.44147858 1.03125221
v -1.22288501 0.46711811 1.03962296
v -1.22288501 0.46711811 1.03962296
v -1.22288501 0.46711811 1.03962296
v -1.22288501 0.46711811 1.03962296
v -1.22288501 0.46711811 1.03962296
v -1.22288501 0.46711811 1.03962296
v -1.22288501 0.46711811 1.03962296
v -1.22288501 0.51157176 1.03271133
v -1.22288501 0.51157176 1.03271133
v -1.22288501 0.51157176 1.03271133
v -1.17842233 0.60051441 1.03624392
v -1.17842233 0.60051441 1.03624392
v -1.17842233 0.60051441 1.03624392
v -1.17842233 0.60051441 1.03624392
v -1.17842233 0.60051441 1.03624392
v -1.17842233 0.60051441 1.03624392
v -1.17842233 0.60051441 1.03624392
v -1.17842233 0.60051441 1.03624392
v -1.17842233 0.60051441 1.03624392
v -1.20836413 0.60051441 1.01934886
v -1.20836413 0.60051441 1.01934886
v -1.20836413 0.60051441 1.01934886
v -1.20836413 0.60051441 1.01934886
v -1.20836413 0.60051441 1.01934886
v -1.20836413 0.60051441 1.01934886
v -1.20248377 0.62636620 1.01320520
v -1.20248377 0.62636620 1.01320520
v -1.20248377 0.62636620 1.01320520
v -1.20248377 0.62636620 1.01320520
v -1.20248377 0.62636620 1.01320520
v -1.20248377 0.62636620 1.01320520
v -1.20248377 0.62636620 1.01320520
v -1.17572212 0.46711811 0.58783364
v -1.17572212 0.46711811 0.58783364
v -1.17572212 0.46711811 0.58783364
v -1.17572212 0.46711811 0.58783364
v -1.17572212 0.46711811 0.58783364
v -1.15730107 0.49183816 0.56164628
v -1.15730107 0.49183816 0.56164628
v -1.15730107 0.49183816 0.56164628
v -1.15730107 0.49183816 0.56164628
v -1.15730107 0.49183816 0.56164628
v -1.15730107 0.49183816 0.56164628
v -1.15730107 0.49183816 0.56164628
v -1.19972360 0.44147858 0.63613814
v -1.19972360 0.44147858 0.63613814
v -1.19972360 0.44147858 0.63613814
v -1.19972360 0.44147858 0.63613814
v -1.19972360 0.44147858 0.63613814
v -1.20248377 0.44147858 0.64696634
v -1.20248377 0.44147858 0.64696634
v -1.20248377 0.44147858 0.64696634
v -1.20248377 0.44147858 0.64696634
v -1.20494401 0.44147858 0.65664262
v -1.20494401 0.44147858 0.65664262
v -1.20494401 0.44147858 0.65664262
v -1.20494401 0.44147858 0.65664262
v -1.15976119 0.45286611 0.50934839
v -1.15976119 0.45286611 0.50934839
v -1.15976119 0.45286611 0.50934839
v -1.15976119 0.45286611 0.50934839
v -1.15976119 0.45286611 0.50934839
v -1.15976119 0.45286611 0.50934839
v -1.15976119 0.45286611 0.50934839
v -1.15976119 0.45286611 0.50934839
v -1.15976119 0.45286611 0.50934839
v -1.15976119 0.45286611 0.50934839
v -1.19144309 0.65030819 0.98801622
v -1.19144309 0.65030819 0.98801622
v -1.19144309 0.65030819 0.98801622
v -1.19144309 0.65030819 0.98801622
v -1.19144309 0.65030819 0.98801622
v -1.19144309 0.65030819 0.98801622
v -1.15652096 0.71216142 1.01082453
v -1.15652096 0.71216142 1.01082453
v -1.15652096 0.71216142 1.01082453
v -1.15652096 0.71216142 1.01082453
v -1.15652096 0.71216142 1.01082453
v -1.15652096 0.71216142 1.01082453
v -1.15652096 0.71216142 1.01082453
v -1.15652096 0.71216142 1.01082453
v -1.15652096 0.71216142 1.01082453
v -1.15592098 0.71127725 0.97181231
v -1.15592098 0.71127725 0.97181231
v -1.15592098 0.71127725 0.97181231
v -1.15592098 0.71127725 0.97181231
v -1.15592098 0.71127725 0.97181231
v -1.15592098 0.71127725 0.97181231
v -1.15592098 0.71127725 0.97181231
v -1.15592098 0.71127725 0.97181231
v -1.15592098 0.71127725 0.97181231
v -1.15592098 0.71127725 0.97181231
v -1.15592098 0.71127725 0.97181231
v -1.15592098 0.71127725 0.97181231
v -1.15592098 0.71127725 0.97181231
v -1.15592098 0.71127725 0.97181231
v -1.15592098 0.71127725 0.97181231
v -1.10617793 0.65734583 0.67668630
v -1.10617793 0.65734583 0.67668630
v -1.10617793 0.65734583 0.67668630
v -1.10617793 0.65734583 0.67668630
v -1.10617793 0.65734583 0.67668630
v -1.10167766 0.64337671 0.63091604
v -1.10167766 0.64337671 0.63091604
v -1.10167766 0.64337671 0.63091604
v -1.10167766 0.64337671 0.63091604
v -1.11031818 0.62021267 0.61517292
v -1.11031818 0.62021267 0.61517292
v -1.11031818 0.62021267 0.61517292
v -1.11031818 0.62021267 0.61517292
v -1.10653794 0.61313975 0.58783364
v -1.10653794 0.61313975 0.58783364
v -1.10653794 0.61313975 0.58783364
v -1.10653794 0.61313975 0.58783364
v -1.10653794 0.61313975 0.58783364
v -1.10653794 0.61313975 0.58783364
v -1.11817861 0.59089524 0.58783364
v -1.11817861 0.59089524 0.58783364
v -1.11403847 0.58283204 0.55742252
v -1.11403847 0.58283204 0.55742252
v -1.11403847 0.58283204 0.55742252
v -1.11403847 0.58283204 0.55742252
v -1.11403847 0.58283204 0.55742252
v -1.11403847 0.58283204 0.55742252
v -1.10977817 0.57416761 0.52777937
v -1.10977817 0.57416761 0.52777937
v -1.10977817 0.57416761 0.52777937
v -1.10977817 0.57416761 0.52777937
v -1.10977817 0.57416761 0.52777937
v -1.10977817 0.57416761 0.52777937
v -1.10977817 0.57416761 0.52777937
v -1.10977817 0.57416761 0.52777937
v -1.10977817 0.57416761 0.52777937
v -1.10977817 0.57416761 0.52777937
v -1.10977817 0.57416761 0.52777937
v -1.12147880 0.55800587 0.54290813
v -1.12147880 0.55800587 0.54290813
v -1.12147880 0.55800587 0.54290813
v -1.22288501 0.44147858 1.03939259
v -1.22288501 0.44147858 1.03939259
v -1.22288501 0.44147858 1.03939259
v -1.22288501 0.44147858 1.03939259
v -1.22288501 0.44147858 1.03939259
v -1.22288501 0.44147858 1.03939259
v -1.22288501 0.44147858 1.03939259
v -1.17842233 0.55606079 1.04016054
v -1.17842233 0.55606079 1.04016054
v -1.17842233 0.55606079 1.04016054
v -1.17842233 0.55606079 1.04016054
v -1.13389957 0.64496815 1.04054451
v -1.13389957 0.64496815 1.04054451
v -1.13389957 0.64496815 1.04054451
v -1.13389957 0.64496815 1.04054451
v -1.13389957 0.64496815 1.04054451
v -1.08943689 0.73387539 1.03977656
v -1.08943689 0.73387539 1.03977656
v -1.08943689 0.73387539 1.03977656
v -1.08943689 0.73387539 1.03977656
v -1.08943689 0.73387539 1.03977656
v -1.08943689 0.73387539 1.03977656
v -1.08943689 0.73387539 1.03977656
v -1.13389957 0.68942177 1.03440082
v -1.13389957 0.68942177 1.03440082
v -1.13389957 0.68942177 1.03440082
v -1.13389957 0.68942177 1.03440082
v -1.13389957 0.68942177 1.03440082
v -1.17920232 0.64270478 1.02449417
v -1.17920232 0.64270478 1.02449417
v -1.17920232 0.64270478 1.02449417
v -1.17920232 0.64270478 1.02449417
v -1.17920232 0.64270478 1.02449417
v -1.17920232 0.64270478 1.02449417
v -1.16300142 0.68942177 1.01758257
v -1.16300142 0.68942177 1.01758257
v -1.16300142 0.68942177 1.01758257
v -1.16300142 0.68942177 1.01758257
v -1.16300142 0.68942177 1.01758257
v -1.16372144 0.46743640 0.54544238
v -1.16372144 0.46743640 0.54544238
v -1.16372144 0.46743640 0.54544238
v -1.16372144 0.46743640 0.54544238
v -1.15304077 0.48250186 0.53200313
v -1.15304077 0.48250186 0.53200313
v -1.15304077 0.48250186 0.53200313
v -1.15304077 0.48250186 0.53200313
v -1.15304077 0.48250186 0.53200313
v -1.15574098 0.44147858 0.48039639
v -1.15574098 0.44147858 0.48039639
v -1.15574098 0.44147858 0.48039639
v -1.15574098 0.44147858 0.48039639
v -1.15574098 0.44147858 0.48039639
v -1.11565852 0.54248065 0.49890416
v -1.11565852 0.54248065 0.49890416
v -1.11565852 0.54248065 0.49890416
v -1.11565852 0.54248065 0.49890416
v -1.11565852 0.54248065 0.49890416
v -1.11205828 0.53470039 0.47548146
v -1.11205828 0.53470039 0.47548146
v -1.11205828 0.53470039 0.47548146
v -1.11205828 0.53470039 0.47548146
v -1.11205828 0.53470039 0.47548146
v -1.11205828 0.53470039 0.47548146
v -1.14908051 0.46743640 0.49629312
v -1.14908051 0.46743640 0.49629312
v -1.14908051 0.46743640 0.49629312
v -1.13611972 0.46711811 0.45443943
v -1.13611972 0.46711811 0.45443943
v -1.13611972 0.46711811 0.45443943
v -1.13611972 0.46711811 0.45443943
v -1.13611972 0.46711811 0.45443943
v -1.13611972 0.46711811 0.45443943
v -1.13611972 0.46711811 0.45443943
v -1.15526092 0.44225663 0.47970523
v -1.15526092 0.44225663 0.47970523
v -1.15526092 0.44225663 0.47970523
v -1.15526092 0.44225663 0.47970523
v -1.15526092 0.44225663 0.47970523
v -1.15526092 0.44225663 0.47970523
v -1.15526092 0.44225663 0.47970523
v -1.16684163 0.69363022 0.98717144
v -1.16684163 0.69363022 0.98717144
v -1.16684163 0.69363022 0.98717144
v -1.15652096 0.71216142 1.00145546
v -1.15652096 0.71216142 1.00145546
v -1.15652096 0.71216142 1.00145546
v -1.15652096 0.71216142 1.00145546
v -1.15652096 0.71216142 1.00145546
v -1.15652096 0.71216142 1.00145546
v -1.11673856 0.76329905 1.01673782
v -1.11673856 0.76329905 1.01673782
v -1.11673856 0.76329905 1.01673782
v -1.11673856 0.76329905 1.01673782
v -1.11673856 0.76329905 1.01673782
v -1.11673856 0.76329905 1.01673782
v -1.09297717 0.80276620 0.98801622
v -1.09297717 0.80276620 0.98801622
v -1.09297717 0.80276620 0.98801622
v -1.09297717 0.80276620 0.98801622
v -1.09297717 0.80276620 0.98801622
v -1.09297717 0.80276620 0.98801622
v -1.09297717 0.80276620 0.98801622
v -1.09297717 0.80276620 0.98801622
v -1.10317779 0.78854954 0.98801622
v -1.10317779 0.78854954 0.98801622
v -1.10317779 0.78854954 0.98801622
v -1.10317779 0.78854954 0.98801622
v -1.11883867 0.76630503 0.98801622
v -1.11883867 0.76630503 0.98801622
v -1.11883867 0.76630503 0.98801622
v -1.11883867 0.76630503 0.98801622
v -1.11883867 0.76630503 0.98801622
v -1.14392018 0.72977310 0.98717144
v -1.14392018 0.72977310 0.98717144
v -1.14392018 0.72977310 0.98717144
v -1.11613858 0.76252097 0.95768189
v -1.11613858 0.76252097 0.95768189
v -1.11613858 0.76252097 0.95768189
v -1.11613858 0.76252097 0.95768189
v -1.11613858 0.76252097 0.95768189
v -1.01701248 0.79240429 0.67668630
v -1.01701248 0.79240429 0.67668630
v -1.01701248 0.79240429 0.67668630
v -1.01701248 0.79240429 0.67668630
v -1.01701248 0.79240429 0.67668630
v -1.01701248 0.79240429 0.67668630
v -1.01701248 0.79240429 0.67668630
v -1.02613306 0.76110643 0.63229836
v -1.02613306 0.76110643 0.63229836
v -1.02613306 0.76110643 0.63229836
v -1.02613306 0.76110643 0.63229836
v -1.02613306 0.76110643 0.63229836
v -1.02613306 0.76110643 0.63229836
v -1.02613306 0.76110643 0.63229836
v -1.02613306 0.76110643 0.63229836
v -1.02613306 0.76110643 0.63229836
v -1.06681550 0.71099430 0.65610504
v -1.06681550 0.71099430 0.65610504
v -1.06681550 0.71099430 0.65610504
v -1.06681550 0.71099430 0.65610504
v -1.06681550 0.71099430 0.65610504
v -1.07797623 0.68369263 0.63229836
v -1.07797623 0.68369263 0.63229836
v -1.07797623 0.68369263 0.63229836
v -1.07167578 0.67396730 0.58783364
v -1.07167578 0.67396730 0.58783364
v -1.07167578 0.67396730 0.58783364
v -1.07167578 0.67396730 0.58783364
v -1.07167578 0.67396730 0.58783364
v -1.07167578 0.67396730 0.58783364
v -1.07167578 0.67396730 0.58783364
v -1.07167578 0.67396730 0.58783364
v -1.08877695 0.64496815 0.58783364
v -1.08877695 0.64496815 0.58783364
v -1.08877695 0.64496815 0.58783364
v -1.08877695 0.64496815 0.58783364
v -1.08877695 0.64496815 0.58783364
v -1.08877695 0.64496815 0.58783364
v -1.08877695 0.64496815 0.58783364
v -1.07623613 0.64564002 0.54621034
v -1.07623613 0.64564002 0.54621034
v -1.07623613 0.64564002 0.54621034
v -1.07623613 0.64564002 0.54621034
v -1.07623613 0.64564002 0.54621034
v -1.07623613 0.64564002 0.54621034
v -1.10131764 0.59881693 0.54290813
v -1.10131764 0.59881693 0.54290813
v -1.10131764 0.59881693 0.54290813
v -1.10131764 0.59881693 0.54290813
v -1.10131764 0.59881693 0.54290813
v -1.10131764 0.59881693 0.54290813
v -1.08721685 0.60051441 0.49890416
v -1.08721685 0.60051441 0.49890416
v -1.08721685 0.60051441 0.49890416
v -1.08721685 0.60051441 0.49890416
v -1.08721685 0.60051441 0.49890416
v -1.07473600 0.60019618 0.45820243
v -1.07473600 0.60019618 0.45820243
v -1.07473600 0.60019618 0.45820243
v -1.07473600 0.60019618 0.45820243
v -1.07473600 0.60019618 0.45820243
v -1.07089579 0.58513075 0.42126367
v -1.07089579 0.58513075 0.42126367
v -1.07089579 0.58513075 0.42126367
v -1.07089579 0.58513075 0.42126367
v -1.07089579 0.58513075 0.42126367
v -1.07089579 0.58513075 0.42126367
v -1.07089579 0.58513075 0.42126367
v -1.10545790 0.56472522 0.49890416
v -1.10545790 0.56472522 0.49890416
v -1.10545790 0.56472522 0.49890416
v -1.10545790 0.56472522 0.49890416
v -1.10545790 0.56472522 0.49890416
v -1.20326376 0.44147858 1.03324890
v -1.20326376 0.44147858 1.03324890
v -1.20326376 0.44147858 1.03324890
v -1.20326376 0.44147858 1.03324890
v -1.20326376 0.44147858 1.03324890
v -1.02061272 0.80276620 1.03893179
v -1.02061272 0.80276620 1.03893179
v -1.02061272 0.80276620 1.03893179
v -1.02061272 0.80276620 1.03893179
v -1.02061272 0.80276620 1.03893179
v -1.04497421 0.77836448 1.03969973
v -1.04497421 0.77836448 1.03969973
v -1.04497421 0.77836448 1.03969973
v -1.04497421 0.77836448 1.03969973
v -1.04497421 0.77836448 1.03969973
v -1.04671431 0.80276620 1.03394008
v -1.04671431 0.80276620 1.03394008
v -1.04671431 0.80276620 1.03394008
v -1.04671431 0.80276620 1.03394008
v -1.06879568 0.80276620 1.02748924
v -1.06879568 0.80276620 1.02748924
v -1.06879568 0.80276620 1.02748924
v -1.06879568 0.80276620 1.02748924
v -1.09057701 0.77822298 1.02649087
v -1.09057701 0.77822298 1.02649087
v -1.09057701 0.77822298 1.02649087
v -1.09057701 0.77822298 1.02649087
v -1.09057701 0.77822298 1.02649087
v -1.09057701 0.77822298 1.02649087
v -1.13251948 0.72977310 1.02126878
v -1.13251948 0.72977310 1.02126878
v -1.13251948 0.72977310 1.02126878
v -1.13251948 0.72977310 1.02126878
v -1.13251948 0.72977310 1.02126878
v -1.15508091 0.44147858 0.47839971
v -1.15508091 0.44147858 0.47839971
v -1.15508091 0.44147858 0.47839971
v -1.15508091 0.44147858 0.47839971
v -1.09855747 0.55213529 0.45820243
v -1.09855747 0.55213529 0.45820243
v -1.09855747 0.55213529 0.45820243
v -1.09855747 0.55213529 0.45820243
v -1.09855747 0.55213529 0.45820243
v -1.09855747 0.55213529 0.45820243
v -1.07893622 0.55878389 0.40782443
v -1.07893622 0.55878389 0.40782443
v -1.07893622 0.55878389 0.40782443
v -1.07893622 0.55878389 0.40782443
v -1.12099886 0.46789613 0.41043548
v -1.12099886 0.46789613 0.41043548
v -1.12099886 0.46789613 0.41043548
v -1.12099886 0.46789613 0.41043548
v -1.12099886 0.46789613 0.41043548
v -1.11565852 0.45357338 0.37710615
v -1.11565852 0.45357338 0.37710615
v -1.11565852 0.45357338 0.37710615
v -1.11565852 0.45357338 0.37710615
v -1.11565852 0.45357338 0.37710615
v -1.11565852 0.45357338 0.37710615
v -1.11565852 0.45357338 0.37710615
v -1.11565852 0.45357338 0.37710615
v -1.12489915 0.44147858 0.38993102
v -1.12489915 0.44147858 0.38993102
v -1.12489915 0.44147858 0.38993102
v -1.12489915 0.44147858 0.38993102
v -1.08067632 0.80276620 1.02142233
v -1.08067632 0.80276620 1.02142233
v -1.08067632 0.80276620 1.02142233
v -1.08067632 0.80276620 1.02142233
v -1.08589673 0.80276620 0.96075374
v -1.08589673 0.80276620 0.96075374
v -1.08589673 0.80276620 0.96075374
v -1.08589673 0.80276620 0.96075374
v -1.02085280 0.79795659 0.70602228
v -1.02085280 0.79795659 0.70602228
v -1.02085280 0.79795659 0.70602228
v -1.02085280 0.79795659 0.70602228
v -1.02085280 0.79795659 0.70602228
v -1.02085280 0.79795659 0.70602228
v -1.01071215 0.78331554 0.63229836
v -1.01071215 0.78331554 0.63229836
v -1.01071215 0.78331554 0.63229836
v -1.01071215 0.78331554 0.63229836
v -1.00237167 0.80276620 0.65387796
v -1.00237167 0.80276620 0.65387796
v -1.00237167 0.80276620 0.65387796
v -1.00237167 0.80276620 0.65387796
v -1.00237167 0.80276620 0.65387796
v -1.00237167 0.80276620 0.65387796
v -0.97843015 0.80075043 0.56517889
v -0.97843015 0.80075043 0.56517889
v -0.97843015 0.80075043 0.56517889
v -0.97843015 0.80075043 0.56517889
v -0.97843015 0.80075043 0.56517889
v -0.97843015 0.80075043 0.56517889
v -0.97843015 0.80075043 0.56517889
v -0.97843015 0.80075043 0.56517889
v -0.97843015 0.80075043 0.56517889
v -0.97843015 0.80075043 0.56517889
v -0.97843015 0.80075043 0.56517889
v -1.03225350 0.73447663 0.59221099
v -1.03225350 0.73447663 0.59221099
v -1.03225350 0.73447663 0.59221099
v -1.05685496 0.69621181 0.58783364
v -1.05685496 0.69621181 0.58783364
v -1.05685496 0.69621181 0.58783364
v -1.05685496 0.69621181 0.58783364
v -1.05685496 0.69621181 0.58783364
v -1.05685496 0.69621181 0.58783364
v -1.05685496 0.69621181 0.58783364
v -1.06333530 0.70593715 0.63229836
v -1.06333530 0.70593715 0.63229836
v -1.06333530 0.70593715 0.63229836
v -1.06333530 0.70593715 0.63229836
v -1.00519180 0.77394378 0.59221099
v -1.00519180 0.77394378 0.59221099
v -1.00519180 0.77394378 0.59221099
v -1.00519180 0.77394378 0.59221099
v -1.01839268 0.74968350 0.58030765
v -1.01839268 0.74968350 0.58030765
v -1.01839268 0.74968350 0.58030765
v -1.01839268 0.74968350 0.58030765
v -1.01839268 0.74968350 0.58030765
v -1.01839268 0.74968350 0.58030765
v -1.01839268 0.74968350 0.58030765
v -1.01839268 0.74968350 0.58030765
v -1.06801569 0.66841501 0.56295181
v -1.06801569 0.66841501 0.56295181
v -1.06801569 0.66841501 0.56295181
v -1.06801569 0.66841501 0.56295181
v -1.06801569 0.66841501 0.56295181
v -1.06801569 0.66841501 0.56295181
v -1.06801569 0.66841501 0.56295181
v -1.06801569 0.66841501 0.56295181
v -1.06345534 0.66091764 0.53330866
v -1.06345534 0.66091764 0.53330866
v -1.06345534 0.66091764 0.53330866
v -1.06345534 0.66091764 0.53330866
v -1.06345534 0.66091764 0.53330866
v -1.06345534 0.66091764 0.53330866
v -1.06345534 0.66091764 0.53330866
v -1.07119572 0.62961978 0.49890416
v -1.07119572 0.62961978 0.49890416
v -1.07119572 0.62961978 0.49890416
v -1.07119572 0.62961978 0.49890416
v -1.07119572 0.62961978 0.49890416
v -1.06759560 0.62339550 0.47555827
v -1.06759560 0.62339550 0.47555827
v -1.06759560 0.62339550 0.47555827
v -1.06759560 0.62339550 0.47555827
v -1.06759560 0.62339550 0.47555827
v -1.06759560 0.62339550 0.47555827
v -1.06759560 0.62339550 0.47555827
v -1.06273532 0.61476648 0.44591512
v -1.06273532 0.61476648 0.44591512
v -1.06273532 0.61476648 0.44591512
v -1.06273532 0.61476648 0.44591512
v -1.06273532 0.61476648 0.44591512
v -1.06273532 0.61476648 0.44591512
v -1.05781496 0.60019618 0.40782443
v -1.05781496 0.60019618 0.40782443
v -1.05781496 0.60019618 0.40782443
v -1.05781496 0.60019618 0.40782443
v -1.05781496 0.60019618 0.40782443
v -1.05781496 0.60019618 0.40782443
v -1.06585550 0.57544070 0.39162053
v -1.06585550 0.57544070 0.39162053
v -1.06585550 0.57544070 0.39162053
v -1.06585550 0.57544070 0.39162053
v -1.06585550 0.57544070 0.39162053
v -1.06585550 0.57544070 0.39162053
v -1.06585550 0.57544070 0.39162053
v -1.06585550 0.57544070 0.39162053
v -1.06585550 0.57544070 0.39162053
v -1.06585550 0.57544070 0.39162053
v -1.06585550 0.57544070 0.39162053
v -1.06585550 0.57544070 0.39162053
v -1.06585550 0.57544070 0.39162053
v -1.18304265 0.44147858 1.02364945
v -1.18304265 0.44147858 1.02364945
v -1.18304265 0.44147858 1.02364945
v -1.18304265 0.44147858 1.02364945
v -0.97699004 0.80276620 1.02349585
v -0.97699004 0.80276620 1.02349585
v -0.97699004 0.80276620 1.02349585
v -0.97699004 0.80276620 1.02349585
v -1.00009155 0.80276620 1.03217375
v -1.00009155 0.80276620 1.03217375
v -1.00009155 0.80276620 1.03217375
v -1.07263589 0.54576963 0.37303597
v -1.07263589 0.54576963 0.37303597
v -1.07263589 0.54576963 0.37303597
v -1.06717563 0.53374553 0.34339279
v -1.06717563 0.53374553 0.34339279
v -1.06717563 0.53374553 0.34339279
v -1.06717563 0.53374553 0.34339279
v -1.06717563 0.53374553 0.34339279
v -1.06717563 0.53374553 0.34339279
v -1.06717563 0.53374553 0.34339279
v -1.06717563 0.53374553 0.34339279
v -1.10959816 0.44147858 0.34677182
v -1.10959816 0.44147858 0.34677182
v -1.10959816 0.44147858 0.34677182
v -1.10959816 0.44147858 0.34677182
v -1.10959816 0.44147858 0.34677182
v -1.10959816 0.44147858 0.34677182
v -1.11043811 0.44147858 0.34899889
v -1.11043811 0.44147858 0.34899889
v -1.11043811 0.44147858 0.34899889
v -1.11043811 0.44147858 0.34899889
v -1.02439296 0.80276620 0.73313117
v -1.02439296 0.80276620 0.73313117
v -1.02439296 0.80276620 0.73313117
v -1.01563239 0.80276620 0.70149133
v -1.01563239 0.80276620 0.70149133
v -1.01563239 0.80276620 0.70149133
v -1.01563239 0.80276620 0.70149133
v -0.98011023 0.80276620 0.57654465
v -0.98011023 0.80276620 0.57654465
v -0.98011023 0.80276620 0.57654465
v -0.97602999 0.80276620 0.56356618
v -0.97602999 0.80276620 0.56356618
v -0.97602999 0.80276620 0.56356618
v -0.95952904 0.80276620 0.51794951
v -0.95952904 0.80276620 0.51794951
v -0.95952904 0.80276620 0.51794951
v -0.95952904 0.80276620 0.51794951
v -0.97338986 0.79427862 0.53553573
v -0.97338986 0.79427862 0.53553573
v -0.97338986 0.79427862 0.53553573
v -0.97338986 0.79427862 0.53553573
v -0.97338986 0.79427862 0.53553573
v -0.97338986 0.79427862 0.53553573
v -0.98341054 0.76361728 0.49890416
v -0.98341054 0.76361728 0.49890416
v -0.98341054 0.76361728 0.49890416
v -0.98341054 0.76361728 0.49890416
v -0.98341054 0.76361728 0.49890416
v -0.98341054 0.76361728 0.49890416
v -0.98341054 0.76361728 0.49890416
v -0.98341054 0.76361728 0.49890416
v -0.98815072 0.77900106 0.54759267
v -0.98815072 0.77900106 0.54759267
v -0.98815072 0.77900106 0.54759267
v -0.98815072 0.77900106 0.54759267
v -1.02781320 0.71912825 0.54336890
v -1.02781320 0.71912825 0.54336890
v -1.02781320 0.71912825 0.54336890
v -1.02781320 0.71912825 0.54336890
v -1.02781320 0.71912825 0.54336890
v -1.02781320 0.71912825 0.54336890
v -1.01275229 0.74137276 0.54336890
v -1.01275229 0.74137276 0.54336890
v -1.01275229 0.74137276 0.54336890
v -1.01275229 0.74137276 0.54336890
v -1.01275229 0.74137276 0.54336890
v -1.05121458 0.68570840 0.54621034
v -1.05121458 0.68570840 0.54621034
v -1.05121458 0.68570840 0.54621034
v -1.05121458 0.68570840 0.54621034
v -1.03381360 0.69058883 0.50136163
v -1.03381360 0.69058883 0.50136163
v -1.03381360 0.69058883 0.50136163
v -1.03381360 0.69058883 0.50136163
v -1.03381360 0.69058883 0.50136163
v -1.03381360 0.69058883 0.50136163
v -1.02847326 0.67566484 0.45443943
v -1.02847326 0.67566484 0.45443943
v -1.02847326 0.67566484 0.45443943
v -1.02847326 0.67566484 0.45443943
v -1.02847326 0.67566484 0.45443943
v -1.02847326 0.67566484 0.45443943
v -1.02847326 0.67566484 0.45443943
v -1.05799496 0.65186429 0.49890416
v -1.05799496 0.65186429 0.49890416
v -1.05799496 0.65186429 0.49890416
v -1.05799496 0.65186429 0.49890416
v -1.05133462 0.64090115 0.45820243
v -1.05133462 0.64090115 0.45820243
v -1.05133462 0.64090115 0.45820243
v -1.05133462 0.64090115 0.45820243
v -1.05133462 0.64090115 0.45820243
v -1.05133462 0.64090115 0.45820243
v -1.03273344 0.64539248 0.41235538
v -1.03273344 0.64539248 0.41235538
v -1.03273344 0.64539248 0.41235538
v -1.03273344 0.64539248 0.41235538
v -1.03273344 0.64539248 0.41235538
v -1.03273344 0.64539248 0.41235538
v -1.02775311 0.63082212 0.37495585
v -1.02775311 0.63082212 0.37495585
v -1.02775311 0.63082212 0.37495585
v -1.02775311 0.63082212 0.37495585
v -1.02775311 0.63082212 0.37495585
v -1.02775311 0.63082212 0.37495585
v -1.03849387 0.60415703 0.36228456
v -1.03849387 0.60415703 0.36228456
v -1.03849387 0.60415703 0.36228456
v -1.03849387 0.60415703 0.36228456
v -1.03849387 0.60415703 0.36228456
v -1.02985334 0.59061229 0.32104526
v -1.02985334 0.59061229 0.32104526
v -1.02985334 0.59061229 0.32104526
v -1.02985334 0.59061229 0.32104526
v -1.02985334 0.59061229 0.32104526
v -1.02445292 0.58127594 0.29524189
v -1.02445292 0.58127594 0.29524189
v -1.02445292 0.58127594 0.29524189
v -1.02445292 0.58127594 0.29524189
v -1.02445292 0.58127594 0.29524189
v -1.02445292 0.58127594 0.29524189
v -1.02445292 0.58127594 0.29524189
v -1.02445292 0.58127594 0.29524189
v -1.04767442 0.55606079 0.32104526
v -1.04767442 0.55606079 0.32104526
v -1.04767442 0.55606079 0.32104526
v -1.04767442 0.55606079 0.32104526
v -1.04767442 0.55606079 0.32104526
v -1.04767442 0.55606079 0.32104526
v -1.06213522 0.55878389 0.36113262
v -1.06213522 0.55878389 0.36113262
v -1.06213522 0.55878389 0.36113262
v -0.96762955 0.80276620 1.01781297
v -0.96762955 0.80276620 1.01781297
v -0.96762955 0.80276620 1.01781297
v -0.96762955 0.80276620 1.01781297
v -1.16288137 0.44147858 0.99223998
v -1.16288137 0.44147858 0.99223998
v -1.16288137 0.44147858 0.99223998
v -1.16288137 0.44147858 0.99223998
v -1.16288137 0.44147858 0.99223998
v -1.06279528 0.52370191 0.32104526
v -1.06279528 0.52370191 0.32104526
v -1.06279528 0.52370191 0.32104526
v -1.06279528 0.52370191 0.32104526
v -1.06279528 0.52370191 0.32104526
v -1.06279528 0.52370191 0.32104526
v -1.08811688 0.46711811 0.32104526
v -1.08811688 0.46711811 0.32104526
v -1.08811688 0.46711811 0.32104526
v -1.08811688 0.46711811 0.32104526
v -1.08811688 0.46711811 0.32104526
v -1.08811688 0.46711811 0.32104526
v -1.08811688 0.46711811 0.32104526
v -1.09849751 0.44147858 0.31997010
v -1.09849751 0.44147858 0.31997010
v -1.09849751 0.44147858 0.31997010
v -0.94194800 0.80276620 0.46972179
v -0.94194800 0.80276620 0.46972179
v -0.94194800 0.80276620 0.46972179
v -0.94194800 0.80276620 0.46972179
v -0.94194800 0.80276620 0.46972179
v -0.96684951 0.78586179 0.49890416
v -0.96684951 0.78586179 0.49890416
v -0.96684951 0.78586179 0.49890416
v -0.96684951 0.78586179 0.49890416
v -0.96684951 0.78586179 0.49890416
v -0.96684951 0.78586179 0.49890416
v -0.97927022 0.75760525 0.47371517
v -0.97927022 0.75760525 0.47371517
v -0.97927022 0.75760525 0.47371517
v -0.97927022 0.75760525 0.47371517
v -0.97927022 0.75760525 0.47371517
v -0.97927022 0.75760525 0.47371517
v -0.97927022 0.75760525 0.47371517
v -1.01905262 0.70618474 0.48815276
v -1.01905262 0.70618474 0.48815276
v -1.01905262 0.70618474 0.48815276
v -1.01905262 0.70618474 0.48815276
v -1.01905262 0.70618474 0.48815276
v -1.01905262 0.70618474 0.48815276
v -1.01905262 0.70618474 0.48815276
v -1.00687194 0.73037428 0.50136163
v -1.00687194 0.73037428 0.50136163
v -1.00687194 0.73037428 0.50136163
v -1.02385294 0.71322232 0.51779592
v -1.02385294 0.71322232 0.51779592
v -1.02385294 0.71322232 0.51779592
v -1.02385294 0.71322232 0.51779592
v -1.02385294 0.71322232 0.51779592
v -1.02385294 0.71322232 0.51779592
v -1.02385294 0.71322232 0.51779592
v -1.01347232 0.69787401 0.45443943
v -1.01347232 0.69787401 0.45443943
v -1.01347232 0.69787401 0.45443943
v -1.01347232 0.69787401 0.45443943
v -1.01347232 0.69787401 0.45443943
v -1.01347232 0.69787401 0.45443943
v -1.02403295 0.66908699 0.42878966
v -1.02403295 0.66908699 0.42878966
v -1.02403295 0.66908699 0.42878966
v -1.02403295 0.66908699 0.42878966
v -1.02403295 0.66908699 0.42878966
v -1.02403295 0.66908699 0.42878966
v -1.02403295 0.66908699 0.42878966
v -1.02403295 0.66908699 0.42878966
v -1.01845264 0.66049331 0.39914650
v -1.01845264 0.66049331 0.39914650
v -1.01845264 0.66049331 0.39914650
v -1.01845264 0.66049331 0.39914650
v -1.01845264 0.66049331 0.39914650
v -1.01845264 0.66049331 0.39914650
v -1.01845264 0.66049331 0.39914650
v -1.01353228 0.64539248 0.36228456
v -1.01353228 0.64539248 0.36228456
v -1.01353228 0.64539248 0.36228456
v -1.01353228 0.64539248 0.36228456
v -1.01353228 0.64539248 0.36228456
v -1.02199280 0.62141508 0.34531268
v -1.02199280 0.62141508 0.34531268
v -1.02199280 0.62141508 0.34531268
v -1.02199280 0.62141508 0.34531268
v -1.02199280 0.62141508 0.34531268
v -1.02199280 0.62141508 0.34531268
v -1.02199280 0.62141508 0.34531268
v -1.01695251 0.61285681 0.32104526
v -1.01695251 0.61285681 0.32104526
v -1.01695251 0.61285681 0.32104526
v -1.01695251 0.61285681 0.32104526
v -1.01695251 0.61285681 0.32104526
v -0.98449057 0.63209528 0.27658053
v -0.98449057 0.63209528 0.27658053
v -0.98449057 0.63209528 0.27658053
v -0.98449057 0.63209528 0.27658053
v -0.98449057 0.63209528 0.27658053
v -0.98449057 0.63209528 0.27658053
v -0.98449057 0.63209528 0.27658053
v -0.98449057 0.63209528 0.27658053
v -1.00651193 0.59786206 0.27888440
v -1.00651193 0.59786206 0.27888440
v -1.00651193 0.59786206 0.27888440
v -1.00651193 0.59786206 0.27888440
v -1.00651193 0.59786206 0.27888440
v -1.01707256 0.56751901 0.26559871
v -1.01707256 0.56751901 0.26559871
v -1.01707256 0.56751901 0.26559871
v -1.01707256 0.56751901 0.26559871
v -1.01707256 0.56751901 0.26559871
v -1.01707256 0.56751901 0.26559871
v -1.01707256 0.56751901 0.26559871
v -1.03033340 0.55404502 0.27888440
v -1.03033340 0.55404502 0.27888440
v -1.03033340 0.55404502 0.27888440
v -1.03033340 0.55404502 0.27888440
v -1.03033340 0.55404502 0.27888440
v -1.03033340 0.55404502 0.27888440
v -0.94986844 0.80276620 0.98801622
v -0.94986844 0.80276620 0.98801622
v -0.94986844 0.80276620 0.98801622
v -1.16054130 0.44147858 0.98494437
v -1.16054130 0.44147858 0.98494437
v -1.16054130 0.44147858 0.98494437
v -0.66959143 0.80276620 0.25599927
v -0.66959143 0.80276620 0.25599927
v -0.66959143 0.80276620 0.25599927
v -0.66959143 0.80276620 0.25599927
v -0.66959143 0.80276620 0.25599927
v -1.05235469 0.50799990 0.28018992
v -1.05235469 0.50799990 0.28018992
v -1.05235469 0.50799990 0.28018992
v -1.05235469 0.50799990 0.28018992
v -1.05235469 0.50799990 0.28018992
v -1.05235469 0.50799990 0.28018992
v -1.05235469 0.50799990 0.28018992
v -1.06783557 0.49077722 0.29739217
v -1.06783557 0.49077722 0.29739217
v -1.06783557 0.49077722 0.29739217
v -1.06783557 0.49077722 0.29739217
v -1.07239592 0.46347553 0.28018992
v -1.07239592 0.46347553 0.28018992
v -1.07239592 0.46347553 0.28018992
v -1.07239592 0.46347553 0.28018992
v -1.07239592 0.46347553 0.28018992
v -1.07239592 0.46347553 0.28018992
v -1.07239592 0.46347553 0.28018992
v -1.09105694 0.44147858 0.30230708
v -1.09105694 0.44147858 0.30230708
v -1.09105694 0.44147858 0.30230708
v -1.09105694 0.44147858 0.30230708
v -0.93594760 0.80276620 0.45359468
v -0.93594760 0.80276620 0.45359468
v -0.93594760 0.80276620 0.45359468
v -0.93246740 0.79905283 0.43577807
v -0.93246740 0.79905283 0.43577807
v -0.93246740 0.79905283 0.43577807
v -0.93246740 0.79905283 0.43577807
v -0.93246740 0.79905283 0.43577807
v -0.93246740 0.79905283 0.43577807
v -0.93246740 0.79905283 0.43577807
v -0.93246740 0.79905283 0.43577807
v -0.94584823 0.77097321 0.40997472
v -0.94584823 0.77097321 0.40997472
v -0.94584823 0.77097321 0.40997472
v -0.94584823 0.77097321 0.40997472
v -0.97428989 0.75021404 0.44407202
v -0.97428989 0.75021404 0.44407202
v -0.97428989 0.75021404 0.44407202
v -0.97428989 0.75021404 0.44407202
v -0.97428989 0.75021404 0.44407202
v -0.97428989 0.75021404 0.44407202
v -0.97428989 0.75021404 0.44407202
v -0.97428989 0.75021404 0.44407202
v -0.97428989 0.75021404 0.44407202
v -0.98923087 0.73479491 0.45712729
v -0.98923087 0.73479491 0.45712729
v -0.98923087 0.73479491 0.45712729
v -0.98329043 0.71895146 0.40997472
v -0.98329043 0.71895146 0.40997472
v -0.98329043 0.71895146 0.40997472
v -0.98329043 0.71895146 0.40997472
v -0.98329043 0.71895146 0.40997472
v -1.00639188 0.68613285 0.41235538
v -1.00639188 0.68613285 0.41235538
v -1.00639188 0.68613285 0.41235538
v -1.00639188 0.68613285 0.41235538
v -0.97885019 0.71244437 0.38639842
v -0.97885019 0.71244437 0.38639842
v -0.97885019 0.71244437 0.38639842
v -0.97885019 0.71244437 0.38639842
v -0.97885019 0.71244437 0.38639842
v -0.97885019 0.71244437 0.38639842
v -0.97885019 0.71244437 0.38639842
v -0.98767078 0.68906808 0.36911939
v -0.98767078 0.68906808 0.36911939
v -0.98767078 0.68906808 0.36911939
v -0.98767078 0.68906808 0.36911939
v -0.98767078 0.68906808 0.36911939
v -0.98281044 0.67400265 0.33287178
v -0.98281044 0.67400265 0.33287178
v -0.98281044 0.67400265 0.33287178
v -0.98281044 0.67400265 0.33287178
v -0.98281044 0.67400265 0.33287178
v -0.98281044 0.67400265 0.33287178
v -0.98281044 0.67400265 0.33287178
v -0.98281044 0.67400265 0.33287178
v -0.98281044 0.67400265 0.33287178
v -0.99415112 0.64765584 0.31927896
v -0.99415112 0.64765584 0.31927896
v -0.99415112 0.64765584 0.31927896
v -0.99415112 0.64765584 0.31927896
v -0.99415112 0.64765584 0.31927896
v -0.97627008 0.66431266 0.30322866
v -0.97627008 0.66431266 0.30322866
v -0.97627008 0.66431266 0.30322866
v -0.97627008 0.66431266 0.30322866
v -0.97627008 0.66431266 0.30322866
v -0.97627008 0.66431266 0.30322866
v -0.93672764 0.71598077 0.29316841
v -0.93672764 0.71598077 0.29316841
v -0.93672764 0.71598077 0.29316841
v -0.93672764 0.71598077 0.29316841
v -0.93672764 0.71598077 0.29316841
v -0.93672764 0.71598077 0.29316841
v -0.93672764 0.71598077 0.29316841
v -0.96960962 0.65430444 0.27658053
v -0.96960962 0.65430444 0.27658053
v -0.96960962 0.65430444 0.27658053
v -0.96960962 0.65430444 0.27658053
v -0.97921020 0.62413818 0.25599927
v -0.97921020 0.62413818 0.25599927
v -0.97921020 0.62413818 0.25599927
v -0.97921020 0.62413818 0.25599927
v -0.97921020 0.62413818 0.25599927
v -0.97921020 0.62413818 0.25599927
v -0.98113036 0.62099075 0.25599927
v -0.98113036 0.62099075 0.25599927
v -0.98113036 0.62099075 0.25599927
v -0.98113036 0.62099075 0.25599927
v -1.00345170 0.58173573 0.25599927
v -1.00345170 0.58173573 0.25599927
v -1.00345170 0.58173573 0.25599927
v -1.01275229 0.56479591 0.25599927
v -1.01275229 0.56479591 0.25599927
v -1.01275229 0.56479591 0.25599927
v -1.02577305 0.54081851 0.25599927
v -1.02577305 0.54081851 0.25599927
v -1.02577305 0.54081851 0.25599927
v -1.02577305 0.54081851 0.25599927
v -1.02577305 0.54081851 0.25599927
v -0.93756765 0.44147858 0.25599927
v -0.93756765 0.44147858 0.25599927
v -0.93756765 0.44147858 0.25599927
v -0.84240186 0.80276620 0.25599927
v -0.84240186 0.80276620 0.25599927
v -0.84240186 0.80276620 0.25599927
v -1.02955329 0.53264922 0.25599927
v -1.02955329 0.53264922 0.25599927
v -1.02955329 0.53264922 0.25599927
v -1.06831563 0.44798568 0.25599927
v -1.06831563 0.44798568 0.25599927
v -1.06831563 0.44798568 0.25599927
v -1.06831563 0.44798568 0.25599927
v -1.07023585 0.44342366 0.25599927
v -1.07023585 0.44342366 0.25599927
v -1.07023585 0.44342366 0.25599927
v -1.07023585 0.44342366 0.25599927
v -1.07023585 0.44342366 0.25599927
v -1.07023585 0.44342366 0.25599927
v -1.08079636 0.44147858 0.27827002
v -1.08079636 0.44147858 0.27827002
v -1.08079636 0.44147858 0.27827002
v -1.08079636 0.44147858 0.27827002
v -0.92970717 0.80276620 0.43785156
v -0.92970717 0.80276620 0.43785156
v -0.92970717 0.80276620 0.43785156
v -0.92670703 0.80276620 0.43040237
v -0.92670703 0.80276620 0.43040237
v -0.92670703 0.80276620 0.43040237
v -0.92670703 0.80276620 0.43040237
v -0.92712706 0.79321772 0.40997472
v -0.92712706 0.79321772 0.40997472
v -0.92712706 0.79321772 0.40997472
v -0.92712706 0.79321772 0.40997472
v -0.92712706 0.79321772 0.40997472
v -0.92712706 0.79321772 0.40997472
v -0.92712706 0.79321772 0.40997472
v -0.93912780 0.76262707 0.37449509
v -0.93912780 0.76262707 0.37449509
v -0.93912780 0.76262707 0.37449509
v -0.93912780 0.76262707 0.37449509
v -0.93912780 0.76262707 0.37449509
v -0.93912780 0.76262707 0.37449509
v -0.96810961 0.74119598 0.40997472
v -0.96810961 0.74119598 0.40997472
v -0.96810961 0.74119598 0.40997472
v -0.96810961 0.74119598 0.40997472
v -0.96810961 0.74119598 0.40997472
v -0.96810961 0.74119598 0.40997472
v -0.95604879 0.73384005 0.36558676
v -0.95604879 0.73384005 0.36558676
v -0.95604879 0.73384005 0.36558676
v -0.95604879 0.73384005 0.36558676
v -0.97296989 0.70363843 0.35675526
v -0.97296989 0.70363843 0.35675526
v -0.97296989 0.70363843 0.35675526
v -0.97296989 0.70363843 0.35675526
v -0.97296989 0.70363843 0.35675526
v -0.93318743 0.75523579 0.34485193
v -0.93318743 0.75523579 0.34485193
v -0.93318743 0.75523579 0.34485193
v -0.93318743 0.75523579 0.34485193
v -0.93318743 0.75523579 0.34485193
v -0.93318743 0.75523579 0.34485193
v -0.93318743 0.75523579 0.34485193
v -0.93318743 0.75523579 0.34485193
v -0.93318743 0.75523579 0.34485193
v -0.93318743 0.75523579 0.34485193
v -0.93318743 0.75523579 0.34485193
v -0.93318743 0.75523579 0.34485193
v -0.94308800 0.72535253 0.32104526
v -0.94308800 0.72535253 0.32104526
v -0.94308800 0.72535253 0.32104526
v -0.94308800 0.72535253 0.32104526
v -0.94308800 0.72535253 0.32104526
v -0.94308800 0.72535253 0.32104526
v -0.96672946 0.68906808 0.31927896
v -0.96672946 0.68906808 0.31927896
v -0.96672946 0.68906808 0.31927896
v -0.92766708 0.74759704 0.32104526
v -0.92766708 0.74759704 0.32104526
v -0.92766708 0.74759704 0.32104526
v -0.92766708 0.74759704 0.32104526
v -0.92766708 0.74759704 0.32104526
v -0.91284615 0.73539609 0.27473745
v -0.91284615 0.73539609 0.27473745
v -0.91284615 0.73539609 0.27473745
v -0.91284615 0.73539609 0.27473745
v -0.91284615 0.73539609 0.27473745
v -0.91284615 0.73539609 0.27473745
v -0.92910719 0.70448720 0.26352525
v -0.92910719 0.70448720 0.26352525
v -0.92910719 0.70448720 0.26352525
v -0.92910719 0.70448720 0.26352525
v -0.92910719 0.70448720 0.26352525
v -0.92910719 0.70448720 0.26352525
v -0.92910719 0.70448720 0.26352525
v -0.92598701 0.70208240 0.25599927
v -0.92598701 0.70208240 0.25599927
v -0.92598701 0.70208240 0.25599927
v -1.07089579 0.44147858 0.25599927
v -1.07089579 0.44147858 0.25599927
v -1.07089579 0.44147858 0.25599927
v -0.84384197 0.80135167 0.25599927
v -0.84384197 0.80135167 0.25599927
v -0.84384197 0.80135167 0.25599927
v -0.84384197 0.80135167 0.25599927
v -0.84312201 0.80276620 0.25707442
v -0.84312201 0.80276620 0.25707442
v -0.84312201 0.80276620 0.25707442
v -0.84312201 0.80276620 0.25707442
v -1.07185578 0.44147858 0.25791916
v -1.07185578 0.44147858 0.25791916
v -1.07185578 0.44147858 0.25791916
v -1.07335591 0.44147858 0.26129818
v -1.07335591 0.44147858 0.26129818
v -1.07335591 0.44147858 0.26129818
v -0.91806650 0.80276620 0.40997472
v -0.91806650 0.80276620 0.40997472
v -0.91806650 0.80276620 0.40997472
v -0.90456569 0.80276620 0.37848845
v -0.90456569 0.80276620 0.37848845
v -0.90456569 0.80276620 0.37848845
v -0.90456569 0.80276620 0.37848845
v -0.92034668 0.77783394 0.36197737
v -0.92034668 0.77783394 0.36197737
v -0.92034668 0.77783394 0.36197737
v -0.92034668 0.77783394 0.36197737
v -0.92034668 0.77783394 0.36197737
v -0.88998485 0.80121017 0.34208727
v -0.88998485 0.80121017 0.34208727
v -0.88998485 0.80121017 0.34208727
v -0.88998485 0.80121017 0.34208727
v -0.88998485 0.80121017 0.34208727
v -0.88998485 0.80121017 0.34208727
v -0.88998485 0.80121017 0.34208727
v -0.90258563 0.77864736 0.32480824
v -0.90258563 0.77864736 0.32480824
v -0.90258563 0.77864736 0.32480824
v -0.90258563 0.77864736 0.32480824
v -0.89664519 0.76400632 0.28594959
v -0.89664519 0.76400632 0.28594959
v -0.89664519 0.76400632 0.28594959
v -0.89664519 0.76400632 0.28594959
v -0.89664519 0.76400632 0.28594959
v -0.89664519 0.76400632 0.28594959
v -0.89664519 0.76400632 0.28594959
v -0.89664519 0.76400632 0.28594959
v -0.89664519 0.76400632 0.28594959
v -0.88824475 0.75477606 0.25630647
v -0.88824475 0.75477606 0.25630647
v -0.88824475 0.75477606 0.25630647
v -0.88824475 0.75477606 0.25630647
v -0.88824475 0.75477606 0.25630647
v -0.88818473 0.75463462 0.25599927
v -0.88818473 0.75463462 0.25599927
v -0.88818473 0.75463462 0.25599927
v -0.88818473 0.75463462 0.25599927
v -0.88818473 0.75463462 0.25599927
v -0.91980660 0.71095902 0.25599927
v -0.91980660 0.71095902 0.25599927
v -0.91980660 0.71095902 0.25599927
v -0.84606212 0.79901755 0.25599927
v -0.84606212 0.79901755 0.25599927
v -0.84606212 0.79901755 0.25599927
v -0.84606212 0.79901755 0.25599927
v -0.87066364 0.78204244 0.27051368
v -0.87066364 0.78204244 0.27051368
v -0.87066364 0.78204244 0.27051368
v -0.87066364 0.78204244 0.27051368
v -0.87066364 0.78204244 0.27051368
v -0.87066364 0.78204244 0.27051368
v -0.87066364 0.78204244 0.27051368
v -0.84552217 0.80276620 0.26122138
v -0.84552217 0.80276620 0.26122138
v -0.84552217 0.80276620 0.26122138
v -0.89868534 0.80276620 0.36504920
v -0.89868534 0.80276620 0.36504920
v -0.89868534 0.80276620 0.36504920
v -0.89868534 0.80276620 0.36504920
v -0.88788468 0.80276620 0.34085856
v -0.88788468 0.80276620 0.34085856
v -0.88788468 0.80276620 0.34085856
v -0.88788468 0.80276620 0.34085856
v -0.88272434 0.79364210 0.31244415
v -0.88272434 0.79364210 0.31244415
v -0.88272434 0.79364210 0.31244415
v -0.88272434 0.79364210 0.31244415
v -0.88272434 0.79364210 0.31244415
v -0.88272434 0.79364210 0.31244415
v -0.89148492 0.80276620 0.34876849
v -0.89148492 0.80276620 0.34876849
v -0.89148492 0.80276620 0.34876849
v -0.86514330 0.80276620 0.29600984
v -0.86514330 0.80276620 0.29600984
v -0.86514330 0.80276620 0.29600984
v -0.86514330 0.80276620 0.29600984
v -0.85716283 0.80276620 0.28141867
v -0.85716283 0.80276620 0.28141867
v -0.85716283 0.80276620 0.28141867
v -0.85716283 0.80276620 0.28141867
v -0.87636399 0.80276620 0.31743583
v -0.87636399 0.80276620 0.31743583
v -0.87636399 0.80276620 0.31743583
vn -0.00000000 -1.00000000 0.00000000
vn 0.00000000 -1.00000000 0.00000000
vn 0.00000000 -1.00000000 0.00000000
vn 0.00000000 -1.00000000 0.00000000
vn -0.87864262 0.22271006 0.42235930
vn -0.87988853 0.24556924 0.40680698
vn -0.89337362 0.27127042 0.35818422
vn -0.92423493 0.32011754 0.20812149
vn -0.93053644 0.31519278 -0.18642813
vn -0.93287796 0.32311114 -0.15917882
vn -0.92423493 0.32011754 0.20812149
vn -0.92705329 0.36914647 0.06559785
vn -0.92882487 0.36985191 -0.02222448
vn -0.93287796 0.32311114 -0.15917882
vn -0.87834680 0.41538765 -0.23655867
vn -0.88218996 0.40620828 -0.23819261
vn -0.88240924 0.40571961 -0.23821321
vn -0.88326867 0.40383684 -0.23822732
vn -0.88510530 0.40009264 -0.23772775
vn -0.90071475 0.42976152 -0.06338757
vn -0.90512835 0.42385151 -0.03305402
vn -0.91018350 0.41420407 -0.00099020
vn -0.91059031 0.41331017 0.00000000
vn -0.92098391 0.32117096 -0.22053989
vn -0.92122449 0.38903142 0.00000000
vn -0.92773199 0.31638069 -0.19803187
vn -0.92882487 0.36985191 -0.02222448
vn -0.93038851 0.31500146 -0.18748680
vn -0.93053644 0.31519278 -0.18642813
vn -0.93287796 0.32311114 -0.15917882
vn 0.00000000 -1.00000000 0.00000000
vn -0.93038851 0.31500146 -0.18748680
vn -0.93053644 0.31519278 -0.18642813
vn 0.00000000 -1.00000000 0.00000000
vn -0.39739601 0.11184983 0.91080515
vn -0.39955976 0.11631290 0.90929825
vn -0.87864262 0.22271006 0.42235930
vn -0.39827562 0.14092295 0.90637589
vn -0.39955976 0.11631290 0.90929825
vn -0.45170896 0.19119921 0.87143668
vn -0.48042810 0.21038894 0.85142547
vn -0.59644350 0.25135257 0.76228409
vn -0.87864262 0.22271006 0.42235930
vn -0.87988853 0.24556924 0.40680698
vn -0.59644350 0.25135257 0.76228409
vn -0.69307895 0.30063859 0.65517784
vn -0.87988853 0.24556924 0.40680698
vn -0.89337362 0.27127042 0.35818422
vn -0.69307895 0.30063859 0.65517784
vn -0.70777219 0.31165730 0.63397812
vn -0.89337362 0.27127042 0.35818422
vn -0.90516853 0.41968048 0.06736635
vn -0.90926834 0.41378760 0.04484310
vn -0.90971852 0.41291447 0.04374751
vn -0.92038381 0.38867640 0.04271185
vn -0.92423493 0.32011754 0.20812149
vn -0.92705329 0.36914647 0.06559785
vn -0.92038381 0.38867640 0.04271185
vn -0.92122449 0.38903142 0.00000000
vn -0.92705329 0.36914647 0.06559785
vn -0.92882487 0.36985191 -0.02222448
vn -0.88218996 0.40620828 -0.23819261
vn -0.88220840 0.40609821 -0.23831195
vn -0.88240924 0.40571961 -0.23821321
vn -0.88144207 0.40574546 -0.24172403
vn -0.88220840 0.40609821 -0.23831195
vn -0.88240924 0.40571961 -0.23821321
vn -0.88303343 0.40268456 -0.24103341
vn -0.88326867 0.40383684 -0.23822732
vn -0.88347280 0.40288492 -0.23908064
vn -0.88326867 0.40383684 -0.23822732
vn -0.88347280 0.40288492 -0.23908064
vn -0.88510530 0.40009264 -0.23772775
vn -0.88537992 0.39814573 -0.23996329
vn -0.88510530 0.40009264 -0.23772775
vn -0.88537992 0.39814573 -0.23996329
vn -0.89224031 0.37619998 -0.24976148
vn -0.90684101 0.33502142 -0.25573429
vn -0.92098391 0.32117096 -0.22053989
vn -0.92342023 0.31406661 -0.22058385
vn -0.92926040 0.29498628 -0.22239202
vn -0.93002701 0.28079859 -0.23706942
vn -0.93025726 0.28049697 -0.23652250
vn -0.92098391 0.32117096 -0.22053989
vn -0.92342023 0.31406661 -0.22058385
vn -0.92773199 0.31638069 -0.19803187
vn 0.00000000 -1.00000000 0.00000000
vn 0.00000000 -1.00000000 0.00000000
vn -0.92342023 0.31406661 -0.22058385
vn -0.92773199 0.31638069 -0.19803187
vn -0.92926040 0.29498628 -0.22239202
vn -0.93038851 0.31500146 -0.18748680
vn -0.90971852 0.41291447 0.04374751
vn -0.91059031 0.41331017 0.00000000
vn -0.92038381 0.38867640 0.04271185
vn -0.92122449 0.38903142 0.00000000
vn -0.90926834 0.41378760 0.04484310
vn -0.90971852 0.41291447 0.04374751
vn -0.91018350 0.41420407 -0.00099020
vn -0.91059031 0.41331017 0.00000000
vn -0.90382578 0.42324155 0.06297269
vn -0.90512835 0.42385151 -0.03305402
vn -0.90516853 0.41968048 0.06736635
vn -0.90926834 0.41378760 0.04484310
vn -0.91018350 0.41420407 -0.00099020
vn -0.87819206 0.47378005 -0.06565953
vn -0.87851603 0.47395483 0.05980309
vn -0.87883526 0.47262901 0.06534835
vn -0.90071475 0.42976152 -0.06338757
vn -0.90382578 0.42324155 0.06297269
vn -0.90512835 0.42385151 -0.03305402
vn -0.84183968 0.48778257 -0.23102838
vn -0.84241782 0.48663101 -0.23134924
vn -0.84824384 0.47524772 -0.23371350
vn -0.85913143 0.45396535 -0.23623853
vn -0.86086679 0.45049601 -0.23656227
vn -0.86105677 0.45012852 -0.23657038
vn -0.87038081 0.48582476 -0.08007208
vn -0.87801771 0.41604633 -0.23662278
vn -0.87819206 0.47378005 -0.06565953
vn -0.87834680 0.41538765 -0.23655867
vn -0.90071475 0.42976152 -0.06338757
vn -0.87801771 0.41604633 -0.23662278
vn -0.87834680 0.41538765 -0.23655867
vn -0.87968963 0.40729272 -0.24547668
vn -0.87977536 0.40703988 -0.24558880
vn -0.87987793 0.40679312 -0.24563017
vn -0.88144207 0.40574546 -0.24172403
vn -0.88218996 0.40620828 -0.23819261
vn -0.88220840 0.40609821 -0.23831195
vn 0.00000000 -1.00000000 0.00000000
vn -0.29463055 -0.00858585 0.95557267
vn -0.39739601 0.11184983 0.91080515
vn 0.00588276 -0.00898451 0.99994233
vn -0.18439258 0.08626085 0.97905998
vn -0.29463055 -0.00858585 0.95557267
vn -0.35996974 0.14333472 0.92188771
vn -0.39739601 0.11184983 0.91080515
vn -0.39827562 0.14092295 0.90637589
vn -0.39955976 0.11631290 0.90929825
vn -0.35996974 0.14333472 0.92188771
vn -0.39827562 0.14092295 0.90637589
vn -0.45170896 0.19119921 0.87143668
vn -0.18081962 0.08631909 0.97972102
vn -0.18439258 0.08626085 0.97905998
vn -0.20439726 0.11062055 0.97261753
vn -0.26959433 0.15471026 0.95046495
vn -0.35996974 0.14333472 0.92188771
vn -0.43223387 0.23450359 0.87073644
vn -0.45170896 0.19119921 0.87143668
vn -0.47855878 0.22734659 0.84811262
vn -0.48042810 0.21038894 0.85142547
vn -0.47855878 0.22734659 0.84811262
vn -0.48042810 0.21038894 0.85142547
vn -0.58241508 0.31096759 0.75106047
vn -0.59644350 0.25135257 0.76228409
vn -0.69307895 0.30063859 0.65517784
vn -0.70777219 0.31165730 0.63397812
vn -0.58241508 0.31096759 0.75106047
vn -0.58320452 0.31314063 0.74954348
vn -0.67707734 0.38021228 0.63008324
vn -0.70777219 0.31165730 0.63397812
vn -0.87883526 0.47262901 0.06534835
vn -0.90382578 0.42324155 0.06297269
vn -0.90516853 0.41968048 0.06736635
vn -0.88303343 0.40268456 -0.24103341
vn -0.88347280 0.40288492 -0.23908064
vn -0.88397996 0.39678353 -0.24726961
vn -0.88537992 0.39814573 -0.23996329
vn -0.89224016 0.37620034 -0.24976151
vn -0.87927972 0.40330932 -0.25339448
vn -0.87982823 0.40664771 -0.24604864
vn -0.87987793 0.40679312 -0.24563017
vn -0.88126071 0.39953492 -0.25249042
vn -0.88144207 0.40574546 -0.24172403
vn -0.88303343 0.40268456 -0.24103341
vn -0.88397996 0.39678353 -0.24726961
vn 0.00000000 -1.00000000 0.00000000
vn 0.00000000 -1.00000000 0.00000000
vn -0.90684101 0.33502142 -0.25573429
vn -0.90798359 0.33138184 -0.25642130
vn -0.93002701 0.28079859 -0.23706942
vn 0.00000000 -1.00000000 0.00000000
vn 0.00000000 -1.00000000 0.00000000
vn -0.93002701 0.28079859 -0.23706942
vn -0.93025726 0.28049697 -0.23652250
vn 0.00000000 -1.00000000 0.00000000
vn 0.00000000 -1.00000000 0.00000000
vn -0.92926040 0.29498628 -0.22239202
vn -0.93025726 0.28049697 -0.23652250
vn -0.87600828 0.39776892 -0.27274418
vn -0.87611950 0.39643676 -0.27432193
vn -0.87638375 0.39562767 -0.27464571
vn -0.87649165 0.40016152 -0.26764367
vn -0.87718929 0.40090312 -0.26422649
vn -0.88161736 0.39609781 -0.25662688
vn -0.89223921 0.37620246 -0.24976170
vn -0.90684101 0.33502142 -0.25573429
vn -0.90767609 0.33205243 -0.25664236
vn -0.90798359 0.33138184 -0.25642130
vn -0.86882858 0.49237052 -0.05204012
vn -0.86960922 0.49359387 -0.01203753
vn -0.87038081 0.48582476 -0.08007208
vn -0.87079431 0.49164750 0.00000000
vn -0.87819206 0.47378005 -0.06565953
vn -0.87851603 0.47395483 0.05980309
vn -0.59387785 0.38000249 0.70915951
vn -0.67707734 0.38021228 0.63008324
vn -0.78768036 0.59377791 0.16427858
vn -0.81138601 0.58217888 0.05215833
vn -0.81757934 0.57560323 0.01565086
vn -0.82078312 0.57123994 0.00000000
vn -0.87079431 0.49164750 0.00000000
vn -0.87851603 0.47395483 0.05980309
vn -0.87883526 0.47262901 0.06534835
vn -0.79887663 0.55887586 -0.22238234
vn -0.80060843 0.57847523 -0.15618118
vn -0.80192454 0.55329357 -0.22535142
vn -0.80514382 0.57770004 -0.13418674
vn -0.80609791 0.54609587 -0.22800318
vn -0.81390674 0.53344700 -0.23019582
vn -0.81482885 0.57366679 -0.08342876
vn -0.81980561 0.52407571 -0.23078867
vn -0.82337591 0.56619030 -0.03847915
vn -0.82548167 0.56343310 -0.03351353
vn -0.83625891 0.49694782 -0.23176261
vn -0.84183968 0.48778257 -0.23102838
vn -0.86231610 0.50532465 -0.03252584
vn -0.86882858 0.49237052 -0.05204012
vn -0.87038081 0.48582476 -0.08007208
vn -0.83625891 0.49694782 -0.23176261
vn -0.83769599 0.49400002 -0.23287208
vn -0.83839207 0.49283032 -0.23284545
vn -0.84183968 0.48778257 -0.23102838
vn -0.84241782 0.48663101 -0.23134924
vn -0.83839207 0.49283032 -0.23284545
vn -0.84241782 0.48663101 -0.23134924
vn -0.84698396 0.47635011 -0.23602700
vn -0.84824384 0.47524772 -0.23371350
vn -0.84698396 0.47635011 -0.23602700
vn -0.84780051 0.47309247 -0.23962014
vn -0.84824384 0.47524772 -0.23371350
vn -0.85913143 0.45396535 -0.23623853
vn -0.84611542 0.47215215 -0.24730759
vn -0.84644454 0.47093650 -0.24849639
vn -0.84780051 0.47309247 -0.23962014
vn -0.85471144 0.45754870 -0.24518879
vn -0.85913143 0.45396535 -0.23623853
vn -0.86086111 0.45049304 -0.23658862
vn -0.86085832 0.45049158 -0.23660152
vn -0.86105677 0.45012852 -0.23657038
vn -0.85471144 0.45754870 -0.24518879
vn -0.85596067 0.45003431 -0.25455935
vn -0.86085056 0.45048752 -0.23663749
vn -0.86105677 0.45012852 -0.23657038
vn -0.87801771 0.41604633 -0.23662278
vn -0.87968963 0.40729272 -0.24547668
vn -0.85490875 0.45089894 -0.25655637
vn -0.85596067 0.45003431 -0.25455935
vn -0.85667411 0.44189949 -0.26614714
vn -0.85784711 0.43848063 -0.26801691
vn -0.86087978 0.43134989 -0.26985788
vn -0.87704880 0.40218535 -0.26274006
vn -0.87725604 0.40193805 -0.26242647
vn -0.87927972 0.40330932 -0.25339448
vn -0.87968963 0.40729272 -0.24547668
vn -0.87977536 0.40703988 -0.24558880
vn -0.87982823 0.40664771 -0.24604864
vn -0.87977536 0.40703988 -0.24558880
vn -0.87982823 0.40664771 -0.24604864
vn -0.87987793 0.40679312 -0.24563017
vn 0.00000000 -1.00000000 0.00000000
vn 0.00588276 -0.00898451 0.99994233
vn 0.02113398 -0.01490077 0.99966561
vn 0.05220660 -0.02848061 0.99823010
vn 0.06865297 -0.03716484 0.99694812
vn 0.29477137 -0.16383144 0.94141866
vn -0.29463055 -0.00858585 0.95557267
vn 0.00588276 -0.00898451 0.99994233
vn 0.02113398 -0.01490077 0.99966561
vn -0.18081962 0.08631909 0.97972102
vn -0.18439258 0.08626085 0.97905998
vn 0.02113398 -0.01490077 0.99966561
vn 0.05220660 -0.02848061 0.99823010
vn -0.01383758 0.01555594 0.99978324
vn -0.18081962 0.08631909 0.97972102
vn -0.20439726 0.11062055 0.97261753
vn -0.01383758 0.01555594 0.99978324
vn -0.20439726 0.11062055 0.97261753
vn -0.20898370 0.21050889 0.95499310
vn -0.26959433 0.15471026 0.95046495
vn -0.27170811 0.24729540 0.93006435
vn -0.33694021 0.26223947 0.90426863
vn -0.36638809 0.25836757 0.89387134
vn -0.26959433 0.15471026 0.95046495
vn -0.36638809 0.25836757 0.89387134
vn -0.43223387 0.23450359 0.87073644
vn -0.44203996 0.29122507 0.84840358
vn -0.47726508 0.28666425 0.83068746
vn -0.43223387 0.23450359 0.87073644
vn -0.47726508 0.28666425 0.83068746
vn -0.47855878 0.22734659 0.84811262
vn -0.48364144 0.28990423 0.82586106
vn -0.58241508 0.31096759 0.75106047
vn -0.58320452 0.31314063 0.74954348
vn -0.48364144 0.28990423 0.82586106
vn -0.57828338 0.37043973 0.72688565
vn -0.58320452 0.31314063 0.74954348
vn -0.59387785 0.38000249 0.70915951
vn -0.67707734 0.38021228 0.63008324
vn -0.88126071 0.39953492 -0.25249042
vn -0.88161736 0.39609781 -0.25662688
vn -0.88397996 0.39678353 -0.24726961
vn -0.89223806 0.37620502 -0.24976194
vn -0.87718929 0.40090312 -0.26422649
vn -0.87725604 0.40193805 -0.26242647
vn -0.87927972 0.40330932 -0.25339448
vn -0.88126071 0.39953492 -0.25249042
vn -0.88161736 0.39609781 -0.25662688
vn 0.00000000 -1.00000000 0.00000000
vn 0.00000000 -1.00000000 0.00000000
vn -0.90767609 0.33205243 -0.25664236
vn -0.90765603 0.29347806 -0.30005192
vn -0.90798359 0.33138184 -0.25642130
vn -0.87573310 0.40158202 -0.26799892
vn -0.87649165 0.40016152 -0.26764367
vn -0.87704880 0.40218535 -0.26274006
vn -0.87718929 0.40090312 -0.26422649
vn -0.87725604 0.40193805 -0.26242647
vn -0.87257805 0.40493802 -0.27318996
vn -0.87332664 0.39826839 -0.28050466
vn -0.87573310 0.40158202 -0.26799892
vn -0.87580399 0.39719676 -0.27423001
vn -0.87600828 0.39776892 -0.27274418
vn -0.87649165 0.40016152 -0.26764367
vn -0.87580399 0.39719676 -0.27423001
vn -0.87600828 0.39776892 -0.27274418
vn -0.87611950 0.39643676 -0.27432193
vn -0.87105287 0.39472287 -0.29233672
vn -0.87147871 0.39773646 -0.28693304
vn -0.87332664 0.39826839 -0.28050466
vn -0.87580399 0.39719676 -0.27423001
vn -0.87611950 0.39643676 -0.27432193
vn -0.87638375 0.39562767 -0.27464571
vn -0.87825637 0.37624310 -0.29513875
vn -0.87638375 0.39562767 -0.27464571
vn -0.87825637 0.37624310 -0.29513875
vn -0.88035341 0.36803306 -0.29921486
vn -0.88453428 0.35532510 -0.30223033
vn -0.90067116 0.30720695 -0.30727082
vn -0.90767609 0.33205243 -0.25664236
vn -0.90765603 0.29347806 -0.30005192
vn -0.86231610 0.50532465 -0.03252584
vn -0.86882858 0.49237052 -0.05204012
vn -0.86960922 0.49359387 -0.01203753
vn -0.82078312 0.57123994 0.00000000
vn -0.82375754 0.56622278 -0.02855299
vn -0.82548167 0.56343310 -0.03351353
vn -0.86231610 0.50532465 -0.03252584
vn -0.86960922 0.49359387 -0.01203753
vn -0.87079431 0.49164750 0.00000000
vn -0.49265026 0.34014748 0.80099651
vn -0.50051835 0.36411158 0.78543245
vn -0.57828338 0.37043973 0.72688565
vn -0.59387785 0.38000249 0.70915951
vn -0.72690740 0.63242562 0.26766297
vn -0.78768036 0.59377791 0.16427858
vn 0.00000000 1.00000000 -0.00000000
vn -0.00000000 1.00000000 -0.00000000
vn -0.72690740 0.63242562 0.26766297
vn -0.77561404 0.59820214 -0.20143749
vn -0.78768036 0.59377791 0.16427858
vn -0.80060843 0.57847523 -0.15618118
vn -0.80514382 0.57770004 -0.13418674
vn -0.81138601 0.58217888 0.05215833
vn -0.80514382 0.57770004 -0.13418674
vn -0.81138601 0.58217888 0.05215833
vn -0.81482885 0.57366679 -0.08342876
vn -0.81757934 0.57560323 0.01565086
vn -0.81482885 0.57366679 -0.08342876
vn -0.81757934 0.57560323 0.01565086
vn -0.82078312 0.57123994 0.00000000
vn -0.82337591 0.56619030 -0.03847915
vn -0.82375754 0.56622278 -0.02855299
vn -0.82337591 0.56619030 -0.03847915
vn -0.82375754 0.56622278 -0.02855299
vn -0.82548167 0.56343310 -0.03351353
vn -0.77407699 0.59761972 -0.20893897
vn -0.77561404 0.59820214 -0.20143749
vn -0.78140301 0.58644549 -0.21328624
vn -0.79887663 0.55887586 -0.22238234
vn -0.80060843 0.57847523 -0.15618118
vn -0.76482862 0.60727806 -0.21505940
vn -0.76904325 0.59969962 -0.22120770
vn -0.78140301 0.58644549 -0.21328624
vn -0.78626252 0.57385035 -0.22910046
vn -0.79887663 0.55887586 -0.22238234
vn -0.79991237 0.55541986 -0.22726412
vn -0.80192454 0.55329357 -0.22535142
vn -0.79754239 0.55377427 -0.23929102
vn -0.79832921 0.55224904 -0.24019048
vn -0.79991237 0.55541986 -0.22726412
vn -0.80192454 0.55329357 -0.22535142
vn -0.80352246 0.54502359 -0.23937614
vn -0.80415552 0.54433311 -0.23882080
vn -0.80563899 0.54326560 -0.23623784
vn -0.80609791 0.54609587 -0.22800318
vn -0.80621847 0.54365636 -0.23334427
vn -0.80609791 0.54609587 -0.22800318
vn -0.80621847 0.54365636 -0.23334427
vn -0.81218026 0.53511906 -0.23240226
vn -0.81264264 0.53456216 -0.23206731
vn -0.81390674 0.53344700 -0.23019582
vn -0.81264264 0.53456216 -0.23206731
vn -0.81390674 0.53344700 -0.23019582
vn -0.81980561 0.52407571 -0.23078867
vn -0.80808357 0.53840047 -0.23901021
vn -0.80875167 0.53884561 -0.23572474
vn -0.81218026 0.53511906 -0.23240226
vn -0.81264264 0.53456216 -0.23206731
vn -0.81980561 0.52407571 -0.23078867
vn -0.83625891 0.49694782 -0.23176261
vn -0.83758151 0.49393250 -0.23342645
vn -0.83769599 0.49400002 -0.23287208
vn -0.83758151 0.49393250 -0.23342645
vn -0.83769599 0.49400002 -0.23287208
vn -0.83839207 0.49283032 -0.23284545
vn -0.84019806 0.48360686 -0.24533983
vn -0.84611542 0.47215215 -0.24730759
vn -0.84698396 0.47635011 -0.23602700
vn -0.84780051 0.47309247 -0.23962014
vn -0.83632271 0.48697741 -0.25182798
vn -0.83654838 0.48566637 -0.25360401
vn -0.84019806 0.48360686 -0.24533983
vn -0.84611542 0.47215215 -0.24730759
vn -0.84615733 0.47086149 -0.24961416
vn -0.84644454 0.47093650 -0.24849639
vn -0.84615733 0.47086149 -0.24961416
vn -0.84644454 0.47093650 -0.24849639
vn -0.84741966 0.46646460 -0.25355608
vn -0.85471144 0.45754870 -0.24518879
vn -0.85490875 0.45089894 -0.25655637
vn -0.85596067 0.45003431 -0.25455935
vn -0.84709932 0.46628827 -0.25494704
vn -0.84741966 0.46646460 -0.25355608
vn -0.84861149 0.45854714 -0.26380497
vn -0.85490875 0.45089894 -0.25655637
vn -0.85667411 0.44189949 -0.26614714
vn -0.84278485 0.46377114 -0.27318496
vn -0.84304464 0.46166651 -0.27593436
vn -0.84861149 0.45854714 -0.26380497
vn -0.85667411 0.44189949 -0.26614714
vn -0.85784711 0.43848063 -0.26801691
vn -0.83521325 0.46893356 -0.28726319
vn -0.83586628 0.46374322 -0.29371719
vn -0.84304464 0.46166651 -0.27593436
vn -0.85784711 0.43848063 -0.26801691
vn -0.86087978 0.43134989 -0.26985788
vn -0.86595910 0.41716007 -0.27584835
vn -0.86686927 0.41123353 -0.28182380
vn -0.86087978 0.43134989 -0.26985788
vn -0.86595910 0.41716007 -0.27584835
vn -0.87257805 0.40493802 -0.27318996
vn -0.87573310 0.40158202 -0.26799892
vn -0.87704880 0.40218535 -0.26274006
vn 0.00000000 -1.00000000 0.00000000
vn 0.29477137 -0.16383144 0.94141866
vn 0.30821291 -0.17054019 0.93590643
vn 0.34515161 -0.19136369 0.91883094
vn 0.41661088 -0.23723192 0.87758555
vn 0.00000000 1.00000000 0.00000000
vn 0.06865297 -0.03716484 0.99694812
vn 0.29477137 -0.16383144 0.94141866
vn 0.30821291 -0.17054019 0.93590643
vn -0.18351042 0.21340657 0.95957364
vn 0.05220660 -0.02848061 0.99823010
vn 0.06865297 -0.03716484 0.99694812
vn -0.01383758 0.01555594 0.99978324
vn -0.18351042 0.21340657 0.95957364
vn -0.20898370 0.21050889 0.95499310
vn 0.00000000 1.00000000 0.00000000
vn -0.18351042 0.21340657 0.95957364
vn -0.20898370 0.21050889 0.95499310
vn -0.27170811 0.24729540 0.93006435
vn 0.00000000 1.00000000 0.00000000
vn -0.27170811 0.24729540 0.93006435
vn -0.33694021 0.26223947 0.90426863
vn -0.42689231 0.34484741 0.83596843
vn -0.33694021 0.26223947 0.90426863
vn -0.36638809 0.25836757 0.89387134
vn -0.42689231 0.34484741 0.83596843
vn -0.44203996 0.29122507 0.84840358
vn -0.49265026 0.34014748 0.80099651
vn -0.50051835 0.36411158 0.78543245
vn -0.44203996 0.29122507 0.84840358
vn -0.47726508 0.28666425 0.83068746
vn -0.48364144 0.28990423 0.82586106
vn -0.49265026 0.34014748 0.80099651
vn -0.57828338 0.37043973 0.72688565
vn -0.00000000 -1.00000000 -0.00000000
vn 0.00000000 -1.00000000 0.00000000
vn -0.90067116 0.30720695 -0.30727082
vn -0.90765603 0.29347806 -0.30005192
vn -0.86595910 0.41716007 -0.27584835
vn -0.86686927 0.41123353 -0.28182380
vn -0.86875604 0.40508429 -0.28490289
vn -0.87147871 0.39773646 -0.28693304
vn -0.87257805 0.40493802 -0.27318996
vn -0.87332664 0.39826839 -0.28050466
vn -0.86875604 0.40508429 -0.28490289
vn -0.86976478 0.39398926 -0.29712235
vn -0.87105287 0.39472287 -0.29233672
vn -0.87147871 0.39773646 -0.28693304
vn -0.86758913 0.39112902 -0.30709477
vn -0.86976478 0.39398926 -0.29712235
vn -0.87105287 0.39472287 -0.29233672
vn -0.87825637 0.37624310 -0.29513875
vn -0.88035341 0.36803306 -0.29921486
vn -0.86340126 0.38503553 -0.32601519
vn -0.86382439 0.38427188 -0.32579524
vn -0.86466756 0.38948417 -0.31725715
vn -0.86727474 0.39110916 -0.30800674
vn -0.86758913 0.39112902 -0.30709477
vn -0.88035341 0.36803306 -0.29921486
vn -0.88453428 0.35532510 -0.30223033
vn -0.88511290 0.34466098 -0.31270428
vn 0.00000000 -1.00000000 0.00000000
vn -0.88453428 0.35532510 -0.30223033
vn -0.88511290 0.34466098 -0.31270428
vn -0.90067116 0.30720695 -0.30727082
vn 0.00000000 1.00000000 0.00000000
vn -0.42689231 0.34484741 0.83596843
vn -0.50051835 0.36411158 0.78543245
vn -0.72690740 0.63242562 0.26766297
vn 0.00000000 1.00000000 0.00000000
vn -0.76872648 0.60490991 -0.20771040
vn -0.77407699 0.59761972 -0.20893897
vn -0.77561404 0.59820214 -0.20143749
vn -0.75451184 0.62214749 -0.20891237
vn -0.75485978 0.62127936 -0.21023478
vn -0.76482862 0.60727806 -0.21505940
vn -0.76872648 0.60490991 -0.20771040
vn -0.77407699 0.59761972 -0.20893897
vn -0.78140301 0.58644549 -0.21328624
vn -0.78626252 0.57385035 -0.22910046
vn -0.79709944 0.55437715 -0.23937096
vn -0.79754239 0.55377427 -0.23929102
vn -0.79991237 0.55541986 -0.22726412
vn -0.00000000 1.00000000 -0.00000000
vn -0.00000000 1.00000000 -0.00000000
vn -0.75485978 0.62127936 -0.21023478
vn -0.76482862 0.60727806 -0.21505940
vn -0.76552924 0.60448568 -0.22036798
vn -0.76904325 0.59969962 -0.22120770
vn -0.71051174 0.66729084 -0.22337412
vn -0.71737163 0.64656022 -0.25949535
vn -0.72374424 0.63823188 -0.26240111
vn -0.76552924 0.60448568 -0.22036798
vn -0.76904325 0.59969962 -0.22120770
vn -0.78550769 0.56318393 -0.25651811
vn -0.78626252 0.57385035 -0.22910046
vn -0.79028046 0.55796766 -0.25323682
vn -0.79709944 0.55437715 -0.23937096
vn -0.79760080 0.55238564 -0.24228715
vn -0.79764015 0.55259955 -0.24166903
vn -0.80352246 0.54502359 -0.23937614
vn -0.80369506 0.54423834 -0.24058029
vn -0.80415552 0.54433311 -0.23882080
vn -0.80314086 0.54327855 -0.24456731
vn -0.80357336 0.54227825 -0.24536533
vn -0.80369506 0.54423834 -0.24058029
vn -0.80415552 0.54433311 -0.23882080
vn -0.80563899 0.54326560 -0.23623784
vn -0.80808357 0.53840047 -0.23901021
vn -0.80875167 0.53884561 -0.23572474
vn -0.80563899 0.54326560 -0.23623784
vn -0.80621847 0.54365636 -0.23334427
vn -0.80875167 0.53884561 -0.23572474
vn -0.81218026 0.53511906 -0.23240226
vn -0.79709944 0.55437715 -0.23937096
vn -0.79754239 0.55377427 -0.23929102
vn -0.79764015 0.55259955 -0.24166903
vn -0.79832921 0.55224904 -0.24019048
vn -0.79760080 0.55238564 -0.24228715
vn -0.79764015 0.55259955 -0.24166903
vn -0.79832921 0.55224904 -0.24019048
vn -0.79849631 0.54962817 -0.24558607
vn -0.80284317 0.54357414 -0.24488774
vn -0.80314086 0.54327855 -0.24456731
vn -0.80352246 0.54502359 -0.23937614
vn -0.80369506 0.54423834 -0.24058029
vn -0.80352829 0.54165992 -0.24687407
vn -0.80357336 0.54227825 -0.24536533
vn -0.80497975 0.53619285 -0.25397801
vn -0.80808357 0.53840047 -0.23901021
vn -0.80816058 0.52934278 -0.25821056
vn -0.83632271 0.48697741 -0.25182798
vn -0.83758151 0.49393250 -0.23342645
vn -0.84019806 0.48360686 -0.24533983
vn -0.80816058 0.52934278 -0.25821056
vn -0.80855843 0.52789409 -0.25992518
vn -0.81481728 0.51560473 -0.26499917
vn -0.82908921 0.49413452 -0.26161452
vn -0.83199203 0.49057188 -0.25909166
vn -0.83632271 0.48697741 -0.25182798
vn -0.83654838 0.48566637 -0.25360401
vn -0.83199203 0.49057188 -0.25909166
vn -0.83654838 0.48566637 -0.25360401
vn -0.84615733 0.47086149 -0.24961416
vn -0.84709932 0.46628827 -0.25494704
vn -0.84741966 0.46646460 -0.25355608
vn -0.82400255 0.49858501 -0.26913341
vn -0.82554542 0.49095754 -0.27827226
vn -0.82908921 0.49413452 -0.26161452
vn -0.83199203 0.49057188 -0.25909166
vn -0.84278485 0.46377114 -0.27318496
vn -0.84709932 0.46628827 -0.25494704
vn -0.84861149 0.45854714 -0.26380497
vn -0.82208845 0.49273924 -0.28526939
vn -0.82343944 0.48627548 -0.29237587
vn -0.82554542 0.49095754 -0.27827226
vn -0.83521325 0.46893356 -0.28726319
vn -0.84278485 0.46377114 -0.27318496
vn -0.84304464 0.46166651 -0.27593436
vn -0.82146066 0.48580674 -0.29865398
vn -0.82293839 0.47765421 -0.30760180
vn -0.82343944 0.48627548 -0.29237587
vn -0.82609353 0.47091708 -0.30952639
vn -0.83521325 0.46893356 -0.28726319
vn -0.83586628 0.46374322 -0.29371719
vn -0.82609353 0.47091708 -0.30952639
vn -0.82787623 0.45796068 -0.32387184
vn -0.83586628 0.46374322 -0.29371719
vn -0.83611617 0.43608297 -0.33277829
vn -0.83855892 0.43028299 -0.33417881
vn -0.84374282 0.42099147 -0.33296281
vn -0.85632365 0.40204373 -0.32414604
vn -0.86055655 0.39673613 -0.31944150
vn -0.86686927 0.41123353 -0.28182380
vn -0.86727474 0.39110916 -0.30800674
vn -0.86758913 0.39112902 -0.30709477
vn -0.86875604 0.40508429 -0.28490289
vn -0.86976478 0.39398926 -0.29712235
vn 0.00000000 -1.00000000 0.00000000
vn 0.41661088 -0.23723192 0.87758555
vn 0.49767031 -0.28348702 0.81973128
vn 0.75479601 -0.44221059 0.48449229
vn 0.00000000 1.00000000 0.00000000
vn 0.34515161 -0.19136369 0.91883094
vn 0.41661088 -0.23723192 0.87758555
vn 0.49767031 -0.28348702 0.81973128
vn 0.00000000 1.00000000 0.00000000
vn 0.30821291 -0.17054019 0.93590643
vn 0.34515161 -0.19136369 0.91883094
vn -0.86055655 0.39673613 -0.31944150
vn -0.86466756 0.38948417 -0.31725715
vn -0.86727474 0.39110916 -0.30800674
vn -0.84968661 0.40784057 -0.33421359
vn -0.85026804 0.39731861 -0.34522773
vn -0.85632365 0.40204373 -0.32414604
vn -0.85813168 0.38401932 -0.34079200
vn -0.86023612 0.38320070 -0.33637932
vn -0.86055655 0.39673613 -0.31944150
vn -0.86340126 0.38503553 -0.32601519
vn -0.86466756 0.38948417 -0.31725715
vn 0.00000000 -1.00000000 0.00000000
vn 0.00000000 -1.00000000 0.00000000
vn -0.86023612 0.38320070 -0.33637932
vn -0.86071856 0.36342634 -0.35648963
vn -0.86340126 0.38503553 -0.32601519
vn -0.86382439 0.38427188 -0.32579524
vn 0.00000000 -1.00000000 0.00000000
vn 0.00000000 -1.00000000 0.00000000
vn -0.86382439 0.38427188 -0.32579524
vn -0.88511290 0.34466098 -0.31270428
vn -0.00000000 1.00000000 -0.00000000
vn -0.75451184 0.62214749 -0.20891237
vn -0.76872648 0.60490991 -0.20771040
vn -0.00000000 1.00000000 -0.00000000
vn -0.00000000 1.00000000 -0.00000000
vn -0.75451184 0.62214749 -0.20891237
vn -0.75485978 0.62127936 -0.21023478
vn -0.00000000 1.00000000 -0.00000000
vn -0.71051174 0.66729084 -0.22337412
vn -0.76552924 0.60448568 -0.22036798
vn -0.00000000 1.00000000 -0.00000000
vn -0.71051174 0.66729084 -0.22337412
vn -0.71737163 0.64656022 -0.25949535
vn -0.00000000 1.00000000 -0.00000000
vn -0.71737163 0.64656022 -0.25949535
vn -0.72374424 0.63823188 -0.26240111
vn -0.72484315 0.63622460 -0.26423600
vn -0.72374424 0.63823188 -0.26240111
vn -0.72484315 0.63622460 -0.26423600
vn -0.73868875 0.61608885 -0.27344735
vn -0.76911001 0.57910596 -0.27038134
vn -0.77835130 0.56966977 -0.26390455
vn -0.78550769 0.56318393 -0.25651811
vn -0.77835130 0.56966977 -0.26390455
vn -0.78550769 0.56318393 -0.25651811
vn -0.79028046 0.55796766 -0.25323682
vn -0.79700638 0.54927815 -0.25114607
vn -0.79760861 0.54382944 -0.26090239
vn -0.79783059 0.54383701 -0.26020695
vn -0.79847647 0.54455150 -0.25670799
vn -0.79858814 0.54565545 -0.25400220
vn -0.79028046 0.55796766 -0.25323682
vn -0.79700638 0.54927815 -0.25114607
vn -0.79760080 0.55238564 -0.24228715
vn -0.79849631 0.54962817 -0.24558607
vn -0.80185666 0.54290621 -0.24955708
vn -0.80284317 0.54357414 -0.24488774
vn -0.80310586 0.54115397 -0.24934587
vn -0.80314086 0.54327855 -0.24456731
vn -0.80352829 0.54165992 -0.24687407
vn -0.80357336 0.54227825 -0.24536533
vn -0.79700638 0.54927815 -0.25114607
vn -0.79849631 0.54962817 -0.24558607
vn -0.79858814 0.54565545 -0.25400220
vn -0.80185666 0.54290621 -0.24955708
vn -0.80284317 0.54357414 -0.24488774
vn -0.80310586 0.54115397 -0.24934587
vn -0.80352829 0.54165992 -0.24687407
vn -0.80403798 0.53786213 -0.25343096
vn -0.80497975 0.53619285 -0.25397801
vn -0.80124053 0.53989562 -0.25792700
vn -0.80185754 0.53698444 -0.26205379
vn -0.80403798 0.53786213 -0.25343096
vn -0.80497975 0.53619285 -0.25397801
vn -0.80816058 0.52934278 -0.25821056
vn -0.80855843 0.52789409 -0.25992518
vn -0.79652548 0.53800443 -0.27585939
vn -0.79898838 0.53966796 -0.26528487
vn -0.80185754 0.53698444 -0.26205379
vn -0.80855843 0.52789409 -0.25992518
vn -0.81481728 0.51560473 -0.26499917
vn -0.81731552 0.50806557 -0.27178064
vn -0.81751955 0.50831736 -0.27069399
vn -0.81481728 0.51560473 -0.26499917
vn -0.81751955 0.50831736 -0.27069399
vn -0.82400255 0.49858501 -0.26913341
vn -0.82908921 0.49413452 -0.26161452
vn -0.81731552 0.50806557 -0.27178064
vn -0.81751955 0.50831736 -0.27069399
vn -0.81958232 0.49775961 -0.28376079
vn -0.82208845 0.49273924 -0.28526939
vn -0.82400255 0.49858501 -0.26913341
vn -0.82554542 0.49095754 -0.27827226
vn -0.80997697 0.50464785 -0.29877726
vn -0.81045466 0.50123265 -0.30319809
vn -0.81958232 0.49775961 -0.28376079
vn -0.82146066 0.48580674 -0.29865398
vn -0.82208845 0.49273924 -0.28526939
vn -0.82343944 0.48627548 -0.29237587
vn -0.80150654 0.50818825 -0.31516975
vn -0.80165245 0.50701944 -0.31667748
vn -0.81045466 0.50123265 -0.30319809
vn -0.82091838 0.47865498 -0.31142001
vn -0.82146066 0.48580674 -0.29865398
vn -0.82293839 0.47765421 -0.30760180
vn -0.82091838 0.47865498 -0.31142001
vn -0.82253567 0.46634748 -0.32550746
vn -0.82293839 0.47765421 -0.30760180
vn -0.82609353 0.47091708 -0.30952639
vn -0.82787623 0.45796068 -0.32387184
vn -0.81324405 0.47164542 -0.34085880
vn -0.81479266 0.47254354 -0.33588022
vn -0.82253567 0.46634748 -0.32550746
vn -0.82787623 0.45796068 -0.32387184
vn -0.83611617 0.43608297 -0.33277829
vn -0.79028643 0.48299638 -0.37704358
vn -0.79194725 0.45426976 -0.40799331
vn -0.79194005 0.48797236 -0.36703397
vn -0.81324405 0.47164542 -0.34085880
vn -0.81889010 0.41500006 -0.39647692
vn -0.83611617 0.43608297 -0.33277829
vn -0.83855892 0.43028299 -0.33417881
vn -0.84045692 0.40065368 -0.36484077
vn -0.83855892 0.43028299 -0.33417881
vn -0.84045692 0.40065368 -0.36484077
vn -0.84322705 0.39402846 -0.36566338
vn -0.84374282 0.42099147 -0.33296281
vn -0.84968661 0.40784057 -0.33421359
vn -0.85026804 0.39731861 -0.34522773
vn -0.84374282 0.42099147 -0.33296281
vn -0.84968661 0.40784057 -0.33421359
vn -0.85632365 0.40204373 -0.32414604
vn 0.00000000 1.00000000 0.00000000
vn 0.49767031 -0.28348702 0.81973128
vn 0.75479601 -0.44221059 0.48449229
vn 0.76815021 -0.44754362 0.45787549
vn 0.00000000 -1.00000000 0.00000000
vn 0.75479601 -0.44221059 0.48449229
vn 0.76815021 -0.44754362 0.45787549
vn 0.78824693 -0.56101963 0.25283149
vn 0.81951740 -0.47951400 0.31377947
vn -0.84322705 0.39402846 -0.36566338
vn -0.84335228 0.39294460 -0.36653986
vn -0.84367404 0.39237941 -0.36640486
vn -0.85026804 0.39731861 -0.34522773
vn -0.85491278 0.38257885 -0.35036776
vn -0.85813168 0.38401932 -0.34079200
vn -0.85491278 0.38257885 -0.35036776
vn -0.85511684 0.37100140 -0.36212312
vn -0.85813168 0.38401932 -0.34079200
vn -0.85815906 0.36341652 -0.36261750
vn -0.85876104 0.36285456 -0.36175412
vn -0.86023612 0.38320070 -0.33637932
vn -0.86071856 0.36342634 -0.35648963
vn 0.00000000 -1.00000000 0.00000000
vn -0.85876104 0.36285456 -0.36175412
vn -0.86071856 0.36342634 -0.35648963
vn -0.00000000 1.00000000 -0.00000000
vn -0.72484315 0.63622460 -0.26423600
vn -0.73373154 0.62218131 -0.27299898
vn -0.73868875 0.61608885 -0.27344735
vn -0.73882112 0.61580756 -0.27372324
vn -0.73868875 0.61608885 -0.27344735
vn -0.73882112 0.61580756 -0.27372324
vn -0.74304137 0.60903008 -0.27743808
vn -0.76100011 0.58623470 -0.27786275
vn -0.76659758 0.58090477 -0.27363808
vn -0.76911001 0.57910596 -0.27038134
vn -0.76659758 0.58090477 -0.27363808
vn -0.76911001 0.57910596 -0.27038134
vn -0.77835130 0.56966977 -0.26390455
vn -0.79546490 0.54300470 -0.26903807
vn -0.79637982 0.54236764 -0.26761265
vn -0.79718072 0.54217817 -0.26560446
vn -0.79760861 0.54382944 -0.26090239
vn -0.79718072 0.54217817 -0.26560446
vn -0.79760861 0.54382944 -0.26090239
vn -0.79783059 0.54383701 -0.26020695
vn -0.79879847 0.54330552 -0.25834109
vn -0.79898838 0.53966796 -0.26528487
vn -0.80124053 0.53989562 -0.25792700
vn -0.80185754 0.53698444 -0.26205379
vn -0.79783059 0.54383701 -0.26020695
vn -0.79847647 0.54455150 -0.25670799
vn -0.79879847 0.54330552 -0.25834109
vn -0.79847647 0.54455150 -0.25670799
vn -0.79858814 0.54565545 -0.25400220
vn -0.79879847 0.54330552 -0.25834109
vn -0.80124053 0.53989562 -0.25792700
vn -0.80185666 0.54290621 -0.24955708
vn -0.80310586 0.54115397 -0.24934587
vn -0.80403798 0.53786213 -0.25343096
vn -0.79451285 0.53961804 -0.27849901
vn -0.79565104 0.54208729 -0.27033461
vn -0.79637982 0.54236764 -0.26761265
vn -0.79652548 0.53800443 -0.27585939
vn -0.79718072 0.54217817 -0.26560446
vn -0.79898838 0.53966796 -0.26528487
vn -0.79152579 0.53584875 -0.29385887
vn -0.79211315 0.53947120 -0.28553035
vn -0.79292378 0.52887667 -0.30259105
vn -0.79451285 0.53961804 -0.27849901
vn -0.79652548 0.53800443 -0.27585939
vn -0.80997697 0.50464785 -0.29877726
vn -0.81731552 0.50806557 -0.27178064
vn -0.81958232 0.49775961 -0.28376079
vn -0.79133190 0.52730750 -0.30941982
vn -0.79213208 0.52924184 -0.30402276
vn -0.79292378 0.52887667 -0.30259105
vn -0.79293060 0.51937481 -0.31860771
vn -0.80150654 0.50818825 -0.31516975
vn -0.80997697 0.50464785 -0.29877726
vn -0.81045466 0.50123265 -0.30319809
vn -0.79171348 0.51917581 -0.32194137
vn -0.79283048 0.51282852 -0.32928216
vn -0.79293060 0.51937481 -0.31860771
vn -0.80150654 0.50818825 -0.31516975
vn -0.80165245 0.50701944 -0.31667748
vn -0.79246039 0.51206097 -0.33136098
vn -0.79283048 0.51282852 -0.32928216
vn -0.79381446 0.50276341 -0.34218059
vn -0.80165245 0.50701944 -0.31667748
vn -0.81479266 0.47254354 -0.33588022
vn -0.82091838 0.47865498 -0.31142001
vn -0.82253567 0.46634748 -0.32550746
vn -0.78860808 0.49844397 -0.36007069
vn -0.79194005 0.48797236 -0.36703397
vn -0.79381446 0.50276341 -0.34218059
vn -0.81324405 0.47164542 -0.34085880
vn -0.81479266 0.47254354 -0.33588022
vn -0.76364724 0.51167160 -0.39374492
vn -0.76515741 0.51268348 -0.38947374
vn -0.76795477 0.51307596 -0.38340386
vn -0.78694544 0.48014133 -0.38753217
vn -0.78818008 0.49903495 -0.36018923
vn -0.78860808 0.49844397 -0.36007069
vn -0.79028643 0.48299638 -0.37704358
vn -0.79194005 0.48797236 -0.36703397
vn -0.78694544 0.48014133 -0.38753217
vn -0.78694670 0.48009635 -0.38758532
vn -0.78820048 0.45551599 -0.41381783
vn -0.79028643 0.48299638 -0.37704358
vn -0.79194725 0.45426976 -0.40799331
vn -0.77418596 0.42505684 -0.46900190
vn -0.77618984 0.42150431 -0.46889599
vn -0.77708209 0.44186743 -0.44821489
vn -0.78820048 0.45551599 -0.41381783
vn -0.79194725 0.45426976 -0.40799331
vn -0.81889010 0.41500006 -0.39647692
vn -0.81891953 0.41089793 -0.40066657
vn -0.81889010 0.41500006 -0.39647692
vn -0.81891953 0.41089793 -0.40066657
vn -0.83471263 0.38812892 -0.39065428
vn -0.84045692 0.40065368 -0.36484077
vn -0.84322705 0.39402846 -0.36566338
vn -0.84335228 0.39294460 -0.36653986
vn 0.00000000 1.00000000 -0.00000000
vn 0.76815021 -0.44754362 0.45787549
vn 0.81951740 -0.47951400 0.31377947
vn 0.00000000 -1.00000000 0.00000000
vn 0.77998410 -0.57853406 0.23858573
vn 0.78824693 -0.56101963 0.25283149
vn 0.00000000 1.00000000 -0.00000000
vn 0.00000000 -0.00000000 -1.00000000
vn 0.77998410 -0.57853406 0.23858573
vn 0.78824693 -0.56101963 0.25283149
vn 0.81951740 -0.47951400 0.31377947
vn -0.83442317 0.38203207 -0.39722722
vn -0.83448649 0.38614894 -0.39309196
vn -0.83471263 0.38812892 -0.39065428
vn -0.84174660 0.37888541 -0.38458876
vn -0.84335228 0.39294460 -0.36653986
vn -0.84367404 0.39237941 -0.36640486
vn -0.84381147 0.37981485 -0.37910801
vn -0.84367404 0.39237941 -0.36640486
vn -0.84381147 0.37981485 -0.37910801
vn -0.85491278 0.38257885 -0.35036776
vn -0.85511684 0.37100140 -0.36212312
vn -0.84174660 0.37888541 -0.38458876
vn -0.84381147 0.37981485 -0.37910801
vn -0.85461227 0.35971921 -0.37448627
vn -0.85502280 0.35917470 -0.37407158
vn -0.85511684 0.37100140 -0.36212312
vn -0.85815609 0.35969445 -0.36631684
vn -0.85815906 0.36341652 -0.36261750
vn 0.00000000 -1.00000000 0.00000000
vn -0.85815609 0.35969445 -0.36631684
vn -0.85815906 0.36341652 -0.36261750
vn -0.85876104 0.36285456 -0.36175412
vn -0.00000000 1.00000000 -0.00000000
vn -0.69209565 0.66763838 -0.27434030
vn -0.73373154 0.62218131 -0.27299898
vn -0.69012504 0.66818680 -0.27794573
vn -0.69209565 0.66763838 -0.27434030
vn -0.69576849 0.65607252 -0.29236118
vn -0.72636522 0.62260692 -0.29112573
vn -0.73373154 0.62218131 -0.27299898
vn -0.73783265 0.61241257 -0.28382004
vn -0.73882112 0.61580756 -0.27372324
vn -0.74304137 0.60903008 -0.27743808
vn -0.73783265 0.61241257 -0.28382004
vn -0.74304137 0.60903008 -0.27743808
vn -0.76100011 0.58623470 -0.27786275
vn -0.76256673 0.58247010 -0.28146149
vn -0.76100011 0.58623470 -0.27786275
vn -0.76256673 0.58247010 -0.28146149
vn -0.76659758 0.58090477 -0.27363808
vn -0.77242615 0.56527977 -0.28951102
vn -0.79140964 0.54009958 -0.28629220
vn -0.79211315 0.53947120 -0.28553035
vn -0.79451285 0.53961804 -0.27849901
vn -0.79546490 0.54300470 -0.26903807
vn -0.79565104 0.54208729 -0.27033461
vn -0.79546490 0.54300470 -0.26903807
vn -0.79565104 0.54208729 -0.27033461
vn -0.79637982 0.54236764 -0.26761265
vn -0.78868879 0.53824273 -0.29709383
vn -0.79090774 0.53520945 -0.29667455
vn -0.79140964 0.54009958 -0.28629220
vn -0.79152579 0.53584875 -0.29385887
vn -0.79211315 0.53947120 -0.28553035
vn -0.79090774 0.53520945 -0.29667455
vn -0.79152579 0.53584875 -0.29385887
vn -0.79213208 0.52924184 -0.30402276
vn -0.79292378 0.52887667 -0.30259105
vn -0.78437411 0.54133903 -0.30283544
vn -0.78614335 0.53229420 -0.31407247
vn -0.78835305 0.52928606 -0.31361720
vn -0.78868879 0.53824273 -0.29709383
vn -0.79090774 0.53520945 -0.29667455
vn -0.79133190 0.52730750 -0.30941982
vn -0.79213208 0.52924184 -0.30402276
vn -0.78835305 0.52928606 -0.31361720
vn -0.78925434 0.52230711 -0.32291308
vn -0.79133190 0.52730750 -0.30941982
vn -0.79171348 0.51917581 -0.32194137
vn -0.79293060 0.51937481 -0.31860771
vn -0.77992750 0.52477201 -0.34106806
vn -0.78012853 0.52312708 -0.34312903
vn -0.78081061 0.52656469 -0.33625053
vn -0.78261424 0.52695320 -0.33141405
vn -0.78627616 0.51475893 -0.34174997
vn -0.78925434 0.52230711 -0.32291308
vn -0.79171348 0.51917581 -0.32194137
vn -0.79246039 0.51206097 -0.33136098
vn -0.79283048 0.51282852 -0.32928216
vn -0.78627616 0.51475893 -0.34174997
vn -0.78818008 0.49903495 -0.36018923
vn -0.78860808 0.49844397 -0.36007069
vn -0.79246039 0.51206097 -0.33136098
vn -0.79381446 0.50276341 -0.34218059
vn -0.76795477 0.51307596 -0.38340386
vn -0.77489534 0.52429605 -0.35305930
vn -0.77846307 0.52403450 -0.34551858
vn -0.78012853 0.52312708 -0.34312903
vn -0.78627616 0.51475893 -0.34174997
vn -0.78818008 0.49903495 -0.36018923
vn -0.74238794 0.55003297 -0.38252306
vn -0.74385228 0.53610753 -0.39908960
vn -0.76244570 0.51266489 -0.39478003
vn -0.76515741 0.51268348 -0.38947374
vn -0.76795477 0.51307596 -0.38340386
vn -0.76847837 0.53274435 -0.35443540
vn -0.77489534 0.52429605 -0.35305930
vn -0.76230395 0.51238480 -0.39541688
vn -0.76244570 0.51266489 -0.39478003
vn -0.76364724 0.51167160 -0.39374492
vn -0.76515741 0.51268348 -0.38947374
vn 0.00000000 0.00000000 -1.00000000
vn -0.73192351 0.49978442 -0.46314524
vn -0.76230395 0.51238480 -0.39541688
vn -0.76364724 0.51167160 -0.39374492
vn -0.78694544 0.48014133 -0.38753217
vn -0.78694670 0.48009635 -0.38758532
vn 0.00000000 0.00000000 -1.00000000
vn -0.77708209 0.44186743 -0.44821489
vn -0.78694670 0.48009635 -0.38758532
vn -0.78820048 0.45551599 -0.41381783
vn 0.00000000 0.00000000 -1.00000000
vn -0.77418596 0.42505684 -0.46900190
vn -0.77708209 0.44186743 -0.44821489
vn 0.00000000 0.00000000 -1.00000000
vn -0.77418596 0.42505684 -0.46900190
vn -0.77618984 0.42150431 -0.46889599
vn 0.00000000 0.00000000 -1.00000000
vn -0.77618984 0.42150431 -0.46889599
vn -0.81891953 0.41089793 -0.40066657
vn -0.83448649 0.38614894 -0.39309196
vn -0.83471263 0.38812892 -0.39065428
vn 0.00000000 -1.00000000 0.00000000
vn 0.00000000 -0.00000000 -1.00000000
vn 0.77998410 -0.57853406 0.23858573
vn -0.00000000 1.00000000 -0.00000000
vn 0.00000000 0.00000000 -1.00000000
vn -0.63434572 0.64581270 -0.42488995
vn 0.00000000 -0.00000000 -1.00000000
vn -0.83442317 0.38203207 -0.39722722
vn -0.83448649 0.38614894 -0.39309196
vn -0.00000000 -0.00000000 -1.00000000
vn -0.83442317 0.38203207 -0.39722722
vn -0.84174660 0.37888541 -0.38458876
vn -0.85461227 0.35971921 -0.37448627
vn -0.00000000 0.00000000 -1.00000000
vn -0.85461227 0.35971921 -0.37448627
vn -0.85502280 0.35917470 -0.37407158
vn -0.85587711 0.29038922 -0.42795849
vn -0.85746108 0.35135700 -0.37591056
vn -0.85976245 0.33928922 -0.38169537
vn 0.00000000 -1.00000000 0.00000000
vn -0.85502280 0.35917470 -0.37407158
vn -0.85746108 0.35135700 -0.37591056
vn -0.85815609 0.35969445 -0.36631684
vn -0.00000000 1.00000000 -0.00000000
vn -0.69012504 0.66818680 -0.27794573
vn -0.69209565 0.66763838 -0.27434030
vn -0.00000000 1.00000000 -0.00000000
vn -0.69012504 0.66818680 -0.27794573
vn -0.69348766 0.65805073 -0.29333275
vn -0.69576849 0.65607252 -0.29236118
vn -0.69266500 0.65727010 -0.29700373
vn -0.69348766 0.65805073 -0.29333275
vn -0.69576849 0.65607252 -0.29236118
vn -0.69989740 0.64548822 -0.30575904
vn -0.71103541 0.63418396 -0.30370930
vn -0.71639679 0.62963547 -0.30055752
vn -0.72636522 0.62260692 -0.29112573
vn -0.71639679 0.62963547 -0.30055752
vn -0.72636522 0.62260692 -0.29112573
vn -0.73783265 0.61241257 -0.28382004
vn -0.76256673 0.58247010 -0.28146149
vn -0.77242615 0.56527977 -0.28951102
vn -0.77460807 0.55955788 -0.29474959
vn -0.77242615 0.56527977 -0.28951102
vn -0.77460807 0.55955788 -0.29474959
vn -0.78306126 0.54325796 -0.30279672
vn -0.78437411 0.54133903 -0.30283544
vn -0.78868879 0.53824273 -0.29709383
vn -0.79140964 0.54009958 -0.28629220
vn -0.78306126 0.54325796 -0.30279672
vn -0.78437411 0.54133903 -0.30283544
vn -0.78516759 0.53240433 -0.31631865
vn -0.78614335 0.53229420 -0.31407247
vn -0.78261424 0.52695320 -0.33141405
vn -0.78516759 0.53240433 -0.31631865
vn -0.78614335 0.53229420 -0.31407247
vn -0.78835305 0.52928606 -0.31361720
vn -0.78925434 0.52230711 -0.32291308
vn -0.69933407 0.63776030 -0.32279042
vn -0.70035677 0.63900475 -0.31807755
vn -0.70202453 0.62435026 -0.34256139
vn -0.71103541 0.63418396 -0.30370930
vn -0.71639679 0.62963547 -0.30055752
vn -0.71959013 0.59511387 -0.35781214
vn -0.76991498 0.53374027 -0.34978887
vn -0.77460807 0.55955788 -0.29474959
vn -0.78081061 0.52656469 -0.33625053
vn -0.78261424 0.52695320 -0.33141405
vn -0.78306126 0.54325796 -0.30279672
vn -0.78516759 0.53240433 -0.31631865
vn -0.76847837 0.53274435 -0.35443540
vn -0.76991498 0.53374027 -0.34978887
vn -0.77489534 0.52429605 -0.35305930
vn -0.77846307 0.52403450 -0.34551858
vn -0.77992750 0.52477201 -0.34106806
vn -0.78081061 0.52656469 -0.33625053
vn -0.77846307 0.52403450 -0.34551858
vn -0.77992750 0.52477201 -0.34106806
vn -0.78012853 0.52312708 -0.34312903
vn -0.71959013 0.59511387 -0.35781214
vn -0.73151147 0.56423975 -0.38278515
vn -0.74238794 0.55003297 -0.38252306
vn -0.76847837 0.53274435 -0.35443540
vn -0.76991498 0.53374027 -0.34978887
vn -0.73140708 0.56425182 -0.38296680
vn -0.73151147 0.56423975 -0.38278515
vn -0.73282210 0.55226884 -0.39745553
vn -0.73436043 0.53695792 -0.41519989
vn -0.74238794 0.55003297 -0.38252306
vn -0.74385228 0.53610753 -0.39908960
vn -0.72543661 0.52522836 -0.44483355
vn -0.72727244 0.50636817 -0.46332070
vn -0.73192351 0.49978442 -0.46314524
vn -0.73436043 0.53695792 -0.41519989
vn -0.74385228 0.53610753 -0.39908960
vn -0.76230395 0.51238480 -0.39541688
vn -0.76244570 0.51266489 -0.39478003
vn 0.00000000 0.00000000 -1.00000000
vn -0.72727244 0.50636817 -0.46332070
vn -0.73192351 0.49978442 -0.46314524
vn 0.00000000 -1.00000000 0.00000000
vn -0.00000000 -0.00000000 -1.00000000
vn -0.85587711 0.29038922 -0.42795849
vn 0.00000000 0.00000000 -1.00000000
vn -0.63434572 0.64581270 -0.42488995
vn -0.66752957 0.63512716 -0.38861005
vn -0.66754452 0.63495143 -0.38887144
vn -0.00000000 1.00000000 -0.00000000
vn -0.63434572 0.64581270 -0.42488995
vn -0.66749204 0.63655725 -0.38632789
vn -0.66752957 0.63512716 -0.38861005
vn 0.00000000 -1.00000000 0.00000000
vn -0.85587711 0.29038922 -0.42795849
vn -0.85976245 0.33928922 -0.38169537
vn 0.00000000 -1.00000000 0.00000000
vn -0.85746108 0.35135700 -0.37591056
vn -0.85976245 0.33928922 -0.38169537
vn -0.00000000 1.00000000 -0.00000000
vn -0.69266500 0.65727010 -0.29700373
vn -0.69348766 0.65805073 -0.29333275
vn -0.00000000 1.00000000 -0.00000000
vn -0.69266500 0.65727010 -0.29700373
vn -0.69965025 0.64557912 -0.30613253
vn -0.69989740 0.64548822 -0.30575904
vn -0.69890867 0.64523242 -0.30854788
vn -0.69965025 0.64557912 -0.30613253
vn -0.69989740 0.64548822 -0.30575904
vn -0.70035677 0.63900475 -0.31807755
vn -0.71103541 0.63418396 -0.30370930
vn -0.67607301 0.66950354 -0.30771787
vn -0.67936195 0.65374164 -0.33330047
vn -0.69137828 0.64115998 -0.33303146
vn -0.69509444 0.64987563 -0.30741728
vn -0.69890867 0.64523242 -0.30854788
vn -0.69933407 0.63776030 -0.32279042
vn -0.70035677 0.63900475 -0.31807755
vn -0.69137828 0.64115998 -0.33303146
vn -0.69278322 0.63348868 -0.34459179
vn -0.69933407 0.63776030 -0.32279042
vn -0.70202453 0.62435026 -0.34256139
vn -0.66933690 0.63714059 -0.38215179
vn -0.66983529 0.63361072 -0.38711516
vn -0.67258135 0.64211615 -0.36786026
vn -0.67410164 0.64246657 -0.36444984
vn -0.69278322 0.63348868 -0.34459179
vn -0.70202453 0.62435026 -0.34256139
vn -0.71959013 0.59511387 -0.35781214
vn -0.73140708 0.56425182 -0.38296680
vn -0.73151147 0.56423975 -0.38278515
vn -0.65929327 0.62571688 -0.41690619
vn -0.66768563 0.63390318 -0.39033660
vn -0.66983529 0.63361072 -0.38711516
vn -0.73140708 0.56425182 -0.38296680
vn -0.73282210 0.55226884 -0.39745553
vn 0.00000000 0.00000000 -1.00000000
vn -0.65929327 0.62571688 -0.41690619
vn -0.72543661 0.52522836 -0.44483355
vn -0.73282210 0.55226884 -0.39745553
vn -0.73436043 0.53695792 -0.41519989
vn 0.00000000 0.00000000 -1.00000000
vn -0.72543661 0.52522836 -0.44483355
vn -0.72727244 0.50636817 -0.46332070
vn 0.00000000 0.00000000 -1.00000000
vn -0.65929327 0.62571688 -0.41690619
vn -0.66754452 0.63495143 -0.38887144
vn -0.66768563 0.63390318 -0.39033660
vn -0.66749204 0.63655725 -0.38632789
vn -0.66752957 0.63512716 -0.38861005
vn -0.66754452 0.63495143 -0.38887144
vn -0.66760013 0.63738690 -0.38477006
vn -0.66768563 0.63390318 -0.39033660
vn -0.66933690 0.63714059 -0.38215179
vn -0.66983529 0.63361072 -0.38711516
vn -0.00000000 1.00000000 -0.00000000
vn -0.66749204 0.63655725 -0.38632789
vn -0.66760013 0.63738690 -0.38477006
vn -0.00000000 1.00000000 -0.00000000
vn -0.69509444 0.64987563 -0.30741728
vn -0.69890867 0.64523242 -0.30854788
vn -0.69965025 0.64557912 -0.30613253
vn -0.00000000 1.00000000 -0.00000000
vn -0.67607301 0.66950354 -0.30771787
vn -0.67799556 0.65506814 -0.33347827
vn -0.67936195 0.65374164 -0.33330047
vn -0.66789563 0.65694267 -0.34977387
vn -0.67410164 0.64246657 -0.36444984
vn -0.67799556 0.65506814 -0.33347827
vn -0.67936195 0.65374164 -0.33330047
vn -0.69137828 0.64115998 -0.33303146
vn -0.69278322 0.63348868 -0.34459179
vn -0.00000000 1.00000000 -0.00000000
vn -0.67607301 0.66950354 -0.30771787
vn -0.69509444 0.64987563 -0.30741728
vn -0.00000000 1.00000000 -0.00000000
vn -0.66789563 0.65694267 -0.34977387
vn -0.67258135 0.64211615 -0.36786026
vn -0.67410164 0.64246657 -0.36444984
vn -0.00000000 1.00000000 -0.00000000
vn -0.66760013 0.63738690 -0.38477006
vn -0.66933690 0.63714059 -0.38215179
vn -0.67258135 0.64211615 -0.36786026
vn -0.00000000 1.00000000 -0.00000000
vn -0.66789563 0.65694267 -0.34977387
vn -0.67799556 0.65506814 -0.33347827
f 10//10 14//14 30//30
f 9//9 29//29 33//33
f 4//4 31//31 88//88
f 1//1 87//87 187//187
f 2//2 188//188 183//183
f 3//3 184//184 179//179
f 1//1 178//178 320//320
f 3//3 321//321 501//501
f 1//1 500//500 527//527
f 1//1 527//527 672//672
f 2//2 673//673 667//667
f 1//1 666//666 810//810
f 1//1 810//810 941//941
f 1//1 941//941 1064//1064
f 1//1 1064//1064 1159//1159
f 1//1 1159//1159 1156//1156
f 1//1 1156//1156 1145//1145
f 1//1 1145//1145 1045//1045
f 1//1 1045//1045 915//915
f 1//1 915//915 792//792
f 1//1 792//792 644//644
f 1//1 644//644 466//466
f 1//1 466//466 272//272
f 1//1 272//272 131//131
f 1//1 131//131 34//34
f 5//5 37//37 43//43
f 6//6 44//44 47//47
f 7//7 48//48 51//51
f 8//8 56//56 11//11
f 13//13 61//61 27//27
f 12//12 57//57 60//60
f 17//17 64//64 67//67
f 18//18 69//69 71//71
f 19//19 73//73 75//75
f 24//24 79//79 84//84
f 26//26 86//86 90//90
f 28//28 92//92 32//32
f 25//25 59//59 96//96
f 23//23 94//94 100//100
f 22//22 99//99 105//105
f 21//21 102//102 111//111
f 20//20 109//109 122//122
f 15//15 121//121 124//124
f 16//16 129//129 62//62
f 35//35 133//133 138//138
f 36//36 140//140 39//39
f 38//38 139//139 142//142
f 40//40 143//143 150//150
f 41//41 152//152 154//154
f 42//42 156//156 45//45
f 46//46 157//157 49//49
f 50//50 158//158 162//162
f 52//52 165//165 103//103
f 53//53 104//104 97//97
f 54//54 98//98 93//93
f 55//55 95//95 58//58
f 63//63 130//130 66//66
f 70//70 167//167 72//72
f 65//65 128//128 175//175
f 68//68 176//176 166//166
f 74//74 169//169 76//76
f 82//82 182//182 185//185
f 83//83 186//186 190//190
f 81//81 189//189 91//91
f 80//80 89//89 85//85
f 77//77 170//170 197//197
f 78//78 198//198 180//180
f 101//101 164//164 110//110
f 106//106 205//205 120//120
f 108//108 163//163 215//215
f 107//107 214//214 206//206
f 118//118 203//203 230//230
f 112//112 227//227 234//234
f 113//113 235//235 237//237
f 114//114 239//239 242//242
f 115//115 243//243 248//248
f 116//116 249//249 250//250
f 117//117 251//251 255//255
f 119//119 256//256 123//123
f 125//125 257//257 266//266
f 126//126 267//267 269//269
f 127//127 271//271 173//173
f 132//132 278//278 136//136
f 134//134 273//273 279//279
f 135//135 282//282 145//145
f 137//137 148//148 141//141
f 144//144 281//281 286//286
f 146//146 287//287 289//289
f 147//147 291//291 295//295
f 149//149 297//297 300//300
f 151//151 302//302 153//153
f 155//155 304//304 159//159
f 160//160 305//305 308//308
f 161//161 310//310 208//208
f 168//168 177//177 313//313
f 170//170 314//314 197//197
f 172//172 270//270 268//268
f 171//171 265//265 317//317
f 174//174 318//318 311//311
f 181//181 200//200 324//324
f 196//196 312//312 319//319
f 195//195 315//315 328//328
f 194//194 326//326 335//335
f 191//191 334//334 337//337
f 192//192 338//338 343//343
f 193//193 344//344 346//346
f 199//199 351//351 322//322
f 201//201 354//354 229//229
f 204//204 213//213 361//361
f 202//202 360//360 355//355
f 207//207 309//309 365//365
f 209//209 367//367 372//372
f 210//210 375//375 377//377
f 211//211 379//379 381//381
f 212//212 382//382 356//356
f 228//228 353//353 359//359
f 225//225 358//358 387//387
f 224//224 385//385 383//383
f 222//222 380//380 378//378
f 219//219 376//376 374//374
f 217//217 373//373 392//392
f 216//216 391//391 397//397
f 218//218 399//399 403//403
f 220//220 407//407 409//409
f 221//221 413//413 415//415
f 223//223 416//416 421//421
f 226//226 422//422 231//231
f 232//232 424//424 426//426
f 233//233 427//427 236//236
f 238//238 430//430 240//240
f 241//241 431//431 246//246
f 244//244 429//429 435//435
f 245//245 437//437 439//439
f 247//247 441//441 252//252
f 249//249 254//254 250//250
f 253//253 443//443 259//259
f 260//260 448//448 452//452
f 261//261 453//453 457//457
f 262//262 458//458 461//461
f 263//263 465//465 327//327
f 264//264 329//329 316//316
f 258//258 442//442 447//447
f 277//277 467//467 473//473
f 276//276 472//472 477//477
f 275//275 476//476 284//284
f 274//274 283//283 280//280
f 285//285 478//478 288//288
f 290//290 480//480 483//483
f 292//292 484//484 486//486
f 293//293 487//487 489//489
f 294//294 490//490 296//296
f 298//298 492//492 495//495
f 299//299 496//496 301//301
f 303//303 497//497 306//306
f 307//307 499//499 364//364
f 323//323 352//352 503//503
f 325//325 464//464 332//332
f 331//331 509//509 341//341
f 333//333 342//342 336//336
f 330//330 463//463 508//508
f 340//340 507//507 513//513
f 339//339 512//512 516//516
f 345//345 517//517 347//347
f 348//348 518//518 524//524
f 349//349 525//525 528//528
f 350//350 530//530 502//502
f 357//357 384//384 386//386
f 362//362 498//498 493//493
f 363//363 494//494 533//533
f 366//366 534//534 370//370
f 371//371 538//538 389//389
f 368//368 531//531 485//485
f 368//368 485//485 481//481
f 368//368 481//481 471//471
f 368//368 471//471 652//652
f 368//368 652//652 648//648
f 368//368 648//648 788//788
f 368//368 788//788 912//912
f 368//368 912//912 918//918
f 368//368 918//918 1048//1048
f 368//368 1048//1048 1152//1152
f 368//368 1152//1152 1218//1218
f 368//368 1218//1218 1242//1242
f 368//368 1242//1242 1238//1238
f 368//368 1238//1238 1246//1246
f 368//368 1246//1246 1225//1225
f 368//368 1225//1225 1235//1235
f 368//368 1235//1235 1221//1221
f 368//368 1221//1221 1165//1165
f 368//368 1165//1165 1162//1162
f 368//368 1162//1162 1071//1071
f 368//368 1071//1071 1068//1068
f 368//368 1068//1068 945//945
f 368//368 945//945 813//813
f 368//368 813//813 689//689
f 368//368 689//689 686//686
f 368//368 686//686 683//683
f 368//368 683//683 549//549
f 369//369 550//550 680//680
f 368//368 679//679 676//676
f 368//368 676//676 535//535
f 388//388 537//537 543//543
f 390//390 544//544 395//395
f 398//398 548//548 402//402
f 393//393 541//541 552//552
f 394//394 554//554 559//559
f 396//396 561//561 545//545
f 405//405 568//568 572//572
f 406//406 573//573 576//576
f 408//408 577//577 410//410
f 400//400 547//547 581//581
f 401//401 583//583 586//586
f 404//404 590//590 566//566
f 411//411 579//579 419//419
f 412//412 420//420 414//414
f 418//418 578//578 575//575
f 417//417 574//574 595//595
f 423//423 598//598 425//425
f 428//428 599//599 434//434
f 432//432 597//597 605//605
f 433//433 606//606 608//608
f 436//436 609//609 438//438
f 440//440 611//611 445//445
f 444//444 610//610 617//617
f 446//446 618//618 451//451
f 449//449 616//616 623//623
f 450//450 624//624 456//456
f 459//459 504//504 462//462
f 454//454 622//622 629//629
f 455//455 630//630 633//633
f 460//460 639//639 505//505
f 470//470 645//645 650//650
f 469//469 649//649 654//654
f 468//468 653//653 474//474
f 475//475 482//482 479//479
f 488//488 532//532 491//491
f 506//506 642//642 510//510
f 511//511 643//643 515//515
f 514//514 641//641 523//523
f 522//522 640//640 657//657
f 521//521 656//656 665//665
f 519//519 664//664 670//670
f 520//520 671//671 674//674
f 526//526 675//675 529//529
f 536//536 678//678 542//542
f 539//539 677//677 681//681
f 540//540 682//682 551//551
f 546//546 563//563 580//580
f 553//553 685//685 558//558
f 565//565 585//585 582//582
f 555//555 684//684 687//687
f 556//556 688//688 690//690
f 557//557 691//691 693//693
f 560//560 698//698 700//700
f 562//562 701//701 707//707
f 564//564 709//709 584//584
f 567//567 591//591 571//571
f 569//569 589//589 714//714
f 570//570 716//716 593//593
f 587//587 710//710 718//718
f 588//588 721//721 712//712
f 592//592 715//715 723//723
f 594//594 725//725 729//729
f 596//596 730//730 600//600
f 601//601 731//731 735//735
f 602//602 736//736 739//739
f 603//603 742//742 614//614
f 604//604 615//615 607//607
f 613//613 748//748 621//621
f 612//612 741//741 747//747
f 619//619 746//746 753//753
f 620//620 754//754 627//627
f 625//625 752//752 759//759
f 626//626 760//760 763//763
f 628//628 764//764 631//631
f 632//632 765//765 769//769
f 634//634 770//770 776//776
f 635//635 777//777 779//779
f 636//636 782//782 785//785
f 637//637 787//787 660//660
f 638//638 663//663 655//655
f 646//646 789//789 651//651
f 647//647 793//793 790//790
f 658//658 786//786 783//783
f 659//659 784//784 800//800
f 661//661 802//802 805//805
f 662//662 808//808 668//668
f 669//669 809//809 812//812
f 692//692 814//814 694//694
f 696//696 823//823 825//825
f 697//697 826//826 699//699
f 695//695 816//816 818//818
f 704//704 833//833 838//838
f 705//705 839//839 841//841
f 706//706 842//842 719//719
f 702//702 717//717 708//708
f 703//703 830//830 832//832
f 711//711 720//720 845//845
f 713//713 846//846 722//722
f 724//724 847//847 728//728
f 726//726 844//844 836//836
f 727//727 837//837 734//734
f 732//732 851//851 858//858
f 737//737 860//860 743//743
f 738//738 744//744 740//740
f 733//733 835//835 853//853
f 745//745 861//861 751//751
f 750//750 868//868 757//757
f 749//749 859//859 867//867
f 755//755 866//866 872//872
f 756//756 873//873 877//877
f 758//758 879//879 761//761
f 762//762 880//880 768//768
f 767//767 878//878 885//885
f 766//766 884//884 774//774
f 771//771 892//892 897//897
f 772//772 898//898 903//903
f 775//775 904//904 906//906
f 778//778 909//909 780//780
f 773//773 882//882 893//893
f 781//781 910//910 797//797
f 791//791 794//794 913//913
f 795//795 917//917 921//921
f 796//796 922//922 914//914
f 798//798 911//911 927//927
f 799//799 928//928 930//930
f 801//801 932//932 803//803
f 804//804 933//933 938//938
f 806//806 940//940 943//943
f 807//807 944//944 811//811
f 815//815 947//947 952//952
f 817//817 954//954 819//819
f 820//820 955//955 957//957
f 821//821 958//958 960//960
f 822//822 962//962 824//824
f 827//827 967//967 969//969
f 828//828 971//971 850//850
f 829//829 852//852 831//831
f 834//834 843//843 840//840
f 848//848 966//966 857//857
f 849//849 970//970 968//968
f 855//855 965//965 976//976
f 854//854 975//975 978//978
f 856//856 980//980 864//864
f 862//862 986//986 990//990
f 865//865 992//992 871//871
f 863//863 979//979 987//987
f 869//869 991//991 999//999
f 870//870 1001//1001 875//875
f 874//874 1000//1000 1005//1005
f 876//876 1006//1006 883//883
f 881//881 1004//1004 891//891
f 890//890 1003//1003 1012//1012
f 888//888 1007//1007 1017//1017
f 887//887 1016//1016 1023//1023
f 886//886 1022//1022 1027//1027
f 889//889 1028//1028 894//894
f 895//895 1029//1029 1032//1032
f 896//896 1033//1033 902//902
f 901//901 1031//1031 1036//1036
f 899//899 1035//1035 1038//1038
f 900//900 1039//1039 1041//1041
f 905//905 1042//1042 907//907
f 908//908 1044//1044 925//925
f 916//916 1047//1047 920//920
f 919//919 1046//1046 1146//1146
f 919//919 1146//1146 1058//1058
f 919//919 1058//1058 1054//1054
f 919//919 1054//1054 1051//1051
f 919//919 1051//1051 1040//1040
f 919//919 1040//1040 1037//1037
f 919//919 1037//1037 1034//1034
f 919//919 1034//1034 1030//1030
f 919//919 1030//1030 1024//1024
f 919//919 1024//1024 1142//1142
f 919//919 1142//1142 1204//1204
f 919//919 1204//1204 1199//1199
f 919//919 1199//1199 1207//1207
f 919//919 1207//1207 1148//1148
f 919//919 1148//1148 1049//1049
f 929//929 935//935 931//931
f 924//924 1043//1043 1053//1053
f 923//923 1052//1052 1055//1055
f 926//926 1056//1056 934//934
f 936//936 1057//1057 1059//1059
f 937//937 1060//1060 1065//1065
f 939//939 1067//1067 942//942
f 946//946 1070//1070 949//949
f 948//948 1069//1069 1072//1072
f 950//950 1074//1074 1077//1077
f 951//951 1081//1081 1083//1083
f 953//953 1084//1084 956//956
f 959//959 1085//1085 961//961
f 963//963 1086//1086 1088//1088
f 964//964 1093//1093 974//974
f 972//972 1092//1092 984//984
f 973//973 985//985 977//977
f 981//981 1091//1091 1095//1095
f 982//982 1097//1097 1100//1100
f 983//983 1101//1101 988//988
f 989//989 1102//1102 998//998
f 996//996 1098//1098 1112//1112
f 995//995 1111//1111 1120//1120
f 993//993 1119//1119 1122//1122
f 994//994 1123//1123 1010//1010
f 997//997 1011//1011 1002//1002
f 1009//1009 1121//1121 1118//1118
f 1008//1008 1117//1117 1019//1019
f 1018//1018 1115//1115 1127//1127
f 1013//1013 1126//1126 1133//1133
f 1014//1014 1134//1134 1139//1139
f 1015//1015 1141//1141 1021//1021
f 1020//1020 1140//1140 1026//1026
f 1025//1025 1137//1137 1144//1144
f 1050//1050 1149//1149 1153//1153
f 1061//1061 1147//1147 1157//1157
f 1063//1063 1158//1158 1161//1161
f 1062//1062 1160//1160 1066//1066
f 1073//1073 1164//1164 1076//1076
f 1075//1075 1163//1163 1166//1166
f 1078//1078 1168//1168 1171//1171
f 1079//1079 1173//1173 1106//1106
f 1080//1080 1107//1107 1082//1082
f 1087//1087 1110//1110 1089//1089
f 1090//1090 1113//1113 1094//1094
f 1096//1096 1114//1114 1099//1099
f 1103//1103 1179//1179 1183//1183
f 1105//1105 1184//1184 1190//1190
f 1108//1108 1191//1191 1124//1124
f 1109//1109 1128//1128 1116//1116
f 1104//1104 1172//1172 1180//1180
f 1125//1125 1193//1193 1130//1130
f 1131//1131 1198//1198 1202//1202
f 1132//1132 1203//1203 1138//1138
f 1129//1129 1192//1192 1197//1197
f 1135//1135 1201//1201 1205//1205
f 1136//1136 1206//1206 1143//1143
f 1151//1151 1209//1209 1213//1213
f 1150//1150 1212//1212 1155//1155
f 1154//1154 1211//1211 1219//1219
f 1167//1167 1224//1224 1170//1170
f 1169//1169 1223//1223 1178//1178
f 1175//1175 1228//1228 1232//1232
f 1176//1176 1233//1233 1181//1181
f 1177//1177 1222//1222 1237//1237
f 1174//1174 1236//1236 1226//1226
f 1182//1182 1234//1234 1189//1189
f 1188//1188 1230//1230 1241//1241
f 1187//1187 1240//1240 1245//1245
f 1185//1185 1244//1244 1216//1216
f 1186//1186 1217//1217 1196//1196
f 1195//1195 1215//1215 1210//1210
f 1194//1194 1208//1208 1200//1200
f 1214//1214 1243//1243 1220//1220
f 1227//1227 1248//1248 1231//1231
f 1229//1229 1247//1247 1239//1239

