# https://github.com/mikedh/trimesh
v -1.09296536 0.80276620 0.98797661
v -1.09296536 0.80276620 0.98797661
v -1.09296536 0.80276620 0.98797661
v -1.09296536 0.80276620 0.98797661
v -1.09296536 0.80276620 0.98797661
v -1.09296536 0.80276620 0.98797661
v -1.08065152 0.80276620 1.02144718
v -1.08065152 0.80276620 1.02144718
v -1.08065152 0.80276620 1.02144718
v -1.07649219 0.81305850 1.01937449
v -1.07649219 0.81305850 1.01937449
v -1.07649219 0.81305850 1.01937449
v -1.07649219 0.81305850 1.01937449
v -1.07649219 0.81305850 1.01937449
v -1.07649219 0.81305850 1.01937449
v -1.07649219 0.81305850 1.01937449
v -1.07649219 0.81305850 1.01937449
v -1.08092523 0.81957698 0.98797661
v -1.08092523 0.81957698 0.98797661
v -1.08092523 0.81957698 0.98797661
v -1.08092523 0.81957698 0.98797661
v -1.08092523 0.81957698 0.98797661
v -1.08092523 0.81957698 0.98797661
v -1.08590543 0.80276620 0.96072415
v -1.08590543 0.80276620 0.96072415
v -1.08590543 0.80276620 0.96072415
v -1.08590543 0.80276620 0.96072415
v -1.06883025 0.80276620 1.02743506
v -1.06883025 0.80276620 1.02743506
v -1.06883025 0.80276620 1.02743506
v -1.06883025 0.80276620 1.02743506
v -1.06883025 0.80276620 1.02743506
v -1.04830730 0.82588094 1.02843302
v -1.04830730 0.82588094 1.02843302
v -1.04830730 0.82588094 1.02843302
v -1.04830730 0.82588094 1.02843302
v -1.03254557 0.86735034 1.01814622
v -1.03254557 0.86735034 1.01814622
v -1.03254557 0.86735034 1.01814622
v -1.03254557 0.86735034 1.01814622
v -1.03254557 0.86735034 1.01814622
v -1.02285874 0.88969308 1.01039270
v -1.02285874 0.88969308 1.01039270
v -1.02285874 0.88969308 1.01039270
v -1.02285874 0.88969308 1.01039270
v -1.02285874 0.88969308 1.01039270
v -1.02285874 0.88969308 1.01039270
v -1.02285874 0.88969308 1.01039270
v -1.02285874 0.88969308 1.01039270
v -1.02285874 0.88969308 1.01039270
v -1.06467092 0.84183401 0.98797661
v -1.06467092 0.84183401 0.98797661
v -1.06467092 0.84183401 0.98797661
v -1.06467092 0.84183401 0.98797661
v -1.06467092 0.84183401 0.98797661
v -1.06467092 0.84183401 0.98797661
v -1.05892456 0.83398616 0.94352826
v -1.05892456 0.83398616 0.94352826
v -1.05892456 0.83398616 0.94352826
v -1.05892456 0.83398616 0.94352826
v -1.05892456 0.83398616 0.94352826
v -1.07501459 0.81172907 0.94352826
v -1.07501459 0.81172907 0.94352826
v -1.07501459 0.81172907 0.94352826
v -1.07501459 0.81172907 0.94352826
v -1.07501459 0.81172907 0.94352826
v -1.02444589 0.80276620 0.73318553
v -1.02444589 0.80276620 0.73318553
v -1.02444589 0.80276620 0.73318553
v -1.02444589 0.80276620 0.73318553
v -1.02444589 0.80276620 0.73318553
v -1.04672015 0.80276620 1.03388351
v -1.04672015 0.80276620 1.03388351
v -1.04672015 0.80276620 1.03388351
v -1.00052965 0.86735034 1.03411382
v -1.00052965 0.86735034 1.03411382
v -1.00052965 0.86735034 1.03411382
v -1.00052965 0.86735034 1.03411382
v -1.00052965 0.86735034 1.03411382
v -1.00052965 0.86735034 1.03411382
v -1.00052965 0.86735034 1.03411382
v -0.99669880 0.90744734 1.01745531
v -0.99669880 0.90744734 1.01745531
v -0.99669880 0.90744734 1.01745531
v -0.99669880 0.90744734 1.01745531
v -0.99669880 0.90744734 1.01745531
v -0.99669880 0.90744734 1.01745531
v -0.97929519 0.93506491 1.01146746
v -0.97929519 0.93506491 1.01146746
v -0.97929519 0.93506491 1.01146746
v -0.97929519 0.93506491 1.01146746
v -0.97929519 0.93506491 1.01146746
v -0.97929519 0.93506491 1.01146746
v -0.97984254 0.93562239 0.98797661
v -0.97984254 0.93562239 0.98797661
v -0.97984254 0.93562239 0.98797661
v -0.97984254 0.93562239 0.98797661
v -0.97984254 0.93562239 0.98797661
v -0.97984254 0.93562239 0.98797661
v -1.00211680 0.91207886 0.98797661
v -1.00211680 0.91207886 0.98797661
v -1.00211680 0.91207886 0.98797661
v -1.00211680 0.91207886 0.98797661
v -1.02302289 0.88986462 0.98797661
v -1.02302289 0.88986462 0.98797661
v -1.02302289 0.88986462 0.98797661
v -1.02302289 0.88986462 0.98797661
v -1.04267025 0.86735034 0.98797661
v -1.04267025 0.86735034 0.98797661
v -1.04267025 0.86735034 0.98797661
v -1.04267025 0.86735034 0.98797661
v -1.02296817 0.88982177 0.96533024
v -1.02296817 0.88982177 0.96533024
v -1.02296817 0.88982177 0.96533024
v -1.02296817 0.88982177 0.96533024
v -1.02296817 0.88982177 0.96533024
v -1.02296817 0.88982177 0.96533024
v -1.02296817 0.88982177 0.96533024
v -1.02296817 0.88982177 0.96533024
v -1.02296817 0.88982177 0.96533024
v -1.02296817 0.88982177 0.96533024
v -1.02296817 0.88982177 0.96533024
v -1.02296817 0.88982177 0.96533024
v -1.02296817 0.88982177 0.96533024
v -1.02296817 0.88982177 0.96533024
v -1.02477419 0.80323792 0.73564209
v -1.02477419 0.80323792 0.73564209
v -1.02477419 0.80323792 0.73564209
v -1.02477419 0.80323792 0.73564209
v -1.02477419 0.80323792 0.73564209
v -1.01563466 0.80276620 0.70148058
v -1.01563466 0.80276620 0.70148058
v -1.01563466 0.80276620 0.70148058
v -1.01563466 0.80276620 0.70148058
v -1.01563466 0.80276620 0.70148058
v -1.02061486 0.80276620 1.03887343
v -1.02061486 0.80276620 1.03887343
v -1.02061486 0.80276620 1.03887343
v -1.02061486 0.80276620 1.03887343
v -1.02061486 0.80276620 1.03887343
v -1.02061486 0.80276620 1.03887343
v -1.02061486 0.80276620 1.03887343
v -1.02061486 0.80276620 1.03887343
v -1.02061486 0.80276620 1.03887343
v -0.95603585 0.91182154 1.03511184
v -0.95603585 0.91182154 1.03511184
v -0.95603585 0.91182154 1.03511184
v -0.95603585 0.91182154 1.03511184
v -0.95603585 0.91182154 1.03511184
v -0.95603585 0.91182154 1.03511184
v -0.95225960 0.95243317 1.01814622
v -0.95225960 0.95243317 1.01814622
v -0.95225960 0.95243317 1.01814622
v -0.95225960 0.95243317 1.01814622
v -0.95225960 0.95243317 1.01814622
v -0.95225960 0.95243317 1.01814622
v -0.93485606 0.97953612 1.01146746
v -0.93485606 0.97953612 1.01146746
v -0.93485606 0.97953612 1.01146746
v -0.93485606 0.97953612 1.01146746
v -0.93485606 0.97953612 1.01146746
v -0.93485606 0.97953612 1.01146746
v -0.95767766 0.95787948 0.98797661
v -0.95767766 0.95787948 0.98797661
v -0.95767766 0.95787948 0.98797661
v -0.95767766 0.95787948 0.98797661
v -0.95767766 0.95787948 0.98797661
v -0.95767766 0.95787948 0.98797661
v -0.97940469 0.93515074 0.96387166
v -0.97940469 0.93515074 0.96387166
v -0.97940469 0.93515074 0.96387166
v -0.97940469 0.93515074 0.96387166
v -0.97940469 0.93515074 0.96387166
v -0.97940469 0.93515074 0.96387166
v -0.97940469 0.93515074 0.96387166
v -0.97940469 0.93515074 0.96387166
v -0.96862322 0.83480096 0.63231315
v -0.96862322 0.83480096 0.63231315
v -0.96862322 0.83480096 0.63231315
v -0.96862322 0.83480096 0.63231315
v -0.96862322 0.83480096 0.63231315
v -0.96862322 0.83480096 0.63231315
v -0.96862322 0.83480096 0.63231315
v -0.96862322 0.83480096 0.63231315
v -0.98011613 0.80276620 0.57650323
v -0.98011613 0.80276620 0.57650323
v -0.98011613 0.80276620 0.57650323
v -0.98011613 0.80276620 0.57650323
v -0.98011613 0.80276620 0.57650323
v -0.98181272 0.80478173 0.58786481
v -0.98181272 0.80478173 0.58786481
v -0.98181272 0.80478173 0.58786481
v -0.98181272 0.80478173 0.58786481
v -0.98848957 0.81258672 0.63231315
v -0.98848957 0.81258672 0.63231315
v -0.98848957 0.81258672 0.63231315
v -1.00239050 0.80276620 0.65388480
v -1.00239050 0.80276620 0.65388480
v -1.00239050 0.80276620 0.65388480
v -1.00239050 0.80276620 0.65388480
v -1.00239050 0.80276620 0.65388480
v -0.53391850 1.17856318 1.03918052
v -0.53391850 1.17856318 1.03918052
v -0.53391850 1.17856318 1.03918052
v -0.53391850 1.17856318 1.03918052
v -0.53391850 1.17856318 1.03918052
v -0.55591911 1.17856318 1.04002494
v -0.55591911 1.17856318 1.04002494
v -0.55591911 1.17856318 1.04002494
v -0.55591911 1.17856318 1.04002494
v -0.55591911 1.17856318 1.04002494
v -0.55591911 1.17856318 1.04002494
v -0.64485222 1.13409191 1.04025525
v -0.64485222 1.13409191 1.04025525
v -0.64485222 1.13409191 1.04025525
v -0.64485222 1.13409191 1.04025525
v -0.64485222 1.13409191 1.04025525
v -0.64485222 1.13409191 1.04025525
v -0.77822441 1.04514951 1.03925729
v -0.77822441 1.04514951 1.03925729
v -0.77822441 1.04514951 1.03925729
v -0.77822441 1.04514951 1.03925729
v -0.77822441 1.04514951 1.03925729
v -0.77822441 1.04514951 1.03925729
v -1.00009179 0.80276620 1.03219467
v -1.00009179 0.80276620 1.03219467
v -1.00009179 0.80276620 1.03219467
v -1.00009179 0.80276620 1.03219467
v -0.53391850 1.15544838 1.03158051
v -0.53391850 1.15544838 1.03158051
v -0.53391850 1.15544838 1.03158051
v -0.53391850 1.15544838 1.03158051
v -0.91159666 0.95624989 1.03511184
v -0.91159666 0.95624989 1.03511184
v -0.91159666 0.95624989 1.03511184
v -0.91159666 0.95624989 1.03511184
v -0.91159666 0.95624989 1.03511184
v -0.90749204 0.99690437 1.01783916
v -0.90749204 0.99690437 1.01783916
v -0.90749204 0.99690437 1.01783916
v -0.90749204 0.99690437 1.01783916
v -0.90749204 0.99690437 1.01783916
v -0.90749204 0.99690437 1.01783916
v -0.88992435 1.02344984 1.01093009
v -0.88992435 1.02344984 1.01093009
v -0.88992435 1.02344984 1.01093009
v -0.88992435 1.02344984 1.01093009
v -0.88992435 1.02344984 1.01093009
v -0.88992435 1.02344984 1.01093009
v -0.88992435 1.02344984 1.01093009
v -0.88992435 1.02344984 1.01093009
v -0.88992435 1.02344984 1.01093009
v -0.88992435 1.02344984 1.01093009
v -0.88992435 1.02344984 1.01093009
v -0.93540335 0.98009372 0.98797661
v -0.93540335 0.98009372 0.98797661
v -0.93540335 0.98009372 0.98797661
v -0.93540335 0.98009372 0.98797661
v -0.93540335 0.98009372 0.98797661
v -0.93540335 0.98009372 0.98797661
v -0.93491071 0.97957909 0.96387166
v -0.93491071 0.97957909 0.96387166
v -0.93491071 0.97957909 0.96387166
v -0.93491071 0.97957909 0.96387166
v -0.93491071 0.97957909 0.96387166
v -0.84176368 0.97537637 0.66555345
v -0.84176368 0.97537637 0.66555345
v -0.84176368 0.97537637 0.66555345
v -0.84176368 0.97537637 0.66555345
v -0.84176368 0.97537637 0.66555345
v -0.84176368 0.97537637 0.66555345
v -0.84176368 0.97537637 0.66555345
v -0.84176368 0.97537637 0.66555345
v -0.84176368 0.97537637 0.66555345
v -0.84176368 0.97537637 0.66555345
v -0.84176368 0.97537637 0.66555345
v -0.84176368 0.97537637 0.66555345
v -0.93031365 0.88604790 0.66586050
v -0.93031365 0.88604790 0.66586050
v -0.93031365 0.88604790 0.66586050
v -0.93031365 0.88604790 0.66586050
v -0.94634891 0.85817301 0.63231315
v -0.94634891 0.85817301 0.63231315
v -0.94634891 0.85817301 0.63231315
v -0.94634891 0.85817301 0.63231315
v -0.94634891 0.85817301 0.63231315
v -0.93901539 0.85053957 0.58786481
v -0.93901539 0.85053957 0.58786481
v -0.93901539 0.85053957 0.58786481
v -0.93901539 0.85053957 0.58786481
v -0.93485606 0.84616536 0.56260833
v -0.93485606 0.84616536 0.56260833
v -0.93485606 0.84616536 0.56260833
v -0.93485606 0.84616536 0.56260833
v -0.93485606 0.84616536 0.56260833
v -0.93485606 0.84616536 0.56260833
v -0.93485606 0.84616536 0.56260833
v -0.93485606 0.84616536 0.56260833
v -0.93485606 0.84616536 0.56260833
v -0.96128970 0.82703882 0.58786481
v -0.96128970 0.82703882 0.58786481
v -0.96128970 0.82703882 0.58786481
v -0.97595680 0.80276620 0.56360630
v -0.97595680 0.80276620 0.56360630
v -0.97595680 0.80276620 0.56360630
v -0.97595680 0.80276620 0.56360630
v -0.97595680 0.80276620 0.56360630
v -0.97595680 0.80276620 0.56360630
v -0.97595680 0.80276620 0.56360630
v -0.53391850 1.20347899 1.03326941
v -0.53391850 1.20347899 1.03326941
v -0.53391850 1.20347899 1.03326941
v -0.53391850 1.20347899 1.03326941
v -0.55591911 1.21565825 1.02436435
v -0.55591911 1.21565825 1.02436435
v -0.55591911 1.21565825 1.02436435
v -0.55591911 1.21565825 1.02436435
v -0.55591911 1.21565825 1.02436435
v -0.55591911 1.21565825 1.02436435
v -0.64485222 1.17333132 1.02528560
v -0.64485222 1.17333132 1.02528560
v -0.64485222 1.17333132 1.02528560
v -0.64485222 1.17333132 1.02528560
v -0.64485222 1.17333132 1.02528560
v -0.64485222 1.17333132 1.02528560
v -0.69257504 1.13773710 1.02881688
v -0.69257504 1.13773710 1.02881688
v -0.69257504 1.13773710 1.02881688
v -0.69257504 1.13773710 1.02881688
v -0.69257504 1.13773710 1.02881688
v -0.73378527 1.08962065 1.03833604
v -0.73378527 1.08962065 1.03833604
v -0.73378527 1.08962065 1.03833604
v -0.73378527 1.08962065 1.03833604
v -0.73378527 1.08962065 1.03833604
v -0.73378527 1.08962065 1.03833604
v -0.73378527 1.08962065 1.03833604
v -0.86710280 1.00072116 1.03442091
v -0.86710280 1.00072116 1.03442091
v -0.86710280 1.00072116 1.03442091
v -0.86710280 1.00072116 1.03442091
v -0.86710280 1.00072116 1.03442091
v -0.86710280 1.00072116 1.03442091
v -0.97699666 0.80276620 1.02351993
v -0.97699666 0.80276620 1.02351993
v -0.97699666 0.80276620 1.02351993
v -0.53391850 1.13850909 1.02321285
v -0.53391850 1.13850909 1.02321285
v -0.53391850 1.13850909 1.02321285
v -0.53391850 1.13850909 1.02321285
v -0.53391850 1.13850909 1.02321285
v -0.86710280 1.03202683 1.01845330
v -0.86710280 1.03202683 1.01845330
v -0.86710280 1.03202683 1.01845330
v -0.86710280 1.03202683 1.01845330
v -0.86710280 1.03202683 1.01845330
v -0.86710280 1.03202683 1.01845330
v -0.81089705 1.07495421 1.01814622
v -0.81089705 1.07495421 1.01814622
v -0.81089705 1.07495421 1.01814622
v -0.81089705 1.07495421 1.01814622
v -0.81089705 1.07495421 1.01814622
v -0.76103979 1.11552292 1.01484522
v -0.76103979 1.11552292 1.01484522
v -0.76103979 1.11552292 1.01484522
v -0.76103979 1.11552292 1.01484522
v -0.76103979 1.11552292 1.01484522
v -0.76103979 1.11552292 1.01484522
v -0.76103979 1.11552292 1.01484522
v -0.76103979 1.11552292 1.01484522
v -0.76372153 1.11749572 0.98797661
v -0.76372153 1.11749572 0.98797661
v -0.76372153 1.11749572 0.98797661
v -0.76372153 1.11749572 0.98797661
v -0.76372153 1.11749572 0.98797661
v -0.76372153 1.11749572 0.98797661
v -0.83853477 1.06277508 0.98797661
v -0.83853477 1.06277508 0.98797661
v -0.83853477 1.06277508 0.98797661
v -0.83853477 1.06277508 0.98797661
v -0.86710280 1.04133278 0.98797661
v -0.86710280 1.04133278 0.98797661
v -0.86710280 1.04133278 0.98797661
v -0.86710280 1.04133278 0.98797661
v -0.89025277 1.02370721 0.98797661
v -0.89025277 1.02370721 0.98797661
v -0.89025277 1.02370721 0.98797661
v -0.89025277 1.02370721 0.98797661
v -0.91247231 1.00230783 0.98797661
v -0.91247231 1.00230783 0.98797661
v -0.91247231 1.00230783 0.98797661
v -0.91247231 1.00230783 0.98797661
v -0.88997906 1.02349287 0.96471611
v -0.88997906 1.02349287 0.96471611
v -0.88997906 1.02349287 0.96471611
v -0.88997906 1.02349287 0.96471611
v -0.88997906 1.02349287 0.96471611
v -0.88997906 1.02349287 0.96471611
v -0.88997906 1.02349287 0.96471611
v -0.88997906 1.02349287 0.96471611
v -0.88997906 1.02349287 0.96471611
v -0.88997906 1.02349287 0.96471611
v -0.88997906 1.02349287 0.96471611
v -0.78818488 1.01251429 0.63231315
v -0.78818488 1.01251429 0.63231315
v -0.78818488 1.01251429 0.63231315
v -0.78818488 1.01251429 0.63231315
v -0.78818488 1.01251429 0.63231315
v -0.78818488 1.01251429 0.63231315
v -0.78818488 1.01251429 0.63231315
v -0.81341457 0.99025732 0.63231315
v -0.81341457 0.99025732 0.63231315
v -0.81341457 0.99025732 0.63231315
v -0.81341457 0.99025732 0.63231315
v -0.81341457 0.99025732 0.63231315
v -0.81341457 0.99025732 0.63231315
v -0.83563411 0.96945828 0.63231315
v -0.83563411 0.96945828 0.63231315
v -0.83563411 0.96945828 0.63231315
v -0.83393759 0.92370051 0.49889137
v -0.83393759 0.92370051 0.49889137
v -0.83393759 0.92370051 0.49889137
v -0.83393759 0.92370051 0.49889137
v -0.83393759 0.92370051 0.49889137
v -0.83393759 0.92370051 0.49889137
v -0.83393759 0.92370051 0.49889137
v -0.83393759 0.92370051 0.49889137
v -0.85708755 0.90144348 0.49889137
v -0.85708755 0.90144348 0.49889137
v -0.85708755 0.90144348 0.49889137
v -0.85708755 0.90144348 0.49889137
v -0.85708755 0.90144348 0.49889137
v -0.88549137 0.88566202 0.53243874
v -0.88549137 0.88566202 0.53243874
v -0.88549137 0.88566202 0.53243874
v -0.88549137 0.88566202 0.53243874
v -0.88549137 0.88566202 0.53243874
v -0.88549137 0.88566202 0.53243874
v -0.88549137 0.88566202 0.53243874
v -0.89058107 0.89076519 0.56207095
v -0.89058107 0.89076519 0.56207095
v -0.89058107 0.89076519 0.56207095
v -0.89058107 0.89076519 0.56207095
v -0.92473137 0.88043004 0.63231315
v -0.92473137 0.88043004 0.63231315
v -0.92473137 0.88043004 0.63231315
v -0.92473137 0.88043004 0.63231315
v -0.92473137 0.88043004 0.63231315
v -0.92473137 0.88043004 0.63231315
v -0.92965686 0.84071904 0.53297610
v -0.92965686 0.84071904 0.53297610
v -0.92965686 0.84071904 0.53297610
v -0.92965686 0.84071904 0.53297610
v -0.92965686 0.84071904 0.53297610
v -0.92965686 0.84071904 0.53297610
v -0.95412034 0.82073480 0.54909727
v -0.95412034 0.82073480 0.54909727
v -0.95412034 0.82073480 0.54909727
v -0.95412034 0.82073480 0.54909727
v -0.94454288 0.81194353 0.49889137
v -0.94454288 0.81194353 0.49889137
v -0.94454288 0.81194353 0.49889137
v -0.94454288 0.81194353 0.49889137
v -0.94454288 0.81194353 0.49889137
v -0.94454288 0.81194353 0.49889137
v -0.95948368 0.80276620 0.51792969
v -0.95948368 0.80276620 0.51792969
v -0.95948368 0.80276620 0.51792969
v -0.95948368 0.80276620 0.51792969
v -0.53391850 1.22127610 1.02574617
v -0.53391850 1.22127610 1.02574617
v -0.53391850 1.22127610 1.02574617
v -0.59297001 1.20746738 1.01814622
v -0.59297001 1.20746738 1.01814622
v -0.59297001 1.20746738 1.01814622
v -0.59297001 1.20746738 1.01814622
v -0.59297001 1.20746738 1.01814622
v -0.59297001 1.20746738 1.01814622
v -0.59297001 1.20746738 1.01814622
v -0.59297001 1.20746738 1.01814622
v -0.59297001 1.20746738 1.01814622
v -0.53391850 1.23800105 0.99473214
v -0.53391850 1.23800105 0.99473214
v -0.53391850 1.23800105 0.99473214
v -0.53391850 1.23800105 0.99473214
v -0.67993283 1.16415399 1.01891389
v -0.67993283 1.16415399 1.01891389
v -0.67993283 1.16415399 1.01891389
v -0.67993283 1.16415399 1.01891389
v -0.67993283 1.16415399 1.01891389
v -0.67993283 1.16415399 1.01891389
v -0.67993283 1.16415399 1.01891389
v -0.73378527 1.12474316 1.02206135
v -0.73378527 1.12474316 1.02206135
v -0.73378527 1.12474316 1.02206135
v -0.73378527 1.12474316 1.02206135
v -0.73378527 1.12474316 1.02206135
v -0.73378527 1.12474316 1.02206135
v -0.77680153 1.08970648 1.02459466
v -0.77680153 1.08970648 1.02459466
v -0.77680153 1.08970648 1.02459466
v -0.77680153 1.08970648 1.02459466
v -0.77680153 1.08970648 1.02459466
v -0.82446963 1.04767960 1.02781892
v -0.82446963 1.04767960 1.02781892
v -0.82446963 1.04767960 1.02781892
v -0.82446963 1.04767960 1.02781892
v -0.96758342 0.80276620 1.01776239
v -0.96758342 0.80276620 1.01776239
v -0.96758342 0.80276620 1.01776239
v -0.96758342 0.80276620 1.01776239
v -0.96758342 0.80276620 1.01776239
v -0.53391850 1.12379962 1.00402102
v -0.53391850 1.12379962 1.00402102
v -0.53391850 1.12379962 1.00402102
v -0.68617183 1.16792780 0.98797661
v -0.68617183 1.16792780 0.98797661
v -0.68617183 1.16792780 0.98797661
v -0.68617183 1.16792780 0.98797661
v -0.68617183 1.16792780 0.98797661
v -0.68617183 1.16792780 0.98797661
v -0.70839149 1.15429050 0.98797661
v -0.70839149 1.15429050 0.98797661
v -0.70839149 1.15429050 0.98797661
v -0.70839149 1.15429050 0.98797661
v -0.73378527 1.13769430 0.98797661
v -0.73378527 1.13769430 0.98797661
v -0.73378527 1.13769430 0.98797661
v -0.73378527 1.13769430 0.98797661
v -0.76125878 1.11569446 0.95872819
v -0.76125878 1.11569446 0.95872819
v -0.76125878 1.11569446 0.95872819
v -0.76125878 1.11569446 0.95872819
v -0.76125878 1.11569446 0.95872819
v -0.76125878 1.11569446 0.95872819
v -0.76125878 1.11569446 0.95872819
v -0.76125878 1.11569446 0.95872819
v -0.76596534 1.03039724 0.63231315
v -0.76596534 1.03039724 0.63231315
v -0.76596534 1.03039724 0.63231315
v -0.76596534 1.03039724 0.63231315
v -0.76596534 1.03039724 0.63231315
v -0.75939798 1.02555126 0.60367890
v -0.75939798 1.02555126 0.60367890
v -0.75939798 1.02555126 0.60367890
v -0.75939798 1.02555126 0.60367890
v -0.75939798 1.02555126 0.60367890
v -0.75939798 1.02555126 0.60367890
v -0.75939798 1.02555126 0.60367890
v -0.75939798 1.02555126 0.60367890
v -0.75939798 1.02555126 0.60367890
v -0.75939798 1.02555126 0.60367890
v -0.75939798 1.02555126 0.60367890
v -0.75939798 1.02555126 0.60367890
v -0.79896635 0.93266338 0.43571177
v -0.79896635 0.93266338 0.43571177
v -0.79896635 0.93266338 0.43571177
v -0.79896635 0.93266338 0.43571177
v -0.79896635 0.93266338 0.43571177
v -0.79896635 0.93266338 0.43571177
v -0.79896635 0.93266338 0.43571177
v -0.79896635 0.93266338 0.43571177
v -0.79896635 0.93266338 0.43571177
v -0.80515063 0.93828130 0.46534400
v -0.80515063 0.93828130 0.46534400
v -0.80515063 0.93828130 0.46534400
v -0.80515063 0.93828130 0.46534400
v -0.80515063 0.93828130 0.46534400
v -0.80515063 0.93828130 0.46534400
v -0.81177276 0.94424224 0.49889137
v -0.81177276 0.94424224 0.49889137
v -0.81177276 0.94424224 0.49889137
v -0.82474327 0.91375136 0.44945314
v -0.82474327 0.91375136 0.44945314
v -0.82474327 0.91375136 0.44945314
v -0.82474327 0.91375136 0.44945314
v -0.82474327 0.91375136 0.44945314
v -0.85019183 0.89483923 0.46319453
v -0.85019183 0.89483923 0.46319453
v -0.85019183 0.89483923 0.46319453
v -0.85019183 0.89483923 0.46319453
v -0.85019183 0.89483923 0.46319453
v -0.85019183 0.89483923 0.46319453
v -0.87930709 0.87940085 0.49889137
v -0.87930709 0.87940085 0.49889137
v -0.87930709 0.87940085 0.49889137
v -0.87930709 0.87940085 0.49889137
v -0.87930709 0.87940085 0.49889137
v -0.90114361 0.85718668 0.49889137
v -0.90114361 0.85718668 0.49889137
v -0.90114361 0.85718668 0.49889137
v -0.90114361 0.85718668 0.49889137
v -0.90114361 0.85718668 0.49889137
v -0.92336315 0.83415765 0.49889137
v -0.92336315 0.83415765 0.49889137
v -0.92336315 0.83415765 0.49889137
v -0.92336315 0.83415765 0.49889137
v -0.92336315 0.83415765 0.49889137
v -0.93824917 0.80525351 0.46542077
v -0.93824917 0.80525351 0.46542077
v -0.93824917 0.80525351 0.46542077
v -0.93824917 0.80525351 0.46542077
v -0.93824917 0.80525351 0.46542077
v -0.93824917 0.80525351 0.46542077
v -0.93824917 0.80525351 0.46542077
v -0.93824917 0.80525351 0.46542077
v -0.94186121 0.80276620 0.46971976
v -0.94186121 0.80276620 0.46971976
v -0.94186121 0.80276620 0.46971976
v -0.53391850 1.24087435 0.98797661
v -0.53391850 1.24087435 0.98797661
v -0.53391850 1.24087435 0.98797661
v -0.53391850 1.24087435 0.98797661
v -0.53391850 1.24087435 0.98797661
v -0.55591911 1.23101097 0.98797661
v -0.55591911 1.23101097 0.98797661
v -0.55591911 1.23101097 0.98797661
v -0.55591911 1.23101097 0.98797661
v -0.60024887 1.21094102 0.98797661
v -0.60024887 1.21094102 0.98797661
v -0.60024887 1.21094102 0.98797661
v -0.60024887 1.21094102 0.98797661
v -0.62246847 1.20073456 0.98797661
v -0.62246847 1.20073456 0.98797661
v -0.62246847 1.20073456 0.98797661
v -0.62246847 1.20073456 0.98797661
v -0.62246847 1.20073456 0.98797661
v -0.64485222 1.19009906 0.98797661
v -0.64485222 1.19009906 0.98797661
v -0.64485222 1.19009906 0.98797661
v -0.64485222 1.19009906 0.98797661
v -0.64485222 1.19009906 0.98797661
v -0.64485222 1.19009906 0.98797661
v -0.64485222 1.19009906 0.98797661
v -0.94979680 0.80276620 0.98797661
v -0.94979680 0.80276620 0.98797661
v -0.94979680 0.80276620 0.98797661
v -0.94979680 0.80276620 0.98797661
v -0.94979680 0.80276620 0.98797661
v -0.94979680 0.80276620 0.98797661
v -0.94979680 0.80276620 0.98797661
v -0.53391850 1.11843914 0.99365741
v -0.53391850 1.11843914 0.99365741
v -0.53391850 1.11843914 0.99365741
v -0.53391850 1.11843914 0.99365741
v -0.67730588 1.16252440 0.94352826
v -0.67730588 1.16252440 0.94352826
v -0.67730588 1.16252440 0.94352826
v -0.67730588 1.16252440 0.94352826
v -0.67730588 1.16252440 0.94352826
v -0.67730588 1.16252440 0.94352826
v -0.67730588 1.16252440 0.94352826
v -0.73006374 1.05355483 0.63523031
v -0.73006374 1.05355483 0.63523031
v -0.73006374 1.05355483 0.63523031
v -0.73006374 1.05355483 0.63523031
v -0.73006374 1.05355483 0.63523031
v -0.73006374 1.05355483 0.63523031
v -0.73006374 1.05355483 0.63523031
v -0.73006374 1.05355483 0.63523031
v -0.73006374 1.05355483 0.63523031
v -0.62421972 1.06839281 0.47363488
v -0.62421972 1.06839281 0.47363488
v -0.62421972 1.06839281 0.47363488
v -0.62421972 1.06839281 0.47363488
v -0.62421972 1.06839281 0.47363488
v -0.62421972 1.06839281 0.47363488
v -0.62421972 1.06839281 0.47363488
v -0.62421972 1.06839281 0.47363488
v -0.64134961 1.05235416 0.45705312
v -0.64134961 1.05235416 0.45705312
v -0.64134961 1.05235416 0.45705312
v -0.64134961 1.05235416 0.45705312
v -0.64134961 1.05235416 0.45705312
v -0.66947985 1.02460784 0.42749766
v -0.66947985 1.02460784 0.42749766
v -0.66947985 1.02460784 0.42749766
v -0.66947985 1.02460784 0.42749766
v -0.66947985 1.02460784 0.42749766
v -0.68633604 1.00702518 0.41160682
v -0.68633604 1.00702518 0.41160682
v -0.68633604 1.00702518 0.41160682
v -0.68633604 1.00702518 0.41160682
v -0.71255082 0.97923595 0.38581295
v -0.71255082 0.97923595 0.38581295
v -0.71255082 0.97923595 0.38581295
v -0.71255082 0.97923595 0.38581295
v -0.71255082 0.97923595 0.38581295
v -0.71255082 0.97923595 0.38581295
v -0.71255082 0.97923595 0.38581295
v -0.74100935 0.96787161 0.40999469
v -0.74100935 0.96787161 0.40999469
v -0.74100935 0.96787161 0.40999469
v -0.74100935 0.96787161 0.40999469
v -0.76240802 0.93909609 0.37475845
v -0.76240802 0.93909609 0.37475845
v -0.76240802 0.93909609 0.37475845
v -0.76240802 0.93909609 0.37475845
v -0.76240802 0.93909609 0.37475845
v -0.76240802 0.93909609 0.37475845
v -0.76240802 0.93909609 0.37475845
v -0.77078140 0.94565737 0.40999469
v -0.77078140 0.94565737 0.40999469
v -0.77078140 0.94565737 0.40999469
v -0.79300100 0.92743146 0.40999469
v -0.79300100 0.92743146 0.40999469
v -0.79300100 0.92743146 0.40999469
v -0.79300100 0.92743146 0.40999469
v -0.79300100 0.92743146 0.40999469
v -0.79300100 0.92743146 0.40999469
v -0.81697184 0.90521735 0.40999469
v -0.81697184 0.90521735 0.40999469
v -0.81697184 0.90521735 0.40999469
v -0.81697184 0.90521735 0.40999469
v -0.81697184 0.90521735 0.40999469
v -0.84433585 0.88900697 0.43356230
v -0.84433585 0.88900697 0.43356230
v -0.84433585 0.88900697 0.43356230
v -0.84433585 0.88900697 0.43356230
v -0.84433585 0.88900697 0.43356230
v -0.84433585 0.88900697 0.43356230
v -0.84433585 0.88900697 0.43356230
v -0.84433585 0.88900697 0.43356230
v -0.89441204 0.85028225 0.46396219
v -0.89441204 0.85028225 0.46396219
v -0.89441204 0.85028225 0.46396219
v -0.89441204 0.85028225 0.46396219
v -0.89441204 0.85028225 0.46396219
v -0.89441204 0.85028225 0.46396219
v -0.89441204 0.85028225 0.46396219
v -0.93589586 0.80276620 0.45359858
v -0.93589586 0.80276620 0.45359858
v -0.93589586 0.80276620 0.45359858
v -0.88850141 0.84423548 0.43432996
v -0.88850141 0.84423548 0.43432996
v -0.88850141 0.84423548 0.43432996
v -0.88850141 0.84423548 0.43432996
v -0.88850141 0.84423548 0.43432996
v -0.88850141 0.84423548 0.43432996
v -0.88850141 0.84423548 0.43432996
v -0.88850141 0.84423548 0.43432996
v -0.92965686 0.80276620 0.43786126
v -0.92965686 0.80276620 0.43786126
v -0.92965686 0.80276620 0.43786126
v -0.92965686 0.80276620 0.43786126
v -0.92965686 0.80276620 0.43786126
v -0.53391850 1.23088223 0.94214645
v -0.53391850 1.23088223 0.94214645
v -0.53391850 1.23088223 0.94214645
v -0.55591911 1.22170502 0.94352826
v -0.55591911 1.22170502 0.94352826
v -0.55591911 1.22170502 0.94352826
v -0.55591911 1.22170502 0.94352826
v -0.55591911 1.22170502 0.94352826
v -0.55591911 1.22170502 0.94352826
v -0.55591911 1.22170502 0.94352826
v -0.55591911 1.22170502 0.94352826
v -0.55591911 1.22170502 0.94352826
v -0.55591911 1.22170502 0.94352826
v -0.55591911 1.22170502 0.94352826
v -0.61163229 1.19575983 0.94352826
v -0.61163229 1.19575983 0.94352826
v -0.61163229 1.19575983 0.94352826
v -0.61163229 1.19575983 0.94352826
v -0.61163229 1.19575983 0.94352826
v -0.61163229 1.19575983 0.94352826
v -0.64485222 1.17972106 0.94352826
v -0.64485222 1.17972106 0.94352826
v -0.64485222 1.17972106 0.94352826
v -0.64485222 1.17972106 0.94352826
v -0.64485222 1.17972106 0.94352826
v -0.53391850 1.11539429 0.98482916
v -0.53391850 1.11539429 0.98482916
v -0.53391850 1.11539429 0.98482916
v -0.53391850 1.11539429 0.98482916
v -0.66964400 0.80276620 0.25599927
v -0.66964400 0.80276620 0.25599927
v -0.66964400 0.80276620 0.25599927
v -0.64561838 0.81696093 0.25599927
v -0.64561838 0.81696093 0.25599927
v -0.64561838 0.81696093 0.25599927
v -0.60205483 0.84397829 0.25599927
v -0.60205483 0.84397829 0.25599927
v -0.60205483 0.84397829 0.25599927
v -0.55411309 0.87914354 0.25599927
v -0.55411309 0.87914354 0.25599927
v -0.55411309 0.87914354 0.25599927
v -0.55411309 0.87914354 0.25599927
v -0.55411309 0.87914354 0.25599927
v -0.63593155 1.11959690 0.67668472
v -0.63593155 1.11959690 0.67668472
v -0.63593155 1.11959690 0.67668472
v -0.63593155 1.11959690 0.67668472
v -0.63593155 1.11959690 0.67668472
v -0.71282440 1.06809264 0.65196560
v -0.71282440 1.06809264 0.65196560
v -0.71282440 1.06809264 0.65196560
v -0.71282440 1.06809264 0.65196560
v -0.62826961 1.11513704 0.64244644
v -0.62826961 1.11513704 0.64244644
v -0.62826961 1.11513704 0.64244644
v -0.62826961 1.11513704 0.64244644
v -0.62826961 1.11513704 0.64244644
v -0.62826961 1.11513704 0.64244644
v -0.62110025 1.11110586 0.61281422
v -0.62110025 1.11110586 0.61281422
v -0.62110025 1.11110586 0.61281422
v -0.62110025 1.11110586 0.61281422
v -0.62110025 1.11110586 0.61281422
v -0.62110025 1.11110586 0.61281422
v -0.62110025 1.11110586 0.61281422
v -0.62110025 1.11110586 0.61281422
v -0.62110025 1.11110586 0.61281422
v -0.62110025 1.11110586 0.61281422
v -0.63056821 1.07220954 0.49889137
v -0.63056821 1.07220954 0.49889137
v -0.63056821 1.07220954 0.49889137
v -0.60035831 1.08889169 0.49889137
v -0.60035831 1.08889169 0.49889137
v -0.60035831 1.08889169 0.49889137
v -0.60035831 1.08889169 0.49889137
v -0.60035831 1.08889169 0.49889137
v -0.60035831 1.08889169 0.49889137
v -0.60035831 1.08889169 0.49889137
v -0.60096031 1.07611209 0.45705312
v -0.60096031 1.07611209 0.45705312
v -0.60096031 1.07611209 0.45705312
v -0.60096031 1.07611209 0.45705312
v -0.61617470 1.06363267 0.44392590
v -0.61617470 1.06363267 0.44392590
v -0.61617470 1.06363267 0.44392590
v -0.61617470 1.06363267 0.44392590
v -0.61617470 1.06363267 0.44392590
v -0.61617470 1.06363267 0.44392590
v -0.64594674 1.03412813 0.41160682
v -0.64594674 1.03412813 0.41160682
v -0.64594674 1.03412813 0.41160682
v -0.64594674 1.03412813 0.41160682
v -0.64594674 1.03412813 0.41160682
v -0.64594674 1.03412813 0.41160682
v -0.66154426 1.01929015 0.39786544
v -0.66154426 1.01929015 0.39786544
v -0.66154426 1.01929015 0.39786544
v -0.66154426 1.01929015 0.39786544
v -0.66154426 1.01929015 0.39786544
v -0.66154426 1.01929015 0.39786544
v -0.66154426 1.01929015 0.39786544
v -0.68951029 0.98884213 0.36884736
v -0.68951029 0.98884213 0.36884736
v -0.68951029 0.98884213 0.36884736
v -0.68951029 0.98884213 0.36884736
v -0.68951029 0.98884213 0.36884736
v -0.70445102 0.97353232 0.35618074
v -0.70445102 0.97353232 0.35618074
v -0.70445102 0.97353232 0.35618074
v -0.70445102 0.97353232 0.35618074
v -0.70445102 0.97353232 0.35618074
v -0.73378527 0.95633560 0.36546960
v -0.73378527 0.95633560 0.36546960
v -0.73378527 0.95633560 0.36546960
v -0.73378527 0.95633560 0.36546960
v -0.73378527 0.95633560 0.36546960
v -0.75501978 0.93326372 0.34512623
v -0.75501978 0.93326372 0.34512623
v -0.75501978 0.93326372 0.34512623
v -0.75501978 0.93326372 0.34512623
v -0.75501978 0.93326372 0.34512623
v -0.75501978 0.93326372 0.34512623
v -0.75501978 0.93326372 0.34512623
v -0.75501978 0.93326372 0.34512623
v -0.75501978 0.93326372 0.34512623
v -0.75501978 0.93326372 0.34512623
v -0.75501978 0.93326372 0.34512623
v -0.75501978 0.93326372 0.34512623
v -0.77762240 0.92074156 0.36216860
v -0.77762240 0.92074156 0.36216860
v -0.77762240 0.92074156 0.36216860
v -0.77762240 0.92074156 0.36216860
v -0.80706608 0.89573985 0.36554635
v -0.80706608 0.89573985 0.36554635
v -0.80706608 0.89573985 0.36554635
v -0.80706608 0.89573985 0.36554635
v -0.80706608 0.89573985 0.36554635
v -0.80706608 0.89573985 0.36554635
v -0.83924615 0.88398951 0.40999469
v -0.83924615 0.88398951 0.40999469
v -0.83924615 0.88398951 0.40999469
v -0.83924615 0.88398951 0.40999469
v -0.83924615 0.88398951 0.40999469
v -0.83924615 0.88398951 0.40999469
v -0.86119211 0.86177528 0.40999469
v -0.86119211 0.86177528 0.40999469
v -0.86119211 0.86177528 0.40999469
v -0.86119211 0.86177528 0.40999469
v -0.86119211 0.86177528 0.40999469
v -0.88341177 0.83896071 0.40999469
v -0.88341177 0.83896071 0.40999469
v -0.88341177 0.83896071 0.40999469
v -0.88341177 0.83896071 0.40999469
v -0.88341177 0.83896071 0.40999469
v -0.88341177 0.83896071 0.40999469
v -0.90481037 0.81674659 0.40999469
v -0.90481037 0.81674659 0.40999469
v -0.90481037 0.81674659 0.40999469
v -0.90481037 0.81674659 0.40999469
v -0.90481037 0.81674659 0.40999469
v -0.90481037 0.81674659 0.40999469
v -0.92664689 0.80276620 0.43041483
v -0.92664689 0.80276620 0.43041483
v -0.92664689 0.80276620 0.43041483
v -0.92664689 0.80276620 0.43041483
v -0.92664689 0.80276620 0.43041483
v -0.53391850 1.15647763 0.63008689
v -0.53391850 1.15647763 0.63008689
v -0.53391850 1.15647763 0.63008689
v -0.53391850 1.15647763 0.63008689
v -0.53391850 1.15647763 0.63008689
v -0.53391850 1.15647763 0.63008689
v -0.54650593 1.16205257 0.67668472
v -0.54650593 1.16205257 0.67668472
v -0.54650593 1.16205257 0.67668472
v -0.57584012 1.15531975 0.70324624
v -0.57584012 1.15531975 0.70324624
v -0.57584012 1.15531975 0.70324624
v -0.57584012 1.15531975 0.70324624
v -0.57584012 1.15531975 0.70324624
v -0.57584012 1.15531975 0.70324624
v -0.57584012 1.15531975 0.70324624
v -0.58361155 1.15883631 0.73287846
v -0.58361155 1.15883631 0.73287846
v -0.58361155 1.15883631 0.73287846
v -0.59920901 1.14845818 0.71929064
v -0.59920901 1.14845818 0.71929064
v -0.59920901 1.14845818 0.71929064
v -0.59920901 1.14845818 0.71929064
v -0.59920901 1.14845818 0.71929064
v -0.59920901 1.14845818 0.71929064
v -0.61393088 1.15240365 0.76565816
v -0.61393088 1.15240365 0.76565816
v -0.61393088 1.15240365 0.76565816
v -0.61393088 1.15240365 0.76565816
v -0.61393088 1.15240365 0.76565816
v -0.53391850 0.89766961 0.25615281
v -0.53391850 0.89766961 0.25615281
v -0.53391850 0.89766961 0.25615281
v -0.53391850 0.89766961 0.25615281
v -0.84236568 0.80276620 0.25599927
v -0.84236568 0.80276620 0.25599927
v -0.84236568 0.80276620 0.25599927
v -0.53402793 0.89758384 0.25599927
v -0.53402793 0.89758384 0.25599927
v -0.53402793 0.89758384 0.25599927
v -0.60035831 1.13760847 0.67668472
v -0.60035831 1.13760847 0.67668472
v -0.60035831 1.13760847 0.67668472
v -0.60035831 1.13760847 0.67668472
v -0.60035831 1.13760847 0.67668472
v -0.60035831 1.13760847 0.67668472
v -0.60035831 1.13760847 0.67668472
v -0.60391563 1.12384254 0.62954952
v -0.60391563 1.12384254 0.62954952
v -0.60391563 1.12384254 0.62954952
v -0.60391563 1.12384254 0.62954952
v -0.60391563 1.12384254 0.62954952
v -0.60391563 1.12384254 0.62954952
v -0.59187549 1.11852485 0.58786481
v -0.59187549 1.11852485 0.58786481
v -0.59187549 1.11852485 0.58786481
v -0.59187549 1.11852485 0.58786481
v -0.58311898 1.11427933 0.55677401
v -0.58311898 1.11427933 0.55677401
v -0.58311898 1.11427933 0.55677401
v -0.58311898 1.11427933 0.55677401
v -0.57458144 1.11024815 0.52714178
v -0.57458144 1.11024815 0.52714178
v -0.57458144 1.11024815 0.52714178
v -0.57458144 1.11024815 0.52714178
v -0.57458144 1.11024815 0.52714178
v -0.57458144 1.11024815 0.52714178
v -0.57458144 1.11024815 0.52714178
v -0.57458144 1.11024815 0.52714178
v -0.59893537 1.10222882 0.54249526
v -0.59893537 1.10222882 0.54249526
v -0.59893537 1.10222882 0.54249526
v -0.56582487 1.10630280 0.49889137
v -0.56582487 1.10630280 0.49889137
v -0.56582487 1.10630280 0.49889137
v -0.56582487 1.10630280 0.49889137
v -0.56582487 1.10630280 0.49889137
v -0.56582487 1.10630280 0.49889137
v -0.58651209 1.07195228 0.41820880
v -0.58651209 1.07195228 0.41820880
v -0.58651209 1.07195228 0.41820880
v -0.58651209 1.07195228 0.41820880
v -0.58651209 1.07195228 0.41820880
v -0.58651209 1.07195228 0.41820880
v -0.58651209 1.07195228 0.41820880
v -0.60096031 1.05964440 0.40600280
v -0.60096031 1.05964440 0.40600280
v -0.60096031 1.05964440 0.40600280
v -0.60096031 1.05964440 0.40600280
v -0.60096031 1.05964440 0.40600280
v -0.60096031 1.05964440 0.40600280
v -0.62991148 1.02756685 0.36554635
v -0.62991148 1.02756685 0.36554635
v -0.62991148 1.02756685 0.36554635
v -0.62991148 1.02756685 0.36554635
v -0.62991148 1.02756685 0.36554635
v -0.62991148 1.02756685 0.36554635
v -0.65213102 1.01311475 0.36554635
v -0.65213102 1.01311475 0.36554635
v -0.65213102 1.01311475 0.36554635
v -0.65213102 1.01311475 0.36554635
v -0.65213102 1.01311475 0.36554635
v -0.67484313 0.98386747 0.33061717
v -0.67484313 0.98386747 0.33061717
v -0.67484313 0.98386747 0.33061717
v -0.67484313 0.98386747 0.33061717
v -0.67484313 0.98386747 0.33061717
v -0.67484313 0.98386747 0.33061717
v -0.67484313 0.98386747 0.33061717
v -0.67484313 0.98386747 0.33061717
v -0.68951029 0.96804309 0.31787381
v -0.68951029 0.96804309 0.31787381
v -0.68951029 0.96804309 0.31787381
v -0.68951029 0.96804309 0.31787381
v -0.72541183 0.94394201 0.32102124
v -0.72541183 0.94394201 0.32102124
v -0.72541183 0.94394201 0.32102124
v -0.72541183 0.94394201 0.32102124
v -0.72541183 0.94394201 0.32102124
v -0.74763149 0.92768878 0.32102124
v -0.74763149 0.92768878 0.32102124
v -0.74763149 0.92768878 0.32102124
v -0.74763149 0.92768878 0.32102124
v -0.74763149 0.92768878 0.32102124
v -0.76410460 0.89672613 0.28547795
v -0.76410460 0.89672613 0.28547795
v -0.76410460 0.89672613 0.28547795
v -0.76410460 0.89672613 0.28547795
v -0.76410460 0.89672613 0.28547795
v -0.76410460 0.89672613 0.28547795
v -0.76410460 0.89672613 0.28547795
v -0.77866226 0.90281582 0.32439901
v -0.77866226 0.90281582 0.32439901
v -0.77866226 0.90281582 0.32439901
v -0.77866226 0.90281582 0.32439901
v -0.80142909 0.89046502 0.34144136
v -0.80142909 0.89046502 0.34144136
v -0.80142909 0.89046502 0.34144136
v -0.80142909 0.89046502 0.34144136
v -0.80142909 0.89046502 0.34144136
v -0.80142909 0.89046502 0.34144136
v -0.80142909 0.89046502 0.34144136
v -0.80142909 0.89046502 0.34144136
v -0.82923090 0.87412602 0.36554635
v -0.82923090 0.87412602 0.36554635
v -0.82923090 0.87412602 0.36554635
v -0.82923090 0.87412602 0.36554635
v -0.82923090 0.87412602 0.36554635
v -0.85150528 0.85186893 0.36554635
v -0.85150528 0.85186893 0.36554635
v -0.85150528 0.85186893 0.36554635
v -0.85150528 0.85186893 0.36554635
v -0.85150528 0.85186893 0.36554635
v -0.85150528 0.85186893 0.36554635
v -0.87372482 0.82896870 0.36554635
v -0.87372482 0.82896870 0.36554635
v -0.87372482 0.82896870 0.36554635
v -0.87372482 0.82896870 0.36554635
v -0.87372482 0.82896870 0.36554635
v -0.89517820 0.80671161 0.36554635
v -0.89517820 0.80671161 0.36554635
v -0.89517820 0.80671161 0.36554635
v -0.89517820 0.80671161 0.36554635
v -0.89517820 0.80671161 0.36554635
v -0.89517820 0.80671161 0.36554635
v -0.91799980 0.80276620 0.40999469
v -0.91799980 0.80276620 0.40999469
v -0.91799980 0.80276620 0.40999469
v -0.90448195 0.80276620 0.37852006
v -0.90448195 0.80276620 0.37852006
v -0.90448195 0.80276620 0.37852006
v -0.90448195 0.80276620 0.37852006
v -0.53391850 1.15373307 0.61872531
v -0.53391850 1.15373307 0.61872531
v -0.53391850 1.15373307 0.61872531
v -0.53391850 1.15373307 0.61872531
v -0.53391850 1.15373307 0.61872531
v -0.56872553 1.15210348 0.67668472
v -0.56872553 1.15210348 0.67668472
v -0.56872553 1.15210348 0.67668472
v -0.56872553 1.15210348 0.67668472
v -0.56872553 1.15210348 0.67668472
v -0.53391850 0.93978220 0.25599927
v -0.53391850 0.93978220 0.25599927
v -0.53391850 0.93978220 0.25599927
v -0.80422026 0.84294903 0.25599927
v -0.80422026 0.84294903 0.25599927
v -0.80422026 0.84294903 0.25599927
v -0.80422026 0.84294903 0.25599927
v -0.80422026 0.84294903 0.25599927
v -0.84307712 0.80276620 0.25707400
v -0.84307712 0.80276620 0.25707400
v -0.84307712 0.80276620 0.25707400
v -0.55422258 1.14768630 0.63162224
v -0.55422258 1.14768630 0.63162224
v -0.55422258 1.14768630 0.63162224
v -0.55422258 1.14768630 0.63162224
v -0.55422258 1.14768630 0.63162224
v -0.55591911 1.13542145 0.58786481
v -0.55591911 1.13542145 0.58786481
v -0.55591911 1.13542145 0.58786481
v -0.55591911 1.13542145 0.58786481
v -0.55591911 1.13542145 0.58786481
v -0.55591911 1.13542145 0.58786481
v -0.55591911 1.13542145 0.58786481
v -0.55591911 1.13542145 0.58786481
v -0.54355061 1.11638063 0.49889137
v -0.54355061 1.11638063 0.49889137
v -0.54355061 1.11638063 0.49889137
v -0.54355061 1.11638063 0.49889137
v -0.54355061 1.11638063 0.49889137
v -0.54355061 1.11638063 0.49889137
v -0.55821770 1.12191278 0.54249526
v -0.55821770 1.12191278 0.54249526
v -0.55821770 1.12191278 0.54249526
v -0.55821770 1.12191278 0.54249526
v -0.55821770 1.12191278 0.54249526
v -0.53561503 1.11273545 0.47386520
v -0.53561503 1.11273545 0.47386520
v -0.53561503 1.11273545 0.47386520
v -0.53561503 1.11273545 0.47386520
v -0.53561503 1.11273545 0.47386520
v -0.53561503 1.11273545 0.47386520
v -0.53561503 1.11273545 0.47386520
v -0.55263549 1.09999877 0.45720666
v -0.55263549 1.09999877 0.45720666
v -0.55263549 1.09999877 0.45720666
v -0.55263549 1.09999877 0.45720666
v -0.55263549 1.09999877 0.45720666
v -0.55263549 1.09999877 0.45720666
v -0.57753670 1.06714922 0.38849983
v -0.57753670 1.06714922 0.38849983
v -0.57753670 1.06714922 0.38849983
v -0.57753670 1.06714922 0.38849983
v -0.57753670 1.06714922 0.38849983
v -0.57753670 1.06714922 0.38849983
v -0.57753670 1.06714922 0.38849983
v -0.57753670 1.06714922 0.38849983
v -0.57753670 1.06714922 0.38849983
v -0.57753670 1.06714922 0.38849983
v -0.57753670 1.06714922 0.38849983
v -0.57753670 1.06714922 0.38849983
v -0.57753670 1.06714922 0.38849983
v -0.60035831 1.04527813 0.36554635
v -0.60035831 1.04527813 0.36554635
v -0.60035831 1.04527813 0.36554635
v -0.60035831 1.04527813 0.36554635
v -0.60035831 1.04527813 0.36554635
v -0.62307048 1.02323550 0.34259291
v -0.62307048 1.02323550 0.34259291
v -0.62307048 1.02323550 0.34259291
v -0.62307048 1.02323550 0.34259291
v -0.62307048 1.02323550 0.34259291
v -0.62307048 1.02323550 0.34259291
v -0.62307048 1.02323550 0.34259291
v -0.64441437 1.00059241 0.32178892
v -0.64441437 1.00059241 0.32178892
v -0.64441437 1.00059241 0.32178892
v -0.64441437 1.00059241 0.32178892
v -0.66575831 0.97756344 0.30098499
v -0.66575831 0.97756344 0.30098499
v -0.66575831 0.97756344 0.30098499
v -0.66575831 0.97756344 0.30098499
v -0.66575831 0.97756344 0.30098499
v -0.66575831 0.97756344 0.30098499
v -0.66575831 0.97756344 0.30098499
v -0.66575831 0.97756344 0.30098499
v -0.71621758 0.93738073 0.29215670
v -0.71621758 0.93738073 0.29215670
v -0.71621758 0.93738073 0.29215670
v -0.71621758 0.93738073 0.29215670
v -0.71621758 0.93738073 0.29215670
v -0.71621758 0.93738073 0.29215670
v -0.71621758 0.93738073 0.29215670
v -0.73564601 0.91327959 0.27396284
v -0.73564601 0.91327959 0.27396284
v -0.73564601 0.91327959 0.27396284
v -0.73564601 0.91327959 0.27396284
v -0.73564601 0.91327959 0.27396284
v -0.73564601 0.91327959 0.27396284
v -0.75512916 0.88879251 0.25599927
v -0.75512916 0.88879251 0.25599927
v -0.75512916 0.88879251 0.25599927
v -0.75512916 0.88879251 0.25599927
v -0.75512916 0.88879251 0.25599927
v -0.77866226 0.87657046 0.27304162
v -0.77866226 0.87657046 0.27304162
v -0.77866226 0.87657046 0.27304162
v -0.77866226 0.87657046 0.27304162
v -0.77866226 0.87657046 0.27304162
v -0.79376715 0.88330334 0.31180918
v -0.79376715 0.88330334 0.31180918
v -0.79376715 0.88330334 0.31180918
v -0.79376715 0.88330334 0.31180918
v -0.79376715 0.88330334 0.31180918
v -0.79376715 0.88330334 0.31180918
v -0.79376715 0.88330334 0.31180918
v -0.82003665 0.86477721 0.32639496
v -0.82003665 0.86477721 0.32639496
v -0.82003665 0.86477721 0.32639496
v -0.82003665 0.86477721 0.32639496
v -0.84597778 0.84620821 0.34105755
v -0.84597778 0.84620821 0.34105755
v -0.84597778 0.84620821 0.34105755
v -0.84597778 0.84620821 0.34105755
v -0.84597778 0.84620821 0.34105755
v -0.84597778 0.84620821 0.34105755
v -0.84597778 0.84620821 0.34105755
v -0.84597778 0.84620821 0.34105755
v -0.89140195 0.80276620 0.34873430
v -0.89140195 0.80276620 0.34873430
v -0.89140195 0.80276620 0.34873430
v -0.89140195 0.80276620 0.34873430
v -0.89140195 0.80276620 0.34873430
v -0.89862609 0.80276620 0.36500899
v -0.89862609 0.80276620 0.36500899
v -0.89862609 0.80276620 0.36500899
v -0.53391850 1.14537054 0.58786481
v -0.53391850 1.14537054 0.58786481
v -0.53391850 1.14537054 0.58786481
v -0.53391850 1.14537054 0.58786481
v -0.53391850 1.00586730 0.25599927
v -0.53391850 1.00586730 0.25599927
v -0.53391850 1.00586730 0.25599927
v -0.80131966 0.84595090 0.25599927
v -0.80131966 0.84595090 0.25599927
v -0.80131966 0.84595090 0.25599927
v -0.80131966 0.84595090 0.25599927
v -0.80131966 0.84595090 0.25599927
v -0.85708755 0.80276620 0.28140928
v -0.85708755 0.80276620 0.28140928
v -0.85708755 0.80276620 0.28140928
v -0.85708755 0.80276620 0.28140928
v -0.85298288 0.80907023 0.28478704
v -0.85298288 0.80907023 0.28478704
v -0.85298288 0.80907023 0.28478704
v -0.85298288 0.80907023 0.28478704
v -0.85298288 0.80907023 0.28478704
v -0.85298288 0.80907023 0.28478704
v -0.53391850 1.12062615 0.49889137
v -0.53391850 1.12062615 0.49889137
v -0.53391850 1.12062615 0.49889137
v -0.53391850 1.12062615 0.49889137
v -0.53391850 1.13327712 0.54410738
v -0.53391850 1.13327712 0.54410738
v -0.53391850 1.13327712 0.54410738
v -0.53391850 1.13327712 0.54410738
v -0.53391850 1.11312145 0.47271368
v -0.53391850 1.11312145 0.47271368
v -0.53391850 1.11312145 0.47271368
v -0.53391850 1.11312145 0.47271368
v -0.53391850 1.11200649 0.46910560
v -0.53391850 1.11200649 0.46910560
v -0.53391850 1.11200649 0.46910560
v -0.53391850 1.11200649 0.46910560
v -0.53391850 1.10557371 0.44830164
v -0.53391850 1.10557371 0.44830164
v -0.53391850 1.10557371 0.44830164
v -0.53391850 1.10557371 0.44830164
v -0.53391850 1.10557371 0.44830164
v -0.56002373 1.08052915 0.40600280
v -0.56002373 1.08052915 0.40600280
v -0.56002373 1.08052915 0.40600280
v -0.56002373 1.08052915 0.40600280
v -0.53391850 1.09262258 0.40769167
v -0.53391850 1.09262258 0.40769167
v -0.53391850 1.09262258 0.40769167
v -0.53391850 1.09262258 0.40769167
v -0.53391850 1.08473188 0.38427761
v -0.53391850 1.08473188 0.38427761
v -0.53391850 1.08473188 0.38427761
v -0.53391850 1.07838494 0.36554635
v -0.53391850 1.07838494 0.36554635
v -0.53391850 1.07838494 0.36554635
v -0.53391850 1.07838494 0.36554635
v -0.53391850 1.07838494 0.36554635
v -0.54623228 1.07293862 0.36554635
v -0.54623228 1.07293862 0.36554635
v -0.54623228 1.07293862 0.36554635
v -0.53616232 1.06852156 0.34028988
v -0.53616232 1.06852156 0.34028988
v -0.53616232 1.06852156 0.34028988
v -0.53616232 1.06852156 0.34028988
v -0.53616232 1.06852156 0.34028988
v -0.53616232 1.06852156 0.34028988
v -0.53616232 1.06852156 0.34028988
v -0.56845188 1.06286079 0.36554635
v -0.56845188 1.06286079 0.36554635
v -0.56845188 1.06286079 0.36554635
v -0.56845188 1.06286079 0.36554635
v -0.58350205 1.02606589 0.29215670
v -0.58350205 1.02606589 0.29215670
v -0.58350205 1.02606589 0.29215670
v -0.58350205 1.02606589 0.29215670
v -0.58350205 1.02606589 0.29215670
v -0.58350205 1.02606589 0.29215670
v -0.58350205 1.02606589 0.29215670
v -0.58350205 1.02606589 0.29215670
v -0.58350205 1.02606589 0.29215670
v -0.59915429 1.03039724 0.32508992
v -0.59915429 1.03039724 0.32508992
v -0.59915429 1.03039724 0.32508992
v -0.59915429 1.03039724 0.32508992
v -0.59915429 1.03039724 0.32508992
v -0.61316466 1.01727456 0.31288391
v -0.61316466 1.01727456 0.31288391
v -0.61316466 1.01727456 0.31288391
v -0.61316466 1.01727456 0.31288391
v -0.61316466 1.01727456 0.31288391
v -0.61316466 1.01727456 0.31288391
v -0.61316466 1.01727456 0.31288391
v -0.63500112 0.98691225 0.27657293
v -0.63500112 0.98691225 0.27657293
v -0.63500112 0.98691225 0.27657293
v -0.63500112 0.98691225 0.27657293
v -0.63500112 0.98691225 0.27657293
v -0.65727550 0.97151679 0.27657293
v -0.65727550 0.97151679 0.27657293
v -0.65727550 0.97151679 0.27657293
v -0.65727550 0.97151679 0.27657293
v -0.65727550 0.97151679 0.27657293
v -0.65727550 0.97151679 0.27657293
v -0.65727550 0.97151679 0.27657293
v -0.69027650 0.94823045 0.27703352
v -0.69027650 0.94823045 0.27703352
v -0.69027650 0.94823045 0.27703352
v -0.70570982 0.92987591 0.26252449
v -0.70570982 0.92987591 0.26252449
v -0.70570982 0.92987591 0.26252449
v -0.70570982 0.92987591 0.26252449
v -0.70570982 0.92987591 0.26252449
v -0.70570982 0.92987591 0.26252449
v -0.70570982 0.92987591 0.26252449
v -0.75480080 0.88904983 0.25599927
v -0.75480080 0.88904983 0.25599927
v -0.75480080 0.88904983 0.25599927
v -0.75480080 0.88904983 0.25599927
v -0.80717558 0.85174030 0.27657293
v -0.80717558 0.85174030 0.27657293
v -0.80717558 0.85174030 0.27657293
v -0.80717558 0.85174030 0.27657293
v -0.80717558 0.85174030 0.27657293
v -0.83875364 0.83870339 0.31142533
v -0.83875364 0.83870339 0.31142533
v -0.83875364 0.83870339 0.31142533
v -0.83875364 0.83870339 0.31142533
v -0.83875364 0.83870339 0.31142533
v -0.83875364 0.83870339 0.31142533
v -0.83875364 0.83870339 0.31142533
v -0.83875364 0.83870339 0.31142533
v -0.88778991 0.80276620 0.34082724
v -0.88778991 0.80276620 0.34082724
v -0.88778991 0.80276620 0.34082724
v -0.88778991 0.80276620 0.34082724
v -0.54497355 1.02833873 0.25599927
v -0.54497355 1.02833873 0.25599927
v -0.54497355 1.02833873 0.25599927
v -0.54497355 1.02833873 0.25599927
v -0.54497355 1.02833873 0.25599927
v -0.54497355 1.02833873 0.25599927
v -0.53391850 1.03275591 0.25615281
v -0.53391850 1.03275591 0.25615281
v -0.53391850 1.03275591 0.25615281
v -0.86507785 0.80276620 0.29607187
v -0.86507785 0.80276620 0.29607187
v -0.86507785 0.80276620 0.29607187
v -0.86507785 0.80276620 0.29607187
v -0.53391850 1.06899327 0.33883129
v -0.53391850 1.06899327 0.33883129
v -0.53391850 1.06899327 0.33883129
v -0.55296385 1.05424100 0.32370810
v -0.55296385 1.05424100 0.32370810
v -0.55296385 1.05424100 0.32370810
v -0.55296385 1.05424100 0.32370810
v -0.53391850 1.05994457 0.31511018
v -0.53391850 1.05994457 0.31511018
v -0.53391850 1.05994457 0.31511018
v -0.53391850 1.05994457 0.31511018
v -0.53391850 1.05994457 0.31511018
v -0.53391850 1.05994457 0.31511018
v -0.55575496 1.03318471 0.27703352
v -0.55575496 1.03318471 0.27703352
v -0.55575496 1.03318471 0.27703352
v -0.55575496 1.03318471 0.27703352
v -0.55575496 1.03318471 0.27703352
v -0.57047683 1.01894706 0.26252449
v -0.57047683 1.01894706 0.26252449
v -0.57047683 1.01894706 0.26252449
v -0.57047683 1.01894706 0.26252449
v -0.57047683 1.01894706 0.26252449
v -0.57047683 1.01894706 0.26252449
v -0.57047683 1.01894706 0.26252449
v -0.59915429 1.00951248 0.27703352
v -0.59915429 1.00951248 0.27703352
v -0.59915429 1.00951248 0.27703352
v -0.59915429 1.00951248 0.27703352
v -0.59915429 1.00951248 0.27703352
v -0.62755811 0.98185194 0.25599927
v -0.62755811 0.98185194 0.25599927
v -0.62755811 0.98185194 0.25599927
v -0.62755811 0.98185194 0.25599927
v -0.62755811 0.98185194 0.25599927
v -0.62755811 0.98185194 0.25599927
v -0.63204587 0.97872132 0.25599927
v -0.63204587 0.97872132 0.25599927
v -0.63204587 0.97872132 0.25599927
v -0.63204587 0.97872132 0.25599927
v -0.69525677 0.93360686 0.25599927
v -0.69525677 0.93360686 0.25599927
v -0.69525677 0.93360686 0.25599927
v -0.87629706 0.80276620 0.31741317
v -0.87629706 0.80276620 0.31741317
v -0.87629706 0.80276620 0.31741317
v -0.55734205 1.02224916 0.25599927
v -0.55734205 1.02224916 0.25599927
v -0.55734205 1.02224916 0.25599927
v -0.53391850 1.04369146 0.27749415
v -0.53391850 1.04369146 0.27749415
v -0.53391850 1.04369146 0.27749415
v -0.53391850 1.04369146 0.27749415
v -0.56730258 1.01697427 0.25599927
v -0.56730258 1.01697427 0.25599927
v -0.56730258 1.01697427 0.25599927
vn 0.00000000 -1.00000000 0.00000000
vn 0.00000000 -1.00000000 0.00000000
vn -0.00000000 -1.00000000 -0.00000000
vn -0.79131256 0.56675036 0.22938714
vn -0.79553839 0.56977696 -0.20608949
vn -0.85622352 0.40945458 0.31500514
vn 0.00000000 -1.00000000 0.00000000
vn -0.42485282 0.34060065 0.83874387
vn -0.85622352 0.40945458 0.31500514
vn -0.42462412 0.34079862 0.83877926
vn -0.42485282 0.34060065 0.83874387
vn -0.43215721 0.36843186 0.82310273
vn -0.57344538 0.47920895 0.66446909
vn -0.78379335 0.57580902 0.23261976
vn -0.78589905 0.57394196 0.23011585
vn -0.79131256 0.56675036 0.22938714
vn -0.85622352 0.40945458 0.31500514
vn -0.78589905 0.57394196 0.23011585
vn -0.79056504 0.57734954 -0.20414314
vn -0.79131256 0.56675036 0.22938714
vn -0.79291920 0.57321502 -0.20664870
vn -0.79516005 0.57018811 -0.20641225
vn -0.79553839 0.56977696 -0.20608949
vn -0.00000000 -1.00000000 -0.00000000
vn -0.79516005 0.57018811 -0.20641225
vn -0.79553839 0.56977696 -0.20608949
vn -0.80099707 0.55820659 -0.21635410
vn 0.00000000 -1.00000000 0.00000000
vn -0.27471610 0.19311764 0.94193240
vn -0.32408467 0.24833433 0.91285223
vn -0.42462412 0.34079862 0.83877926
vn -0.42485282 0.34060065 0.83874387
vn -0.32408467 0.24833433 0.91285223
vn -0.41558000 0.36465088 0.83326046
vn -0.42462412 0.34079862 0.83877926
vn -0.43215721 0.36843186 0.82310273
vn -0.41230723 0.38284796 0.82669837
vn -0.41558000 0.36465088 0.83326046
vn -0.43215721 0.36843186 0.82310273
vn -0.51352474 0.47144566 0.71695978
vn -0.57344538 0.47920895 0.66446909
vn -0.51352474 0.47144566 0.71695978
vn -0.51687596 0.47947694 0.70918341
vn -0.57344538 0.47920895 0.66446909
vn -0.72132982 0.69179433 0.03322496
vn -0.72634411 0.68718539 0.01415915
vn -0.72818255 0.68530162 0.01057679
vn -0.75340710 0.65746975 0.01054852
vn -0.75722431 0.65289333 0.01848364
vn -0.78379335 0.57580902 0.23261976
vn -0.75722431 0.65289333 0.01848364
vn -0.75730847 0.65296590 -0.01092774
vn -0.78379335 0.57580902 0.23261976
vn -0.78460223 0.58521153 -0.20476038
vn -0.78589905 0.57394196 0.23011585
vn -0.79056504 0.57734954 -0.20414314
vn -0.78071722 0.58672087 -0.21503313
vn -0.78460223 0.58521153 -0.20476038
vn -0.79056504 0.57734954 -0.20414314
vn -0.79152004 0.57220354 -0.21466051
vn -0.79291920 0.57321502 -0.20664870
vn -0.79152004 0.57220354 -0.21466051
vn -0.79291920 0.57321502 -0.20664870
vn -0.79454905 0.56778133 -0.21521191
vn -0.79516005 0.57018811 -0.20641225
vn -0.80099707 0.55820659 -0.21635410
vn 0.00000000 -1.00000000 0.00000000
vn -0.00000000 -1.00000000 -0.00000000
vn -0.78045779 0.58637880 -0.21689982
vn -0.79454905 0.56778133 -0.21521191
vn -0.80099707 0.55820659 -0.21635410
vn 0.00000000 -1.00000000 0.00000000
vn -0.18616188 0.12966967 0.97392481
vn -0.27471610 0.19311764 0.94193240
vn -0.13717411 0.11516475 0.98382943
vn -0.18616188 0.12966967 0.97392481
vn -0.27471610 0.19311764 0.94193240
vn -0.32408467 0.24833433 0.91285223
vn -0.40221703 0.38376692 0.83123066
vn -0.41230723 0.38284796 0.82669837
vn -0.41558000 0.36465088 0.83326046
vn -0.40215973 0.38451153 0.83091422
vn -0.40221703 0.38376692 0.83123066
vn -0.41230723 0.38284796 0.82669837
vn -0.48206776 0.46480377 0.74267633
vn -0.51352474 0.47144566 0.71695978
vn -0.51687596 0.47947694 0.70918341
vn -0.48206776 0.46480377 0.74267633
vn -0.49391457 0.49355842 0.71585508
vn -0.51687596 0.47947694 0.70918341
vn -0.70691520 0.70640546 0.03552772
vn -0.70818151 0.70524761 0.03323787
vn -0.72132982 0.69179433 0.03322496
vn -0.70818151 0.70524761 0.03323787
vn -0.70832101 0.70538652 -0.02666834
vn -0.72118064 0.69223447 -0.02664459
vn -0.72132982 0.69179433 0.03322496
vn -0.72634411 0.68718539 0.01415915
vn -0.72640110 0.68723931 -0.00660089
vn -0.72634411 0.68718539 0.01415915
vn -0.72640110 0.68723931 -0.00660089
vn -0.72818255 0.68530162 0.01057679
vn -0.72821988 0.68533675 -0.00305641
vn -0.72818255 0.68530162 0.01057679
vn -0.72821988 0.68533675 -0.00305641
vn -0.75340710 0.65746975 0.01054852
vn -0.75344548 0.65750324 -0.00306469
vn -0.75340710 0.65746975 0.01054852
vn -0.75344548 0.65750324 -0.00306469
vn -0.75722431 0.65289333 0.01848364
vn -0.75730847 0.65296590 -0.01092774
vn -0.70596200 0.67119057 -0.22609926
vn -0.72118064 0.69223447 -0.02664459
vn -0.72301535 0.65286924 -0.22585516
vn -0.72640110 0.68723931 -0.00660089
vn -0.72821988 0.68533675 -0.00305641
vn -0.74596933 0.62762994 -0.22273398
vn -0.75073728 0.62217258 -0.22202434
vn -0.75344548 0.65750324 -0.00306469
vn -0.75730847 0.65296590 -0.01092774
vn -0.76665792 0.60343311 -0.21932651
vn -0.77762703 0.59031667 -0.21638493
vn -0.77793319 0.58995391 -0.21627375
vn -0.78071722 0.58672087 -0.21503313
vn -0.78460223 0.58521153 -0.20476038
vn -0.77793319 0.58995391 -0.21627375
vn -0.78045779 0.58637880 -0.21689982
vn -0.78071722 0.58672087 -0.21503313
vn -0.79152004 0.57220354 -0.21466051
vn -0.79454905 0.56778133 -0.21521191
vn 0.00000000 -1.00000000 0.00000000
vn 0.00000000 -1.00000000 0.00000000
vn -0.77762703 0.59031667 -0.21638493
vn -0.77793319 0.58995391 -0.21627375
vn -0.78045779 0.58637880 -0.21689982
vn 0.00000000 -1.00000000 0.00000000
vn 0.01079818 -0.01641618 0.99980694
vn 0.03830459 -0.05042396 0.99799308
vn 0.23390020 -0.30367994 0.92361745
vn 0.28658526 -0.37727321 0.88064398
vn -0.01928577 0.01770322 0.99965727
vn -0.08777979 0.08621074 0.99240235
vn -0.13717411 0.11516475 0.98382943
vn -0.18616188 0.12966967 0.97392481
vn -0.08777979 0.08621074 0.99240235
vn -0.09245802 0.09248059 0.99141256
vn -0.13717411 0.11516475 0.98382943
vn -0.38584353 0.38593774 0.83795992
vn -0.40215973 0.38451153 0.83091422
vn -0.40221703 0.38376692 0.83123066
vn -0.38520289 0.39353320 0.83471573
vn -0.38584353 0.38593774 0.83795992
vn -0.40215973 0.38451153 0.83091422
vn -0.47940754 0.48764013 0.72964067
vn -0.48206776 0.46480377 0.74267633
vn -0.49391457 0.49355842 0.71585508
vn -0.47940754 0.48764013 0.72964067
vn -0.48757249 0.50756806 0.71038562
vn -0.49391457 0.49355842 0.71585508
vn -0.69836925 0.71496530 0.03324172
vn -0.70576096 0.70766978 0.03324076
vn -0.70691520 0.70640546 0.03552772
vn -0.70576096 0.70766978 0.03324076
vn -0.70584313 0.70775218 -0.02953539
vn -0.70625960 0.70730281 -0.03033327
vn -0.70691520 0.70640546 0.03552772
vn -0.70818151 0.70524761 0.03323787
vn -0.70832101 0.70538652 -0.02666834
vn -0.68851645 0.68953345 -0.22469694
vn -0.69205970 0.68524844 -0.22690955
vn -0.70088106 0.67623398 -0.22687739
vn -0.70511987 0.67200179 -0.22631740
vn -0.70596200 0.67119057 -0.22609926
vn -0.70625960 0.70730281 -0.03033327
vn -0.70832101 0.70538652 -0.02666834
vn -0.72118064 0.69223447 -0.02664459
vn -0.70424490 0.67116792 -0.23145786
vn -0.70484320 0.67029488 -0.23216553
vn -0.70511987 0.67200179 -0.22631740
vn -0.70596200 0.67119057 -0.22609926
vn -0.70640401 0.66827174 -0.23325148
vn -0.71145729 0.66292454 -0.23315142
vn -0.71582940 0.65900865 -0.23085896
vn -0.72301535 0.65286924 -0.22585516
vn 0.00000000 -1.00000000 0.00000000
vn -0.71582940 0.65900865 -0.23085896
vn -0.72301535 0.65286924 -0.22585516
vn -0.74596933 0.62762994 -0.22273398
vn -0.76863800 0.60020211 -0.22125335
vn -0.74596933 0.62762994 -0.22273398
vn -0.75073728 0.62217258 -0.22202434
vn -0.76775736 0.60144303 -0.22094098
vn -0.76863800 0.60020211 -0.22125335
vn -0.75073728 0.62217258 -0.22202434
vn -0.76665792 0.60343311 -0.21932651
vn -0.76775736 0.60144303 -0.22094098
vn 0.00000000 -1.00000000 0.00000000
vn -0.76665792 0.60343311 -0.21932651
vn -0.76775736 0.60144303 -0.22094098
vn -0.76863800 0.60020211 -0.22125335
vn -0.77762703 0.59031667 -0.21638493
vn 0.03731902 0.23067526 0.97231487
vn 0.03830459 -0.05042396 0.99799308
vn 0.23390020 -0.30367994 0.92361745
vn 1.00000000 0.00000000 0.00000000
vn 1.00000000 0.00000000 0.00000000
vn 0.01079818 -0.01641618 0.99980694
vn 0.03731902 0.23067526 0.97231487
vn 0.03830459 -0.05042396 0.99799308
vn -0.15566483 0.38419340 0.91003510
vn -0.17292184 0.38307546 0.90738703
vn -0.17316231 0.35105361 0.92020442
vn 0.01079818 -0.01641618 0.99980694
vn -0.01928577 0.01770322 0.99965727
vn -0.06348444 0.08403919 0.99443810
vn -0.17316231 0.35105361 0.92020442
vn -0.19301608 0.34973560 0.91674958
vn -0.19342050 0.34719844 0.91762833
vn -0.01928577 0.01770322 0.99965727
vn -0.06348444 0.08403919 0.99443810
vn -0.08777979 0.08621074 0.99240235
vn -0.09245802 0.09248059 0.99141256
vn -0.12227135 0.13760467 0.98291132
vn -0.12694923 0.14717847 0.98092935
vn 0.00000000 -1.00000000 0.00000000
vn 0.28658526 -0.37727321 0.88064398
vn 0.31871354 -0.41979385 0.84982045
vn 0.31906018 -0.42028514 0.84944747
vn 0.23390020 -0.30367994 0.92361745
vn 0.28658526 -0.37727321 0.88064398
vn 0.31871354 -0.41979385 0.84982045
vn 1.00000000 0.00000000 0.00000000
vn -0.09245802 0.09248059 0.99141256
vn -0.12227135 0.13760467 0.98291132
vn -0.38069373 0.39388537 0.83661616
vn -0.38520289 0.39353320 0.83471573
vn -0.38584353 0.38593774 0.83795992
vn -0.37829157 0.42059938 0.82461606
vn -0.38069373 0.39388537 0.83661616
vn -0.38520289 0.39353320 0.83471573
vn -0.43268409 0.48427051 0.76043840
vn -0.47940754 0.48764013 0.72964067
vn -0.48757249 0.50756806 0.71038562
vn -0.43268409 0.48427051 0.76043840
vn -0.44373155 0.58583850 0.67815601
vn -0.46124263 0.61860375 0.63606968
vn -0.48757249 0.50756806 0.71038562
vn -0.57964650 0.80641549 0.11706406
vn -0.58926547 0.80563499 0.06097923
vn -0.60008457 0.79950557 0.02625551
vn -0.60567768 0.79551573 0.01758608
vn -0.69357617 0.72015841 0.01799878
vn -0.69562255 0.71807265 0.02193016
vn -0.69836925 0.71496530 0.03324172
vn -0.69562255 0.71807265 0.02193016
vn -0.69566852 0.71812010 -0.01867706
vn -0.69836925 0.71496530 0.03324172
vn -0.69837082 0.71512626 -0.02954011
vn -0.70576096 0.70766978 0.03324076
vn -0.70584313 0.70775218 -0.02953539
vn -0.67938398 0.69939998 -0.22198441
vn -0.68851645 0.68953345 -0.22469694
vn -0.69837082 0.71512626 -0.02954011
vn -0.70584313 0.70775218 -0.02953539
vn -0.70625960 0.70730281 -0.03033327
vn -0.64462801 0.73168245 -0.22157509
vn -0.64492577 0.73106441 -0.22274554
vn -0.66203647 0.70725112 -0.24799914
vn -0.67108081 0.69862809 -0.24813170
vn -0.67140566 0.69834200 -0.24805824
vn -0.67624157 0.69443512 -0.24588047
vn -0.67938398 0.69939998 -0.22198441
vn -0.68809381 0.68605456 -0.23633887
vn -0.68851645 0.68953345 -0.22469694
vn -0.68981716 0.68492032 -0.23459849
vn -0.69159095 0.68477400 -0.22975318
vn -0.69205970 0.68524844 -0.22690955
vn -0.69159095 0.68477400 -0.22975318
vn -0.69205970 0.68524844 -0.22690955
vn -0.69815215 0.67809255 -0.22972608
vn -0.70088106 0.67623398 -0.22687739
vn -0.69784382 0.67779308 -0.23153953
vn -0.69815215 0.67809255 -0.22972608
vn -0.70088106 0.67623398 -0.22687739
vn -0.70424490 0.67116792 -0.23145786
vn -0.70511987 0.67200179 -0.22631740
vn -0.69694506 0.67846424 -0.23227970
vn -0.69784382 0.67779308 -0.23153953
vn -0.70424490 0.67116792 -0.23145786
vn -0.70484320 0.67029488 -0.23216553
vn -0.69100470 0.68312419 -0.23633419
vn -0.69114564 0.68327432 -0.23548655
vn -0.69277543 0.67784791 -0.24613900
vn -0.69694506 0.67846424 -0.23227970
vn -0.70484320 0.67029488 -0.23216553
vn -0.70525598 0.66492188 -0.24595304
vn -0.70640401 0.66827174 -0.23325148
vn -0.70729141 0.66427242 -0.24182847
vn -0.70803813 0.66508195 -0.23737737
vn -0.70640401 0.66827174 -0.23325148
vn -0.70803813 0.66508195 -0.23737737
vn -0.71145729 0.66292454 -0.23315142
vn 0.00000000 -1.00000000 0.00000000
vn -0.70729141 0.66427242 -0.24182847
vn -0.70803813 0.66508195 -0.23737737
vn -0.70897594 0.65917885 -0.25067181
vn -0.71145729 0.66292454 -0.23315142
vn -0.71582940 0.65900865 -0.23085896
vn -0.72467452 0.63760669 -0.26135139
vn 0.03731902 0.23067526 0.97231487
vn 1.00000000 0.00000000 0.00000000
vn -0.15536555 0.38463501 0.90989969
vn -0.15566483 0.38419340 0.91003510
vn -0.15536555 0.38463501 0.90989969
vn -0.15566483 0.38419340 0.91003510
vn -0.17292184 0.38307546 0.90738703
vn -0.24669646 0.85297006 0.45998146
vn -0.25544884 0.55396976 0.79237832
vn -0.26401714 0.85415361 0.44801402
vn -0.17292184 0.38307546 0.90738703
vn -0.17316231 0.35105361 0.92020442
vn -0.19301608 0.34973560 0.91674958
vn -0.25544884 0.55396976 0.79237832
vn -0.27208345 0.44922020 0.85098285
vn -0.29221671 0.59990132 0.74480051
vn -0.19301608 0.34973560 0.91674958
vn -0.19342050 0.34719844 0.91762833
vn -0.27079089 0.40471915 0.87342699
vn -0.27208345 0.44922020 0.85098285
vn -0.28127568 0.45195227 0.84653597
vn -0.06348444 0.08403919 0.99443810
vn -0.12694923 0.14717847 0.98092935
vn -0.19342050 0.34719844 0.91762833
vn -0.27079089 0.40471915 0.87342699
vn -0.27610268 0.37508378 0.88491777
vn -0.27764080 0.40389796 0.87165476
vn -0.28012050 0.38517968 0.87930036
vn -0.12227135 0.13760467 0.98291132
vn -0.12694923 0.14717847 0.98092935
vn -0.27610268 0.37508378 0.88491777
vn -0.34081071 0.42716288 0.83748429
vn -0.37829157 0.42059938 0.82461606
vn -0.38069373 0.39388537 0.83661616
vn 0.00000000 -1.00000000 0.00000000
vn 0.31906018 -0.42028514 0.84944747
vn 0.42990641 -0.56670240 0.70287187
vn 0.31871354 -0.41979385 0.84982045
vn 0.31906018 -0.42028514 0.84944747
vn 0.42990641 -0.56670240 0.70287187
vn 0.51878237 -0.67853191 0.52005702
vn 1.00000000 0.00000000 0.00000000
vn -0.34081071 0.42716288 0.83748429
vn -0.34767525 0.45714690 0.81861996
vn -0.35708751 0.47330296 0.80527810
vn -0.37829157 0.42059938 0.82461606
vn -0.43268409 0.48427051 0.76043840
vn -0.44373155 0.58583850 0.67815601
vn -0.35708751 0.47330296 0.80527810
vn -0.36681307 0.50676315 0.78015337
vn -0.37981981 0.52855631 0.75918716
vn -0.44373155 0.58583850 0.67815601
vn -0.46124263 0.61860375 0.63606968
vn -0.37981981 0.52855631 0.75918716
vn -0.38669975 0.58531516 0.71264961
vn -0.46124263 0.61860375 0.63606968
vn -0.51087018 0.83488989 0.20486711
vn -0.51245535 0.83495846 0.20058385
vn -0.54210157 0.82946770 0.13457051
vn -0.55554379 0.82336962 0.11590323
vn -0.57964650 0.80641549 0.11706406
vn -0.55554379 0.82336962 0.11590323
vn -0.55663877 0.82499249 -0.09767636
vn -0.57964650 0.80641549 0.11706406
vn -0.58250501 0.80680817 -0.09873445
vn -0.58926547 0.80563499 0.06097923
vn -0.58939380 0.80581046 -0.05731014
vn -0.58926547 0.80563499 0.06097923
vn -0.58939380 0.80581046 -0.05731014
vn -0.60013244 0.79956935 -0.02302000
vn -0.60008457 0.79950557 0.02625551
vn -0.60013244 0.79956935 -0.02302000
vn -0.60008457 0.79950557 0.02625551
vn -0.60570804 0.79555561 -0.01445812
vn -0.60567768 0.79551573 0.01758608
vn -0.60570804 0.79555561 -0.01445812
vn -0.60567768 0.79551573 0.01758608
vn -0.69357617 0.72015841 0.01799878
vn -0.69361259 0.72019622 -0.01479807
vn -0.69357617 0.72015841 0.01799878
vn -0.69361259 0.72019622 -0.01479807
vn -0.69562255 0.71807265 0.02193016
vn -0.69566852 0.71812010 -0.01867706
vn -0.57679674 0.79234460 -0.19873492
vn -0.58250501 0.80680817 -0.09873445
vn -0.58939380 0.80581046 -0.05731014
vn -0.60013244 0.79956935 -0.02302000
vn -0.60570804 0.79555561 -0.01445812
vn -0.61263248 0.76119524 -0.21275161
vn -0.64462801 0.73168245 -0.22157509
vn -0.67938398 0.69939998 -0.22198441
vn -0.69361259 0.72019622 -0.01479807
vn -0.69566852 0.71812010 -0.01867706
vn -0.69837082 0.71512626 -0.02954011
vn -0.60444443 0.75102159 -0.26573201
vn -0.60716411 0.74722607 -0.27019426
vn -0.61154278 0.74418162 -0.26871761
vn -0.61263248 0.76119524 -0.21275161
vn -0.63928611 0.72467150 -0.25722459
vn -0.64462801 0.73168245 -0.22157509
vn -0.64492577 0.73106441 -0.22274554
vn -0.63928611 0.72467150 -0.25722459
vn -0.64492577 0.73106441 -0.22274554
vn -0.64809256 0.71745377 -0.25541364
vn -0.65765754 0.70962202 -0.25283029
vn -0.66154566 0.70672679 -0.25078794
vn -0.66203647 0.70725112 -0.24799914
vn -0.66154566 0.70672679 -0.25078794
vn -0.66203647 0.70725112 -0.24799914
vn -0.67108081 0.69862809 -0.24813170
vn -0.65714292 0.70906674 -0.25570988
vn -0.65765754 0.70962202 -0.25283029
vn -0.66154566 0.70672679 -0.25078794
vn -0.66281764 0.70059953 -0.26425947
vn -0.66312590 0.70030826 -0.26425818
vn -0.66956839 0.69643102 -0.25818987
vn -0.67108081 0.69862809 -0.24813170
vn -0.67140566 0.69834200 -0.24805824
vn -0.66956839 0.69643102 -0.25818987
vn -0.67140566 0.69834200 -0.24805824
vn -0.67624157 0.69443512 -0.24588047
vn -0.68037222 0.68583266 -0.25831610
vn -0.68122537 0.68669265 -0.25374239
vn -0.67624157 0.69443512 -0.24588047
vn -0.68122537 0.68669265 -0.25374239
vn -0.68809381 0.68605456 -0.23633887
vn -0.68980761 0.67808044 -0.25371712
vn -0.69100470 0.68312419 -0.23633419
vn -0.69178651 0.67680943 -0.25171497
vn -0.69277543 0.67784791 -0.24613900
vn -0.68809381 0.68605456 -0.23633887
vn -0.68981716 0.68492032 -0.23459849
vn -0.69100470 0.68312419 -0.23633419
vn -0.69114564 0.68327432 -0.23548655
vn -0.68981716 0.68492032 -0.23459849
vn -0.69114564 0.68327432 -0.23548655
vn -0.69159095 0.68477400 -0.22975318
vn -0.69694506 0.67846424 -0.23227970
vn -0.69784382 0.67779308 -0.23153953
vn -0.69815215 0.67809255 -0.22972608
vn -0.69178651 0.67680943 -0.25171497
vn -0.69277543 0.67784791 -0.24613900
vn -0.69536407 0.67092141 -0.25755247
vn -0.69935157 0.66678693 -0.25749286
vn -0.70525598 0.66492188 -0.24595304
vn -0.70614646 0.66221229 -0.25066322
vn -0.70525598 0.66492188 -0.24595304
vn -0.70614646 0.66221229 -0.25066322
vn -0.70729141 0.66427242 -0.24182847
vn -0.70897594 0.65917885 -0.25067181
vn -0.69802456 0.66552172 -0.26427741
vn -0.69935157 0.66678693 -0.25749286
vn -0.70614646 0.66221229 -0.25066322
vn -0.70897594 0.65917885 -0.25067181
vn -0.72467452 0.63760669 -0.26135139
vn -0.72595439 0.63526939 -0.26348249
vn 0.00000000 -1.00000000 0.00000000
vn -0.72467452 0.63760669 -0.26135139
vn -0.72595439 0.63526939 -0.26348249
vn -0.74397488 0.61036444 -0.27194967
vn 1.00000000 0.00000000 0.00000000
vn -0.15536555 0.38463501 0.90989969
vn -0.24669646 0.85297006 0.45998146
vn -0.25544884 0.55396976 0.79237832
vn -0.26401714 0.85415361 0.44801402
vn -0.29221671 0.59990132 0.74480051
vn -0.30531924 0.87628236 0.37270549
vn -0.40038416 0.89307104 0.20522341
vn -0.40408658 0.89253117 0.20025522
vn -0.40888356 0.89014483 0.20113780
vn -0.41931050 0.88249216 0.21304060
vn -0.43103283 0.86967384 0.24057868
vn 1.00000000 0.00000000 0.00000000
vn -0.24669646 0.85297006 0.45998146
vn -0.26401714 0.85415361 0.44801402
vn -0.30531924 0.87628236 0.37270549
vn -0.27208345 0.44922020 0.85098285
vn -0.28127568 0.45195227 0.84653597
vn -0.29221671 0.59990132 0.74480051
vn -0.38669975 0.58531516 0.71264961
vn -0.43103283 0.86967384 0.24057868
vn -0.46337751 0.86357647 0.19878872
vn -0.51087018 0.83488989 0.20486711
vn -0.27079089 0.40471915 0.87342699
vn -0.27764080 0.40389796 0.87165476
vn -0.28127568 0.45195227 0.84653597
vn -0.36681307 0.50676315 0.78015337
vn -0.37981981 0.52855631 0.75918716
vn -0.38669975 0.58531516 0.71264961
vn -0.27764080 0.40389796 0.87165476
vn -0.28012050 0.38517968 0.87930036
vn -0.34767525 0.45714690 0.81861996
vn -0.35708751 0.47330296 0.80527810
vn -0.36681307 0.50676315 0.78015337
vn -0.27610268 0.37508378 0.88491777
vn -0.28012050 0.38517968 0.87930036
vn -0.34081071 0.42716288 0.83748429
vn -0.34767525 0.45714690 0.81861996
vn 0.00000000 -1.00000000 0.00000000
vn 0.42990641 -0.56670240 0.70287187
vn 0.51878237 -0.67853191 0.52005702
vn 0.55781096 -0.73719234 0.38130616
vn 0.56607929 -0.75185540 0.33803505
vn 0.51878237 -0.67853191 0.52005702
vn 0.55781096 -0.73719234 0.38130616
vn 1.00000000 0.00000000 0.00000000
vn -0.46337751 0.86357647 0.19878872
vn -0.46350416 0.86381249 -0.19746359
vn -0.50476966 0.83912046 -0.20269296
vn -0.51087018 0.83488989 0.20486711
vn -0.51245535 0.83495846 0.20058385
vn -0.51488706 0.83892052 -0.17636235
vn -0.51245535 0.83495846 0.20058385
vn -0.51488706 0.83892052 -0.17636235
vn -0.54210157 0.82946770 0.13457051
vn -0.54344929 0.83152983 -0.11498267
vn -0.54210157 0.82946770 0.13457051
vn -0.54344929 0.83152983 -0.11498267
vn -0.55554379 0.82336962 0.11590323
vn -0.55663877 0.82499249 -0.09767636
vn -0.50476966 0.83912046 -0.20269296
vn -0.50499433 0.83730353 -0.20953167
vn -0.51488706 0.83892052 -0.17636235
vn -0.51798274 0.82939843 -0.20926569
vn -0.54344929 0.83152983 -0.11498267
vn -0.55663877 0.82499249 -0.09767636
vn -0.57679674 0.79234460 -0.19873492
vn -0.58250501 0.80680817 -0.09873445
vn -0.50923906 0.82171243 -0.25585985
vn -0.51798274 0.82939843 -0.20926569
vn -0.57679674 0.79234460 -0.19873492
vn -0.60444443 0.75102159 -0.26573201
vn -0.61263248 0.76119524 -0.21275161
vn -0.50802086 0.82202591 -0.25727068
vn -0.50923906 0.82171243 -0.25585985
vn -0.51179405 0.81801815 -0.26251316
vn -0.51828146 0.81184752 -0.26886415
vn -0.55012793 0.78495175 -0.28497371
vn -0.55085561 0.78436135 -0.28519356
vn -0.55464551 0.78160260 -0.28542202
vn -0.56981575 0.77122240 -0.28377105
vn -0.58245329 0.76294197 -0.28047766
vn -0.59815948 0.75260848 -0.27529204
vn -0.60444443 0.75102159 -0.26573201
vn -0.60716411 0.74722607 -0.27019426
vn -0.59815948 0.75260848 -0.27529204
vn -0.60186699 0.74709631 -0.28214045
vn -0.60716411 0.74722607 -0.27019426
vn -0.61154278 0.74418162 -0.26871761
vn -0.61523158 0.73239092 -0.29170814
vn -0.64980828 0.70119615 -0.29338227
vn -0.65781359 0.69760693 -0.28394692
vn -0.65907816 0.70171144 -0.27058646
vn -0.65977019 0.69921553 -0.27531970
vn -0.61154278 0.74418162 -0.26871761
vn -0.63928611 0.72467150 -0.25722459
vn -0.64809256 0.71745377 -0.25541364
vn -0.65714292 0.70906674 -0.25570988
vn -0.65907816 0.70171144 -0.27058646
vn -0.66281764 0.70059953 -0.26425947
vn -0.64809256 0.71745377 -0.25541364
vn -0.65714292 0.70906674 -0.25570988
vn -0.65765754 0.70962202 -0.25283029
vn -0.65907816 0.70171144 -0.27058646
vn -0.65977019 0.69921553 -0.27531970
vn -0.66281764 0.70059953 -0.26425947
vn -0.66312590 0.70030826 -0.26425818
vn -0.66377491 0.69805033 -0.26856769
vn -0.66312590 0.70030826 -0.26425818
vn -0.66377491 0.69805033 -0.26856769
vn -0.66956839 0.69643102 -0.25818987
vn -0.68037222 0.68583266 -0.25831610
vn -0.68599980 0.67618633 -0.26865651
vn -0.68627949 0.67648944 -0.26717502
vn -0.68037222 0.68583266 -0.25831610
vn -0.68122537 0.68669265 -0.25374239
vn -0.68627949 0.67648944 -0.26717502
vn -0.68743878 0.67575189 -0.26605884
vn -0.68980761 0.67808044 -0.25371712
vn -0.68743878 0.67575189 -0.26605884
vn -0.68980761 0.67808044 -0.25371712
vn -0.69178651 0.67680943 -0.25171497
vn -0.69371533 0.66933062 -0.26599917
vn -0.69536407 0.67092141 -0.25755247
vn -0.69371533 0.66933062 -0.26599917
vn -0.69471134 0.66765881 -0.26759649
vn -0.69536407 0.67092141 -0.25755247
vn -0.69802456 0.66552172 -0.26427741
vn -0.69935157 0.66678693 -0.25749286
vn -0.69347149 0.66623538 -0.27427671
vn -0.69381192 0.66503051 -0.27633212
vn -0.69471134 0.66765881 -0.26759649
vn -0.69802456 0.66552172 -0.26427741
vn -0.70059336 0.65728631 -0.27774745
vn -0.72595439 0.63526939 -0.26348249
vn -0.74397488 0.61036444 -0.27194967
vn -0.74591433 0.60615926 -0.27601224
vn 0.00000000 -1.00000000 0.00000000
vn -0.74397488 0.61036444 -0.27194967
vn -0.74591433 0.60615926 -0.27601224
vn 1.00000000 0.00000000 0.00000000
vn -0.30531924 0.87628236 0.37270549
vn -0.38796838 0.90051813 -0.19633550
vn -0.40038416 0.89307104 0.20522341
vn -0.40182441 0.89628359 -0.18765094
vn -0.40038416 0.89307104 0.20522341
vn -0.40182441 0.89628359 -0.18765094
vn -0.40408658 0.89253117 0.20025522
vn -0.40513796 0.89485342 -0.18735151
vn -0.40408658 0.89253117 0.20025522
vn -0.40513796 0.89485342 -0.18735151
vn -0.40888356 0.89014483 0.20113780
vn -0.40960203 0.89170894 -0.19256516
vn -0.40888356 0.89014483 0.20113780
vn -0.40960203 0.89170894 -0.19256516
vn -0.41360986 0.88816162 -0.20023941
vn -0.41931050 0.88249216 0.21304060
vn -0.42036007 0.88470112 -0.20149776
vn -0.41931050 0.88249216 0.21304060
vn -0.42036007 0.88470112 -0.20149776
vn -0.42548004 0.88126544 -0.20576189
vn -0.43103283 0.86967384 0.24057868
vn -0.45855593 0.86539016 -0.20205525
vn -0.46337751 0.86357647 0.19878872
vn -0.46350416 0.86381249 -0.19746359
vn 0.00000000 -1.00000000 0.00000000
vn 0.49929583 -0.84509490 0.19109761
vn 0.51656295 -0.83292066 0.19850918
vn 0.56607929 -0.75185540 0.33803505
vn 0.57569133 -0.78485568 0.22930559
vn 0.58060808 -0.76969016 0.26546434
vn 0.58514535 -0.77602923 0.23533712
vn 0.55781096 -0.73719234 0.38130616
vn 0.56607929 -0.75185540 0.33803505
vn 0.58060808 -0.76969016 0.26546434
vn 1.00000000 0.00000000 0.00000000
vn -0.45777688 0.86391994 -0.20995875
vn -0.45855593 0.86539016 -0.20205525
vn -0.46350416 0.86381249 -0.19746359
vn -0.49578366 0.84208701 -0.21233944
vn -0.50287850 0.83838928 -0.21027751
vn -0.50476966 0.83912046 -0.20269296
vn -0.50499433 0.83730353 -0.20953167
vn -0.49122197 0.83928548 -0.23302543
vn -0.49170420 0.83573755 -0.24447846
vn -0.49300635 0.84102988 -0.22274086
vn -0.49919830 0.82939293 -0.25081551
vn -0.50287850 0.83838928 -0.21027751
vn -0.50499433 0.83730353 -0.20953167
vn -0.50802086 0.82202591 -0.25727068
vn -0.50923906 0.82171243 -0.25585985
vn -0.51798274 0.82939843 -0.20926569
vn -0.46236490 0.84984848 -0.25293528
vn -0.46477778 0.84933127 -0.25023590
vn -0.46694546 0.84464950 -0.26178075
vn -0.47912800 0.84207338 -0.24768687
vn -0.49919830 0.82939293 -0.25081551
vn -0.50696704 0.81907338 -0.26852041
vn -0.50802086 0.82202591 -0.25727068
vn -0.51179405 0.81801815 -0.26251316
vn -0.50696704 0.81907338 -0.26852041
vn -0.50901362 0.81546212 -0.27554795
vn -0.51179405 0.81801815 -0.26251316
vn -0.51389928 0.81290583 -0.27402855
vn -0.51828146 0.81184752 -0.26886415
vn -0.51389928 0.81290583 -0.27402855
vn -0.51795267 0.80705051 -0.28353927
vn -0.51828146 0.81184752 -0.26886415
vn -0.54803246 0.78541826 -0.28771267
vn -0.55012793 0.78495175 -0.28497371
vn -0.54803246 0.78541826 -0.28771267
vn -0.54825125 0.78497577 -0.28850236
vn -0.55012793 0.78495175 -0.28497371
vn -0.55085561 0.78436135 -0.28519356
vn -0.54539371 0.78385068 -0.29685656
vn -0.54676496 0.78172553 -0.29992212
vn -0.54825125 0.78497577 -0.28850236
vn -0.55085561 0.78436135 -0.28519356
vn -0.55139074 0.77824065 -0.30051578
vn -0.55464551 0.78160260 -0.28542202
vn -0.55813033 0.77675045 -0.29180347
vn -0.55464551 0.78160260 -0.28542202
vn -0.55813033 0.77675045 -0.29180347
vn -0.56119644 0.77456410 -0.29173447
vn -0.56981575 0.77122240 -0.28377105
vn -0.56119644 0.77456410 -0.29173447
vn -0.56123731 0.77430720 -0.29233720
vn -0.56981575 0.77122240 -0.28377105
vn -0.58245329 0.76294197 -0.28047766
vn -0.60186699 0.74709631 -0.28214045
vn -0.61523158 0.73239092 -0.29170814
vn -0.61956387 0.72640437 -0.29745133
vn -0.58245329 0.76294197 -0.28047766
vn -0.59815948 0.75260848 -0.27529204
vn -0.60186699 0.74709631 -0.28214045
vn -0.61523158 0.73239092 -0.29170814
vn -0.61956387 0.72640437 -0.29745133
vn -0.62597093 0.71905408 -0.30186359
vn -0.63667546 0.70873953 -0.30386286
vn -0.64962762 0.70100121 -0.29424692
vn -0.64980828 0.70119615 -0.29338227
vn -0.64962762 0.70100121 -0.29424692
vn -0.64980828 0.70119615 -0.29338227
vn -0.65781359 0.69760693 -0.28394692
vn -0.65931261 0.69181506 -0.29444660
vn -0.66023409 0.69278196 -0.29007604
vn -0.65781359 0.69760693 -0.28394692
vn -0.65977019 0.69921553 -0.27531970
vn -0.66023409 0.69278196 -0.29007604
vn -0.66377491 0.69805033 -0.26856769
vn -0.68077440 0.67255271 -0.29020523
vn -0.68479778 0.67064100 -0.28511867
vn -0.68599980 0.67618633 -0.26865651
vn -0.68694106 0.67294005 -0.27434226
vn -0.68599980 0.67618633 -0.26865651
vn -0.68627949 0.67648944 -0.26717502
vn -0.68694106 0.67294005 -0.27434226
vn -0.68743878 0.67575189 -0.26605884
vn -0.69347149 0.66623538 -0.27427671
vn -0.69371533 0.66933062 -0.26599917
vn -0.69471134 0.66765881 -0.26759649
vn 0.00000000 -1.00000000 0.00000000
vn -0.70059336 0.65728631 -0.27774745
vn -0.74591433 0.60615926 -0.27601224
vn -0.68479778 0.67064100 -0.28511867
vn -0.68597223 0.66808478 -0.28827906
vn -0.68694106 0.67294005 -0.27434226
vn -0.68963847 0.66432089 -0.28823001
vn -0.69173872 0.66326132 -0.28562558
vn -0.69317907 0.66407351 -0.28019487
vn -0.69347149 0.66623538 -0.27427671
vn -0.69381192 0.66503051 -0.27633212
vn 0.00000000 -1.00000000 0.00000000
vn 0.00000000 -1.00000000 0.00000000
vn -0.69317907 0.66407351 -0.28019487
vn -0.69381192 0.66503051 -0.27633212
vn -0.70059336 0.65728631 -0.27774745
vn 1.00000000 0.00000000 0.00000000
vn -0.38748880 0.89673732 -0.21380976
vn -0.38796838 0.90051813 -0.19633550
vn -0.38748880 0.89673732 -0.21380976
vn -0.38796838 0.90051813 -0.19633550
vn -0.39526611 0.89337337 -0.21365561
vn -0.39807705 0.89216531 -0.21348471
vn -0.40182441 0.89628359 -0.18765094
vn -0.40513796 0.89485342 -0.18735151
vn -0.40592011 0.88898989 -0.21195716
vn -0.40681976 0.88863220 -0.21173214
vn -0.40960203 0.89170894 -0.19256516
vn -0.41276114 0.88633913 -0.20983611
vn -0.41360986 0.88816162 -0.20023941
vn -0.41276114 0.88633913 -0.20983611
vn -0.41360986 0.88816162 -0.20023941
vn -0.42036007 0.88470112 -0.20149776
vn -0.42325901 0.88147974 -0.20939265
vn -0.42516692 0.88061691 -0.20915768
vn -0.42548004 0.88126544 -0.20576189
vn -0.42516692 0.88061691 -0.20915768
vn -0.42548004 0.88126544 -0.20576189
vn -0.44471473 0.87046492 -0.21099677
vn -0.45777688 0.86391994 -0.20995875
vn -0.45855593 0.86539016 -0.20205525
vn 0.58060808 -0.76969016 0.26546434
vn 0.58514535 -0.77602923 0.23533712
vn 0.65927223 -0.72043227 0.21526139
vn 1.00000000 0.00000000 0.00000000
vn 0.00000000 -1.00000000 0.00000000
vn 0.00000000 0.00000000 -1.00000000
vn 0.49929583 -0.84509490 0.19109761
vn 0.00000000 0.00000000 -1.00000000
vn 0.49929583 -0.84509490 0.19109761
vn 0.51656295 -0.83292066 0.19850918
vn 0.00000000 0.00000000 -1.00000000
vn 0.51656295 -0.83292066 0.19850918
vn 0.57569133 -0.78485568 0.22930559
vn 0.00000000 0.00000000 -1.00000000
vn 0.57569133 -0.78485568 0.22930559
vn 0.58514535 -0.77602923 0.23533712
vn 0.65927223 -0.72043227 0.21526139
vn 0.67462480 -0.73480039 -0.07035456
vn -0.44142116 0.87181644 -0.21232864
vn -0.44471473 0.87046492 -0.21099677
vn -0.45777688 0.86391994 -0.20995875
vn -0.49307664 0.84171420 -0.21998327
vn -0.49578366 0.84208701 -0.21233944
vn -0.49300635 0.84102988 -0.22274086
vn -0.49307664 0.84171420 -0.21998327
vn -0.49578366 0.84208701 -0.21233944
vn -0.50287850 0.83838928 -0.21027751
vn -0.43066049 0.87455221 -0.22291250
vn -0.43075972 0.87443544 -0.22317871
vn -0.44141965 0.87181345 -0.21234404
vn -0.49122197 0.83928548 -0.23302543
vn -0.49300635 0.84102988 -0.22274086
vn -0.49307664 0.84171420 -0.21998327
vn -0.42182339 0.87606900 -0.23359821
vn -0.42563708 0.87274656 -0.23905338
vn -0.43005609 0.86970158 -0.24222080
vn -0.43075972 0.87443544 -0.22317871
vn -0.44034524 0.86297209 -0.24774027
vn -0.44442726 0.86059254 -0.24872655
vn -0.46477778 0.84933127 -0.25023590
vn -0.47912800 0.84207338 -0.24768687
vn -0.49122197 0.83928548 -0.23302543
vn -0.49170420 0.83573755 -0.24447846
vn -0.47912800 0.84207338 -0.24768687
vn -0.49170420 0.83573755 -0.24447846
vn -0.49919830 0.82939293 -0.25081551
vn -0.43520594 0.86319346 -0.25591570
vn -0.43525796 0.86329665 -0.25547877
vn -0.44106614 0.86215067 -0.24931282
vn -0.44149654 0.85987875 -0.25629932
vn -0.44442726 0.86059254 -0.24872655
vn -0.46236490 0.84984848 -0.25293528
vn -0.46477778 0.84933127 -0.25023590
vn -0.44149654 0.85987875 -0.25629932
vn -0.46236490 0.84984848 -0.25293528
vn -0.46552396 0.84485959 -0.26362798
vn -0.46694546 0.84464950 -0.26178075
vn -0.46552396 0.84485959 -0.26362798
vn -0.46694546 0.84464950 -0.26178075
vn -0.47552409 0.83444405 -0.27853180
vn -0.49944355 0.81765088 -0.28636197
vn -0.50696704 0.81907338 -0.26852041
vn -0.50901362 0.81546212 -0.27554795
vn -0.49923366 0.81645886 -0.29010461
vn -0.49944355 0.81765088 -0.28636197
vn -0.50901362 0.81546212 -0.27554795
vn -0.51079311 0.80824827 -0.29295927
vn -0.51389928 0.81290583 -0.27402855
vn -0.51795267 0.80705051 -0.28353927
vn -0.51079311 0.80824827 -0.29295927
vn -0.51795267 0.80705051 -0.28353927
vn -0.51945090 0.79863546 -0.30389498
vn -0.53727808 0.78569681 -0.30661505
vn -0.54539371 0.78385068 -0.29685656
vn -0.54803246 0.78541826 -0.28771267
vn -0.54825125 0.78497577 -0.28850236
vn -0.53709263 0.78519160 -0.30822987
vn -0.53727808 0.78569681 -0.30661505
vn -0.54010149 0.78279296 -0.30907211
vn -0.54539371 0.78385068 -0.29685656
vn -0.54676496 0.78172553 -0.29992212
vn -0.54010149 0.78279296 -0.30907211
vn -0.54641000 0.77400202 -0.31993278
vn -0.54676496 0.78172553 -0.29992212
vn -0.55139074 0.77824065 -0.30051578
vn -0.55165389 0.77641357 -0.30472931
vn -0.55139074 0.77824065 -0.30051578
vn -0.55165389 0.77641357 -0.30472931
vn -0.55813033 0.77675045 -0.29180347
vn -0.56119644 0.77456410 -0.29173447
vn -0.56123731 0.77430720 -0.29233720
vn -0.54590043 0.77068100 -0.32869973
vn -0.54599702 0.77031262 -0.32940206
vn -0.54641000 0.77400202 -0.31993278
vn -0.55165389 0.77641357 -0.30472931
vn -0.55413162 0.75754868 -0.34504803
vn -0.56123731 0.77430720 -0.29233720
vn -0.59867337 0.72042369 -0.35011412
vn -0.61553377 0.71034120 -0.34137013
vn -0.61956387 0.72640437 -0.29745133
vn -0.62597093 0.71905408 -0.30186359
vn -0.62713994 0.70800268 -0.32469633
vn -0.63010642 0.71028081 -0.31379464
vn -0.62597093 0.71905408 -0.30186359
vn -0.63010642 0.71028081 -0.31379464
vn -0.63666047 0.70870757 -0.30396879
vn -0.63667546 0.70873953 -0.30386286
vn -0.63666047 0.70870757 -0.30396879
vn -0.63667546 0.70873953 -0.30386286
vn -0.64962762 0.70100121 -0.29424692
vn -0.65931261 0.69181506 -0.29444660
vn -0.66494972 0.68190079 -0.30471821
vn -0.66566991 0.68263933 -0.30147489
vn -0.65931261 0.69181506 -0.29444660
vn -0.66023409 0.69278196 -0.29007604
vn -0.66566991 0.68263933 -0.30147489
vn -0.67393571 0.67445910 -0.30152210
vn -0.67916703 0.67096476 -0.29755408
vn -0.68077440 0.67255271 -0.29020523
vn -0.67916703 0.67096476 -0.29755408
vn -0.68077440 0.67255271 -0.29020523
vn -0.68394565 0.66611104 -0.29751374
vn -0.68479778 0.67064100 -0.28511867
vn -0.68597223 0.66808478 -0.28827906
vn -0.68394565 0.66611104 -0.29751374
vn -0.68493471 0.66457575 -0.29866959
vn -0.68597223 0.66808478 -0.28827906
vn -0.68713059 0.66231814 -0.29864064
vn -0.68738012 0.66214545 -0.29844930
vn -0.68963847 0.66432089 -0.28823001
vn -0.68738012 0.66214545 -0.29844930
vn -0.68963847 0.66432089 -0.28823001
vn -0.69173872 0.66326132 -0.28562558
vn -0.69391953 0.65534304 -0.29833066
vn -0.69429285 0.65501258 -0.29818777
vn -0.69515449 0.65582547 -0.29436914
vn 0.00000000 -1.00000000 0.00000000
vn 0.00000000 -1.00000000 0.00000000
vn -0.69173872 0.66326132 -0.28562558
vn -0.69317907 0.66407351 -0.28019487
vn -0.69515449 0.65582547 -0.29436914
vn 1.00000000 0.00000000 0.00000000
vn -0.38748880 0.89673732 -0.21380976
vn -0.39526611 0.89337337 -0.21365561
vn -0.39878046 0.89163234 -0.21439664
vn -0.39977483 0.89104744 -0.21497570
vn -0.40005511 0.89086700 -0.21520199
vn -0.39526611 0.89337337 -0.21365561
vn -0.39807705 0.89216531 -0.21348471
vn -0.39878046 0.89163234 -0.21439664
vn -0.39807705 0.89216531 -0.21348471
vn -0.39878046 0.89163234 -0.21439664
vn -0.39977483 0.89104744 -0.21497570
vn -0.40592011 0.88898989 -0.21195716
vn -0.40654269 0.88867530 -0.21208311
vn -0.40670364 0.88755803 -0.21640908
vn -0.40809318 0.88727734 -0.21493926
vn -0.40592011 0.88898989 -0.21195716
vn -0.40654269 0.88867530 -0.21208311
vn -0.40681976 0.88863220 -0.21173214
vn -0.40654269 0.88867530 -0.21208311
vn -0.40681976 0.88863220 -0.21173214
vn -0.40809318 0.88727734 -0.21493926
vn -0.41276114 0.88633913 -0.20983611
vn -0.42325901 0.88147974 -0.20939265
vn -0.43161960 0.87687319 -0.21165519
vn -0.42325901 0.88147974 -0.20939265
vn -0.42516692 0.88061691 -0.20915768
vn -0.43161960 0.87687319 -0.21165519
vn -0.44142296 0.87181998 -0.21231037
vn -0.44471473 0.87046492 -0.21099677
vn 0.65927223 -0.72043227 0.21526139
vn 0.67462480 -0.73480039 -0.07035456
vn 0.81488687 -0.00211327 -0.57961619
vn 1.00000000 0.00000000 0.00000000
vn 0.00000000 -1.00000000 0.00000000
vn 0.00000000 0.00000000 -1.00000000
vn -0.65380851 0.62065820 -0.43280231
vn 0.00000000 0.00000000 -1.00000000
vn 0.67462480 -0.73480039 -0.07035456
vn 0.81488687 -0.00211327 -0.57961619
vn -0.40657244 0.88727172 -0.21782503
vn -0.40670364 0.88755803 -0.21640908
vn -0.40809318 0.88727734 -0.21493926
vn -0.41368551 0.88184045 -0.22632216
vn -0.43066049 0.87455221 -0.22291250
vn -0.43161960 0.87687319 -0.21165519
vn -0.44142183 0.87181775 -0.21232188
vn -0.41306373 0.88094308 -0.23090613
vn -0.41371680 0.88039930 -0.23180913
vn -0.41368551 0.88184045 -0.22632216
vn -0.42182339 0.87606900 -0.23359821
vn -0.43066049 0.87455221 -0.22291250
vn -0.43075972 0.87443544 -0.22317871
vn -0.41323960 0.87938381 -0.23646804
vn -0.41371680 0.88039930 -0.23180913
vn -0.42182339 0.87606900 -0.23359821
vn -0.42563708 0.87274656 -0.23905338
vn -0.41148770 0.87972835 -0.23823498
vn -0.41323960 0.87938381 -0.23646804
vn -0.42563708 0.87274656 -0.23905338
vn -0.43005609 0.86970158 -0.24222080
vn -0.39872256 0.88340613 -0.24619896
vn -0.39943185 0.88283327 -0.24710242
vn -0.40185355 0.88299652 -0.24255075
vn -0.41148770 0.87972835 -0.23823498
vn -0.43005609 0.86970158 -0.24222080
vn -0.43525796 0.86329665 -0.25547877
vn -0.44034524 0.86297209 -0.24774027
vn -0.44106614 0.86215067 -0.24931282
vn -0.44034524 0.86297209 -0.24774027
vn -0.44106614 0.86215067 -0.24931282
vn -0.44442726 0.86059254 -0.24872655
vn -0.39861741 0.88103316 -0.25472482
vn -0.39943185 0.88283327 -0.24710242
vn -0.40233653 0.87778083 -0.26005024
vn -0.41690884 0.86992472 -0.26347295
vn -0.43520594 0.86319346 -0.25591570
vn -0.43525796 0.86329665 -0.25547877
vn -0.41444866 0.87035561 -0.26591994
vn -0.41690884 0.86992472 -0.26347295
vn -0.43520594 0.86319346 -0.25591570
vn -0.44149654 0.85987875 -0.25629932
vn -0.46552396 0.84485959 -0.26362798
vn -0.47550290 0.83444682 -0.27855966
vn -0.47552409 0.83444405 -0.27853180
vn -0.47550290 0.83444682 -0.27855966
vn -0.47552409 0.83444405 -0.27853180
vn -0.48635091 0.82108281 -0.29880731
vn -0.49069167 0.81877173 -0.29805122
vn -0.49923366 0.81645886 -0.29010461
vn -0.49944355 0.81765088 -0.28636197
vn -0.49029589 0.81811133 -0.30050590
vn -0.49069167 0.81877173 -0.29805122
vn -0.49923366 0.81645886 -0.29010461
vn -0.51079311 0.80824827 -0.29295927
vn -0.51919387 0.79824029 -0.30536891
vn -0.51945090 0.79863546 -0.30389498
vn -0.51919387 0.79824029 -0.30536891
vn -0.51945090 0.79863546 -0.30389498
vn -0.52605799 0.78863994 -0.31829237
vn -0.53709263 0.78519160 -0.30822987
vn -0.53727808 0.78569681 -0.30661505
vn -0.52590243 0.78856782 -0.31872782
vn -0.52605799 0.78863994 -0.31829237
vn -0.52634779 0.78435846 -0.32823744
vn -0.53709263 0.78519160 -0.30822987
vn -0.54010149 0.78279296 -0.30907211
vn -0.54426325 0.77091058 -0.33086914
vn -0.54590043 0.77068100 -0.32869973
vn -0.54641000 0.77400202 -0.31993278
vn -0.54426325 0.77091058 -0.33086914
vn -0.54542000 0.76890110 -0.33362872
vn -0.54590043 0.77068100 -0.32869973
vn -0.54599702 0.77031262 -0.32940206
vn -0.54542000 0.76890110 -0.33362872
vn -0.54599702 0.77031262 -0.32940206
vn -0.54624921 0.76224568 -0.34726549
vn -0.55342934 0.75658859 -0.34826666
vn -0.55413162 0.75754868 -0.34504803
vn -0.55342934 0.75658859 -0.34826666
vn -0.55413162 0.75754868 -0.34504803
vn -0.56689151 0.73613327 -0.36978618
vn -0.57441605 0.73022288 -0.36989289
vn -0.59867337 0.72042369 -0.35011412
vn -0.57441605 0.73022288 -0.36989289
vn -0.57451734 0.72945717 -0.37124395
vn -0.59867337 0.72042369 -0.35011412
vn -0.61553377 0.71034120 -0.34137013
vn -0.62269035 0.70330952 -0.34294672
vn -0.62636195 0.68358147 -0.37468264
vn -0.63304821 0.68255627 -0.36519433
vn -0.61553377 0.71034120 -0.34137013
vn -0.62269035 0.70330952 -0.34294672
vn -0.62713994 0.70800268 -0.32469633
vn -0.62974925 0.70203703 -0.33250548
vn -0.62713994 0.70800268 -0.32469633
vn -0.62974925 0.70203703 -0.33250548
vn -0.63010642 0.71028081 -0.31379464
vn -0.63666047 0.70870757 -0.30396879
vn -0.65993906 0.67330960 -0.33336859
vn -0.66494972 0.68190079 -0.30471821
vn -0.66504709 0.67225389 -0.32524926
vn -0.66804212 0.67516118 -0.31285316
vn -0.66494972 0.68190079 -0.30471821
vn -0.66566991 0.68263933 -0.30147489
vn -0.66804212 0.67516118 -0.31285316
vn -0.67260452 0.67312688 -0.30741398
vn -0.67393571 0.67445910 -0.30152210
vn -0.67260452 0.67312688 -0.30741398
vn -0.67393571 0.67445910 -0.30152210
vn -0.67916703 0.67096476 -0.29755408
vn -0.68295825 0.66265803 -0.30733104
vn -0.68394565 0.66611104 -0.29751374
vn -0.68493471 0.66457575 -0.29866959
vn -0.68295825 0.66265803 -0.30733104
vn -0.68394618 0.66036002 -0.31006817
vn -0.68481562 0.66008676 -0.30872810
vn -0.68493471 0.66457575 -0.29866959
vn -0.68713059 0.66231814 -0.29864064
vn -0.68481562 0.66008676 -0.30872810
vn -0.68713059 0.66231814 -0.29864064
vn -0.68738012 0.66214545 -0.29844930
vn -0.69391953 0.65534304 -0.29833066
vn -0.69503864 0.64941285 -0.30851943
vn -0.69703741 0.65028588 -0.30210448
vn 0.00000000 -1.00000000 0.00000000
vn -0.69429285 0.65501258 -0.29818777
vn -0.69515449 0.65582547 -0.29436914
vn 0.00000000 -1.00000000 0.00000000
vn -0.69391953 0.65534304 -0.29833066
vn -0.69429285 0.65501258 -0.29818777
vn -0.69703741 0.65028588 -0.30210448
vn 1.00000000 0.00000000 0.00000000
vn -0.40003208 0.88459867 -0.23970716
vn -0.40005511 0.89086700 -0.21520199
vn -0.40253185 0.88937939 -0.21673120
vn -0.40977063 0.88234341 -0.23142631
vn -0.39977483 0.89104744 -0.21497570
vn -0.40005511 0.89086700 -0.21520199
vn -0.40253185 0.88937939 -0.21673120
vn -0.40657244 0.88727172 -0.21782503
vn -0.40670364 0.88755803 -0.21640908
vn 0.00000000 0.00000000 -1.00000000
vn 0.81488687 -0.00211327 -0.57961619
vn 1.00000000 0.00000000 0.00000000
vn 0.00000000 0.00000000 -1.00000000
vn -0.65380851 0.62065820 -0.43280231
vn -0.66761615 0.64509407 -0.37167502
vn -0.66853671 0.63907543 -0.38031733
vn -0.66859975 0.63624176 -0.38492960
vn 0.00000000 -1.00000000 0.00000000
vn -0.65380851 0.62065820 -0.43280231
vn -0.66859975 0.63624176 -0.38492960
vn -0.40253185 0.88937939 -0.21673120
vn -0.40657244 0.88727172 -0.21782503
vn -0.40977063 0.88234341 -0.23142631
vn -0.41306373 0.88094308 -0.23090613
vn -0.41368551 0.88184045 -0.22632216
vn -0.39970289 0.88387073 -0.24292001
vn -0.40003208 0.88459867 -0.23970716
vn -0.40185355 0.88299652 -0.24255075
vn -0.40977063 0.88234341 -0.23142631
vn -0.41148770 0.87972835 -0.23823498
vn -0.41306373 0.88094308 -0.23090613
vn -0.41323960 0.87938381 -0.23646804
vn -0.41371680 0.88039930 -0.23180913
vn -0.39023696 0.88535819 -0.25269741
vn -0.39072446 0.88646420 -0.24802342
vn -0.39721741 0.88419688 -0.24579300
vn -0.39861741 0.88103316 -0.25472482
vn -0.39872256 0.88340613 -0.24619896
vn -0.39943185 0.88283327 -0.24710242
vn -0.39721741 0.88419688 -0.24579300
vn -0.39743566 0.88447236 -0.24444537
vn -0.39872256 0.88340613 -0.24619896
vn -0.39970289 0.88387073 -0.24292001
vn -0.40185355 0.88299652 -0.24255075
vn -0.37599077 0.89074229 -0.25536076
vn -0.38548832 0.88158014 -0.27242471
vn -0.38587144 0.88137978 -0.27253058
vn -0.39023696 0.88535819 -0.25269741
vn -0.39135353 0.87904893 -0.27224141
vn -0.39861741 0.88103316 -0.25472482
vn -0.40233653 0.87778083 -0.26005024
vn -0.39135353 0.87904893 -0.27224141
vn -0.39288015 0.87695391 -0.27676170
vn -0.39339320 0.87676938 -0.27661751
vn -0.40233653 0.87778083 -0.26005024
vn -0.41444866 0.87035561 -0.26591994
vn -0.41690884 0.86992472 -0.26347295
vn -0.38160489 0.87543470 -0.29663411
vn -0.38165346 0.87590308 -0.29518543
vn -0.38514049 0.87077899 -0.30563174
vn -0.38529518 0.87062261 -0.30588215
vn -0.38815557 0.87730327 -0.28226624
vn -0.39339320 0.87676938 -0.27661751
vn -0.40004959 0.85923398 -0.31886876
vn -0.41444866 0.87035561 -0.26591994
vn -0.43785651 0.83645720 -0.32957704
vn -0.45506087 0.82891619 -0.32529610
vn -0.47048389 0.82353363 -0.31691841
vn -0.47550290 0.83444682 -0.27855966
vn -0.48635091 0.82108281 -0.29880731
vn -0.47048389 0.82353363 -0.31691841
vn -0.47682568 0.82026859 -0.31590618
vn -0.48635091 0.82108281 -0.29880731
vn -0.49029589 0.81811133 -0.30050590
vn -0.49069167 0.81877173 -0.29805122
vn -0.47682568 0.82026859 -0.31590618
vn -0.48097578 0.81473217 -0.32384223
vn -0.49029589 0.81811133 -0.30050590
vn -0.51604117 0.79018910 -0.33060959
vn -0.51919387 0.79824029 -0.30536891
vn -0.52590243 0.78856782 -0.31872782
vn -0.52605799 0.78863994 -0.31829237
vn -0.51604117 0.79018910 -0.33060959
vn -0.51644706 0.78588905 -0.34008945
vn -0.52590243 0.78856782 -0.31872782
vn -0.52634779 0.78435846 -0.32823744
vn -0.51387795 0.78455471 -0.34699187
vn -0.51644706 0.78588905 -0.34008945
vn -0.52634779 0.78435846 -0.32823744
vn -0.52767015 0.76344071 -0.37245470
vn -0.53686043 0.75630313 -0.37388026
vn -0.54426325 0.77091058 -0.33086914
vn -0.54542000 0.76890110 -0.33362872
vn -0.54624921 0.76224568 -0.34726549
vn -0.53674556 0.75314308 -0.38036785
vn -0.53686043 0.75630313 -0.37388026
vn -0.53693417 0.75267535 -0.38102693
vn -0.54624921 0.76224568 -0.34726549
vn -0.55342934 0.75658859 -0.34826666
vn -0.55556308 0.73758928 -0.38381208
vn -0.56689151 0.73613327 -0.36978618
vn -0.55556308 0.73758928 -0.38381208
vn -0.55619509 0.73175423 -0.39393244
vn -0.56689151 0.73613327 -0.36978618
vn -0.57190161 0.72981375 -0.37456702
vn -0.57441605 0.73022288 -0.36989289
vn -0.57451734 0.72945717 -0.37124395
vn 0.00000000 0.00000000 -1.00000000
vn -0.57190161 0.72981375 -0.37456702
vn -0.57451734 0.72945717 -0.37124395
vn -0.62636195 0.68358147 -0.37468264
vn -0.62848616 0.67761431 -0.38189527
vn -0.62636195 0.68358147 -0.37468264
vn -0.62848616 0.67761431 -0.38189527
vn -0.63304821 0.68255627 -0.36519433
vn -0.63548692 0.67693560 -0.37136851
vn -0.63653542 0.67891443 -0.36592056
vn -0.62269035 0.70330952 -0.34294672
vn -0.62974925 0.70203703 -0.33250548
vn -0.63304821 0.68255627 -0.36519433
vn -0.63653542 0.67891443 -0.36592056
vn -0.65875581 0.66745327 -0.34719867
vn -0.65993906 0.67330960 -0.33336859
vn -0.66070112 0.66935149 -0.33976848
vn -0.65993906 0.67330960 -0.33336859
vn -0.66070112 0.66935149 -0.33976848
vn -0.66504709 0.67225389 -0.32524926
vn -0.66584329 0.66835239 -0.33159884
vn -0.66504709 0.67225389 -0.32524926
vn -0.66584329 0.66835239 -0.33159884
vn -0.66804212 0.67516118 -0.31285316
vn -0.67260452 0.67312688 -0.30741398
vn -0.67888951 0.65517562 -0.33144221
vn -0.68295825 0.66265803 -0.30733104
vn -0.68363141 0.65963807 -0.31229106
vn -0.68394618 0.66036002 -0.31006817
vn 0.00000000 -1.00000000 0.00000000
vn -0.68363141 0.65963807 -0.31229106
vn -0.68394618 0.66036002 -0.31006817
vn -0.68481562 0.66008676 -0.30872810
vn -0.69503864 0.64941285 -0.30851943
vn 0.00000000 -1.00000000 0.00000000
vn -0.69503864 0.64941285 -0.30851943
vn -0.69703741 0.65028588 -0.30210448
vn 1.00000000 0.00000000 0.00000000
vn -0.39743566 0.88447236 -0.24444537
vn -0.39970289 0.88387073 -0.24292001
vn -0.40003208 0.88459867 -0.23970716
vn 0.00000000 0.00000000 -1.00000000
vn 0.01160623 0.00570981 -0.99991634
vn 1.00000000 0.00000000 0.00000000
vn 0.00000000 0.00000000 -1.00000000
vn -0.62848616 0.67761431 -0.38189527
vn -0.63548692 0.67693560 -0.37136851
vn -0.66760736 0.64516344 -0.37157037
vn -0.66761615 0.64509407 -0.37167502
vn 0.00000000 -1.00000000 0.00000000
vn -0.66853671 0.63907543 -0.38031733
vn -0.66859975 0.63624176 -0.38492960
vn -0.67629118 0.63781473 -0.36854120
vn -0.66760736 0.64516344 -0.37157037
vn -0.66761615 0.64509407 -0.37167502
vn -0.66853671 0.63907543 -0.38031733
vn -0.66901217 0.64818694 -0.36369823
vn -0.67271124 0.64650401 -0.35985018
vn -0.67629118 0.63781473 -0.36854120
vn 1.00000000 0.00000000 0.00000000
vn -0.37599077 0.89074229 -0.25536076
vn -0.39023696 0.88535819 -0.25269741
vn -0.39072446 0.88646420 -0.24802342
vn 1.00000000 0.00000000 0.00000000
vn -0.39072446 0.88646420 -0.24802342
vn -0.39721741 0.88419688 -0.24579300
vn -0.39743566 0.88447236 -0.24444537
vn 1.00000000 0.00000000 0.00000000
vn 1.00000000 0.00000000 0.00000000
vn -0.37599077 0.89074229 -0.25536076
vn -0.38548832 0.88158014 -0.27242471
vn 1.00000000 0.00000000 0.00000000
vn 1.00000000 0.00000000 0.00000000
vn -0.38548832 0.88158014 -0.27242471
vn -0.38587144 0.88137978 -0.27253058
vn 1.00000000 0.00000000 0.00000000
vn -0.38587144 0.88137978 -0.27253058
vn -0.38856285 0.87786079 -0.27996312
vn -0.39135353 0.87904893 -0.27224141
vn -0.39288015 0.87695391 -0.27676170
vn -0.38815557 0.87730327 -0.28226624
vn -0.38856285 0.87786079 -0.27996312
vn -0.39288015 0.87695391 -0.27676170
vn -0.39339320 0.87676938 -0.27661751
vn 1.00000000 0.00000000 0.00000000
vn -0.38165346 0.87590308 -0.29518543
vn -0.38815557 0.87730327 -0.28226624
vn -0.38856285 0.87786079 -0.27996312
vn 1.00000000 0.00000000 0.00000000
vn -0.38160489 0.87543470 -0.29663411
vn -0.38165346 0.87590308 -0.29518543
vn 1.00000000 0.00000000 0.00000000
vn -0.38160489 0.87543470 -0.29663411
vn -0.38245040 0.87168050 -0.30643888
vn -0.38514049 0.87077899 -0.30563174
vn -0.38511505 0.87072146 -0.30582762
vn -0.38514049 0.87077899 -0.30563174
vn -0.38511505 0.87072146 -0.30582762
vn -0.38529518 0.87062261 -0.30588215
vn -0.38245040 0.87168050 -0.30643888
vn -0.38511505 0.87072146 -0.30582762
vn -0.38529518 0.87062261 -0.30588215
vn -0.39355707 0.85892908 -0.32764869
vn -0.40004959 0.85923398 -0.31886876
vn -0.40354354 0.85451749 -0.32703588
vn -0.40466264 0.85444522 -0.32583970
vn -0.40004959 0.85923398 -0.31886876
vn -0.40466264 0.85444522 -0.32583970
vn -0.43076425 0.83904657 -0.33232968
vn -0.43785651 0.83645720 -0.32957704
vn -0.40940812 0.84016844 -0.35567118
vn -0.41101255 0.84058628 -0.35282205
vn -0.41955889 0.82333374 -0.38221969
vn -0.43076425 0.83904657 -0.33232968
vn -0.43785651 0.83645720 -0.32957704
vn -0.45506087 0.82891619 -0.32529610
vn -0.46084324 0.79539849 -0.39365562
vn -0.47399146 0.81533498 -0.33250709
vn -0.48865930 0.79348085 -0.36276745
vn -0.45506087 0.82891619 -0.32529610
vn -0.47048389 0.82353363 -0.31691841
vn -0.47399146 0.81533498 -0.33250709
vn -0.47682568 0.82026859 -0.31590618
vn -0.48097578 0.81473217 -0.32384223
vn -0.47399146 0.81533498 -0.33250709
vn -0.48097578 0.81473217 -0.32384223
vn -0.48865930 0.79348085 -0.36276745
vn -0.49340972 0.79002606 -0.36387591
vn -0.51387795 0.78455471 -0.34699187
vn -0.51604117 0.79018910 -0.33060959
vn -0.51644706 0.78588905 -0.34008945
vn -0.49171359 0.78749282 -0.37158149
vn -0.49340972 0.79002606 -0.36387591
vn -0.51387795 0.78455471 -0.34699187
vn -0.52644200 0.76166380 -0.37779238
vn -0.52767015 0.76344071 -0.37245470
vn -0.52644200 0.76166380 -0.37779238
vn -0.52767015 0.76344071 -0.37245470
vn -0.52854774 0.75767600 -0.38283726
vn -0.53259960 0.75110123 -0.39010846
vn -0.53646748 0.75272489 -0.38158602
vn -0.53674556 0.75314308 -0.38036785
vn -0.53686043 0.75630313 -0.37388026
vn -0.53646748 0.75272489 -0.38158602
vn -0.53674556 0.75314308 -0.38036785
vn -0.53693417 0.75267535 -0.38102693
vn -0.52672029 0.73799992 -0.42180784
vn -0.53259960 0.75110123 -0.39010846
vn -0.53545336 0.71555590 -0.44863065
vn -0.53646748 0.75272489 -0.38158602
vn -0.53693417 0.75267535 -0.38102693
vn -0.55556308 0.73758928 -0.38381208
vn -0.55619509 0.73175423 -0.39393244
vn 0.00000000 0.00000000 -1.00000000
vn -0.53545336 0.71555590 -0.44863065
vn -0.55619509 0.73175423 -0.39393244
vn -0.57190161 0.72981375 -0.37456702
vn -0.63548692 0.67693560 -0.37136851
vn -0.63653542 0.67891443 -0.36592056
vn -0.65875581 0.66745327 -0.34719867
vn -0.66760736 0.64516344 -0.37157037
vn -0.66901217 0.64818694 -0.36369823
vn -0.65875581 0.66745327 -0.34719867
vn -0.66070112 0.66935149 -0.33976848
vn -0.66584329 0.66835239 -0.33159884
vn -0.66901217 0.64818694 -0.36369823
vn -0.67271124 0.64650401 -0.35985018
vn -0.67536580 0.64639451 -0.35504250
vn -0.67888951 0.65517562 -0.33144221
vn -0.67913675 0.65394744 -0.33335571
vn 0.00000000 -1.00000000 0.00000000
vn -0.67888951 0.65517562 -0.33144221
vn -0.67913675 0.65394744 -0.33335571
vn -0.68363141 0.65963807 -0.31229106
vn 0.00000000 0.00000000 -1.00000000
vn 0.01160623 0.00570981 -0.99991634
vn -0.32973032 0.84019410 -0.43052502
vn -0.39202527 0.83196907 -0.39261132
vn -0.40491672 0.82353739 -0.39727649
vn -0.40502940 0.82265377 -0.39898867
vn 0.01160623 0.00570981 -0.99991634
vn 1.00000000 0.00000000 0.00000000
vn -0.32973032 0.84019410 -0.43052502
vn 0.00000000 -1.00000000 0.00000000
vn -0.67271124 0.64650401 -0.35985018
vn -0.67536580 0.64639451 -0.35504250
vn -0.67629118 0.63781473 -0.36854120
vn 1.00000000 0.00000000 0.00000000
vn -0.38245040 0.87168050 -0.30643888
vn -0.39355707 0.85892908 -0.32764869
vn -0.40354354 0.85451749 -0.32703588
vn -0.40466264 0.85444522 -0.32583970
vn -0.41101255 0.84058628 -0.35282205
vn -0.43076425 0.83904657 -0.33232968
vn 1.00000000 0.00000000 0.00000000
vn -0.39355707 0.85892908 -0.32764869
vn -0.39759917 0.84229645 -0.36393900
vn -0.40354354 0.85451749 -0.32703588
vn -0.40940812 0.84016844 -0.35567118
vn -0.41101255 0.84058628 -0.35282205
vn -0.39202527 0.83196907 -0.39261132
vn -0.39759917 0.84229645 -0.36393900
vn -0.40491672 0.82353739 -0.39727649
vn -0.40940812 0.84016844 -0.35567118
vn -0.41955889 0.82333374 -0.38221969
vn -0.40491672 0.82353739 -0.39727649
vn -0.40502940 0.82265377 -0.39898867
vn -0.41945636 0.79205579 -0.44351323
vn -0.41955889 0.82333374 -0.38221969
vn -0.44930532 0.77082373 -0.45161433
vn -0.46084324 0.79539849 -0.39365562
vn -0.46460818 0.78650277 -0.40688160
vn -0.46084324 0.79539849 -0.39365562
vn -0.46460818 0.78650277 -0.40688160
vn -0.48865930 0.79348085 -0.36276745
vn -0.49171359 0.78749282 -0.37158149
vn -0.49340972 0.79002606 -0.36387591
vn 0.00000000 0.00000000 -1.00000000
vn -0.44930532 0.77082373 -0.45161433
vn -0.46460818 0.78650277 -0.40688160
vn -0.49171359 0.78749282 -0.37158149
vn -0.52644200 0.76166380 -0.37779238
vn -0.52854774 0.75767600 -0.38283726
vn 0.00000000 0.00000000 -1.00000000
vn -0.52672029 0.73799992 -0.42180784
vn -0.52854774 0.75767600 -0.38283726
vn -0.53259960 0.75110123 -0.39010846
vn 0.00000000 0.00000000 -1.00000000
vn -0.52672029 0.73799992 -0.42180784
vn -0.53545336 0.71555590 -0.44863065
vn 0.00000000 -1.00000000 0.00000000
vn -0.67536580 0.64639451 -0.35504250
vn -0.67913675 0.65394744 -0.33335571
vn 0.00000000 0.00000000 -1.00000000
vn -0.40502940 0.82265377 -0.39898867
vn -0.41945636 0.79205579 -0.44351323
vn 1.00000000 0.00000000 0.00000000
vn -0.32973032 0.84019410 -0.43052502
vn -0.39202527 0.83196907 -0.39261132
vn -0.39759917 0.84229645 -0.36393900
vn 0.00000000 0.00000000 -1.00000000
vn -0.41945636 0.79205579 -0.44351323
vn -0.44930532 0.77082373 -0.45161433
f 6//6 9//9 17//17
f 4//4 16//16 20//20
f 5//5 23//23 26//26
f 3//3 24//24 68//68
f 2//2 67//67 132//132
f 1//1 131//131 197//197
f 1//1 197//197 185//185
f 1//1 185//185 303//303
f 1//1 303//303 466//466
f 1//1 466//466 607//607
f 1//1 607//607 731//731
f 1//1 731//731 742//742
f 2//2 743//743 909//909
f 1//1 908//908 1078//1078
f 1//1 1078//1078 1081//1081
f 1//1 1081//1081 1227//1227
f 1//1 1227//1227 1222//1222
f 1//1 1222//1222 1363//1363
f 1//1 1363//1363 1423//1423
f 1//1 1423//1423 1376//1376
f 1//1 1376//1376 1242//1242
f 1//1 1242//1242 1103//1103
f 1//1 1103//1103 947//947
f 1//1 947//947 776//776
f 1//1 776//776 635//635
f 1//1 635//635 508//508
f 1//1 508//508 344//344
f 1//1 344//344 225//225
f 1//1 225//225 136//136
f 1//1 136//136 72//72
f 1//1 72//72 28//28
f 1//1 28//28 7//7
f 8//8 32//32 11//11
f 10//10 31//31 35//35
f 12//12 36//36 39//39
f 13//13 41//41 44//44
f 14//14 50//50 53//53
f 15//15 55//55 18//18
f 19//19 56//56 59//59
f 21//21 61//61 63//63
f 22//22 65//65 25//25
f 27//27 66//66 71//71
f 29//29 74//74 77//77
f 30//30 78//78 33//33
f 34//34 81//81 38//38
f 37//37 80//80 84//84
f 40//40 86//86 42//42
f 45//45 93//93 97//97
f 46//46 98//98 100//100
f 47//47 102//102 104//104
f 48//48 106//106 108//108
f 49//49 110//110 51//51
f 43//43 87//87 90//90
f 52//52 111//111 120//120
f 54//54 125//125 58//58
f 57//57 124//124 128//128
f 60//60 129//129 62//62
f 64//64 130//130 70//70
f 69//69 127//127 135//135
f 73//73 144//144 76//76
f 75//75 143//143 147//147
f 79//79 150//150 83//83
f 82//82 149//149 153//153
f 85//85 155//155 88//88
f 91//91 162//162 166//166
f 92//92 167//167 94//94
f 89//89 156//156 159//159
f 95//95 168//168 175//175
f 96//96 176//176 113//113
f 99//99 115//115 101//101
f 103//103 116//116 105//105
f 107//107 119//119 109//109
f 123//123 134//134 126//126
f 112//112 173//173 180//180
f 114//114 184//184 187//187
f 117//117 188//188 190//190
f 118//118 191//191 194//194
f 121//121 195//195 198//198
f 122//122 201//201 133//133
f 138//138 203//203 209//209
f 137//137 207//207 213//213
f 141//141 214//214 219//219
f 142//142 221//221 145//145
f 140//140 226//226 230//230
f 139//139 229//229 204//204
f 146//146 222//222 233//233
f 148//148 237//237 152//152
f 154//154 242//242 157//157
f 151//151 236//236 240//240
f 160//160 254//254 257//257
f 161//161 259//259 163//163
f 158//158 243//243 247//247
f 164//164 260//260 264//264
f 165//165 265//265 174//174
f 169//169 262//262 274//274
f 170//170 277//277 279//279
f 171//171 281//281 284//284
f 172//172 286//286 179//179
f 177//177 285//285 289//289
f 178//178 290//290 295//295
f 181//181 297//297 300//300
f 182//182 302//302 307//307
f 183//183 308//308 186//186
f 189//189 200//200 193//193
f 192//192 199//199 196//196
f 202//202 310//310 208//208
f 205//205 232//232 351//351
f 205//205 351//351 515//515
f 205//205 515//515 645//645
f 205//205 645//645 775//775
f 205//205 775//775 946//946
f 205//205 946//946 1097//1097
f 205//205 1097//1097 1236//1236
f 205//205 1236//1236 1374//1374
f 205//205 1374//1374 1429//1429
f 205//205 1429//1429 1387//1387
f 205//205 1387//1387 1380//1380
f 205//205 1380//1380 1284//1284
f 205//205 1284//1284 1281//1281
f 205//205 1281//1281 1277//1277
f 205//205 1277//1277 1268//1268
f 205//205 1268//1268 1264//1264
f 206//206 1265//1265 1261//1261
f 205//205 1260//1260 1252//1252
f 205//205 1252//1252 1256//1256
f 205//205 1256//1256 1230//1230
f 205//205 1230//1230 1085//1085
f 205//205 1085//1085 913//913
f 205//205 913//913 747//747
f 205//205 747//747 610//610
f 205//205 610//610 482//482
f 205//205 482//482 470//470
f 205//205 470//470 311//311
f 210//210 313//313 315//315
f 211//211 316//316 320//320
f 212//212 321//321 216//216
f 218//218 327//327 333//333
f 215//215 331//331 220//220
f 217//217 322//322 326//326
f 224//224 332//332 339//339
f 223//223 338//338 234//234
f 228//228 345//345 348//348
f 227//227 347//347 231//231
f 235//235 343//343 239//239
f 238//238 342//342 355//355
f 241//241 356//356 244//244
f 245//245 357//357 361//361
f 246//246 362//362 365//365
f 248//248 370//370 373//373
f 249//249 375//375 377//377
f 250//250 380//380 382//382
f 251//251 384//384 386//386
f 252//252 387//387 389//389
f 253//253 391//391 255//255
f 256//256 392//392 402//402
f 258//258 403//403 263//263
f 261//261 400//400 272//272
f 267//267 410//410 412//412
f 268//268 416//416 418//418
f 269//269 419//419 426//426
f 270//270 427//427 429//429
f 271//271 430//430 433//433
f 273//273 435//435 440//440
f 275//275 441//441 444//444
f 276//276 446//446 278//278
f 266//266 399//399 409//409
f 280//280 449//449 283//283
f 282//282 448//448 288//288
f 287//287 447//447 294//294
f 299//299 305//305 301//301
f 292//292 445//445 443//443
f 291//291 442//442 437//437
f 293//293 439//439 451//451
f 296//296 454//454 456//456
f 298//298 458//458 304//304
f 306//306 459//459 463//463
f 309//309 464//464 467//467
f 312//312 471//471 314//314
f 318//318 473//473 323//323
f 317//317 472//472 483//483
f 319//319 484//484 474//474
f 325//325 475//475 488//488
f 324//324 486//486 329//329
f 330//330 487//487 495//495
f 328//328 493//493 334//334
f 336//336 494//494 499//499
f 337//337 500//500 505//505
f 335//335 504//504 340//340
f 341//341 506//506 352//352
f 346//346 509//509 349//349
f 350//350 510//510 513//513
f 353//353 507//507 501//501
f 354//354 502//502 358//358
f 359//359 503//503 496//496
f 360//360 497//497 363//363
f 367//367 520//520 522//522
f 368//368 524//524 526//526
f 369//369 528//528 371//371
f 364//364 498//498 489//489
f 366//366 492//492 519//519
f 372//372 529//529 535//535
f 374//374 537//537 394//394
f 376//376 395//395 378//378
f 379//379 396//396 381//381
f 383//383 397//397 385//385
f 388//388 401//401 390//390
f 393//393 536//536 540//540
f 398//398 542//542 407//407
f 404//404 541//541 553//553
f 405//405 554//554 557//557
f 406//406 558//558 564//564
f 408//408 565//565 411//411
f 413//413 566//566 570//570
f 414//414 572//572 421//421
f 415//415 422//422 417//417
f 420//420 571//571 567//567
f 423//423 569//569 575//575
f 424//424 576//576 578//578
f 425//425 580//580 428//428
f 431//431 581//581 584//584
f 432//432 585//585 434//434
f 436//436 588//588 590//590
f 438//438 591//591 450//450
f 452//452 593//593 596//596
f 453//453 598//598 461//461
f 455//455 462//462 457//457
f 460//460 597//597 602//602
f 465//465 604//604 468//468
f 469//469 605//605 608//608
f 476//476 485//485 611//611
f 477//477 613//613 615//615
f 478//478 617//617 619//619
f 479//479 621//621 623//623
f 480//480 626//626 628//628
f 481//481 631//631 490//490
f 491//491 633//633 516//516
f 512//512 638//638 643//643
f 511//511 642//642 514//514
f 517//517 634//634 648//648
f 518//518 651//651 530//530
f 521//521 532//532 523//523
f 525//525 534//534 527//527
f 531//531 652//652 658//658
f 533//533 661//661 539//539
f 538//538 660//660 544//544
f 543//543 659//659 668//668
f 545//545 669//669 672//672
f 546//546 674//674 677//677
f 547//547 679//679 682//682
f 548//548 683//683 687//687
f 549//549 689//689 691//691
f 550//550 694//694 697//697
f 551//551 698//698 702//702
f 552//552 703//703 555//555
f 556//556 704//704 699//699
f 559//559 700//700 705//705
f 560//560 710//710 712//712
f 561//561 713//713 716//716
f 563//563 717//717 574//574
f 562//562 573//573 568//568
f 577//577 719//719 579//579
f 583//583 725//725 586//586
f 582//582 722//722 724//724
f 587//587 727//727 589//589
f 592//592 729//729 594//594
f 595//595 730//730 601//601
f 606//606 733//733 609//609
f 599//599 728//728 740//740
f 600//600 741//741 745//745
f 603//603 746//746 732//732
f 612//612 749//749 751//751
f 614//614 754//754 616//616
f 618//618 755//755 620//620
f 622//622 758//758 624//624
f 625//625 760//760 762//762
f 627//627 763//763 629//629
f 630//630 766//766 768//768
f 632//632 771//771 647//647
f 640//640 772//772 644//644
f 636//636 778//778 780//780
f 637//637 781//781 783//783
f 639//639 784//784 786//786
f 641//641 787//787 773//773
f 646//646 770//770 792//792
f 649//649 794//794 797//797
f 650//650 798//798 657//657
f 655//655 795//795 803//803
f 653//653 802//802 813//813
f 654//654 814//814 816//816
f 656//656 817//817 666//666
f 665//665 815//815 812//812
f 663//663 811//811 824//824
f 662//662 823//823 826//826
f 664//664 828//828 830//830
f 667//667 833//833 670//670
f 671//671 834//834 837//837
f 673//673 839//839 675//675
f 676//676 840//840 842//842
f 678//678 846//846 680//680
f 681//681 847//847 686//686
f 684//684 845//845 851//851
f 685//685 852//852 855//855
f 688//688 856//856 858//858
f 690//690 860//860 692//692
f 693//693 861//861 695//695
f 696//696 862//862 868//868
f 701//701 871//871 706//706
f 707//707 872//872 875//875
f 708//708 878//878 880//880
f 709//709 881//881 711//711
f 715//715 886//886 718//718
f 714//714 882//882 885//885
f 720//720 890//890 892//892
f 721//721 894//894 734//734
f 723//723 736//736 726//726
f 735//735 895//895 898//898
f 737//737 901//901 903//903
f 738//738 904//904 910//910
f 739//739 911//911 744//744
f 748//748 914//914 750//750
f 753//753 920//920 922//922
f 756//756 925//925 929//929
f 757//757 931//931 933//933
f 759//759 935//935 761//761
f 752//752 915//915 919//919
f 764//764 936//936 938//938
f 765//765 939//939 767//767
f 769//769 942//942 791//791
f 774//774 788//788 943//943
f 777//777 948//948 1098//1098
f 777//777 1098//1098 1237//1237
f 777//777 1237//1237 1193//1193
f 777//777 1193//1193 1346//1346
f 777//777 1346//1346 1420//1420
f 777//777 1420//1420 1416//1416
f 777//777 1416//1416 1410//1410
f 777//777 1410//1410 1433//1433
f 777//777 1433//1433 1426//1426
f 777//777 1426//1426 1367//1367
f 777//777 1367//1367 1234//1234
f 777//777 1234//1234 1095//1095
f 777//777 1095//1095 950//950
f 777//777 950//950 785//785
f 777//777 785//785 782//782
f 777//777 782//782 779//779
f 789//789 951//951 944//944
f 790//790 941//941 959//959
f 790//790 959//959 801//801
f 793//793 804//804 796//796
f 800//800 965//965 808//808
f 799//799 957//957 964//964
f 805//805 963//963 968//968
f 806//806 969//969 972//972
f 807//807 973//973 978//978
f 809//809 980//980 982//982
f 810//810 984//984 822//822
f 820//820 983//983 981//981
f 819//819 979//979 990//990
f 818//818 989//989 993//993
f 821//821 994//994 825//825
f 827//827 995//995 829//829
f 831//831 997//997 999//999
f 832//832 1003//1003 836//836
f 835//835 1002//1002 1006//1006
f 838//838 1007//1007 841//841
f 843//843 1009//1009 1011//1011
f 844//844 1014//1014 849//849
f 848//848 1013//1013 1018//1018
f 850//850 1019//1019 853//853
f 854//854 1022//1022 865//865
f 857//857 866//866 859//859
f 863//863 1021//1021 1025//1025
f 864//864 1026//1026 1028//1028
f 867//867 1031//1031 1033//1033
f 869//869 1036//1036 1039//1039
f 870//870 1040//1040 1044//1044
f 873//873 1046//1046 1048//1048
f 874//874 1050//1050 876//876
f 877//877 1051//1051 879//879
f 883//883 1053//1053 1056//1056
f 884//884 1057//1057 887//887
f 888//888 1060//1060 1062//1062
f 889//889 1063//1063 891//891
f 893//893 1065//1065 896//896
f 897//897 1066//1066 1070//1070
f 899//899 1071//1071 1073//1073
f 900//900 1074//1074 902//902
f 907//907 1080//1080 912//912
f 905//905 1075//1075 1082//1082
f 906//906 1083//1083 1079//1079
f 918//918 1087//1087 1091//1091
f 917//917 1090//1090 924//924
f 916//916 923//923 921//921
f 927//927 1094//1094 954//954
f 928//928 955//955 934//934
f 926//926 932//932 930//930
f 937//937 958//958 940//940
f 945//945 952//952 1096//1096
f 949//949 1104//1104 1099//1099
f 953//953 1093//1093 1107//1107
f 956//956 1110//1110 962//962
f 960//960 1109//1109 1116//1116
f 961//961 1118//1118 967//967
f 966//966 1117//1117 971//971
f 970//970 1115//1115 977//977
f 975//975 1124//1124 986//986
f 976//976 1113//1113 1129//1129
f 974//974 1127//1127 1123//1123
f 985//985 1122//1122 1135//1135
f 987//987 1136//1136 1140//1140
f 988//988 1142//1142 992//992
f 996//996 1154//1154 998//998
f 991//991 1141//1141 1150//1150
f 1000//1000 1155//1155 1158//1158
f 1001//1001 1160//1160 1005//1005
f 1004//1004 1159//1159 1163//1163
f 1008//1008 1165//1165 1010//1010
f 1012//1012 1167//1167 1016//1016
f 1015//1015 1166//1166 1170//1170
f 1017//1017 1171//1171 1174//1174
f 1020//1020 1177//1177 1023//1023
f 1024//1024 1178//1178 1027//1027
f 1029//1029 1179//1179 1183//1183
f 1030//1030 1184//1184 1032//1032
f 1034//1034 1186//1186 1189//1189
f 1035//1035 1191//1191 1037//1037
f 1038//1038 1192//1192 1195//1195
f 1042//1042 1196//1196 1198//1198
f 1043//1043 1200//1200 1205//1205
f 1041//1041 1203//1203 1045//1045
f 1047//1047 1204//1204 1049//1049
f 1052//1052 1208//1208 1210//1210
f 1054//1054 1212//1212 1214//1214
f 1055//1055 1216//1216 1058//1058
f 1059//1059 1217//1217 1061//1061
f 1064//1064 1219//1219 1067//1067
f 1068//1068 1221//1221 1224//1224
f 1069//1069 1225//1225 1072//1072
f 1076//1076 1226//1226 1228//1228
f 1077//1077 1229//1229 1084//1084
f 1086//1086 1233//1233 1112//1112
f 1089//1089 1114//1114 1108//1108
f 1088//1088 1106//1106 1092//1092
f 1102//1102 1105//1105 1244//1244
f 1101//1101 1243//1243 1248//1248
f 1100//1100 1247//1247 1241//1241
f 1111//1111 1232//1232 1128//1128
f 1119//1119 1254//1254 1133//1133
f 1121//1121 1125//1125 1258//1258
f 1120//1120 1257//1257 1255//1255
f 1126//1126 1231//1231 1259//1259
f 1131//1131 1263//1263 1266//1266
f 1132//1132 1267//1267 1269//1269
f 1134//1134 1271//1271 1137//1137
f 1130//1130 1253//1253 1262//1262
f 1138//1138 1272//1272 1275//1275
f 1139//1139 1276//1276 1148//1148
f 1147//1147 1273//1273 1279//1279
f 1144//1144 1278//1278 1283//1283
f 1143//1143 1282//1282 1285//1285
f 1145//1145 1287//1287 1289//1289
f 1146//1146 1291//1291 1294//1294
f 1149//1149 1296//1296 1299//1299
f 1151//1151 1302//1302 1307//1307
f 1152//1152 1308//1308 1312//1312
f 1153//1153 1313//1313 1156//1156
f 1157//1157 1315//1315 1161//1161
f 1162//1162 1316//1316 1318//1318
f 1164//1164 1322//1322 1168//1168
f 1169//1169 1323//1323 1173//1173
f 1172//1172 1321//1321 1326//1326
f 1175//1175 1328//1328 1330//1330
f 1176//1176 1335//1335 1181//1181
f 1180//1180 1334//1334 1337//1337
f 1182//1182 1338//1338 1343//1343
f 1185//1185 1344//1344 1187//1187
f 1188//1188 1345//1345 1348//1348
f 1190//1190 1349//1349 1194//1194
f 1197//1197 1238//1238 1199//1199
f 1202//1202 1351//1351 1206//1206
f 1201//1201 1239//1239 1350//1350
f 1207//1207 1352//1352 1355//1355
f 1209//1209 1356//1356 1211//1211
f 1213//1213 1357//1357 1215//1215
f 1220//1220 1366//1366 1223//1223
f 1218//1218 1361//1361 1364//1364
f 1235//1235 1368//1368 1373//1373
f 1240//1240 1246//1246 1353//1353
f 1245//1245 1379//1379 1251//1251
f 1250//1250 1377//1377 1359//1359
f 1249//1249 1358//1358 1354//1354
f 1270//1270 1280//1280 1274//1274
f 1286//1286 1381//1381 1292//1292
f 1288//1288 1293//1293 1290//1290
f 1298//1298 1384//1384 1300//1300
f 1295//1295 1382//1382 1388//1388
f 1297//1297 1390//1390 1383//1383
f 1301//1301 1386//1386 1306//1306
f 1310//1310 1317//1317 1314//1314
f 1304//1304 1385//1385 1392//1392
f 1303//1303 1391//1391 1396//1396
f 1305//1305 1397//1397 1401//1401
f 1309//1309 1403//1403 1405//1405
f 1311//1311 1407//1407 1319//1319
f 1320//1320 1409//1409 1325//1325
f 1324//1324 1408//1408 1413//1413
f 1327//1327 1414//1414 1329//1329
f 1331//1331 1415//1415 1418//1418
f 1332//1332 1419//1419 1340//1340
f 1333//1333 1342//1342 1336//1336
f 1339//1339 1417//1417 1421//1421
f 1341//1341 1422//1422 1347//1347
f 1362//1362 1425//1425 1365//1365
f 1360//1360 1378//1378 1424//1424
f 1372//1372 1427//1427 1399//1399
f 1371//1371 1398//1398 1395//1395
f 1370//1370 1393//1393 1431//1431
f 1369//1369 1430//1430 1375//1375
f 1389//1389 1432//1432 1394//1394
f 1400//1400 1428//1428 1434//1434
f 1402//1402 1435//1435 1411//1411
f 1404//1404 1412//1412 1406//1406

